# dc:title,教育部國語辭典簡編本詞庫,
# dc:rights,中華民國教育部（Ministry of Education, R.O.C.）。《國語辭典簡編本》（版本編號：2014_20251229 ）網址： http://dict.concised.moe.edu.tw /,
# dc:license,CC-BY-ND-3.0-TW,
# dc:identifier,2025.12.29,
八,1,ㄅㄚ
八拜之交,1,ㄅㄚ ㄅㄞˋ ㄓ ㄐㄧㄠ
八寶飯,1,ㄅㄚ ㄅㄠˇ ㄈㄢˋ
八寶粥,1,ㄅㄚ ㄅㄠˇ ㄓㄡ
八面玲瓏,1,ㄅㄚ ㄇㄧㄢˋ ㄌㄧㄥˊ ㄌㄨㄥˊ
八面威風,1,ㄅㄚ ㄇㄧㄢˋ ㄨㄟ ㄈㄥ
八方,1,ㄅㄚ ㄈㄤ
八德,1,ㄅㄚ ㄉㄜˊ
八年抗戰,1,ㄅㄚ ㄋㄧㄢˊ ㄎㄤˋ ㄓㄢˋ
八哥,1,ㄅㄚ ㄍㄜ
八股文,1,ㄅㄚ ㄍㄨˇ ㄨㄣˊ
八卦,1,ㄅㄚ ㄍㄨㄚˋ
八家將,1,ㄅㄚ ㄐㄧㄚ ㄐㄧㄤˋ
八仙,1,ㄅㄚ ㄒㄧㄢ
八仙過海,1,ㄅㄚ ㄒㄧㄢ ㄍㄨㄛˋ ㄏㄞˇ
八成,1,ㄅㄚ ㄔㄥˊ
八字,1,ㄅㄚ ㄗˋ
八二三炮戰,1,ㄅㄚ ㄦˋ ㄙㄢ ㄆㄠˋ ㄓㄢˋ
八一七公報,1,ㄅㄚ ㄧ ㄑㄧ ㄍㄨㄥ ㄅㄠˋ
八佾舞,1,ㄅㄚ ㄧˋ ㄨˇ
八音,1,ㄅㄚ ㄧㄣ
扒,1,ㄅㄚ
叭,1,ㄅㄚ
巴,1,ㄅㄚ
巴巴,1,ㄅㄚ ㄅㄚ
巴不得,1,ㄅㄚ ㄅㄨˋ ㄉㄜ˙
巴結,1,ㄅㄚ ㄐㄧㄝˊ
巴掌,1,ㄅㄚ ㄓㄤˇ
巴士,1,ㄅㄚ ㄕˋ
巴望,1,ㄅㄚ ㄨㄤˋ
吧,1,ㄅㄚ
吧檯,1,ㄅㄚ ㄊㄞˊ
芭,1,ㄅㄚ
芭樂,1,ㄅㄚ ㄌㄜˋ
芭蕾舞,1,ㄅㄚ ㄌㄟˇ ㄨˇ
芭蕉,1,ㄅㄚ ㄐㄧㄠ
疤,1,ㄅㄚ
疤痕,1,ㄅㄚ ㄏㄣˊ
粑,1,ㄅㄚ
笆,1,ㄅㄚ
峇,1,ㄅㄚ
捌,1,ㄅㄚ
拔,1,ㄅㄚˊ
拔得頭籌,1,ㄅㄚˊ ㄉㄜˊ ㄊㄡˊ ㄔㄡˊ
拔刀相助,1,ㄅㄚˊ ㄉㄠ ㄒㄧㄤ ㄓㄨˋ
拔掉,1,ㄅㄚˊ ㄉㄧㄠˋ
拔腿,1,ㄅㄚˊ ㄊㄨㄟˇ
拔腿就跑,1,ㄅㄚˊ ㄊㄨㄟˇ ㄐㄧㄡˋ ㄆㄠˇ
拔河,1,ㄅㄚˊ ㄏㄜˊ
拔尖,1,ㄅㄚˊ ㄐㄧㄢ
拔起,1,ㄅㄚˊ ㄑㄧˇ
拔取,1,ㄅㄚˊ ㄑㄩˇ
拔擢,1,ㄅㄚˊ ㄓㄨㄛˊ
拔除,1,ㄅㄚˊ ㄔㄨˊ
拔牙,1,ㄅㄚˊ ㄧㄚˊ
跋,1,ㄅㄚˊ
跋扈,1,ㄅㄚˊ ㄏㄨˋ
跋涉,1,ㄅㄚˊ ㄕㄜˋ
跋山涉水,1,ㄅㄚˊ ㄕㄢ ㄕㄜˋ ㄕㄨㄟˇ
鈸,1,ㄅㄚˊ
把,1,ㄅㄚˇ
把柄,1,ㄅㄚˇ ㄅㄧㄥˇ
把脈,1,ㄅㄚˇ ㄇㄞˋ
把門,1,ㄅㄚˇ ㄇㄣˊ
把風,1,ㄅㄚˇ ㄈㄥ
把關,1,ㄅㄚˇ ㄍㄨㄢ
把戲,1,ㄅㄚˇ ㄒㄧˋ
把盞,1,ㄅㄚˇ ㄓㄢˇ
把持,1,ㄅㄚˇ ㄔˊ
把式,1,ㄅㄚˇ ㄕˋ
把手,1,ㄅㄚˇ ㄕㄡˇ
把守,1,ㄅㄚˇ ㄕㄡˇ
把握,1,ㄅㄚˇ ㄨㄛˋ
把玩,1,ㄅㄚˇ ㄨㄢˊ
靶,1,ㄅㄚˇ
靶心,1,ㄅㄚˇ ㄒㄧㄣ
靶場,1,ㄅㄚˇ ㄔㄤˇ
靶子,1,ㄅㄚˇ ㄗ˙
把,1,ㄅㄚˋ
爸,1,ㄅㄚˋ
爸爸,1,ㄅㄚˋ ㄅㄚ˙
伯,1,ㄅㄚˋ
罷,1,ㄅㄚˋ
罷免,1,ㄅㄚˋ ㄇㄧㄢˇ
罷免權,1,ㄅㄚˋ ㄇㄧㄢˇ ㄑㄩㄢˊ
罷了,1,ㄅㄚˋ ㄌㄜ˙
罷了,1,ㄅㄚˋ ㄌㄧㄠˇ
罷工,1,ㄅㄚˋ ㄍㄨㄥ
罷課,1,ㄅㄚˋ ㄎㄜˋ
罷休,1,ㄅㄚˋ ㄒㄧㄡ
罷黜,1,ㄅㄚˋ ㄔㄨˋ
罷駛,1,ㄅㄚˋ ㄕˇ
罷市,1,ㄅㄚˋ ㄕˋ
罷手,1,ㄅㄚˋ ㄕㄡˇ
霸,1,ㄅㄚˋ
霸道,1,ㄅㄚˋ ㄉㄠˋ
霸權,1,ㄅㄚˋ ㄑㄩㄢˊ
霸占,1,ㄅㄚˋ ㄓㄢˋ
霸主,1,ㄅㄚˋ ㄓㄨˇ
霸業,1,ㄅㄚˋ ㄧㄝˋ
霸王,1,ㄅㄚˋ ㄨㄤˊ
壩,1,ㄅㄚˋ
吧,1,ㄅㄚ˙
罷,1,ㄅㄚ˙
波,1,ㄅㄛ
波霸,1,ㄅㄛ ㄅㄚˋ
波動,1,ㄅㄛ ㄉㄨㄥˋ
波濤,1,ㄅㄛ ㄊㄠˊ
波濤洶湧,1,ㄅㄛ ㄊㄠˊ ㄒㄩㄥ ㄩㄥˇ
波瀾,1,ㄅㄛ ㄌㄢˊ
波瀾壯闊,1,ㄅㄛ ㄌㄢˊ ㄓㄨㄤˋ ㄎㄨㄛˋ
波浪,1,ㄅㄛ ㄌㄤˋ
波羅,1,ㄅㄛ ㄌㄨㄛˊ
波羅蜜,1,ㄅㄛ ㄌㄨㄛˊ ㄇㄧˋ
波光,1,ㄅㄛ ㄍㄨㄤ
波光蕩漾,1,ㄅㄛ ㄍㄨㄤ ㄉㄤˋ ㄧㄤˋ
波光粼粼,1,ㄅㄛ ㄍㄨㄤ ㄌㄧㄣˊ ㄌㄧㄣˊ
波及,1,ㄅㄛ ㄐㄧˊ
波折,1,ㄅㄛ ㄓㄜˊ
波長,1,ㄅㄛ ㄔㄤˊ
波紋,1,ㄅㄛ ㄨㄣˊ
玻,1,ㄅㄛ
玻璃,1,ㄅㄛ ㄌㄧˊ
玻璃纖維,1,ㄅㄛ ㄌㄧˊ ㄒㄧㄢ ㄨㄟˊ
玻璃紙,1,ㄅㄛ ㄌㄧˊ ㄓˇ
玻璃絲襪,1,ㄅㄛ ㄌㄧˊ ㄙ ㄨㄚˋ
玻璃帷幕,1,ㄅㄛ ㄌㄧˊ ㄨㄟˊ ㄇㄨˋ
菠,1,ㄅㄛ
菠菜,1,ㄅㄛ ㄘㄞˋ
砵,1,ㄅㄛ
砵酒,1,ㄅㄛ ㄐㄧㄡˇ
缽,1,ㄅㄛ
般,1,ㄅㄛ
般若,1,ㄅㄛ ㄖㄜˇ
剝,1,ㄅㄛ
剝皮,1,ㄅㄛ ㄆㄧˊ
剝奪,1,ㄅㄛ ㄉㄨㄛˊ
剝落,1,ㄅㄛ ㄌㄨㄛˋ
剝削,1,ㄅㄛ ㄒㄩㄝˋ
餑,1,ㄅㄛ
餑餑,1,ㄅㄛ ㄅㄛ
餑餑,1,ㄅㄛ ㄅㄛ˙
撥,1,ㄅㄛ
撥發,1,ㄅㄛ ㄈㄚ
撥付,1,ㄅㄛ ㄈㄨˋ
撥動,1,ㄅㄛ ㄉㄨㄥˋ
撥弄,1,ㄅㄛ ㄋㄨㄥˋ
撥亂反正,1,ㄅㄛ ㄌㄨㄢˋ ㄈㄢˇ ㄓㄥˋ
撥開,1,ㄅㄛ ㄎㄞ
撥款,1,ㄅㄛ ㄎㄨㄢˇ
撥交,1,ㄅㄛ ㄐㄧㄠ
撥出,1,ㄅㄛ ㄔㄨ
撥冗,1,ㄅㄛ ㄖㄨㄥˇ
撥雲見日,1,ㄅㄛ ㄩㄣˊ ㄐㄧㄢˋ ㄖˋ
撥用,1,ㄅㄛ ㄩㄥˋ
百,1,ㄅㄛˊ
伯,1,ㄅㄛˊ
伯伯,1,ㄅㄛˊ ㄅㄛ˙
伯母,1,ㄅㄛˊ ㄇㄨˇ
伯父,1,ㄅㄛˊ ㄈㄨˋ
伯樂,1,ㄅㄛˊ ㄌㄜˋ
伯勞,1,ㄅㄛˊ ㄌㄠˊ
伯仲,1,ㄅㄛˊ ㄓㄨㄥˋ
伯仲之間,1,ㄅㄛˊ ㄓㄨㄥˋ ㄓ ㄐㄧㄢ
泊,1,ㄅㄛˊ
泊車,1,ㄅㄛˊ ㄔㄜ
泊船,1,ㄅㄛˊ ㄔㄨㄢˊ
帛,1,ㄅㄛˊ
帛書,1,ㄅㄛˊ ㄕㄨ
柏,1,ㄅㄛˊ
柏金森氏病,1,ㄅㄛˊ ㄐㄧㄣ ㄙㄣ ㄕˋ ㄅㄧㄥˋ
柏樹,1,ㄅㄛˊ ㄕㄨˋ
柏油,1,ㄅㄛˊ ㄧㄡˊ
舶,1,ㄅㄛˊ
舶來品,1,ㄅㄛˊ ㄌㄞˊ ㄆㄧㄣˇ
鉑,1,ㄅㄛˊ
箔,1,ㄅㄛˊ
勃,1,ㄅㄛˊ
勃勃,1,ㄅㄛˊ ㄅㄛˊ
勃發,1,ㄅㄛˊ ㄈㄚ
勃起,1,ㄅㄛˊ ㄑㄧˇ
勃谿,1,ㄅㄛˊ ㄒㄧ
勃興,1,ㄅㄛˊ ㄒㄧㄥ
勃然,1,ㄅㄛˊ ㄖㄢˊ
悖,1,ㄅㄛˊ
脖,1,ㄅㄛˊ
脖子,1,ㄅㄛˊ ㄗ˙
渤,1,ㄅㄛˊ
博,1,ㄅㄛˊ
博大精深,1,ㄅㄛˊ ㄉㄚˋ ㄐㄧㄥ ㄕㄣ
博得,1,ㄅㄛˊ ㄉㄜˊ
博覽,1,ㄅㄛˊ ㄌㄢˇ
博覽會,1,ㄅㄛˊ ㄌㄢˇ ㄏㄨㄟˋ
博古通今,1,ㄅㄛˊ ㄍㄨˇ ㄊㄨㄥ ㄐㄧㄣ
博取,1,ㄅㄛˊ ㄑㄩˇ
博學,1,ㄅㄛˊ ㄒㄩㄝˊ
博施濟眾,1,ㄅㄛˊ ㄕ ㄐㄧˋ ㄓㄨㄥˋ
博士,1,ㄅㄛˊ ㄕˋ
博士學位,1,ㄅㄛˊ ㄕˋ ㄒㄩㄝˊ ㄨㄟˋ
博愛,1,ㄅㄛˊ ㄞˋ
博雅,1,ㄅㄛˊ ㄧㄚˇ
博物,1,ㄅㄛˊ ㄨˋ
博物館,1,ㄅㄛˊ ㄨˋ ㄍㄨㄢˇ
博聞強記,1,ㄅㄛˊ ㄨㄣˊ ㄑㄧㄤˊ ㄐㄧˋ
搏,1,ㄅㄛˊ
搏命,1,ㄅㄛˊ ㄇㄧㄥˋ
搏鬥,1,ㄅㄛˊ ㄉㄡˋ
搏擊,1,ㄅㄛˊ ㄐㄧˊ
膊,1,ㄅㄛˊ
薄,1,ㄅㄛˊ
薄片,1,ㄅㄛˊ ㄆㄧㄢˋ
薄膜,1,ㄅㄛˊ ㄇㄛˊ
薄命,1,ㄅㄛˊ ㄇㄧㄥˋ
薄暮,1,ㄅㄛˊ ㄇㄨˋ
薄利多銷,1,ㄅㄛˊ ㄌㄧˋ ㄉㄨㄛ ㄒㄧㄠ
薄情,1,ㄅㄛˊ ㄑㄧㄥˊ
薄懲,1,ㄅㄛˊ ㄔㄥˊ
薄紗,1,ㄅㄛˊ ㄕㄚ
薄弱,1,ㄅㄛˊ ㄖㄨㄛˋ
礴,1,ㄅㄛˊ
駁,1,ㄅㄛˊ
駁回,1,ㄅㄛˊ ㄏㄨㄟˊ
駁斥,1,ㄅㄛˊ ㄔˋ
駁船,1,ㄅㄛˊ ㄔㄨㄢˊ
駁雜,1,ㄅㄛˊ ㄗㄚˊ
蔔,1,ㄅㄛˊ
跛,1,ㄅㄛˇ
跛腳,1,ㄅㄛˇ ㄐㄧㄠˇ
簸,1,ㄅㄛˇ
播,1,ㄅㄛˋ
播報,1,ㄅㄛˋ ㄅㄠˋ
播放,1,ㄅㄛˋ ㄈㄤˋ
播弄,1,ㄅㄛˋ ㄋㄨㄥˋ
播遷,1,ㄅㄛˋ ㄑㄧㄢ
播種,1,ㄅㄛˋ ㄓㄨㄥˇ
播出,1,ㄅㄛˋ ㄔㄨ
播散,1,ㄅㄛˋ ㄙㄢˋ
播送,1,ㄅㄛˋ ㄙㄨㄥˋ
播音,1,ㄅㄛˋ ㄧㄣ
播揚,1,ㄅㄛˋ ㄧㄤˊ
播映,1,ㄅㄛˋ ㄧㄥˋ
薄,1,ㄅㄛˋ
薄荷,1,ㄅㄛˋ ㄏㄜˊ
薄荷腦,1,ㄅㄛˋ ㄏㄜˊ ㄋㄠˇ
薄荷油,1,ㄅㄛˋ ㄏㄜˊ ㄧㄡˊ
擘,1,ㄅㄛˋ
擘劃,1,ㄅㄛˋ ㄏㄨㄚˋ
簸,1,ㄅㄛˋ
簸箕,1,ㄅㄛˋ ㄐㄧ
掰,1,ㄅㄞ
白,1,ㄅㄞˊ
白白,1,ㄅㄞˊ ㄅㄞˊ
白報紙,1,ㄅㄞˊ ㄅㄠˋ ㄓˇ
白斑,1,ㄅㄞˊ ㄅㄢ
白板,1,ㄅㄞˊ ㄅㄢˇ
白璧無瑕,1,ㄅㄞˊ ㄅㄧˋ ㄨˊ ㄒㄧㄚˊ
白皮書,1,ㄅㄞˊ ㄆㄧˊ ㄕㄨ
白馬王子,1,ㄅㄞˊ ㄇㄚˇ ㄨㄤˊ ㄗˇ
白忙,1,ㄅㄞˊ ㄇㄤˊ
白茫茫,1,ㄅㄞˊ ㄇㄤˊ ㄇㄤˊ
白米,1,ㄅㄞˊ ㄇㄧˇ
白描,1,ㄅㄞˊ ㄇㄧㄠˊ
白木耳,1,ㄅㄞˊ ㄇㄨˋ ㄦˇ
白髮,1,ㄅㄞˊ ㄈㄚˇ
白費,1,ㄅㄞˊ ㄈㄟˋ
白飯,1,ㄅㄞˊ ㄈㄢˋ
白粉,1,ㄅㄞˊ ㄈㄣˇ
白搭,1,ㄅㄞˊ ㄉㄚ
白帶,1,ㄅㄞˊ ㄉㄞˋ
白帶魚,1,ㄅㄞˊ ㄉㄞˋ ㄩˊ
白道,1,ㄅㄞˊ ㄉㄠˋ
白地,1,ㄅㄞˊ ㄉㄧˋ
白頭,1,ㄅㄞˊ ㄊㄡˊ
白頭偕老,1,ㄅㄞˊ ㄊㄡˊ ㄒㄧㄝˊ ㄌㄠˇ
白頭翁,1,ㄅㄞˊ ㄊㄡˊ ㄨㄥ
白糖,1,ㄅㄞˊ ㄊㄤˊ
白鐵,1,ㄅㄞˊ ㄊㄧㄝˇ
白天,1,ㄅㄞˊ ㄊㄧㄢ
白內障,1,ㄅㄞˊ ㄋㄟˋ ㄓㄤˋ
白蘭地,1,ㄅㄞˊ ㄌㄢˊ ㄉㄧˋ
白領階級,1,ㄅㄞˊ ㄌㄧㄥˇ ㄐㄧㄝ ㄐㄧˊ
白露,1,ㄅㄞˊ ㄌㄨˋ
白骨,1,ㄅㄞˊ ㄍㄨˇ
白宮,1,ㄅㄞˊ ㄍㄨㄥ
白開水,1,ㄅㄞˊ ㄎㄞ ㄕㄨㄟˇ
白喉,1,ㄅㄞˊ ㄏㄡˊ
白花花,1,ㄅㄞˊ ㄏㄨㄚ ㄏㄨㄚ
白話,1,ㄅㄞˊ ㄏㄨㄚˋ
白話文,1,ㄅㄞˊ ㄏㄨㄚˋ ㄨㄣˊ
白金,1,ㄅㄞˊ ㄐㄧㄣ
白淨,1,ㄅㄞˊ ㄐㄧㄥˋ
白卷,1,ㄅㄞˊ ㄐㄩㄢˋ
白旗,1,ㄅㄞˊ ㄑㄧˊ
白皙,1,ㄅㄞˊ ㄒㄧ
白血病,1,ㄅㄞˊ ㄒㄧㄝˇ ㄅㄧㄥˋ
白血球,1,ㄅㄞˊ ㄒㄧㄝˇ ㄑㄧㄡˊ
白癬,1,ㄅㄞˊ ㄒㄧㄢˇ
白雪,1,ㄅㄞˊ ㄒㄩㄝˇ
白熊,1,ㄅㄞˊ ㄒㄩㄥˊ
白芷,1,ㄅㄞˊ ㄓˇ
白紙,1,ㄅㄞˊ ㄓˇ
白紙黑字,1,ㄅㄞˊ ㄓˇ ㄏㄟ ㄗˋ
白晝,1,ㄅㄞˊ ㄓㄡˋ
白煮蛋,1,ㄅㄞˊ ㄓㄨˇ ㄉㄢˋ
白吃,1,ㄅㄞˊ ㄔ
白痴,1,ㄅㄞˊ ㄔ
白砂,1,ㄅㄞˊ ㄕㄚ
白紗,1,ㄅㄞˊ ㄕㄚ
白手起家,1,ㄅㄞˊ ㄕㄡˇ ㄑㄧˇ ㄐㄧㄚ
白手成家,1,ㄅㄞˊ ㄕㄡˇ ㄔㄥˊ ㄐㄧㄚ
白說,1,ㄅㄞˊ ㄕㄨㄛ
白水,1,ㄅㄞˊ ㄕㄨㄟˇ
白日,1,ㄅㄞˊ ㄖˋ
白日夢,1,ㄅㄞˊ ㄖˋ ㄇㄥˋ
白熱化,1,ㄅㄞˊ ㄖㄜˋ ㄏㄨㄚˋ
白刃,1,ㄅㄞˊ ㄖㄣˋ
白字,1,ㄅㄞˊ ㄗˋ
白做,1,ㄅㄞˊ ㄗㄨㄛˋ
白菜,1,ㄅㄞˊ ㄘㄞˋ
白色,1,ㄅㄞˊ ㄙㄜˋ
白矮星,1,ㄅㄞˊ ㄞˇ ㄒㄧㄥ
白衣天使,1,ㄅㄞˊ ㄧ ㄊㄧㄢ ㄕˇ
白蟻,1,ㄅㄞˊ ㄧˇ
白眼,1,ㄅㄞˊ ㄧㄢˇ
白雲,1,ㄅㄞˊ ㄩㄣˊ
白雲蒼狗,1,ㄅㄞˊ ㄩㄣˊ ㄘㄤ ㄍㄡˇ
百,1,ㄅㄞˇ
百倍,1,ㄅㄞˇ ㄅㄟˋ
百寶箱,1,ㄅㄞˇ ㄅㄠˇ ㄒㄧㄤ
百般,1,ㄅㄞˇ ㄅㄢ
百病,1,ㄅㄞˇ ㄅㄧㄥˋ
百病叢生,1,ㄅㄞˇ ㄅㄧㄥˋ ㄘㄨㄥˊ ㄕㄥ
百步穿楊,1,ㄅㄞˇ ㄅㄨˋ ㄔㄨㄢ ㄧㄤˊ
百步蛇,1,ㄅㄞˇ ㄅㄨˋ ㄕㄜˊ
百密一疏,1,ㄅㄞˇ ㄇㄧˋ ㄧ ㄕㄨ
百密一疏,1,ㄅㄞˇ ㄇㄧˋ ㄧˋ ㄕㄨ
百發百中,1,ㄅㄞˇ ㄈㄚ ㄅㄞˇ ㄓㄨㄥˋ
百廢待舉,1,ㄅㄞˇ ㄈㄟˋ ㄉㄞˋ ㄐㄩˇ
百分比,1,ㄅㄞˇ ㄈㄣ ㄅㄧˇ
百分點,1,ㄅㄞˇ ㄈㄣ ㄉㄧㄢˇ
百分率,1,ㄅㄞˇ ㄈㄣ ㄌㄩˋ
百分之百,1,ㄅㄞˇ ㄈㄣ ㄓ ㄅㄞˇ
百毒不侵,1,ㄅㄞˇ ㄉㄨˊ ㄅㄨˋ ㄑㄧㄣ
百讀不厭,1,ㄅㄞˇ ㄉㄨˊ ㄅㄨˋ ㄧㄢˋ
百讀不厭,1,ㄅㄞˇ ㄉㄨˊ ㄅㄨˊ ㄧㄢˋ
百年,1,ㄅㄞˇ ㄋㄧㄢˊ
百年大計,1,ㄅㄞˇ ㄋㄧㄢˊ ㄉㄚˋ ㄐㄧˋ
百年好合,1,ㄅㄞˇ ㄋㄧㄢˊ ㄏㄠˇ ㄏㄜˊ
百年樹人,1,ㄅㄞˇ ㄋㄧㄢˊ ㄕㄨˋ ㄖㄣˊ
百老匯,1,ㄅㄞˇ ㄌㄠˇ ㄏㄨㄟˋ
百里侯,1,ㄅㄞˇ ㄌㄧˇ ㄏㄡˊ
百靈鳥,1,ㄅㄞˇ ㄌㄧㄥˊ ㄋㄧㄠˇ
百感交集,1,ㄅㄞˇ ㄍㄢˇ ㄐㄧㄠ ㄐㄧˊ
百科全書,1,ㄅㄞˇ ㄎㄜ ㄑㄩㄢˊ ㄕㄨ
百口莫辯,1,ㄅㄞˇ ㄎㄡˇ ㄇㄛˋ ㄅㄧㄢˋ
百看不厭,1,ㄅㄞˇ ㄎㄢˋ ㄅㄨˋ ㄧㄢˋ
百看不厭,1,ㄅㄞˇ ㄎㄢˋ ㄅㄨˊ ㄧㄢˋ
百孔千瘡,1,ㄅㄞˇ ㄎㄨㄥˇ ㄑㄧㄢ ㄔㄨㄤ
百合,1,ㄅㄞˇ ㄏㄜˊ
百合花,1,ㄅㄞˇ ㄏㄜˊ ㄏㄨㄚ
百花齊放,1,ㄅㄞˇ ㄏㄨㄚ ㄑㄧˊ ㄈㄤˋ
百貨,1,ㄅㄞˇ ㄏㄨㄛˋ
百貨公司,1,ㄅㄞˇ ㄏㄨㄛˋ ㄍㄨㄥ ㄙ
百貨業,1,ㄅㄞˇ ㄏㄨㄛˋ ㄧㄝˋ
百家齊鳴,1,ㄅㄞˇ ㄐㄧㄚ ㄑㄧˊ ㄇㄧㄥˊ
百家爭鳴,1,ㄅㄞˇ ㄐㄧㄚ ㄓㄥ ㄇㄧㄥˊ
百姓,1,ㄅㄞˇ ㄒㄧㄥˋ
百折不撓,1,ㄅㄞˇ ㄓㄜˊ ㄅㄨˋ ㄋㄠˊ
百褶裙,1,ㄅㄞˇ ㄓㄜˊ ㄑㄩㄣˊ
百戰百勝,1,ㄅㄞˇ ㄓㄢˋ ㄅㄞˇ ㄕㄥˋ
百戰不殆,1,ㄅㄞˇ ㄓㄢˋ ㄅㄨˋ ㄉㄞˋ
百戰不殆,1,ㄅㄞˇ ㄓㄢˋ ㄅㄨˊ ㄉㄞˋ
百吃不厭,1,ㄅㄞˇ ㄔ ㄅㄨˋ ㄧㄢˋ
百吃不厭,1,ㄅㄞˇ ㄔ ㄅㄨˊ ㄧㄢˋ
百尺竿頭,1,ㄅㄞˇ ㄔˇ ㄍㄢ ㄊㄡˊ
百日咳,1,ㄅㄞˇ ㄖˋ ㄎㄜˊ
百思不解,1,ㄅㄞˇ ㄙ ㄅㄨˋ ㄐㄧㄝˇ
百依百順,1,ㄅㄞˇ ㄧ ㄅㄞˇ ㄕㄨㄣˋ
百葉窗,1,ㄅㄞˇ ㄧㄝˋ ㄔㄨㄤ
百無聊賴,1,ㄅㄞˇ ㄨˊ ㄌㄧㄠˊ ㄌㄞˋ
百無禁忌,1,ㄅㄞˇ ㄨˊ ㄐㄧㄣˋ ㄐㄧˋ
百無一失,1,ㄅㄞˇ ㄨˊ ㄧ ㄕ
百無一失,1,ㄅㄞˇ ㄨˊ ㄧˋ ㄕ
百無一用,1,ㄅㄞˇ ㄨˊ ㄧ ㄩㄥˋ
百無一用,1,ㄅㄞˇ ㄨˊ ㄧˊ ㄩㄥˋ
百武彗星,1,ㄅㄞˇ ㄨˇ ㄏㄨㄟˋ ㄒㄧㄥ
百聞不如一見,1,ㄅㄞˇ ㄨㄣˊ ㄅㄨˋ ㄖㄨˊ ㄧ ㄐㄧㄢˋ
百聞不如一見,1,ㄅㄞˇ ㄨㄣˊ ㄅㄨˋ ㄖㄨˊ ㄧˊ ㄐㄧㄢˋ
佰,1,ㄅㄞˇ
擺,1,ㄅㄞˇ
擺不平,1,ㄅㄞˇ ㄅㄨˋ ㄆㄧㄥˊ
擺布,1,ㄅㄞˇ ㄅㄨˋ
擺平,1,ㄅㄞˇ ㄆㄧㄥˊ
擺明,1,ㄅㄞˇ ㄇㄧㄥˊ
擺放,1,ㄅㄞˇ ㄈㄤˋ
擺盪,1,ㄅㄞˇ ㄉㄤˋ
擺地攤,1,ㄅㄞˇ ㄉㄧˋ ㄊㄢ
擺渡,1,ㄅㄞˇ ㄉㄨˋ
擺動,1,ㄅㄞˇ ㄉㄨㄥˋ
擺攤,1,ㄅㄞˇ ㄊㄢ
擺脫,1,ㄅㄞˇ ㄊㄨㄛ
擺弄,1,ㄅㄞˇ ㄋㄨㄥˋ
擺了一道,1,ㄅㄞˇ ㄌㄜ˙ ㄧ ㄉㄠˋ
擺了一道,1,ㄅㄞˇ ㄌㄜ˙ ㄧˊ ㄉㄠˋ
擺龍門陣,1,ㄅㄞˇ ㄌㄨㄥˊ ㄇㄣˊ ㄓㄣˋ
擺開,1,ㄅㄞˇ ㄎㄞ
擺闊,1,ㄅㄞˇ ㄎㄨㄛˋ
擺架子,1,ㄅㄞˇ ㄐㄧㄚˋ ㄗ˙
擺出,1,ㄅㄞˇ ㄔㄨ
擺飾,1,ㄅㄞˇ ㄕˋ
擺設,1,ㄅㄞˇ ㄕㄜˋ
擺姿勢,1,ㄅㄞˇ ㄗ ㄕˋ
擺在眼前,1,ㄅㄞˇ ㄗㄞˋ ㄧㄢˇ ㄑㄧㄢˊ
擺烏龍,1,ㄅㄞˇ ㄨ ㄌㄨㄥˊ
襬,1,ㄅㄞˇ
拜,1,ㄅㄞˋ
拜把,1,ㄅㄞˋ ㄅㄚˇ
拜拜,1,ㄅㄞˋ ㄅㄞˋ
拜別,1,ㄅㄞˋ ㄅㄧㄝˊ
拜票,1,ㄅㄞˋ ㄆㄧㄠˋ
拜碼頭,1,ㄅㄞˋ ㄇㄚˇ ㄊㄡ˙
拜佛,1,ㄅㄞˋ ㄈㄛˊ
拜訪,1,ㄅㄞˋ ㄈㄤˇ
拜讀,1,ㄅㄞˋ ㄉㄨˊ
拜堂,1,ㄅㄞˋ ㄊㄤˊ
拜天地,1,ㄅㄞˋ ㄊㄧㄢ ㄉㄧˋ
拜託,1,ㄅㄞˋ ㄊㄨㄛ
拜年,1,ㄅㄞˋ ㄋㄧㄢˊ
拜會,1,ㄅㄞˋ ㄏㄨㄟˋ
拜祭,1,ㄅㄞˋ ㄐㄧˋ
拜見,1,ㄅㄞˋ ㄐㄧㄢˋ
拜金主義,1,ㄅㄞˋ ㄐㄧㄣ ㄓㄨˇ ㄧˋ
拜謝,1,ㄅㄞˋ ㄒㄧㄝˋ
拜師,1,ㄅㄞˋ ㄕ
拜師學藝,1,ㄅㄞˋ ㄕ ㄒㄩㄝˊ ㄧˋ
拜壽,1,ㄅㄞˋ ㄕㄡˋ
拜神,1,ㄅㄞˋ ㄕㄣˊ
拜閱,1,ㄅㄞˋ ㄩㄝˋ
唄,1,ㄅㄞˋ
敗,1,ㄅㄞˋ
敗北,1,ㄅㄞˋ ㄅㄟˇ
敗筆,1,ㄅㄞˋ ㄅㄧˇ
敗部,1,ㄅㄞˋ ㄅㄨˋ
敗退,1,ㄅㄞˋ ㄊㄨㄟˋ
敗類,1,ㄅㄞˋ ㄌㄟˋ
敗露,1,ㄅㄞˋ ㄌㄨˋ
敗落,1,ㄅㄞˋ ㄌㄨㄛˋ
敗壞,1,ㄅㄞˋ ㄏㄨㄞˋ
敗家子,1,ㄅㄞˋ ㄐㄧㄚ ㄗˇ
敗局,1,ㄅㄞˋ ㄐㄩˊ
敗血症,1,ㄅㄞˋ ㄒㄧㄝˇ ㄓㄥˋ
敗興,1,ㄅㄞˋ ㄒㄧㄥˋ
敗絮,1,ㄅㄞˋ ㄒㄩˋ
敗陣,1,ㄅㄞˋ ㄓㄣˋ
敗仗,1,ㄅㄞˋ ㄓㄤˋ
敗訴,1,ㄅㄞˋ ㄙㄨˋ
敗亡,1,ㄅㄞˋ ㄨㄤˊ
稗,1,ㄅㄞˋ
稗子,1,ㄅㄞˋ ㄗ˙
杯,1,ㄅㄟ
杯盤狼藉,1,ㄅㄟ ㄆㄢˊ ㄌㄤˊ ㄐㄧˊ
杯墊,1,ㄅㄟ ㄉㄧㄢˋ
杯葛,1,ㄅㄟ ㄍㄜˊ
杯弓蛇影,1,ㄅㄟ ㄍㄨㄥ ㄕㄜˊ ㄧㄥˇ
杯觥交錯,1,ㄅㄟ ㄍㄨㄥ ㄐㄧㄠ ㄘㄨㄛˋ
杯筊,1,ㄅㄟ ㄐㄧㄠˇ
杯中物,1,ㄅㄟ ㄓㄨㄥ ㄨˋ
杯水車薪,1,ㄅㄟ ㄕㄨㄟˇ ㄔㄜ ㄒㄧㄣ
杯子,1,ㄅㄟ ㄗ˙
盃,1,ㄅㄟ
卑,1,ㄅㄟ
卑鄙,1,ㄅㄟ ㄅㄧˇ
卑南文化,1,ㄅㄟ ㄋㄢˊ ㄨㄣˊ ㄏㄨㄚˋ
卑劣,1,ㄅㄟ ㄌㄧㄝˋ
卑躬屈節,1,ㄅㄟ ㄍㄨㄥ ㄑㄩ ㄐㄧㄝˊ
卑躬屈膝,1,ㄅㄟ ㄍㄨㄥ ㄑㄩ ㄒㄧ
卑賤,1,ㄅㄟ ㄐㄧㄢˋ
卑下,1,ㄅㄟ ㄒㄧㄚˋ
卑職,1,ㄅㄟ ㄓˊ
卑微,1,ㄅㄟ ㄨㄟˊ
埤,1,ㄅㄟ
碑,1,ㄅㄟ
碑帖,1,ㄅㄟ ㄊㄧㄝˇ
碑林,1,ㄅㄟ ㄌㄧㄣˊ
碑碣,1,ㄅㄟ ㄐㄧㄝˊ
碑誌,1,ㄅㄟ ㄓˋ
碑文,1,ㄅㄟ ㄨㄣˊ
背,1,ㄅㄟ
背包,1,ㄅㄟ ㄅㄠ
背負,1,ㄅㄟ ㄈㄨˋ
背帶,1,ㄅㄟ ㄉㄞˋ
背黑鍋,1,ㄅㄟ ㄏㄟ ㄍㄨㄛ
揹,1,ㄅㄟ
揹黑鍋,1,ㄅㄟ ㄏㄟ ㄍㄨㄛ
悲,1,ㄅㄟ
悲不自勝,1,ㄅㄟ ㄅㄨˋ ㄗˋ ㄕㄥ
悲不自勝,1,ㄅㄟ ㄅㄨˊ ㄗˋ ㄕㄥ
悲憫,1,ㄅㄟ ㄇㄧㄣˇ
悲鳴,1,ㄅㄟ ㄇㄧㄥˊ
悲憤,1,ㄅㄟ ㄈㄣˋ
悲悼,1,ㄅㄟ ㄉㄠˋ
悲嘆,1,ㄅㄟ ㄊㄢˋ
悲啼,1,ㄅㄟ ㄊㄧˊ
悲天憫人,1,ㄅㄟ ㄊㄧㄢ ㄇㄧㄣˇ ㄖㄣˊ
悲痛,1,ㄅㄟ ㄊㄨㄥˋ
悲痛欲絕,1,ㄅㄟ ㄊㄨㄥˋ ㄩˋ ㄐㄩㄝˊ
悲慟,1,ㄅㄟ ㄊㄨㄥˋ
悲憐,1,ㄅㄟ ㄌㄧㄢˊ
悲涼,1,ㄅㄟ ㄌㄧㄤˊ
悲歌,1,ㄅㄟ ㄍㄜ
悲觀,1,ㄅㄟ ㄍㄨㄢ
悲觀主義,1,ㄅㄟ ㄍㄨㄢ ㄓㄨˇ ㄧˋ
悲苦,1,ㄅㄟ ㄎㄨˇ
悲歡,1,ㄅㄟ ㄏㄨㄢ
悲歡離合,1,ㄅㄟ ㄏㄨㄢ ㄌㄧˊ ㄏㄜˊ
悲劇,1,ㄅㄟ ㄐㄩˋ
悲戚,1,ㄅㄟ ㄑㄧ
悲泣,1,ㄅㄟ ㄑㄧˋ
悲切,1,ㄅㄟ ㄑㄧㄝˋ
悲情,1,ㄅㄟ ㄑㄧㄥˊ
悲喜,1,ㄅㄟ ㄒㄧˇ
悲喜交集,1,ㄅㄟ ㄒㄧˇ ㄐㄧㄠ ㄐㄧˊ
悲喜交加,1,ㄅㄟ ㄒㄧˇ ㄐㄧㄠ ㄐㄧㄚ
悲壯,1,ㄅㄟ ㄓㄨㄤˋ
悲愁,1,ㄅㄟ ㄔㄡˊ
悲愴,1,ㄅㄟ ㄔㄨㄤˋ
悲傷,1,ㄅㄟ ㄕㄤ
悲慘,1,ㄅㄟ ㄘㄢˇ
悲從中來,1,ㄅㄟ ㄘㄨㄥˊ ㄓㄨㄥ ㄌㄞˊ
悲思,1,ㄅㄟ ㄙ
悲哀,1,ㄅㄟ ㄞ
北,1,ㄅㄟˇ
北邊,1,ㄅㄟˇ ㄅㄧㄢ
北部,1,ㄅㄟˇ ㄅㄨˋ
北面,1,ㄅㄟˇ ㄇㄧㄢˋ
北伐,1,ㄅㄟˇ ㄈㄚ
北方,1,ㄅㄟˇ ㄈㄤ
北風,1,ㄅㄟˇ ㄈㄥ
北斗,1,ㄅㄟˇ ㄉㄡˇ
北斗七星,1,ㄅㄟˇ ㄉㄡˇ ㄑㄧ ㄒㄧㄥ
北管,1,ㄅㄟˇ ㄍㄨㄢˇ
北海,1,ㄅㄟˇ ㄏㄞˇ
北極,1,ㄅㄟˇ ㄐㄧˊ
北極星,1,ㄅㄟˇ ㄐㄧˊ ㄒㄧㄥ
北京人,1,ㄅㄟˇ ㄐㄧㄥ ㄖㄣˊ
北區,1,ㄅㄟˇ ㄑㄩ
北上,1,ㄅㄟˇ ㄕㄤˋ
北二高,1,ㄅㄟˇ ㄦˋ ㄍㄠ
北緯,1,ㄅㄟˇ ㄨㄟˇ
貝,1,ㄅㄟˋ
貝殼,1,ㄅㄟˋ ㄎㄜˊ
狽,1,ㄅㄟˋ
背,1,ㄅㄟˋ
背部,1,ㄅㄟˋ ㄅㄨˋ
背叛,1,ㄅㄟˋ ㄆㄢˋ
背面,1,ㄅㄟˋ ㄇㄧㄢˋ
背道而馳,1,ㄅㄟˋ ㄉㄠˋ ㄦˊ ㄔˊ
背離,1,ㄅㄟˋ ㄌㄧˊ
背後,1,ㄅㄟˋ ㄏㄡˋ
背脊,1,ㄅㄟˋ ㄐㄧˇ
背景,1,ㄅㄟˋ ㄐㄧㄥˇ
背棄,1,ㄅㄟˋ ㄑㄧˋ
背心,1,ㄅㄟˋ ㄒㄧㄣ
背信,1,ㄅㄟˋ ㄒㄧㄣˋ
背信棄義,1,ㄅㄟˋ ㄒㄧㄣˋ ㄑㄧˋ ㄧˋ
背信忘義,1,ㄅㄟˋ ㄒㄧㄣˋ ㄨㄤˋ ㄧˋ
背書,1,ㄅㄟˋ ㄕㄨ
背水一戰,1,ㄅㄟˋ ㄕㄨㄟˇ ㄧ ㄓㄢˋ
背水一戰,1,ㄅㄟˋ ㄕㄨㄟˇ ㄧˊ ㄓㄢˋ
背誦,1,ㄅㄟˋ ㄙㄨㄥˋ
背影,1,ㄅㄟˋ ㄧㄥˇ
悖,1,ㄅㄟˋ
悖逆,1,ㄅㄟˋ ㄋㄧˋ
被,1,ㄅㄟˋ
被保險人,1,ㄅㄟˋ ㄅㄠˇ ㄒㄧㄢˇ ㄖㄣˊ
被迫,1,ㄅㄟˋ ㄆㄛˋ
被騙,1,ㄅㄟˋ ㄆㄧㄢˋ
被俘,1,ㄅㄟˋ ㄈㄨˊ
被逮,1,ㄅㄟˋ ㄉㄞˇ
被單,1,ㄅㄟˋ ㄉㄢ
被動,1,ㄅㄟˋ ㄉㄨㄥˋ
被告,1,ㄅㄟˋ ㄍㄠˋ
被害人,1,ㄅㄟˋ ㄏㄞˋ ㄖㄣˊ
被囚,1,ㄅㄟˋ ㄑㄧㄡˊ
被選舉權,1,ㄅㄟˋ ㄒㄩㄢˇ ㄐㄩˇ ㄑㄩㄢˊ
被乘數,1,ㄅㄟˋ ㄔㄥˊ ㄕㄨˋ
被褥,1,ㄅㄟˋ ㄖㄨˋ
被窩,1,ㄅㄟˋ ㄨㄛ
倍,1,ㄅㄟˋ
倍率,1,ㄅㄟˋ ㄌㄩˋ
倍感親切,1,ㄅㄟˋ ㄍㄢˇ ㄑㄧㄣ ㄑㄧㄝˋ
倍受矚目,1,ㄅㄟˋ ㄕㄡˋ ㄓㄨˇ ㄇㄨˋ
倍數,1,ㄅㄟˋ ㄕㄨˋ
倍增,1,ㄅㄟˋ ㄗㄥ
焙,1,ㄅㄟˋ
蓓,1,ㄅㄟˋ
蓓蕾,1,ㄅㄟˋ ㄌㄟˇ
備,1,ㄅㄟˋ
備份,1,ㄅㄟˋ ㄈㄣˋ
備胎,1,ㄅㄟˋ ㄊㄞ
備妥,1,ㄅㄟˋ ㄊㄨㄛˇ
備取,1,ㄅㄟˋ ㄑㄩˇ
備詢,1,ㄅㄟˋ ㄒㄩㄣˊ
備戰,1,ㄅㄟˋ ㄓㄢˋ
備注,1,ㄅㄟˋ ㄓㄨˋ
備查,1,ㄅㄟˋ ㄔㄚˊ
備受好評,1,ㄅㄟˋ ㄕㄡˋ ㄏㄠˇ ㄆㄧㄥˊ
備受矚目,1,ㄅㄟˋ ㄕㄡˋ ㄓㄨˇ ㄇㄨˋ
備受威脅,1,ㄅㄟˋ ㄕㄡˋ ㄨㄟ ㄒㄧㄝˊ
備而不用,1,ㄅㄟˋ ㄦˊ ㄅㄨˋ ㄩㄥˋ
備而不用,1,ㄅㄟˋ ㄦˊ ㄅㄨˊ ㄩㄥˋ
備忘錄,1,ㄅㄟˋ ㄨㄤˋ ㄌㄨˋ
備用,1,ㄅㄟˋ ㄩㄥˋ
憊,1,ㄅㄟˋ
輩,1,ㄅㄟˋ
輩分,1,ㄅㄟˋ ㄈㄣˋ
輩出,1,ㄅㄟˋ ㄔㄨ
包,1,ㄅㄠ
包班制,1,ㄅㄠ ㄅㄢ ㄓˋ
包辦,1,ㄅㄠ ㄅㄢˋ
包庇,1,ㄅㄠ ㄅㄧˋ
包飯,1,ㄅㄠ ㄈㄢˋ
包袱,1,ㄅㄠ ㄈㄨˊ
包打聽,1,ㄅㄠ ㄉㄚˇ ㄊㄧㄥ
包攬,1,ㄅㄠ ㄌㄢˇ
包括,1,ㄅㄠ ㄍㄨㄚ
包裹,1,ㄅㄠ ㄍㄨㄛˇ
包裹表決,1,ㄅㄠ ㄍㄨㄛˇ ㄅㄧㄠˇ ㄐㄩㄝˊ
包工,1,ㄅㄠ ㄍㄨㄥ
包含,1,ㄅㄠ ㄏㄢˊ
包涵,1,ㄅㄠ ㄏㄢˊ
包換,1,ㄅㄠ ㄏㄨㄢˋ
包機,1,ㄅㄠ ㄐㄧ
包銷,1,ㄅㄠ ㄒㄧㄠ
包廂,1,ㄅㄠ ㄒㄧㄤ
包裝,1,ㄅㄠ ㄓㄨㄤ
包種茶,1,ㄅㄠ ㄓㄨㄥˇ ㄔㄚˊ
包車,1,ㄅㄠ ㄔㄜ
包紮,1,ㄅㄠ ㄓㄚˊ
包抄,1,ㄅㄠ ㄔㄠ
包商,1,ㄅㄠ ㄕㄤ
包容,1,ㄅㄠ ㄖㄨㄥˊ
包子,1,ㄅㄠ ㄗ˙
包租,1,ㄅㄠ ㄗㄨ
包圍,1,ㄅㄠ ㄨㄟˊ
孢,1,ㄅㄠ
孢子,1,ㄅㄠ ㄗˇ
炮,1,ㄅㄠ
苞,1,ㄅㄠ
胞,1,ㄅㄠ
胞妹,1,ㄅㄠ ㄇㄟˋ
胞弟,1,ㄅㄠ ㄉㄧˋ
胞兄,1,ㄅㄠ ㄒㄩㄥ
胞姊,1,ㄅㄠ ㄐㄧㄝˇ
煲,1,ㄅㄠ
褒,1,ㄅㄠ
褒貶,1,ㄅㄠ ㄅㄧㄢˇ
褒獎,1,ㄅㄠ ㄐㄧㄤˇ
褒揚,1,ㄅㄠ ㄧㄤˊ
雹,1,ㄅㄠˊ
保,1,ㄅㄠˇ
保本,1,ㄅㄠˇ ㄅㄣˇ
保鏢,1,ㄅㄠˇ ㄅㄧㄠ
保鑣,1,ㄅㄠˇ ㄅㄧㄠ
保密,1,ㄅㄠˇ ㄇㄧˋ
保母,1,ㄅㄠˇ ㄇㄨˇ
保姆,1,ㄅㄠˇ ㄇㄨˇ
保費,1,ㄅㄠˇ ㄈㄟˋ
保防,1,ㄅㄠˇ ㄈㄤˊ
保單,1,ㄅㄠˇ ㄉㄢ
保麗龍,1,ㄅㄠˇ ㄌㄧˋ ㄌㄨㄥˊ
保麗龍餐具,1,ㄅㄠˇ ㄌㄧˋ ㄌㄨㄥˊ ㄘㄢ ㄐㄩˋ
保留,1,ㄅㄠˇ ㄌㄧㄡˊ
保留地,1,ㄅㄠˇ ㄌㄧㄡˊ ㄉㄧˋ
保齡球,1,ㄅㄠˇ ㄌㄧㄥˊ ㄑㄧㄡˊ
保管,1,ㄅㄠˇ ㄍㄨㄢˇ
保護,1,ㄅㄠˇ ㄏㄨˋ
保護級,1,ㄅㄠˇ ㄏㄨˋ ㄐㄧˊ
保護色,1,ㄅㄠˇ ㄏㄨˋ ㄙㄜˋ
保甲法,1,ㄅㄠˇ ㄐㄧㄚˇ ㄈㄚˇ
保健,1,ㄅㄠˇ ㄐㄧㄢˋ
保警,1,ㄅㄠˇ ㄐㄧㄥˇ
保舉,1,ㄅㄠˇ ㄐㄩˇ
保全,1,ㄅㄠˇ ㄑㄩㄢˊ
保全業,1,ㄅㄠˇ ㄑㄩㄢˊ ㄧㄝˋ
保鮮膜,1,ㄅㄠˇ ㄒㄧㄢ ㄇㄛˊ
保險,1,ㄅㄠˇ ㄒㄧㄢˇ
保險法,1,ㄅㄠˇ ㄒㄧㄢˇ ㄈㄚˇ
保險費,1,ㄅㄠˇ ㄒㄧㄢˇ ㄈㄟˋ
保險單,1,ㄅㄠˇ ㄒㄧㄢˇ ㄉㄢ
保險套,1,ㄅㄠˇ ㄒㄧㄢˇ ㄊㄠˋ
保險桿,1,ㄅㄠˇ ㄒㄧㄢˇ ㄍㄢˇ
保險櫃,1,ㄅㄠˇ ㄒㄧㄢˇ ㄍㄨㄟˋ
保險公司,1,ㄅㄠˇ ㄒㄧㄢˇ ㄍㄨㄥ ㄙ
保險給付,1,ㄅㄠˇ ㄒㄧㄢˇ ㄐㄧˇ ㄈㄨˋ
保險金,1,ㄅㄠˇ ㄒㄧㄢˇ ㄐㄧㄣ
保險箱,1,ㄅㄠˇ ㄒㄧㄢˇ ㄒㄧㄤ
保險人,1,ㄅㄠˇ ㄒㄧㄢˇ ㄖㄣˊ
保險絲,1,ㄅㄠˇ ㄒㄧㄢˇ ㄙ
保險業,1,ㄅㄠˇ ㄒㄧㄢˇ ㄧㄝˋ
保值,1,ㄅㄠˇ ㄓˊ
保障,1,ㄅㄠˇ ㄓㄤˋ
保證,1,ㄅㄠˇ ㄓㄥˋ
保證金,1,ㄅㄠˇ ㄓㄥˋ ㄐㄧㄣ
保證書,1,ㄅㄠˇ ㄓㄥˋ ㄕㄨ
保證人,1,ㄅㄠˇ ㄓㄥˋ ㄖㄣˊ
保住,1,ㄅㄠˇ ㄓㄨˋ
保重,1,ㄅㄠˇ ㄓㄨㄥˋ
保持,1,ㄅㄠˇ ㄔˊ
保釋,1,ㄅㄠˇ ㄕˋ
保守,1,ㄅㄠˇ ㄕㄡˇ
保存,1,ㄅㄠˇ ㄘㄨㄣˊ
保送,1,ㄅㄠˇ ㄙㄨㄥˋ
保安,1,ㄅㄠˇ ㄢ
保安警察,1,ㄅㄠˇ ㄢ ㄐㄧㄥˇ ㄔㄚˊ
保有,1,ㄅㄠˇ ㄧㄡˇ
保佑,1,ㄅㄠˇ ㄧㄡˋ
保養,1,ㄅㄠˇ ㄧㄤˇ
保養品,1,ㄅㄠˇ ㄧㄤˇ ㄆㄧㄣˇ
保衛,1,ㄅㄠˇ ㄨㄟˋ
保溫,1,ㄅㄠˇ ㄨㄣ
保育,1,ㄅㄠˇ ㄩˋ
堡,1,ㄅㄠˇ
堡壘,1,ㄅㄠˇ ㄌㄟˇ
葆,1,ㄅㄠˇ
褓,1,ㄅㄠˇ
飽,1,ㄅㄠˇ
飽滿,1,ㄅㄠˇ ㄇㄢˇ
飽啖一頓,1,ㄅㄠˇ ㄉㄢˋ ㄧ ㄉㄨㄣˋ
飽啖一頓,1,ㄅㄠˇ ㄉㄢˋ ㄧˊ ㄉㄨㄣˋ
飽讀詩書,1,ㄅㄠˇ ㄉㄨˊ ㄕ ㄕㄨ
飽覽,1,ㄅㄠˇ ㄌㄢˇ
飽和,1,ㄅㄠˇ ㄏㄜˊ
飽和點,1,ㄅㄠˇ ㄏㄜˊ ㄉㄧㄢˇ
飽和脂肪,1,ㄅㄠˇ ㄏㄜˊ ㄓ ㄈㄤˊ
飽和狀態,1,ㄅㄠˇ ㄏㄜˊ ㄓㄨㄤˋ ㄊㄞˋ
飽經風霜,1,ㄅㄠˇ ㄐㄧㄥ ㄈㄥ ㄕㄨㄤ
飽經世故,1,ㄅㄠˇ ㄐㄧㄥ ㄕˋ ㄍㄨˋ
飽學,1,ㄅㄠˇ ㄒㄩㄝˊ
飽嚐,1,ㄅㄠˇ ㄔㄤˊ
飽食終日,1,ㄅㄠˇ ㄕˊ ㄓㄨㄥ ㄖˋ
飽受,1,ㄅㄠˇ ㄕㄡˋ
飽足,1,ㄅㄠˇ ㄗㄨˊ
飽餐,1,ㄅㄠˇ ㄘㄢ
飽以老拳,1,ㄅㄠˇ ㄧˇ ㄌㄠˇ ㄑㄩㄢˊ
鴇,1,ㄅㄠˇ
寶,1,ㄅㄠˇ
寶貝,1,ㄅㄠˇ ㄅㄟˋ
寶寶,1,ㄅㄠˇ ㄅㄠ˙
寶刀未老,1,ㄅㄠˇ ㄉㄠ ㄨㄟˋ ㄌㄠˇ
寶島,1,ㄅㄠˇ ㄉㄠˇ
寶地,1,ㄅㄠˇ ㄉㄧˋ
寶典,1,ㄅㄠˇ ㄉㄧㄢˇ
寶塔,1,ㄅㄠˇ ㄊㄚˇ
寶特瓶,1,ㄅㄠˇ ㄊㄜˋ ㄆㄧㄥˊ
寶藍色,1,ㄅㄠˇ ㄌㄢˊ ㄙㄜˋ
寶裡寶氣,1,ㄅㄠˇ ㄌㄧˇ ㄅㄠˇ ㄑㄧˋ
寶貴,1,ㄅㄠˇ ㄍㄨㄟˋ
寶庫,1,ㄅㄠˇ ㄎㄨˋ
寶號,1,ㄅㄠˇ ㄏㄠˋ
寶劍,1,ㄅㄠˇ ㄐㄧㄢˋ
寶剎,1,ㄅㄠˇ ㄔㄚˋ
寶石,1,ㄅㄠˇ ㄕˊ
寶山,1,ㄅㄠˇ ㄕㄢ
寶藏,1,ㄅㄠˇ ㄗㄤˋ
寶座,1,ㄅㄠˇ ㄗㄨㄛˋ
寶物,1,ㄅㄠˇ ㄨˋ
寶玉,1,ㄅㄠˇ ㄩˋ
刨,1,ㄅㄠˋ
刨冰,1,ㄅㄠˋ ㄅㄧㄥ
抱,1,ㄅㄠˋ
抱病,1,ㄅㄠˋ ㄅㄧㄥˋ
抱不平,1,ㄅㄠˋ ㄅㄨˋ ㄆㄧㄥˊ
抱負,1,ㄅㄠˋ ㄈㄨˋ
抱頭痛哭,1,ㄅㄠˋ ㄊㄡˊ ㄊㄨㄥˋ ㄎㄨ
抱頭鼠竄,1,ㄅㄠˋ ㄊㄡˊ ㄕㄨˇ ㄘㄨㄢˋ
抱憾,1,ㄅㄠˋ ㄏㄢˋ
抱歉,1,ㄅㄠˋ ㄑㄧㄢˋ
抱屈,1,ㄅㄠˋ ㄑㄩ
抱薪救火,1,ㄅㄠˋ ㄒㄧㄣ ㄐㄧㄡˋ ㄏㄨㄛˇ
抱持,1,ㄅㄠˋ ㄔˊ
抱殘守缺,1,ㄅㄠˋ ㄘㄢˊ ㄕㄡˇ ㄑㄩㄝ
抱怨,1,ㄅㄠˋ ㄩㄢˋ
鉋,1,ㄅㄠˋ
鮑,1,ㄅㄠˋ
鮑魚,1,ㄅㄠˋ ㄩˊ
鮑魚菇,1,ㄅㄠˋ ㄩˊ ㄍㄨ
鮑魚之肆,1,ㄅㄠˋ ㄩˊ ㄓ ㄙˋ
趵,1,ㄅㄠˋ
豹,1,ㄅㄠˋ
豹死留皮,1,ㄅㄠˋ ㄙˇ ㄌㄧㄡˊ ㄆㄧˊ
報,1,ㄅㄠˋ
報備,1,ㄅㄠˋ ㄅㄟˋ
報表,1,ㄅㄠˋ ㄅㄧㄠˇ
報名,1,ㄅㄠˋ ㄇㄧㄥˊ
報名費,1,ㄅㄠˋ ㄇㄧㄥˊ ㄈㄟˋ
報費,1,ㄅㄠˋ ㄈㄟˋ
報廢,1,ㄅㄠˋ ㄈㄟˋ
報復,1,ㄅㄠˋ ㄈㄨˋ
報復關稅,1,ㄅㄠˋ ㄈㄨˋ ㄍㄨㄢ ㄕㄨㄟˋ
報答,1,ㄅㄠˋ ㄉㄚˊ
報導,1,ㄅㄠˋ ㄉㄠˇ
報導文學,1,ㄅㄠˋ ㄉㄠˇ ㄨㄣˊ ㄒㄩㄝˊ
報到,1,ㄅㄠˋ ㄉㄠˋ
報告,1,ㄅㄠˋ ㄍㄠˋ
報告書,1,ㄅㄠˋ ㄍㄠˋ ㄕㄨ
報國,1,ㄅㄠˋ ㄍㄨㄛˊ
報關,1,ㄅㄠˋ ㄍㄨㄢ
報關行,1,ㄅㄠˋ ㄍㄨㄢ ㄏㄤˊ
報館,1,ㄅㄠˋ ㄍㄨㄢˇ
報考,1,ㄅㄠˋ ㄎㄠˇ
報刊,1,ㄅㄠˋ ㄎㄢ
報戶口,1,ㄅㄠˋ ㄏㄨˋ ㄎㄡˇ
報價,1,ㄅㄠˋ ㄐㄧㄚˋ
報界,1,ㄅㄠˋ ㄐㄧㄝˋ
報禁,1,ㄅㄠˋ ㄐㄧㄣˋ
報警,1,ㄅㄠˋ ㄐㄧㄥˇ
報喜,1,ㄅㄠˋ ㄒㄧˇ
報銷,1,ㄅㄠˋ ㄒㄧㄠ
報效,1,ㄅㄠˋ ㄒㄧㄠˋ
報紙,1,ㄅㄠˋ ㄓˇ
報章,1,ㄅㄠˋ ㄓㄤ
報仇,1,ㄅㄠˋ ㄔㄡˊ
報酬,1,ㄅㄠˋ ㄔㄡˊ
報償,1,ㄅㄠˋ ㄔㄤˊ
報時,1,ㄅㄠˋ ㄕˊ
報社,1,ㄅㄠˋ ㄕㄜˋ
報梢,1,ㄅㄠˋ ㄕㄠ
報數,1,ㄅㄠˋ ㄕㄨˋ
報稅,1,ㄅㄠˋ ㄕㄨㄟˋ
報載,1,ㄅㄠˋ ㄗㄞˋ
報案,1,ㄅㄠˋ ㄢˋ
報恩,1,ㄅㄠˋ ㄣ
報業,1,ㄅㄠˋ ㄧㄝˋ
報憂,1,ㄅㄠˋ ㄧㄡ
報應,1,ㄅㄠˋ ㄧㄥˋ
報怨,1,ㄅㄠˋ ㄩㄢˋ
暴,1,ㄅㄠˋ
暴斃,1,ㄅㄠˋ ㄅㄧˋ
暴病,1,ㄅㄠˋ ㄅㄧㄥˋ
暴民,1,ㄅㄠˋ ㄇㄧㄣˊ
暴發,1,ㄅㄠˋ ㄈㄚ
暴發戶,1,ㄅㄠˋ ㄈㄚ ㄏㄨˋ
暴風,1,ㄅㄠˋ ㄈㄥ
暴風半徑,1,ㄅㄠˋ ㄈㄥ ㄅㄢˋ ㄐㄧㄥˋ
暴風圈,1,ㄅㄠˋ ㄈㄥ ㄑㄩㄢ
暴風雨,1,ㄅㄠˋ ㄈㄥ ㄩˇ
暴跌,1,ㄅㄠˋ ㄉㄧㄝˊ
暴動,1,ㄅㄠˋ ㄉㄨㄥˋ
暴投,1,ㄅㄠˋ ㄊㄡˊ
暴跳如雷,1,ㄅㄠˋ ㄊㄧㄠˋ ㄖㄨˊ ㄌㄟˊ
暴殄天物,1,ㄅㄠˋ ㄊㄧㄢˇ ㄊㄧㄢ ㄨˋ
暴徒,1,ㄅㄠˋ ㄊㄨˊ
暴虐,1,ㄅㄠˋ ㄋㄩㄝˋ
暴力,1,ㄅㄠˋ ㄌㄧˋ
暴利,1,ㄅㄠˋ ㄌㄧˋ
暴戾,1,ㄅㄠˋ ㄌㄧˋ
暴亂,1,ㄅㄠˋ ㄌㄨㄢˋ
暴虎馮河,1,ㄅㄠˋ ㄏㄨˇ ㄆㄧㄥˊ ㄏㄜˊ
暴君,1,ㄅㄠˋ ㄐㄩㄣ
暴行,1,ㄅㄠˋ ㄒㄧㄥˊ
暴漲,1,ㄅㄠˋ ㄓㄤˇ
暴漲暴跌,1,ㄅㄠˋ ㄓㄤˇ ㄅㄠˋ ㄉㄧㄝˊ
暴政,1,ㄅㄠˋ ㄓㄥˋ
暴躁,1,ㄅㄠˋ ㄗㄠˋ
暴增,1,ㄅㄠˋ ㄗㄥ
暴卒,1,ㄅㄠˋ ㄗㄨˊ
暴牙,1,ㄅㄠˋ ㄧㄚˊ
暴飲暴食,1,ㄅㄠˋ ㄧㄣˇ ㄅㄠˋ ㄕˊ
暴雨,1,ㄅㄠˋ ㄩˇ
爆,1,ㄅㄠˋ
爆破,1,ㄅㄠˋ ㄆㄛˋ
爆滿,1,ㄅㄠˋ ㄇㄢˇ
爆米花,1,ㄅㄠˋ ㄇㄧˇ ㄏㄨㄚ
爆發,1,ㄅㄠˋ ㄈㄚ
爆發力,1,ㄅㄠˋ ㄈㄚ ㄌㄧˋ
爆胎,1,ㄅㄠˋ ㄊㄞ
爆冷門,1,ㄅㄠˋ ㄌㄥˇ ㄇㄣˊ
爆裂,1,ㄅㄠˋ ㄌㄧㄝˋ
爆笑,1,ㄅㄠˋ ㄒㄧㄠˋ
爆炸,1,ㄅㄠˋ ㄓㄚˋ
爆炸性,1,ㄅㄠˋ ㄓㄚˋ ㄒㄧㄥˋ
爆竹,1,ㄅㄠˋ ㄓㄨˊ
爆出,1,ㄅㄠˋ ㄔㄨ
扳,1,ㄅㄢ
扳倒,1,ㄅㄢ ㄉㄠˇ
扳回,1,ㄅㄢ ㄏㄨㄟˊ
扳回一城,1,ㄅㄢ ㄏㄨㄟˊ ㄧ ㄔㄥˊ
扳回一城,1,ㄅㄢ ㄏㄨㄟˊ ㄧˋ ㄔㄥˊ
扳機,1,ㄅㄢ ㄐㄧ
扳手,1,ㄅㄢ ㄕㄡˇ
扳手,1,ㄅㄢ ㄕㄡ˙
班,1,ㄅㄢ
班別,1,ㄅㄢ ㄅㄧㄝˊ
班門弄斧,1,ㄅㄢ ㄇㄣˊ ㄋㄨㄥˋ ㄈㄨˇ
班代,1,ㄅㄢ ㄉㄞˋ
班代表,1,ㄅㄢ ㄉㄞˋ ㄅㄧㄠˇ
班導師,1,ㄅㄢ ㄉㄠˇ ㄕ
班底,1,ㄅㄢ ㄉㄧˇ
班會,1,ㄅㄢ ㄏㄨㄟˋ
班機,1,ㄅㄢ ㄐㄧ
班級,1,ㄅㄢ ㄐㄧˊ
班際,1,ㄅㄢ ㄐㄧˋ
班長,1,ㄅㄢ ㄓㄤˇ
班子,1,ㄅㄢ ㄗ˙
班次,1,ㄅㄢ ㄘˋ
斑,1,ㄅㄢ
斑剝,1,ㄅㄢ ㄅㄛ
斑駁,1,ㄅㄢ ㄅㄛˊ
斑白,1,ㄅㄢ ㄅㄞˊ
斑斑,1,ㄅㄢ ㄅㄢ
斑斑點點,1,ㄅㄢ ㄅㄢ ㄉㄧㄢˇ ㄉㄧㄢˇ
斑馬,1,ㄅㄢ ㄇㄚˇ
斑馬線,1,ㄅㄢ ㄇㄚˇ ㄒㄧㄢˋ
斑點,1,ㄅㄢ ㄉㄧㄢˇ
斑斕,1,ㄅㄢ ㄌㄢˊ
斑痕,1,ㄅㄢ ㄏㄣˊ
斑鳩,1,ㄅㄢ ㄐㄧㄡ
般,1,ㄅㄢ
搬,1,ㄅㄢ
搬風,1,ㄅㄢ ㄈㄥ
搬動,1,ㄅㄢ ㄉㄨㄥˋ
搬弄是非,1,ㄅㄢ ㄋㄨㄥˋ ㄕˋ ㄈㄟ
搬開,1,ㄅㄢ ㄎㄞ
搬家,1,ㄅㄢ ㄐㄧㄚ
搬遷,1,ㄅㄢ ㄑㄧㄢ
搬磚砸腳,1,ㄅㄢ ㄓㄨㄢ ㄗㄚˊ ㄐㄧㄠˇ
搬出,1,ㄅㄢ ㄔㄨ
搬走,1,ㄅㄢ ㄗㄡˇ
搬演,1,ㄅㄢ ㄧㄢˇ
搬運,1,ㄅㄢ ㄩㄣˋ
頒,1,ㄅㄢ
頒布,1,ㄅㄢ ㄅㄨˋ
頒發,1,ㄅㄢ ㄈㄚ
頒獎,1,ㄅㄢ ㄐㄧㄤˇ
頒授,1,ㄅㄢ ㄕㄡˋ
頒贈,1,ㄅㄢ ㄗㄥˋ
阪,1,ㄅㄢˇ
板,1,ㄅㄢˇ
板蕩,1,ㄅㄢˇ ㄉㄤˋ
板凳,1,ㄅㄢˇ ㄉㄥˋ
板金,1,ㄅㄢˇ ㄐㄧㄣ
板球,1,ㄅㄢˇ ㄑㄧㄡˊ
板車,1,ㄅㄢˇ ㄔㄜ
板書,1,ㄅㄢˇ ㄕㄨ
板擦,1,ㄅㄢˇ ㄘㄚ
版,1,ㄅㄢˇ
版本,1,ㄅㄢˇ ㄅㄣˇ
版面,1,ㄅㄢˇ ㄇㄧㄢˋ
版圖,1,ㄅㄢˇ ㄊㄨˊ
版畫,1,ㄅㄢˇ ㄏㄨㄚˋ
版權,1,ㄅㄢˇ ㄑㄩㄢˊ
版權頁,1,ㄅㄢˇ ㄑㄩㄢˊ ㄧㄝˋ
版稅,1,ㄅㄢˇ ㄕㄨㄟˋ
舨,1,ㄅㄢˇ
鈑,1,ㄅㄢˇ
闆,1,ㄅㄢˇ
半,1,ㄅㄢˋ
半百,1,ㄅㄢˋ ㄅㄞˇ
半壁江山,1,ㄅㄢˋ ㄅㄧˋ ㄐㄧㄤ ㄕㄢ
半票,1,ㄅㄢˋ ㄆㄧㄠˋ
半瓶醋,1,ㄅㄢˋ ㄆㄧㄥˊ ㄘㄨˋ
半島,1,ㄅㄢˋ ㄉㄠˇ
半導體,1,ㄅㄢˋ ㄉㄠˇ ㄊㄧˇ
半吊子,1,ㄅㄢˋ ㄉㄧㄠˋ ㄗ˙
半天,1,ㄅㄢˋ ㄊㄧㄢ
半途,1,ㄅㄢˋ ㄊㄨˊ
半途而廢,1,ㄅㄢˋ ㄊㄨˊ ㄦˊ ㄈㄟˋ
半推半就,1,ㄅㄢˋ ㄊㄨㄟ ㄅㄢˋ ㄐㄧㄡˋ
半路,1,ㄅㄢˋ ㄌㄨˋ
半路出家,1,ㄅㄢˋ ㄌㄨˋ ㄔㄨ ㄐㄧㄚ
半規管,1,ㄅㄢˋ ㄍㄨㄟ ㄍㄨㄢˇ
半工半讀,1,ㄅㄢˋ ㄍㄨㄥ ㄅㄢˋ ㄉㄨˊ
半價,1,ㄅㄢˋ ㄐㄧㄚˋ
半截,1,ㄅㄢˋ ㄐㄧㄝˊ
半斤八兩,1,ㄅㄢˋ ㄐㄧㄣ ㄅㄚ ㄌㄧㄤˇ
半徑,1,ㄅㄢˋ ㄐㄧㄥˋ
半仙,1,ㄅㄢˋ ㄒㄧㄢ
半信半疑,1,ㄅㄢˋ ㄒㄧㄣˋ ㄅㄢˋ ㄧˊ
半成品,1,ㄅㄢˋ ㄔㄥˊ ㄆㄧㄣˇ
半身不遂,1,ㄅㄢˋ ㄕㄣ ㄅㄨˋ ㄙㄨㄟˋ
半身不遂,1,ㄅㄢˋ ㄕㄣ ㄅㄨˊ ㄙㄨㄟˋ
半晌,1,ㄅㄢˋ ㄕㄤˇ
半生,1,ㄅㄢˋ ㄕㄥ
半生不熟,1,ㄅㄢˋ ㄕㄥ ㄅㄨˋ ㄕㄡˊ
半數,1,ㄅㄢˋ ㄕㄨˋ
半子,1,ㄅㄢˋ ㄗˇ
半自動,1,ㄅㄢˋ ㄗˋ ㄉㄨㄥˋ
半死不活,1,ㄅㄢˋ ㄙˇ ㄅㄨˋ ㄏㄨㄛˊ
半夜,1,ㄅㄢˋ ㄧㄝˋ
半夜三更,1,ㄅㄢˋ ㄧㄝˋ ㄙㄢ ㄍㄥ
半圓,1,ㄅㄢˋ ㄩㄢˊ
伴,1,ㄅㄢˋ
伴娘,1,ㄅㄢˋ ㄋㄧㄤˊ
伴郎,1,ㄅㄢˋ ㄌㄤˊ
伴侶,1,ㄅㄢˋ ㄌㄩˇ
伴唱,1,ㄅㄢˋ ㄔㄤˋ
伴唱帶,1,ㄅㄢˋ ㄔㄤˋ ㄉㄞˋ
伴唱機,1,ㄅㄢˋ ㄔㄤˋ ㄐㄧ
伴奏,1,ㄅㄢˋ ㄗㄡˋ
伴隨,1,ㄅㄢˋ ㄙㄨㄟˊ
伴舞,1,ㄅㄢˋ ㄨˇ
拌,1,ㄅㄢˋ
拌合,1,ㄅㄢˋ ㄏㄜˊ
拌嘴,1,ㄅㄢˋ ㄗㄨㄟˇ
拌勻,1,ㄅㄢˋ ㄩㄣˊ
絆,1,ㄅㄢˋ
絆倒,1,ㄅㄢˋ ㄉㄠˇ
絆腳石,1,ㄅㄢˋ ㄐㄧㄠˇ ㄕˊ
扮,1,ㄅㄢˋ
扮鬼臉,1,ㄅㄢˋ ㄍㄨㄟˇ ㄌㄧㄢˇ
扮家家酒,1,ㄅㄢˋ ㄐㄧㄚ ㄐㄧㄚ ㄐㄧㄡˇ
扮相,1,ㄅㄢˋ ㄒㄧㄤˋ
扮豬吃老虎,1,ㄅㄢˋ ㄓㄨ ㄔ ㄌㄠˇ ㄏㄨˇ
扮演,1,ㄅㄢˋ ㄧㄢˇ
辦,1,ㄅㄢˋ
辦報,1,ㄅㄢˋ ㄅㄠˋ
辦不到,1,ㄅㄢˋ ㄅㄨˋ ㄉㄠˋ
辦不到,1,ㄅㄢˋ ㄅㄨˊ ㄉㄠˋ
辦法,1,ㄅㄢˋ ㄈㄚˇ
辦到,1,ㄅㄢˋ ㄉㄠˋ
辦妥,1,ㄅㄢˋ ㄊㄨㄛˇ
辦理,1,ㄅㄢˋ ㄌㄧˇ
辦公,1,ㄅㄢˋ ㄍㄨㄥ
辦公廳,1,ㄅㄢˋ ㄍㄨㄥ ㄊㄧㄥ
辦公桌,1,ㄅㄢˋ ㄍㄨㄥ ㄓㄨㄛ
辦公處,1,ㄅㄢˋ ㄍㄨㄥ ㄔㄨˋ
辦公室,1,ㄅㄢˋ ㄍㄨㄥ ㄕˋ
辦好,1,ㄅㄢˋ ㄏㄠˇ
辦喜事,1,ㄅㄢˋ ㄒㄧˇ ㄕˋ
辦學,1,ㄅㄢˋ ㄒㄩㄝˊ
辦桌,1,ㄅㄢˋ ㄓㄨㄛ
辦事,1,ㄅㄢˋ ㄕˋ
辦事處,1,ㄅㄢˋ ㄕˋ ㄔㄨˋ
辦案,1,ㄅㄢˋ ㄢˋ
瓣,1,ㄅㄢˋ
瓣膜,1,ㄅㄢˋ ㄇㄛˊ
奔,1,ㄅㄣ
奔波,1,ㄅㄣ ㄅㄛ
奔跑,1,ㄅㄣ ㄆㄠˇ
奔忙,1,ㄅㄣ ㄇㄤˊ
奔命,1,ㄅㄣ ㄇㄧㄥˋ
奔放,1,ㄅㄣ ㄈㄤˋ
奔逃,1,ㄅㄣ ㄊㄠˊ
奔騰,1,ㄅㄣ ㄊㄥˊ
奔流,1,ㄅㄣ ㄌㄧㄡˊ
奔馳,1,ㄅㄣ ㄔˊ
奔馳如雷,1,ㄅㄣ ㄔˊ ㄖㄨˊ ㄌㄟˊ
奔走,1,ㄅㄣ ㄗㄡˇ
奔喪,1,ㄅㄣ ㄙㄤ
賁,1,ㄅㄣ
賁門,1,ㄅㄣ ㄇㄣˊ
賁張,1,ㄅㄣ ㄓㄤ
本,1,ㄅㄣˇ
本部,1,ㄅㄣˇ ㄅㄨˋ
本埠,1,ㄅㄣˇ ㄅㄨˋ
本票,1,ㄅㄣˇ ㄆㄧㄠˋ
本末,1,ㄅㄣˇ ㄇㄛˋ
本末倒置,1,ㄅㄣˇ ㄇㄛˋ ㄉㄠˋ ㄓˋ
本名,1,ㄅㄣˇ ㄇㄧㄥˊ
本分,1,ㄅㄣˇ ㄈㄣˋ
本俸,1,ㄅㄣˇ ㄈㄥˋ
本島,1,ㄅㄣˇ ㄉㄠˇ
本地,1,ㄅㄣˇ ㄉㄧˋ
本體,1,ㄅㄣˇ ㄊㄧˇ
本土,1,ㄅㄣˇ ㄊㄨˇ
本土化,1,ㄅㄣˇ ㄊㄨˇ ㄏㄨㄚˋ
本能,1,ㄅㄣˇ ㄋㄥˊ
本來,1,ㄅㄣˇ ㄌㄞˊ
本壘,1,ㄅㄣˇ ㄌㄟˇ
本利,1,ㄅㄣˇ ㄌㄧˋ
本領,1,ㄅㄣˇ ㄌㄧㄥˇ
本國,1,ㄅㄣˇ ㄍㄨㄛˊ
本行,1,ㄅㄣˇ ㄏㄤˊ
本籍,1,ㄅㄣˇ ㄐㄧˊ
本紀,1,ㄅㄣˇ ㄐㄧˋ
本家,1,ㄅㄣˇ ㄐㄧㄚ
本金,1,ㄅㄣˇ ㄐㄧㄣ
本錢,1,ㄅㄣˇ ㄑㄧㄢˊ
本息,1,ㄅㄣˇ ㄒㄧˊ
本心,1,ㄅㄣˇ ㄒㄧㄣ
本薪,1,ㄅㄣˇ ㄒㄧㄣ
本性,1,ㄅㄣˇ ㄒㄧㄥˋ
本性難移,1,ㄅㄣˇ ㄒㄧㄥˋ ㄋㄢˊ ㄧˊ
本質,1,ㄅㄣˇ ㄓˊ
本市,1,ㄅㄣˇ ㄕˋ
本事,1,ㄅㄣˇ ㄕˋ
本事,1,ㄅㄣˇ ㄕ˙
本身,1,ㄅㄣˇ ㄕㄣ
本省,1,ㄅㄣˇ ㄕㄥˇ
本人,1,ㄅㄣˇ ㄖㄣˊ
本色,1,ㄅㄣˇ ㄙㄜˋ
本益比,1,ㄅㄣˇ ㄧˋ ㄅㄧˇ
本意,1,ㄅㄣˇ ㄧˋ
本業,1,ㄅㄣˇ ㄧㄝˋ
本位,1,ㄅㄣˇ ㄨㄟˋ
本位主義,1,ㄅㄣˇ ㄨㄟˋ ㄓㄨˇ ㄧˋ
本文,1,ㄅㄣˇ ㄨㄣˊ
苯,1,ㄅㄣˇ
苯乙烯,1,ㄅㄣˇ ㄧˇ ㄒㄧ
畚,1,ㄅㄣˇ
畚箕,1,ㄅㄣˇ ㄐㄧ
笨,1,ㄅㄣˋ
笨蛋,1,ㄅㄣˋ ㄉㄢˋ
笨鳥先飛,1,ㄅㄣˋ ㄋㄧㄠˇ ㄒㄧㄢ ㄈㄟ
笨拙,1,ㄅㄣˋ ㄓㄨㄛˊ
笨重,1,ㄅㄣˋ ㄓㄨㄥˋ
笨手笨腳,1,ㄅㄣˋ ㄕㄡˇ ㄅㄣˋ ㄐㄧㄠˇ
邦,1,ㄅㄤ
邦聯,1,ㄅㄤ ㄌㄧㄢˊ
邦交,1,ㄅㄤ ㄐㄧㄠ
邦彥,1,ㄅㄤ ㄧㄢˋ
梆,1,ㄅㄤ
梆笛,1,ㄅㄤ ㄉㄧˊ
傍,1,ㄅㄤ
傍晚,1,ㄅㄤ ㄨㄢˇ
幫,1,ㄅㄤ
幫辦,1,ㄅㄤ ㄅㄢˋ
幫派,1,ㄅㄤ ㄆㄞˋ
幫浦,1,ㄅㄤ ㄆㄨˇ
幫忙,1,ㄅㄤ ㄇㄤˊ
幫倒忙,1,ㄅㄤ ㄉㄠˋ ㄇㄤˊ
幫會,1,ㄅㄤ ㄏㄨㄟˋ
幫腔,1,ㄅㄤ ㄑㄧㄤ
幫凶,1,ㄅㄤ ㄒㄩㄥ
幫助,1,ㄅㄤ ㄓㄨˋ
幫襯,1,ㄅㄤ ㄔㄣˋ
幫手,1,ㄅㄤ ㄕㄡˇ
幫傭,1,ㄅㄤ ㄩㄥ
綁,1,ㄅㄤˇ
綁票,1,ㄅㄤˇ ㄆㄧㄠˋ
綁匪,1,ㄅㄤˇ ㄈㄟˇ
綁架,1,ㄅㄤˇ ㄐㄧㄚˋ
綁住,1,ㄅㄤˇ ㄓㄨˋ
榜,1,ㄅㄤˇ
榜單,1,ㄅㄤˇ ㄉㄢ
榜首,1,ㄅㄤˇ ㄕㄡˇ
榜上無名,1,ㄅㄤˇ ㄕㄤˋ ㄨˊ ㄇㄧㄥˊ
榜眼,1,ㄅㄤˇ ㄧㄢˇ
榜樣,1,ㄅㄤˇ ㄧㄤˋ
膀,1,ㄅㄤˇ
旁,1,ㄅㄤˋ
傍,1,ㄅㄤˋ
蒡,1,ㄅㄤˋ
膀,1,ㄅㄤˋ
磅,1,ㄅㄤˋ
磅秤,1,ㄅㄤˋ ㄔㄥˋ
謗,1,ㄅㄤˋ
鎊,1,ㄅㄤˋ
蚌,1,ㄅㄤˋ
蚌珠,1,ㄅㄤˋ ㄓㄨ
棒,1,ㄅㄤˋ
棒壇,1,ㄅㄤˋ ㄊㄢˊ
棒喝,1,ㄅㄤˋ ㄏㄜˋ
棒球,1,ㄅㄤˋ ㄑㄧㄡˊ
棒球隊,1,ㄅㄤˋ ㄑㄧㄡˊ ㄉㄨㄟˋ
棒球卡,1,ㄅㄤˋ ㄑㄧㄡˊ ㄎㄚˇ
棒球場,1,ㄅㄤˋ ㄑㄧㄡˊ ㄔㄤˇ
棒球賽,1,ㄅㄤˋ ㄑㄧㄡˊ ㄙㄞˋ
棒槌,1,ㄅㄤˋ ㄔㄨㄟˊ
棒子,1,ㄅㄤˋ ㄗ˙
崩,1,ㄅㄥ
崩盤,1,ㄅㄥ ㄆㄢˊ
崩塌,1,ㄅㄥ ㄊㄚ
崩坍,1,ㄅㄥ ㄊㄢ
崩裂,1,ㄅㄥ ㄌㄧㄝˋ
崩落,1,ㄅㄥ ㄌㄨㄛˋ
崩潰,1,ㄅㄥ ㄎㄨㄟˋ
崩殂,1,ㄅㄥ ㄘㄨˊ
繃,1,ㄅㄥ
繃帶,1,ㄅㄥ ㄉㄞˋ
繃緊,1,ㄅㄥ ㄐㄧㄣˇ
繃子,1,ㄅㄥ ㄗ˙
甭,1,ㄅㄥˊ
繃,1,ㄅㄥˇ
泵,1,ㄅㄥˋ
泵浦,1,ㄅㄥˋ ㄆㄨˇ
迸,1,ㄅㄥˋ
迸發,1,ㄅㄥˋ ㄈㄚ
迸裂,1,ㄅㄥˋ ㄌㄧㄝˋ
迸出,1,ㄅㄥˋ ㄔㄨ
榜,1,ㄅㄥˋ
繃,1,ㄅㄥˋ
蹦,1,ㄅㄥˋ
蹦蹦跳跳,1,ㄅㄥˋ ㄅㄥˋ ㄊㄧㄠˋ ㄊㄧㄠˋ
蹦跳,1,ㄅㄥˋ ㄊㄧㄠˋ
逼,1,ㄅㄧ
逼不得已,1,ㄅㄧ ㄅㄨˋ ㄉㄜˊ ㄧˇ
逼迫,1,ㄅㄧ ㄆㄛˋ
逼供,1,ㄅㄧ ㄍㄨㄥ
逼緊,1,ㄅㄧ ㄐㄧㄣˇ
逼近,1,ㄅㄧ ㄐㄧㄣˋ
逼真,1,ㄅㄧ ㄓㄣ
逼視,1,ㄅㄧ ㄕˋ
逼上梁山,1,ㄅㄧ ㄕㄤˋ ㄌㄧㄤˊ ㄕㄢ
逼人,1,ㄅㄧ ㄖㄣˊ
逼人太甚,1,ㄅㄧ ㄖㄣˊ ㄊㄞˋ ㄕㄣˋ
逼問,1,ㄅㄧ ㄨㄣˋ
荸,1,ㄅㄧˊ
荸薺,1,ㄅㄧˊ ㄑㄧˊ
鼻,1,ㄅㄧˊ
鼻竇炎,1,ㄅㄧˊ ㄉㄡˋ ㄧㄢˊ
鼻涕,1,ㄅㄧˊ ㄊㄧˋ
鼻梁,1,ㄅㄧˊ ㄌㄧㄤˊ
鼻孔,1,ㄅㄧˊ ㄎㄨㄥˇ
鼻尖,1,ㄅㄧˊ ㄐㄧㄢ
鼻腔,1,ㄅㄧˊ ㄑㄧㄤ
鼻青臉腫,1,ㄅㄧˊ ㄑㄧㄥ ㄌㄧㄢˇ ㄓㄨㄥˇ
鼻息,1,ㄅㄧˊ ㄒㄧˊ
鼻子,1,ㄅㄧˊ ㄗ˙
鼻祖,1,ㄅㄧˊ ㄗㄨˇ
鼻酸,1,ㄅㄧˊ ㄙㄨㄢ
鼻煙壺,1,ㄅㄧˊ ㄧㄢ ㄏㄨˊ
鼻炎,1,ㄅㄧˊ ㄧㄢˊ
鼻音,1,ㄅㄧˊ ㄧㄣ
匕,1,ㄅㄧˇ
匕首,1,ㄅㄧˇ ㄕㄡˇ
比,1,ㄅㄧˇ
比目魚,1,ㄅㄧˇ ㄇㄨˋ ㄩˊ
比方,1,ㄅㄧˇ ㄈㄤ
比方說,1,ㄅㄧˇ ㄈㄤ ㄕㄨㄛ
比對,1,ㄅㄧˇ ㄉㄨㄟˋ
比擬,1,ㄅㄧˇ ㄋㄧˇ
比例,1,ㄅㄧˇ ㄌㄧˋ
比率,1,ㄅㄧˇ ㄌㄩˋ
比劃,1,ㄅㄧˇ ㄏㄨㄚˋ
比基尼,1,ㄅㄧˇ ㄐㄧ ㄋㄧˊ
比價,1,ㄅㄧˇ ㄐㄧㄚˋ
比較,1,ㄅㄧˇ ㄐㄧㄠˋ
比丘,1,ㄅㄧˇ ㄑㄧㄡ
比丘尼,1,ㄅㄧˇ ㄑㄧㄡ ㄋㄧˊ
比值,1,ㄅㄧˇ ㄓˊ
比照,1,ㄅㄧˇ ㄓㄠˋ
比重,1,ㄅㄧˇ ㄓㄨㄥˋ
比試,1,ㄅㄧˇ ㄕˋ
比手畫腳,1,ㄅㄧˇ ㄕㄡˇ ㄏㄨㄚˋ ㄐㄧㄠˇ
比數,1,ㄅㄧˇ ㄕㄨˋ
比如,1,ㄅㄧˇ ㄖㄨˊ
比賽,1,ㄅㄧˇ ㄙㄞˋ
比翼鳥,1,ㄅㄧˇ ㄧˋ ㄋㄧㄠˇ
比翼雙飛,1,ㄅㄧˇ ㄧˋ ㄕㄨㄤ ㄈㄟ
比喻,1,ㄅㄧˇ ㄩˋ
妣,1,ㄅㄧˇ
彼,1,ㄅㄧˇ
彼長我消,1,ㄅㄧˇ ㄓㄤˇ ㄨㄛˇ ㄒㄧㄠ
彼此,1,ㄅㄧˇ ㄘˇ
彼岸,1,ㄅㄧˇ ㄢˋ
彼一時此一時,1,ㄅㄧˇ ㄧ ㄕˊ ㄘˇ ㄧ ㄕˊ
彼一時此一時,1,ㄅㄧˇ ㄧˋ ㄕˊ ㄘˇ ㄧˋ ㄕˊ
筆,1,ㄅㄧˇ
筆墨,1,ㄅㄧˇ ㄇㄛˋ
筆名,1,ㄅㄧˇ ㄇㄧㄥˊ
筆法,1,ㄅㄧˇ ㄈㄚˇ
筆鋒,1,ㄅㄧˇ ㄈㄥ
筆調,1,ㄅㄧˇ ㄉㄧㄠˋ
筆談,1,ㄅㄧˇ ㄊㄢˊ
筆挺,1,ㄅㄧˇ ㄊㄧㄥˇ
筆筒,1,ㄅㄧˇ ㄊㄨㄥˇ
筆力,1,ㄅㄧˇ ㄌㄧˋ
筆錄,1,ㄅㄧˇ ㄌㄨˋ
筆桿,1,ㄅㄧˇ ㄍㄢˇ
筆耕,1,ㄅㄧˇ ㄍㄥ
筆畫,1,ㄅㄧˇ ㄏㄨㄚˋ
筆跡,1,ㄅㄧˇ ㄐㄧ
筆記,1,ㄅㄧˇ ㄐㄧˋ
筆記型電腦,1,ㄅㄧˇ ㄐㄧˋ ㄒㄧㄥˊ ㄉㄧㄢˋ ㄋㄠˇ
筆記書,1,ㄅㄧˇ ㄐㄧˋ ㄕㄨ
筆下,1,ㄅㄧˇ ㄒㄧㄚˋ
筆直,1,ㄅㄧˇ ㄓˊ
筆者,1,ㄅㄧˇ ㄓㄜˇ
筆仗,1,ㄅㄧˇ ㄓㄤˋ
筆觸,1,ㄅㄧˇ ㄔㄨˋ
筆試,1,ㄅㄧˇ ㄕˋ
筆順,1,ㄅㄧˇ ㄕㄨㄣˋ
筆意,1,ㄅㄧˇ ㄧˋ
筆友,1,ㄅㄧˇ ㄧㄡˇ
筆誤,1,ㄅㄧˇ ㄨˋ
鄙,1,ㄅㄧˇ
鄙陋,1,ㄅㄧˇ ㄌㄡˋ
鄙見,1,ㄅㄧˇ ㄐㄧㄢˋ
鄙棄,1,ㄅㄧˇ ㄑㄧˋ
鄙視,1,ㄅㄧˇ ㄕˋ
鄙人,1,ㄅㄧˇ ㄖㄣˊ
鄙俗,1,ㄅㄧˇ ㄙㄨˊ
鄙夷,1,ㄅㄧˇ ㄧˊ
比,1,ㄅㄧˋ
比比皆是,1,ㄅㄧˋ ㄅㄧˋ ㄐㄧㄝ ㄕˋ
比鄰,1,ㄅㄧˋ ㄌㄧㄣˊ
比鄰而居,1,ㄅㄧˋ ㄌㄧㄣˊ ㄦˊ ㄐㄩ
比肩,1,ㄅㄧˋ ㄐㄧㄢ
庇,1,ㄅㄧˋ
庇護,1,ㄅㄧˋ ㄏㄨˋ
庇佑,1,ㄅㄧˋ ㄧㄡˋ
庇蔭,1,ㄅㄧˋ ㄧㄣˋ
陛,1,ㄅㄧˋ
陛下,1,ㄅㄧˋ ㄒㄧㄚˋ
蓖,1,ㄅㄧˋ
蓖麻,1,ㄅㄧˋ ㄇㄚˊ
篦,1,ㄅㄧˋ
必,1,ㄅㄧˋ
必備,1,ㄅㄧˋ ㄅㄟˋ
必必剝剝,1,ㄅㄧˋ ㄅㄧˋ ㄅㄛ ㄅㄛ
必定,1,ㄅㄧˋ ㄉㄧㄥˋ
必修,1,ㄅㄧˋ ㄒㄧㄡ
必須,1,ㄅㄧˋ ㄒㄩ
必需,1,ㄅㄧˋ ㄒㄩ
必需品,1,ㄅㄧˋ ㄒㄩ ㄆㄧㄣˇ
必然,1,ㄅㄧˋ ㄖㄢˊ
必要,1,ㄅㄧˋ ㄧㄠˋ
泌,1,ㄅㄧˋ
祕,1,ㄅㄧˋ
毖,1,ㄅㄧˋ
秘,1,ㄅㄧˋ
畀,1,ㄅㄧˋ
拂,1,ㄅㄧˋ
俾,1,ㄅㄧˋ
埤,1,ㄅㄧˋ
婢,1,ㄅㄧˋ
婢女,1,ㄅㄧˋ ㄋㄩˇ
痺,1,ㄅㄧˋ
睥,1,ㄅㄧˋ
睥睨,1,ㄅㄧˋ ㄋㄧˋ
裨,1,ㄅㄧˋ
裨益,1,ㄅㄧˋ ㄧˋ
髀,1,ㄅㄧˋ
敝,1,ㄅㄧˋ
敝屣,1,ㄅㄧˋ ㄒㄧˇ
敝帚千金,1,ㄅㄧˋ ㄓㄡˇ ㄑㄧㄢ ㄐㄧㄣ
敝帚自珍,1,ㄅㄧˋ ㄓㄡˇ ㄗˋ ㄓㄣ
弊,1,ㄅㄧˋ
弊病,1,ㄅㄧˋ ㄅㄧㄥˋ
弊端,1,ㄅㄧˋ ㄉㄨㄢ
弊絕風清,1,ㄅㄧˋ ㄐㄩㄝˊ ㄈㄥ ㄑㄧㄥ
弊案,1,ㄅㄧˋ ㄢˋ
幣,1,ㄅㄧˋ
幣值,1,ㄅㄧˋ ㄓˊ
幣制,1,ㄅㄧˋ ㄓˋ
蔽,1,ㄅㄧˋ
蔽天,1,ㄅㄧˋ ㄊㄧㄢ
蔽空,1,ㄅㄧˋ ㄎㄨㄥ
蔽塞,1,ㄅㄧˋ ㄙㄜˋ
斃,1,ㄅㄧˋ
斃命,1,ㄅㄧˋ ㄇㄧㄥˋ
閉,1,ㄅㄧˋ
閉門羹,1,ㄅㄧˋ ㄇㄣˊ ㄍㄥ
閉門謝客,1,ㄅㄧˋ ㄇㄣˊ ㄒㄧㄝˋ ㄎㄜˋ
閉門造車,1,ㄅㄧˋ ㄇㄣˊ ㄗㄠˋ ㄔㄜ
閉目養神,1,ㄅㄧˋ ㄇㄨˋ ㄧㄤˇ ㄕㄣˊ
閉幕,1,ㄅㄧˋ ㄇㄨˋ
閉幕典禮,1,ㄅㄧˋ ㄇㄨˋ ㄉㄧㄢˇ ㄌㄧˇ
閉幕式,1,ㄅㄧˋ ㄇㄨˋ ㄕˋ
閉路電視,1,ㄅㄧˋ ㄌㄨˋ ㄉㄧㄢˋ ㄕˋ
閉關,1,ㄅㄧˋ ㄍㄨㄢ
閉關自守,1,ㄅㄧˋ ㄍㄨㄢ ㄗˋ ㄕㄡˇ
閉會,1,ㄅㄧˋ ㄏㄨㄟˋ
閉上,1,ㄅㄧˋ ㄕㄤˋ
閉嘴,1,ㄅㄧˋ ㄗㄨㄟˇ
閉塞,1,ㄅㄧˋ ㄙㄜˋ
閉月羞花,1,ㄅㄧˋ ㄩㄝˋ ㄒㄧㄡ ㄏㄨㄚ
畢,1,ㄅㄧˋ
畢恭畢敬,1,ㄅㄧˋ ㄍㄨㄥ ㄅㄧˋ ㄐㄧㄥˋ
畢竟,1,ㄅㄧˋ ㄐㄧㄥˋ
畢生,1,ㄅㄧˋ ㄕㄥ
畢業,1,ㄅㄧˋ ㄧㄝˋ
畢業典禮,1,ㄅㄧˋ ㄧㄝˋ ㄉㄧㄢˇ ㄌㄧˇ
畢業生,1,ㄅㄧˋ ㄧㄝˋ ㄕㄥ
嗶,1,ㄅㄧˋ
嗶嗶剝剝,1,ㄅㄧˋ ㄅㄧˋ ㄅㄛ ㄅㄛ
嗶嗶剝剝,1,ㄅㄧ ㄅㄧ ㄅㄛ ㄅㄛ
蓽,1,ㄅㄧˋ
篳路藍縷,1,ㄅㄧˋ ㄌㄨˋ ㄌㄢˊ ㄌㄩˇ
篳,1,ㄅㄧˋ
篳篥,1,ㄅㄧˋ ㄌㄧˋ
蹕,1,ㄅㄧˋ
愎,1,ㄅㄧˋ
賁,1,ㄅㄧˋ
弼,1,ㄅㄧˋ
辟,1,ㄅㄧˋ
辟邪,1,ㄅㄧˋ ㄒㄧㄝˊ
壁,1,ㄅㄧˋ
壁報,1,ㄅㄧˋ ㄅㄠˋ
壁燈,1,ㄅㄧˋ ㄉㄥ
壁壘,1,ㄅㄧˋ ㄌㄟˇ
壁壘分明,1,ㄅㄧˋ ㄌㄟˇ ㄈㄣ ㄇㄧㄥˊ
壁爐,1,ㄅㄧˋ ㄌㄨˊ
壁虎,1,ㄅㄧˋ ㄏㄨˇ
壁花,1,ㄅㄧˋ ㄏㄨㄚ
壁畫,1,ㄅㄧˋ ㄏㄨㄚˋ
壁紙,1,ㄅㄧˋ ㄓˇ
壁櫥,1,ㄅㄧˋ ㄔㄨˊ
壁上觀,1,ㄅㄧˋ ㄕㄤˋ ㄍㄨㄢ
嬖,1,ㄅㄧˋ
薜,1,ㄅㄧˋ
薜荔,1,ㄅㄧˋ ㄌㄧˋ
避,1,ㄅㄧˋ
避不見面,1,ㄅㄧˋ ㄅㄨˋ ㄐㄧㄢˋ ㄇㄧㄢˋ
避不見面,1,ㄅㄧˋ ㄅㄨˊ ㄐㄧㄢˋ ㄇㄧㄢˋ
避免,1,ㄅㄧˋ ㄇㄧㄢˇ
避風港,1,ㄅㄧˋ ㄈㄥ ㄍㄤˇ
避難,1,ㄅㄧˋ ㄋㄢˋ
避雷針,1,ㄅㄧˋ ㄌㄟˊ ㄓㄣ
避開,1,ㄅㄧˋ ㄎㄞ
避諱,1,ㄅㄧˋ ㄏㄨㄟˋ
避邪,1,ㄅㄧˋ ㄒㄧㄝˊ
避嫌,1,ㄅㄧˋ ㄒㄧㄢˊ
避重就輕,1,ㄅㄧˋ ㄓㄨㄥˋ ㄐㄧㄡˋ ㄑㄧㄥ
避世,1,ㄅㄧˋ ㄕˋ
避暑,1,ㄅㄧˋ ㄕㄨˇ
避暑勝地,1,ㄅㄧˋ ㄕㄨˇ ㄕㄥˋ ㄉㄧˋ
避人耳目,1,ㄅㄧˋ ㄖㄣˊ ㄦˇ ㄇㄨˋ
避而不談,1,ㄅㄧˋ ㄦˊ ㄅㄨˋ ㄊㄢˊ
避孕,1,ㄅㄧˋ ㄩㄣˋ
避孕藥,1,ㄅㄧˋ ㄩㄣˋ ㄧㄠˋ
臂,1,ㄅㄧˋ
臂膀,1,ㄅㄧˋ ㄅㄤˇ
臂章,1,ㄅㄧˋ ㄓㄤ
臂彎,1,ㄅㄧˋ ㄨㄢ
璧,1,ㄅㄧˋ
璧還,1,ㄅㄧˋ ㄏㄨㄢˊ
璧謝,1,ㄅㄧˋ ㄒㄧㄝˋ
璧人,1,ㄅㄧˋ ㄖㄣˊ
襞,1,ㄅㄧˋ
碧,1,ㄅㄧˋ
碧波,1,ㄅㄧˋ ㄅㄛ
碧波萬頃,1,ㄅㄧˋ ㄅㄛ ㄨㄢˋ ㄑㄧㄥˇ
碧落,1,ㄅㄧˋ ㄌㄨㄛˋ
碧綠,1,ㄅㄧˋ ㄌㄩˋ
碧空,1,ㄅㄧˋ ㄎㄨㄥ
碧海,1,ㄅㄧˋ ㄏㄞˇ
碧海青天,1,ㄅㄧˋ ㄏㄞˇ ㄑㄧㄥ ㄊㄧㄢ
碧血,1,ㄅㄧˋ ㄒㄧㄝˇ
碧草如茵,1,ㄅㄧˋ ㄘㄠˇ ㄖㄨˊ ㄧㄣ
碧玉,1,ㄅㄧˋ ㄩˋ
憋,1,ㄅㄧㄝ
憋尿,1,ㄅㄧㄝ ㄋㄧㄠˋ
鱉,1,ㄅㄧㄝ
別,1,ㄅㄧㄝˊ
別苗頭,1,ㄅㄧㄝˊ ㄇㄧㄠˊ ㄊㄡ˙
別名,1,ㄅㄧㄝˊ ㄇㄧㄥˊ
別提,1,ㄅㄧㄝˊ ㄊㄧˊ
別離,1,ㄅㄧㄝˊ ㄌㄧˊ
別管,1,ㄅㄧㄝˊ ㄍㄨㄢˇ
別開生面,1,ㄅㄧㄝˊ ㄎㄞ ㄕㄥ ㄇㄧㄢˋ
別號,1,ㄅㄧㄝˊ ㄏㄠˋ
別具慧眼,1,ㄅㄧㄝˊ ㄐㄩˋ ㄏㄨㄟˋ ㄧㄢˇ
別具一格,1,ㄅㄧㄝˊ ㄐㄩˋ ㄧ ㄍㄜˊ
別具一格,1,ㄅㄧㄝˊ ㄐㄩˋ ㄧˋ ㄍㄜˊ
別緻,1,ㄅㄧㄝˊ ㄓˋ
別針,1,ㄅㄧㄝˊ ㄓㄣ
別出心裁,1,ㄅㄧㄝˊ ㄔㄨ ㄒㄧㄣ ㄘㄞˊ
別墅,1,ㄅㄧㄝˊ ㄕㄨˋ
別樹一幟,1,ㄅㄧㄝˊ ㄕㄨˋ ㄧ ㄓˋ
別樹一幟,1,ㄅㄧㄝˊ ㄕㄨˋ ㄧˊ ㄓˋ
別人,1,ㄅㄧㄝˊ ㄖㄣˊ
別字,1,ㄅㄧㄝˊ ㄗˋ
別有風味,1,ㄅㄧㄝˊ ㄧㄡˇ ㄈㄥ ㄨㄟˋ
別有洞天,1,ㄅㄧㄝˊ ㄧㄡˇ ㄉㄨㄥˋ ㄊㄧㄢ
別有天地,1,ㄅㄧㄝˊ ㄧㄡˇ ㄊㄧㄢ ㄉㄧˋ
別有用心,1,ㄅㄧㄝˊ ㄧㄡˇ ㄩㄥˋ ㄒㄧㄣ
蹩,1,ㄅㄧㄝˊ
癟,1,ㄅㄧㄝˇ
癟三,1,ㄅㄧㄝˇ ㄙㄢ
彆,1,ㄅㄧㄝˋ
彆扭,1,ㄅㄧㄝˋ ㄋㄧㄡˇ
杓,1,ㄅㄧㄠ
髟,1,ㄅㄧㄠ
彪,1,ㄅㄧㄠ
彪炳,1,ㄅㄧㄠ ㄅㄧㄥˇ
彪形大漢,1,ㄅㄧㄠ ㄒㄧㄥˊ ㄉㄚˋ ㄏㄢˋ
飆,1,ㄅㄧㄠ
飆漲,1,ㄅㄧㄠ ㄓㄤˇ
飆車,1,ㄅㄧㄠ ㄔㄜ
標,1,ㄅㄧㄠ
標靶,1,ㄅㄧㄠ ㄅㄚˇ
標本,1,ㄅㄧㄠ ㄅㄣˇ
標榜,1,ㄅㄧㄠ ㄅㄤˇ
標明,1,ㄅㄧㄠ ㄇㄧㄥˊ
標單,1,ㄅㄧㄠ ㄉㄢ
標的,1,ㄅㄧㄠ ㄉㄧˋ
標點符號,1,ㄅㄧㄠ ㄉㄧㄢˇ ㄈㄨˊ ㄏㄠˋ
標題,1,ㄅㄧㄠ ㄊㄧˊ
標高,1,ㄅㄧㄠ ㄍㄠ
標購,1,ㄅㄧㄠ ㄍㄡˋ
標竿,1,ㄅㄧㄠ ㄍㄢ
標會,1,ㄅㄧㄠ ㄏㄨㄟˋ
標記,1,ㄅㄧㄠ ㄐㄧˋ
標價,1,ㄅㄧㄠ ㄐㄧㄚˋ
標舉,1,ㄅㄧㄠ ㄐㄩˇ
標籤,1,ㄅㄧㄠ ㄑㄧㄢ
標槍,1,ㄅㄧㄠ ㄑㄧㄤ
標新立異,1,ㄅㄧㄠ ㄒㄧㄣ ㄌㄧˋ ㄧˋ
標致,1,ㄅㄧㄠ ㄓˋ
標誌,1,ㄅㄧㄠ ㄓˋ
標幟,1,ㄅㄧㄠ ㄓˋ
標準,1,ㄅㄧㄠ ㄓㄨㄣˇ
標準桿,1,ㄅㄧㄠ ㄓㄨㄣˇ ㄍㄢˇ
標準鏡頭,1,ㄅㄧㄠ ㄓㄨㄣˇ ㄐㄧㄥˋ ㄊㄡˊ
標示,1,ㄅㄧㄠ ㄕˋ
標售,1,ㄅㄧㄠ ㄕㄡˋ
標語,1,ㄅㄧㄠ ㄩˇ
鏢,1,ㄅㄧㄠ
鏢客,1,ㄅㄧㄠ ㄎㄜˋ
鑣,1,ㄅㄧㄠ
表,1,ㄅㄧㄠˇ
表白,1,ㄅㄧㄠˇ ㄅㄞˊ
表皮,1,ㄅㄧㄠˇ ㄆㄧˊ
表妹,1,ㄅㄧㄠˇ ㄇㄟˋ
表面,1,ㄅㄧㄠˇ ㄇㄧㄢˋ
表面化,1,ㄅㄧㄠˇ ㄇㄧㄢˋ ㄏㄨㄚˋ
表面張力,1,ㄅㄧㄠˇ ㄇㄧㄢˋ ㄓㄤ ㄌㄧˋ
表明,1,ㄅㄧㄠˇ ㄇㄧㄥˊ
表達,1,ㄅㄧㄠˇ ㄉㄚˊ
表弟,1,ㄅㄧㄠˇ ㄉㄧˋ
表態,1,ㄅㄧㄠˇ ㄊㄞˋ
表裡,1,ㄅㄧㄠˇ ㄌㄧˇ
表裡如一,1,ㄅㄧㄠˇ ㄌㄧˇ ㄖㄨˊ ㄧ
表露,1,ㄅㄧㄠˇ ㄌㄨˋ
表哥,1,ㄅㄧㄠˇ ㄍㄜ
表格,1,ㄅㄧㄠˇ ㄍㄜˊ
表姐,1,ㄅㄧㄠˇ ㄐㄧㄝˇ
表件,1,ㄅㄧㄠˇ ㄐㄧㄢˋ
表決,1,ㄅㄧㄠˇ ㄐㄩㄝˊ
表決權,1,ㄅㄧㄠˇ ㄐㄩㄝˊ ㄑㄩㄢˊ
表情,1,ㄅㄧㄠˇ ㄑㄧㄥˊ
表現,1,ㄅㄧㄠˇ ㄒㄧㄢˋ
表象,1,ㄅㄧㄠˇ ㄒㄧㄤˋ
表彰,1,ㄅㄧㄠˇ ㄓㄤ
表徵,1,ㄅㄧㄠˇ ㄓㄥ
表示,1,ㄅㄧㄠˇ ㄕˋ
表率,1,ㄅㄧㄠˇ ㄕㄨㄞˋ
表姊,1,ㄅㄧㄠˇ ㄐㄧㄝˇ
表層,1,ㄅㄧㄠˇ ㄘㄥˊ
表演,1,ㄅㄧㄠˇ ㄧㄢˇ
表演賽,1,ㄅㄧㄠˇ ㄧㄢˇ ㄙㄞˋ
表揚,1,ㄅㄧㄠˇ ㄧㄤˊ
婊,1,ㄅㄧㄠˇ
裱,1,ㄅㄧㄠˇ
裱背,1,ㄅㄧㄠˇ ㄅㄟˋ
錶,1,ㄅㄧㄠˇ
錶帶,1,ㄅㄧㄠˇ ㄉㄞˋ
摽,1,ㄅㄧㄠˋ
鰾,1,ㄅㄧㄠˋ
砭,1,ㄅㄧㄢ
蝙,1,ㄅㄧㄢ
蝙蝠,1,ㄅㄧㄢ ㄈㄨˊ
編,1,ㄅㄧㄢ
編班,1,ㄅㄧㄢ ㄅㄢ
編排,1,ㄅㄧㄢ ㄆㄞˊ
編派,1,ㄅㄧㄢ ㄆㄞˋ
編配,1,ㄅㄧㄢ ㄆㄟˋ
編碼,1,ㄅㄧㄢ ㄇㄚˇ
編導,1,ㄅㄧㄢ ㄉㄠˇ
編訂,1,ㄅㄧㄢ ㄉㄧㄥˋ
編隊,1,ㄅㄧㄢ ㄉㄨㄟˋ
編年體,1,ㄅㄧㄢ ㄋㄧㄢˊ ㄊㄧˇ
編列,1,ㄅㄧㄢ ㄌㄧㄝˋ
編錄,1,ㄅㄧㄢ ㄌㄨˋ
編號,1,ㄅㄧㄢ ㄏㄠˋ
編輯,1,ㄅㄧㄢ ㄐㄧˊ
編劇,1,ㄅㄧㄢ ㄐㄩˋ
編曲,1,ㄅㄧㄢ ㄑㄩˇ
編寫,1,ㄅㄧㄢ ㄒㄧㄝˇ
編織,1,ㄅㄧㄢ ㄓ
編制,1,ㄅㄧㄢ ㄓˋ
編製,1,ㄅㄧㄢ ㄓˋ
編者,1,ㄅㄧㄢ ㄓㄜˇ
編著,1,ㄅㄧㄢ ㄓㄨˋ
編撰,1,ㄅㄧㄢ ㄓㄨㄢˋ
編審,1,ㄅㄧㄢ ㄕㄣˇ
編造,1,ㄅㄧㄢ ㄗㄠˋ
編組,1,ㄅㄧㄢ ㄗㄨˇ
編纂,1,ㄅㄧㄢ ㄗㄨㄢˇ
編譯,1,ㄅㄧㄢ ㄧˋ
編印,1,ㄅㄧㄢ ㄧㄣˋ
鞭,1,ㄅㄧㄢ
鞭辟入裡,1,ㄅㄧㄢ ㄅㄧˋ ㄖㄨˋ ㄌㄧˇ
鞭炮,1,ㄅㄧㄢ ㄆㄠˋ
鞭打,1,ㄅㄧㄢ ㄉㄚˇ
鞭笞,1,ㄅㄧㄢ ㄔ
鞭長莫及,1,ㄅㄧㄢ ㄔㄤˊ ㄇㄛˋ ㄐㄧˊ
鞭策,1,ㄅㄧㄢ ㄘㄜˋ
邊,1,ㄅㄧㄢ
邊門,1,ㄅㄧㄢ ㄇㄣˊ
邊防,1,ㄅㄧㄢ ㄈㄤˊ
邊幅,1,ㄅㄧㄢ ㄈㄨˊ
邊際,1,ㄅㄧㄢ ㄐㄧˋ
邊界,1,ㄅㄧㄢ ㄐㄧㄝˋ
邊疆,1,ㄅㄧㄢ ㄐㄧㄤ
邊境,1,ㄅㄧㄢ ㄐㄧㄥˋ
邊陲,1,ㄅㄧㄢ ㄔㄨㄟˊ
邊緣,1,ㄅㄧㄢ ㄩㄢˊ
邊遠,1,ㄅㄧㄢ ㄩㄢˇ
籩,1,ㄅㄧㄢ
扁,1,ㄅㄧㄢˇ
扁柏,1,ㄅㄧㄢˇ ㄅㄛˊ
扁平,1,ㄅㄧㄢˇ ㄆㄧㄥˊ
扁平足,1,ㄅㄧㄢˇ ㄆㄧㄥˊ ㄗㄨˊ
扁蒲,1,ㄅㄧㄢˇ ㄆㄨˊ
扁擔,1,ㄅㄧㄢˇ ㄉㄢ
扁桃腺,1,ㄅㄧㄢˇ ㄊㄠˊ ㄒㄧㄢˋ
扁食,1,ㄅㄧㄢˇ ㄕˊ
扁鑽,1,ㄅㄧㄢˇ ㄗㄨㄢˋ
匾,1,ㄅㄧㄢˇ
匾額,1,ㄅㄧㄢˇ ㄜˊ
褊,1,ㄅㄧㄢˇ
褊狹,1,ㄅㄧㄢˇ ㄒㄧㄚˊ
窆,1,ㄅㄧㄢˇ
貶,1,ㄅㄧㄢˇ
貶低,1,ㄅㄧㄢˇ ㄉㄧ
貶值,1,ㄅㄧㄢˇ ㄓˊ
貶謫,1,ㄅㄧㄢˇ ㄓㄜˊ
貶抑,1,ㄅㄧㄢˇ ㄧˋ
卞,1,ㄅㄧㄢˋ
汴,1,ㄅㄧㄢˋ
弁,1,ㄅㄧㄢˋ
便,1,ㄅㄧㄢˋ
便帽,1,ㄅㄧㄢˋ ㄇㄠˋ
便祕,1,ㄅㄧㄢˋ ㄇㄧˋ
便民,1,ㄅㄧㄢˋ ㄇㄧㄣˊ
便飯,1,ㄅㄧㄢˋ ㄈㄢˋ
便服,1,ㄅㄧㄢˋ ㄈㄨˊ
便道,1,ㄅㄧㄢˋ ㄉㄠˋ
便當,1,ㄅㄧㄢˋ ㄉㄤ
便當,1,ㄅㄧㄢˋ ㄉㄤ˙
便條,1,ㄅㄧㄢˋ ㄊㄧㄠˊ
便溺,1,ㄅㄧㄢˋ ㄋㄧㄠˋ
便利,1,ㄅㄧㄢˋ ㄌㄧˋ
便利商店,1,ㄅㄧㄢˋ ㄌㄧˋ ㄕㄤ ㄉㄧㄢˋ
便捷,1,ㄅㄧㄢˋ ㄐㄧㄝˊ
便橋,1,ㄅㄧㄢˋ ㄑㄧㄠˊ
便裝,1,ㄅㄧㄢˋ ㄓㄨㄤ
便車,1,ㄅㄧㄢˋ ㄔㄜ
便是,1,ㄅㄧㄢˋ ㄕˋ
便所,1,ㄅㄧㄢˋ ㄙㄨㄛˇ
便衣,1,ㄅㄧㄢˋ ㄧ
便宜,1,ㄅㄧㄢˋ ㄧˊ
遍,1,ㄅㄧㄢˋ
遍布,1,ㄅㄧㄢˋ ㄅㄨˋ
遍地,1,ㄅㄧㄢˋ ㄉㄧˋ
遍體鱗傷,1,ㄅㄧㄢˋ ㄊㄧˇ ㄌㄧㄣˊ ㄕㄤ
遍及,1,ㄅㄧㄢˋ ㄐㄧˊ
辨,1,ㄅㄧㄢˋ
辨別,1,ㄅㄧㄢˋ ㄅㄧㄝˊ
辨明,1,ㄅㄧㄢˋ ㄇㄧㄥˊ
辨析,1,ㄅㄧㄢˋ ㄒㄧ
辨識,1,ㄅㄧㄢˋ ㄕˋ
辨認,1,ㄅㄧㄢˋ ㄖㄣˋ
辮,1,ㄅㄧㄢˋ
辮子,1,ㄅㄧㄢˋ ㄗ˙
辯,1,ㄅㄧㄢˋ
辯駁,1,ㄅㄧㄢˋ ㄅㄛˊ
辯白,1,ㄅㄧㄢˋ ㄅㄞˊ
辯論,1,ㄅㄧㄢˋ ㄌㄨㄣˋ
辯護,1,ㄅㄧㄢˋ ㄏㄨˋ
辯護人,1,ㄅㄧㄢˋ ㄏㄨˋ ㄖㄣˊ
辯解,1,ㄅㄧㄢˋ ㄐㄧㄝˇ
辯證,1,ㄅㄧㄢˋ ㄓㄥˋ
辯稱,1,ㄅㄧㄢˋ ㄔㄥ
辯才,1,ㄅㄧㄢˋ ㄘㄞˊ
辯才無礙,1,ㄅㄧㄢˋ ㄘㄞˊ ㄨˊ ㄞˋ
變,1,ㄅㄧㄢˋ
變把戲,1,ㄅㄧㄢˋ ㄅㄚˇ ㄒㄧˋ
變本加厲,1,ㄅㄧㄢˋ ㄅㄣˇ ㄐㄧㄚ ㄌㄧˋ
變賣,1,ㄅㄧㄢˋ ㄇㄞˋ
變法,1,ㄅㄧㄢˋ ㄈㄚˇ
變電所,1,ㄅㄧㄢˋ ㄉㄧㄢˋ ㄙㄨㄛˇ
變動,1,ㄅㄧㄢˋ ㄉㄨㄥˋ
變態,1,ㄅㄧㄢˋ ㄊㄞˋ
變體,1,ㄅㄧㄢˋ ㄊㄧˇ
變天,1,ㄅㄧㄢˋ ㄊㄧㄢ
變通,1,ㄅㄧㄢˋ ㄊㄨㄥ
變例,1,ㄅㄧㄢˋ ㄌㄧˋ
變臉,1,ㄅㄧㄢˋ ㄌㄧㄢˇ
變革,1,ㄅㄧㄢˋ ㄍㄜˊ
變更,1,ㄅㄧㄢˋ ㄍㄥ
變故,1,ㄅㄧㄢˋ ㄍㄨˋ
變卦,1,ㄅㄧㄢˋ ㄍㄨㄚˋ
變化,1,ㄅㄧㄢˋ ㄏㄨㄚˋ
變化多端,1,ㄅㄧㄢˋ ㄏㄨㄚˋ ㄉㄨㄛ ㄉㄨㄢ
變化球,1,ㄅㄧㄢˋ ㄏㄨㄚˋ ㄑㄧㄡˊ
變化無常,1,ㄅㄧㄢˋ ㄏㄨㄚˋ ㄨˊ ㄔㄤˊ
變壞,1,ㄅㄧㄢˋ ㄏㄨㄞˋ
變幻,1,ㄅㄧㄢˋ ㄏㄨㄢˋ
變換,1,ㄅㄧㄢˋ ㄏㄨㄢˋ
變節,1,ㄅㄧㄢˋ ㄐㄧㄝˊ
變局,1,ㄅㄧㄢˋ ㄐㄩˊ
變遷,1,ㄅㄧㄢˋ ㄑㄧㄢ
變戲法,1,ㄅㄧㄢˋ ㄒㄧˋ ㄈㄚˇ
變心,1,ㄅㄧㄢˋ ㄒㄧㄣ
變相,1,ㄅㄧㄢˋ ㄒㄧㄤˋ
變形,1,ㄅㄧㄢˋ ㄒㄧㄥˊ
變質,1,ㄅㄧㄢˋ ㄓˊ
變成,1,ㄅㄧㄢˋ ㄔㄥˊ
變數,1,ㄅㄧㄢˋ ㄕㄨˋ
變造,1,ㄅㄧㄢˋ ㄗㄠˋ
變奏曲,1,ㄅㄧㄢˋ ㄗㄡˋ ㄑㄩˇ
變色,1,ㄅㄧㄢˋ ㄙㄜˋ
變速,1,ㄅㄧㄢˋ ㄙㄨˋ
變異,1,ㄅㄧㄢˋ ㄧˋ
變壓器,1,ㄅㄧㄢˋ ㄧㄚ ㄑㄧˋ
彬,1,ㄅㄧㄣ
彬彬,1,ㄅㄧㄣ ㄅㄧㄣ
彬彬有禮,1,ㄅㄧㄣ ㄅㄧㄣ ㄧㄡˇ ㄌㄧˇ
斌,1,ㄅㄧㄣ
賓,1,ㄅㄧㄣ
賓白,1,ㄅㄧㄣ ㄅㄞˊ
賓果,1,ㄅㄧㄣ ㄍㄨㄛˇ
賓館,1,ㄅㄧㄣ ㄍㄨㄢˇ
賓客,1,ㄅㄧㄣ ㄎㄜˋ
賓至如歸,1,ㄅㄧㄣ ㄓˋ ㄖㄨˊ ㄍㄨㄟ
賓主,1,ㄅㄧㄣ ㄓㄨˇ
賓士,1,ㄅㄧㄣ ㄕˋ
賓語,1,ㄅㄧㄣ ㄩˇ
儐,1,ㄅㄧㄣ
儐相,1,ㄅㄧㄣ ㄒㄧㄤˋ
濱,1,ㄅㄧㄣ
濱海,1,ㄅㄧㄣ ㄏㄞˇ
濱海公路,1,ㄅㄧㄣ ㄏㄞˇ ㄍㄨㄥ ㄌㄨˋ
濱江,1,ㄅㄧㄣ ㄐㄧㄤ
檳,1,ㄅㄧㄣ
檳榔,1,ㄅㄧㄣ ㄌㄤˊ
繽,1,ㄅㄧㄣ
繽紛,1,ㄅㄧㄣ ㄈㄣ
瀕,1,ㄅㄧㄣ
瀕臨,1,ㄅㄧㄣ ㄌㄧㄣˊ
擯,1,ㄅㄧㄣˋ
擯棄,1,ㄅㄧㄣˋ ㄑㄧˋ
殯,1,ㄅㄧㄣˋ
殯葬,1,ㄅㄧㄣˋ ㄗㄤˋ
殯儀館,1,ㄅㄧㄣˋ ㄧˊ ㄍㄨㄢˇ
臏,1,ㄅㄧㄣˋ
鬢,1,ㄅㄧㄣˋ
鬢腳,1,ㄅㄧㄣˋ ㄐㄧㄠˇ
并,1,ㄅㄧㄥ
并州,1,ㄅㄧㄥ ㄓㄡ
屏,1,ㄅㄧㄥ
屏營,1,ㄅㄧㄥ ㄧㄥˊ
冰,1,ㄅㄧㄥ
冰雹,1,ㄅㄧㄥ ㄅㄠˊ
冰棒,1,ㄅㄧㄥ ㄅㄤˋ
冰帽,1,ㄅㄧㄥ ㄇㄠˋ
冰封,1,ㄅㄧㄥ ㄈㄥ
冰袋,1,ㄅㄧㄥ ㄉㄞˋ
冰刀,1,ㄅㄧㄥ ㄉㄠ
冰雕,1,ㄅㄧㄥ ㄉㄧㄠ
冰點,1,ㄅㄧㄥ ㄉㄧㄢˇ
冰凍,1,ㄅㄧㄥ ㄉㄨㄥˋ
冰凍三尺非一日之寒,1,ㄅㄧㄥ ㄉㄨㄥˋ ㄙㄢ ㄔˇ ㄈㄟ ㄧ ㄖˋ ㄓ ㄏㄢˊ
冰凍三尺非一日之寒,1,ㄅㄧㄥ ㄉㄨㄥˋ ㄙㄢ ㄔˇ ㄈㄟ ㄧˊ ㄖˋ ㄓ ㄏㄢˊ
冰糖,1,ㄅㄧㄥ ㄊㄤˊ
冰天雪地,1,ㄅㄧㄥ ㄊㄧㄢ ㄒㄩㄝˇ ㄉㄧˋ
冰冷,1,ㄅㄧㄥ ㄌㄥˇ
冰涼,1,ㄅㄧㄥ ㄌㄧㄤˊ
冰塊,1,ㄅㄧㄥ ㄎㄨㄞˋ
冰河,1,ㄅㄧㄥ ㄏㄜˊ
冰肌玉骨,1,ㄅㄧㄥ ㄐㄧ ㄩˋ ㄍㄨˇ
冰窖,1,ㄅㄧㄥ ㄐㄧㄠˋ
冰淇淋,1,ㄅㄧㄥ ㄑㄧˊ ㄌㄧㄣˊ
冰清玉潔,1,ㄅㄧㄥ ㄑㄧㄥ ㄩˋ ㄐㄧㄝˊ
冰鞋,1,ㄅㄧㄥ ㄒㄧㄝˊ
冰消瓦解,1,ㄅㄧㄥ ㄒㄧㄠ ㄨㄚˇ ㄐㄧㄝˇ
冰箱,1,ㄅㄧㄥ ㄒㄧㄤ
冰雪聰明,1,ㄅㄧㄥ ㄒㄩㄝˇ ㄘㄨㄥ ㄇㄧㄥˊ
冰釋,1,ㄅㄧㄥ ㄕˋ
冰山,1,ㄅㄧㄥ ㄕㄢ
冰山一角,1,ㄅㄧㄥ ㄕㄢ ㄧ ㄐㄧㄠˇ
冰山一角,1,ㄅㄧㄥ ㄕㄢ ㄧˋ ㄐㄧㄠˇ
冰水,1,ㄅㄧㄥ ㄕㄨㄟˇ
冰人,1,ㄅㄧㄥ ㄖㄣˊ
兵,1,ㄅㄧㄥ
兵變,1,ㄅㄧㄥ ㄅㄧㄢˋ
兵不血刃,1,ㄅㄧㄥ ㄅㄨˋ ㄒㄧㄝˇ ㄖㄣˋ
兵不厭詐,1,ㄅㄧㄥ ㄅㄨˋ ㄧㄢˋ ㄓㄚˋ
兵不厭詐,1,ㄅㄧㄥ ㄅㄨˊ ㄧㄢˋ ㄓㄚˋ
兵法,1,ㄅㄧㄥ ㄈㄚˇ
兵符,1,ㄅㄧㄥ ㄈㄨˊ
兵團,1,ㄅㄧㄥ ㄊㄨㄢˊ
兵來將擋水來土掩,1,ㄅㄧㄥ ㄌㄞˊ ㄐㄧㄤˋ ㄉㄤˇ ㄕㄨㄟˇ ㄌㄞˊ ㄊㄨˇ ㄧㄢˇ
兵力,1,ㄅㄧㄥ ㄌㄧˋ
兵連禍結,1,ㄅㄧㄥ ㄌㄧㄢˊ ㄏㄨㄛˋ ㄐㄧㄝˊ
兵荒馬亂,1,ㄅㄧㄥ ㄏㄨㄤ ㄇㄚˇ ㄌㄨㄢˋ
兵家,1,ㄅㄧㄥ ㄐㄧㄚ
兵器,1,ㄅㄧㄥ ㄑㄧˋ
兵種,1,ㄅㄧㄥ ㄓㄨㄥˇ
兵役,1,ㄅㄧㄥ ㄧˋ
丙,1,ㄅㄧㄥˇ
丙烷,1,ㄅㄧㄥˇ ㄨㄢˊ
炳,1,ㄅㄧㄥˇ
炳煥,1,ㄅㄧㄥˇ ㄏㄨㄢˋ
柄,1,ㄅㄧㄥˇ
秉,1,ㄅㄧㄥˇ
秉公,1,ㄅㄧㄥˇ ㄍㄨㄥ
秉性,1,ㄅㄧㄥˇ ㄒㄧㄥˋ
秉燭夜遊,1,ㄅㄧㄥˇ ㄓㄨˊ ㄧㄝˋ ㄧㄡˊ
秉持,1,ㄅㄧㄥˇ ㄔˊ
秉承,1,ㄅㄧㄥˇ ㄔㄥˊ
屏,1,ㄅㄧㄥˇ
屏氣凝神,1,ㄅㄧㄥˇ ㄑㄧˋ ㄋㄧㄥˊ ㄕㄣˊ
屏息,1,ㄅㄧㄥˇ ㄒㄧˊ
餅,1,ㄅㄧㄥˇ
餅乾,1,ㄅㄧㄥˇ ㄍㄢ
稟,1,ㄅㄧㄥˇ
稟報,1,ㄅㄧㄥˇ ㄅㄠˋ
稟賦,1,ㄅㄧㄥˇ ㄈㄨˋ
并,1,ㄅㄧㄥˋ
併,1,ㄅㄧㄥˋ
併發,1,ㄅㄧㄥˋ ㄈㄚ
併發症,1,ㄅㄧㄥˋ ㄈㄚ ㄓㄥˋ
併吞,1,ㄅㄧㄥˋ ㄊㄨㄣ
併購,1,ㄅㄧㄥˋ ㄍㄡˋ
併科,1,ㄅㄧㄥˋ ㄎㄜ
併入,1,ㄅㄧㄥˋ ㄖㄨˋ
併案,1,ㄅㄧㄥˋ ㄢˋ
摒,1,ㄅㄧㄥˋ
摒棄,1,ㄅㄧㄥˋ ㄑㄧˋ
摒除,1,ㄅㄧㄥˋ ㄔㄨˊ
並,1,ㄅㄧㄥˋ
並排,1,ㄅㄧㄥˋ ㄆㄞˊ
並非,1,ㄅㄧㄥˋ ㄈㄟ
並立,1,ㄅㄧㄥˋ ㄌㄧˋ
並列,1,ㄅㄧㄥˋ ㄌㄧㄝˋ
並聯,1,ㄅㄧㄥˋ ㄌㄧㄢˊ
並駕齊驅,1,ㄅㄧㄥˋ ㄐㄧㄚˋ ㄑㄧˊ ㄑㄩ
並肩,1,ㄅㄧㄥˋ ㄐㄧㄢ
並進,1,ㄅㄧㄥˋ ㄐㄧㄣˋ
並且,1,ㄅㄧㄥˋ ㄑㄧㄝˇ
並行不悖,1,ㄅㄧㄥˋ ㄒㄧㄥˊ ㄅㄨˋ ㄅㄟˋ
並行不悖,1,ㄅㄧㄥˋ ㄒㄧㄥˊ ㄅㄨˊ ㄅㄟˋ
並重,1,ㄅㄧㄥˋ ㄓㄨㄥˋ
並存,1,ㄅㄧㄥˋ ㄘㄨㄣˊ
並無不當,1,ㄅㄧㄥˋ ㄨˊ ㄅㄨˋ ㄉㄤˋ
並無不當,1,ㄅㄧㄥˋ ㄨˊ ㄅㄨˊ ㄉㄤˋ
並未,1,ㄅㄧㄥˋ ㄨㄟˋ
並用,1,ㄅㄧㄥˋ ㄩㄥˋ
病,1,ㄅㄧㄥˋ
病變,1,ㄅㄧㄥˋ ㄅㄧㄢˋ
病魔,1,ㄅㄧㄥˋ ㄇㄛˊ
病媒,1,ㄅㄧㄥˋ ㄇㄟˊ
病房,1,ㄅㄧㄥˋ ㄈㄤˊ
病毒,1,ㄅㄧㄥˋ ㄉㄨˊ
病榻,1,ㄅㄧㄥˋ ㄊㄚˋ
病態,1,ㄅㄧㄥˋ ㄊㄞˋ
病痛,1,ㄅㄧㄥˋ ㄊㄨㄥˋ
病理,1,ㄅㄧㄥˋ ㄌㄧˇ
病例,1,ㄅㄧㄥˋ ㄌㄧˋ
病歷,1,ㄅㄧㄥˋ ㄌㄧˋ
病根,1,ㄅㄧㄥˋ ㄍㄣ
病故,1,ㄅㄧㄥˋ ㄍㄨˋ
病況,1,ㄅㄧㄥˋ ㄎㄨㄤˋ
病患,1,ㄅㄧㄥˋ ㄏㄨㄢˋ
病假,1,ㄅㄧㄥˋ ㄐㄧㄚˋ
病菌,1,ㄅㄧㄥˋ ㄐㄩㄣˋ
病情,1,ㄅㄧㄥˋ ㄑㄧㄥˊ
病徵,1,ㄅㄧㄥˋ ㄓㄥ
病症,1,ㄅㄧㄥˋ ㄓㄥˋ
病床,1,ㄅㄧㄥˋ ㄔㄨㄤˊ
病蟲害,1,ㄅㄧㄥˋ ㄔㄨㄥˊ ㄏㄞˋ
病逝,1,ㄅㄧㄥˋ ㄕˋ
病人,1,ㄅㄧㄥˋ ㄖㄣˊ
病入膏肓,1,ㄅㄧㄥˋ ㄖㄨˋ ㄍㄠ ㄏㄨㄤ
病容,1,ㄅㄧㄥˋ ㄖㄨㄥˊ
病從口入,1,ㄅㄧㄥˋ ㄘㄨㄥˊ ㄎㄡˇ ㄖㄨˋ
病因,1,ㄅㄧㄥˋ ㄧㄣ
病危,1,ㄅㄧㄥˋ ㄨㄟˊ
病癒,1,ㄅㄧㄥˋ ㄩˋ
病源,1,ㄅㄧㄥˋ ㄩㄢˊ
病院,1,ㄅㄧㄥˋ ㄩㄢˋ
逋,1,ㄅㄨ
餔,1,ㄅㄨ
卜,1,ㄅㄨˇ
卜卦,1,ㄅㄨˇ ㄍㄨㄚˋ
卜居,1,ㄅㄨˇ ㄐㄩ
卜辭,1,ㄅㄨˇ ㄘˊ
捕,1,ㄅㄨˇ
捕風捉影,1,ㄅㄨˇ ㄈㄥ ㄓㄨㄛ ㄧㄥˇ
捕頭,1,ㄅㄨˇ ㄊㄡˊ
捕撈,1,ㄅㄨˇ ㄌㄠ
捕獲,1,ㄅㄨˇ ㄏㄨㄛˋ
捕捉,1,ㄅㄨˇ ㄓㄨㄛ
捕殺,1,ㄅㄨˇ ㄕㄚ
捕手,1,ㄅㄨˇ ㄕㄡˇ
哺,1,ㄅㄨˇ
哺乳,1,ㄅㄨˇ ㄖㄨˇ
哺乳動物,1,ㄅㄨˇ ㄖㄨˇ ㄉㄨㄥˋ ㄨˋ
哺育,1,ㄅㄨˇ ㄩˋ
補,1,ㄅㄨˇ
補白,1,ㄅㄨˇ ㄅㄞˊ
補報,1,ㄅㄨˇ ㄅㄠˋ
補票,1,ㄅㄨˇ ㄆㄧㄠˋ
補品,1,ㄅㄨˇ ㄆㄧㄣˇ
補發,1,ㄅㄨˇ ㄈㄚ
補丁,1,ㄅㄨˇ ㄉㄧㄥ
補貼,1,ㄅㄨˇ ㄊㄧㄝ
補課,1,ㄅㄨˇ ㄎㄜˋ
補考,1,ㄅㄨˇ ㄎㄠˇ
補給,1,ㄅㄨˇ ㄐㄧˇ
補給線,1,ㄅㄨˇ ㄐㄧˇ ㄒㄧㄢˋ
補假,1,ㄅㄨˇ ㄐㄧㄚˋ
補救,1,ㄅㄨˇ ㄐㄧㄡˋ
補葺,1,ㄅㄨˇ ㄑㄧˋ
補習,1,ㄅㄨˇ ㄒㄧˊ
補習班,1,ㄅㄨˇ ㄒㄧˊ ㄅㄢ
補習教育,1,ㄅㄨˇ ㄒㄧˊ ㄐㄧㄠˋ ㄩˋ
補校,1,ㄅㄨˇ ㄒㄧㄠˋ
補修,1,ㄅㄨˇ ㄒㄧㄡ
補正,1,ㄅㄨˇ ㄓㄥˋ
補助,1,ㄅㄨˇ ㄓㄨˋ
補助費,1,ㄅㄨˇ ㄓㄨˋ ㄈㄟˋ
補綴,1,ㄅㄨˇ ㄓㄨㄟˋ
補償,1,ㄅㄨˇ ㄔㄤˊ
補充,1,ㄅㄨˇ ㄔㄨㄥ
補述,1,ㄅㄨˇ ㄕㄨˋ
補稅,1,ㄅㄨˇ ㄕㄨㄟˋ
補足,1,ㄅㄨˇ ㄗㄨˊ
補遺,1,ㄅㄨˇ ㄧˊ
補藥,1,ㄅㄨˇ ㄧㄠˋ
不,1,ㄅㄨˋ
不白之冤,1,ㄅㄨˋ ㄅㄞˊ ㄓ ㄩㄢ
不卑不亢,1,ㄅㄨˋ ㄅㄟ ㄅㄨˋ ㄎㄤˋ
不卑不亢,1,ㄅㄨˋ ㄅㄟ ㄅㄨˊ ㄎㄤˋ
不備,1,ㄅㄨˋ ㄅㄟˋ
不備,1,ㄅㄨˊ ㄅㄟˋ
不比,1,ㄅㄨˋ ㄅㄧˇ
不必,1,ㄅㄨˋ ㄅㄧˋ
不必,1,ㄅㄨˊ ㄅㄧˋ
不便,1,ㄅㄨˋ ㄅㄧㄢˋ
不便,1,ㄅㄨˊ ㄅㄧㄢˋ
不變,1,ㄅㄨˋ ㄅㄧㄢˋ
不變,1,ㄅㄨˊ ㄅㄧㄢˋ
不怕,1,ㄅㄨˋ ㄆㄚˋ
不怕,1,ㄅㄨˊ ㄆㄚˋ
不配,1,ㄅㄨˋ ㄆㄟˋ
不配,1,ㄅㄨˊ ㄆㄟˋ
不偏不倚,1,ㄅㄨˋ ㄆㄧㄢ ㄅㄨˋ ㄧˇ
不平,1,ㄅㄨˋ ㄆㄧㄥˊ
不平等,1,ㄅㄨˋ ㄆㄧㄥˊ ㄉㄥˇ
不平則鳴,1,ㄅㄨˋ ㄆㄧㄥˊ ㄗㄜˊ ㄇㄧㄥˊ
不毛之地,1,ㄅㄨˋ ㄇㄠˊ ㄓ ㄉㄧˋ
不謀而合,1,ㄅㄨˋ ㄇㄡˊ ㄦˊ ㄏㄜˊ
不滿,1,ㄅㄨˋ ㄇㄢˇ
不妙,1,ㄅㄨˋ ㄇㄧㄠˋ
不妙,1,ㄅㄨˊ ㄇㄧㄠˋ
不眠不休,1,ㄅㄨˋ ㄇㄧㄢˊ ㄅㄨˋ ㄒㄧㄡ
不免,1,ㄅㄨˋ ㄇㄧㄢˇ
不名譽,1,ㄅㄨˋ ㄇㄧㄥˊ ㄩˋ
不明,1,ㄅㄨˋ ㄇㄧㄥˊ
不明就裡,1,ㄅㄨˋ ㄇㄧㄥˊ ㄐㄧㄡˋ ㄌㄧˇ
不乏,1,ㄅㄨˋ ㄈㄚˊ
不法,1,ㄅㄨˋ ㄈㄚˇ
不法行為,1,ㄅㄨˋ ㄈㄚˇ ㄒㄧㄥˊ ㄨㄟˊ
不法之徒,1,ㄅㄨˋ ㄈㄚˇ ㄓ ㄊㄨˊ
不費吹灰之力,1,ㄅㄨˋ ㄈㄟˋ ㄔㄨㄟ ㄏㄨㄟ ㄓ ㄌㄧˋ
不費吹灰之力,1,ㄅㄨˊ ㄈㄟˋ ㄔㄨㄟ ㄏㄨㄟ ㄓ ㄌㄧˋ
不凡,1,ㄅㄨˋ ㄈㄢˊ
不分彼此,1,ㄅㄨˋ ㄈㄣ ㄅㄧˇ ㄘˇ
不分青紅皂白,1,ㄅㄨˋ ㄈㄣ ㄑㄧㄥ ㄏㄨㄥˊ ㄗㄠˋ ㄅㄞˊ
不分軒輊,1,ㄅㄨˋ ㄈㄣ ㄒㄩㄢ ㄓˋ
不分晝夜,1,ㄅㄨˋ ㄈㄣ ㄓㄡˋ ㄧㄝˋ
不防,1,ㄅㄨˋ ㄈㄤˊ
不妨,1,ㄅㄨˋ ㄈㄤˊ
不敷,1,ㄅㄨˋ ㄈㄨ
不服,1,ㄅㄨˋ ㄈㄨˊ
不服老,1,ㄅㄨˋ ㄈㄨˊ ㄌㄠˇ
不服輸,1,ㄅㄨˋ ㄈㄨˊ ㄕㄨ
不符,1,ㄅㄨˋ ㄈㄨˊ
不負,1,ㄅㄨˋ ㄈㄨˋ
不負,1,ㄅㄨˊ ㄈㄨˋ
不負眾望,1,ㄅㄨˋ ㄈㄨˋ ㄓㄨㄥˋ ㄨㄤˋ
不負眾望,1,ㄅㄨˊ ㄈㄨˋ ㄓㄨㄥˋ ㄨㄤˋ
不復,1,ㄅㄨˋ ㄈㄨˋ
不復,1,ㄅㄨˊ ㄈㄨˋ
不搭調,1,ㄅㄨˋ ㄉㄚ ㄉㄧㄠˋ
不打緊,1,ㄅㄨˋ ㄉㄚˇ ㄐㄧㄣˇ
不得,1,ㄅㄨˋ ㄉㄜˊ
不得不,1,ㄅㄨˋ ㄉㄜˊ ㄅㄨˋ
不得了,1,ㄅㄨˋ ㄉㄜˊ ㄌㄧㄠˇ
不得而知,1,ㄅㄨˋ ㄉㄜˊ ㄦˊ ㄓ
不得已,1,ㄅㄨˋ ㄉㄜˊ ㄧˇ
不得要領,1,ㄅㄨˋ ㄉㄜˊ ㄧㄠˋ ㄌㄧㄥˇ
不倒翁,1,ㄅㄨˋ ㄉㄠˇ ㄨㄥ
不到,1,ㄅㄨˋ ㄉㄠˋ
不到,1,ㄅㄨˊ ㄉㄠˋ
不到黃河心不死,1,ㄅㄨˋ ㄉㄠˋ ㄏㄨㄤˊ ㄏㄜˊ ㄒㄧㄣ ㄅㄨˋ ㄙˇ
不到黃河心不死,1,ㄅㄨˊ ㄉㄠˋ ㄏㄨㄤˊ ㄏㄜˊ ㄒㄧㄣ ㄅㄨˋ ㄙˇ
不道德,1,ㄅㄨˋ ㄉㄠˋ ㄉㄜˊ
不道德,1,ㄅㄨˊ ㄉㄠˋ ㄉㄜˊ
不單,1,ㄅㄨˋ ㄉㄢ
不但,1,ㄅㄨˋ ㄉㄢˋ
不但,1,ㄅㄨˊ ㄉㄢˋ
不當,1,ㄅㄨˋ ㄉㄤˋ
不當,1,ㄅㄨˊ ㄉㄤˋ
不等,1,ㄅㄨˋ ㄉㄥˇ
不敵,1,ㄅㄨˋ ㄉㄧˊ
不獨,1,ㄅㄨˋ ㄉㄨˊ
不多,1,ㄅㄨˋ ㄉㄨㄛ
不對,1,ㄅㄨˋ ㄉㄨㄟˋ
不對,1,ㄅㄨˊ ㄉㄨㄟˋ
不對勁,1,ㄅㄨˋ ㄉㄨㄟˋ ㄐㄧㄥˋ
不對勁,1,ㄅㄨˊ ㄉㄨㄟˋ ㄐㄧㄥˋ
不斷,1,ㄅㄨˋ ㄉㄨㄢˋ
不斷,1,ㄅㄨˊ ㄉㄨㄢˋ
不懂,1,ㄅㄨˋ ㄉㄨㄥˇ
不動產,1,ㄅㄨˋ ㄉㄨㄥˋ ㄔㄢˇ
不動產,1,ㄅㄨˊ ㄉㄨㄥˋ ㄔㄢˇ
不動聲色,1,ㄅㄨˋ ㄉㄨㄥˋ ㄕㄥ ㄙㄜˋ
不動聲色,1,ㄅㄨˊ ㄉㄨㄥˋ ㄕㄥ ㄙㄜˋ
不停,1,ㄅㄨˋ ㄊㄧㄥˊ
不吐不快,1,ㄅㄨˋ ㄊㄨˇ ㄅㄨˋ ㄎㄨㄞˋ
不吐不快,1,ㄅㄨˋ ㄊㄨˇ ㄅㄨˊ ㄎㄨㄞˋ
不妥,1,ㄅㄨˋ ㄊㄨㄛˇ
不通,1,ㄅㄨˋ ㄊㄨㄥ
不同,1,ㄅㄨˋ ㄊㄨㄥˊ
不同凡響,1,ㄅㄨˋ ㄊㄨㄥˊ ㄈㄢˊ ㄒㄧㄤˇ
不痛不癢,1,ㄅㄨˋ ㄊㄨㄥˋ ㄅㄨˋ ㄧㄤˇ
不痛不癢,1,ㄅㄨˊ ㄊㄨㄥˋ ㄅㄨˋ ㄧㄤˇ
不耐,1,ㄅㄨˋ ㄋㄞˋ
不耐,1,ㄅㄨˊ ㄋㄞˋ
不耐煩,1,ㄅㄨˋ ㄋㄞˋ ㄈㄢˊ
不耐煩,1,ㄅㄨˊ ㄋㄞˋ ㄈㄢˊ
不難,1,ㄅㄨˋ ㄋㄢˊ
不能,1,ㄅㄨˋ ㄋㄥˊ
不能不,1,ㄅㄨˋ ㄋㄥˊ ㄅㄨˋ
不樂,1,ㄅㄨˋ ㄌㄜˋ
不樂,1,ㄅㄨˊ ㄌㄜˋ
不樂觀,1,ㄅㄨˋ ㄌㄜˋ ㄍㄨㄢ
不樂觀,1,ㄅㄨˊ ㄌㄜˋ ㄍㄨㄢ
不賴,1,ㄅㄨˋ ㄌㄞˋ
不賴,1,ㄅㄨˊ ㄌㄞˋ
不勞而獲,1,ㄅㄨˋ ㄌㄠˊ ㄦˊ ㄏㄨㄛˋ
不理,1,ㄅㄨˋ ㄌㄧˇ
不理不睬,1,ㄅㄨˋ ㄌㄧˇ ㄅㄨˋ ㄘㄞˇ
不理會,1,ㄅㄨˋ ㄌㄧˇ ㄏㄨㄟˋ
不力,1,ㄅㄨˋ ㄌㄧˋ
不力,1,ㄅㄨˊ ㄌㄧˋ
不利,1,ㄅㄨˋ ㄌㄧˋ
不利,1,ㄅㄨˊ ㄌㄧˋ
不了了之,1,ㄅㄨˋ ㄌㄧㄠˇ ㄌㄧㄠˇ ㄓ
不了解,1,ㄅㄨˋ ㄌㄧㄠˇ ㄐㄧㄝˇ
不料,1,ㄅㄨˋ ㄌㄧㄠˋ
不料,1,ㄅㄨˊ ㄌㄧㄠˋ
不留餘地,1,ㄅㄨˋ ㄌㄧㄡˊ ㄩˊ ㄉㄧˋ
不良,1,ㄅㄨˋ ㄌㄧㄤˊ
不良分子,1,ㄅㄨˋ ㄌㄧㄤˊ ㄈㄣˋ ㄗˇ
不良少年,1,ㄅㄨˋ ㄌㄧㄤˊ ㄕㄠˋ ㄋㄧㄢˊ
不吝賜教,1,ㄅㄨˋ ㄌㄧㄣˋ ㄙˋ ㄐㄧㄠˋ
不吝賜教,1,ㄅㄨˊ ㄌㄧㄣˋ ㄙˋ ㄐㄧㄠˋ
不靈光,1,ㄅㄨˋ ㄌㄧㄥˊ ㄍㄨㄤ
不落人後,1,ㄅㄨˋ ㄌㄨㄛˋ ㄖㄣˊ ㄏㄡˋ
不落人後,1,ㄅㄨˊ ㄌㄨㄛˋ ㄖㄣˊ ㄏㄡˋ
不落俗套,1,ㄅㄨˋ ㄌㄨㄛˋ ㄙㄨˊ ㄊㄠˋ
不落俗套,1,ㄅㄨˊ ㄌㄨㄛˋ ㄙㄨˊ ㄊㄠˋ
不倫不類,1,ㄅㄨˋ ㄌㄨㄣˊ ㄅㄨˋ ㄌㄟˋ
不倫不類,1,ㄅㄨˋ ㄌㄨㄣˊ ㄅㄨˊ ㄌㄟˋ
不論,1,ㄅㄨˋ ㄌㄨㄣˋ
不論,1,ㄅㄨˊ ㄌㄨㄣˋ
不該,1,ㄅㄨˋ ㄍㄞ
不苟言談,1,ㄅㄨˋ ㄍㄡˇ ㄧㄢˊ ㄊㄢˊ
不苟言笑,1,ㄅㄨˋ ㄍㄡˇ ㄧㄢˊ ㄒㄧㄠˋ
不夠,1,ㄅㄨˋ ㄍㄡˋ
不夠,1,ㄅㄨˊ ㄍㄡˋ
不甘,1,ㄅㄨˋ ㄍㄢ
不甘寂寞,1,ㄅㄨˋ ㄍㄢ ㄐㄧˊ ㄇㄛˋ
不甘示弱,1,ㄅㄨˋ ㄍㄢ ㄕˋ ㄖㄨㄛˋ
不敢,1,ㄅㄨˋ ㄍㄢˇ
不敢當,1,ㄅㄨˋ ㄍㄢˇ ㄉㄤ
不幹,1,ㄅㄨˋ ㄍㄢˋ
不幹,1,ㄅㄨˊ ㄍㄢˋ
不顧,1,ㄅㄨˋ ㄍㄨˋ
不顧,1,ㄅㄨˊ ㄍㄨˋ
不顧死活,1,ㄅㄨˋ ㄍㄨˋ ㄙˇ ㄏㄨㄛˊ
不顧死活,1,ㄅㄨˊ ㄍㄨˋ ㄙˇ ㄏㄨㄛˊ
不顧一切,1,ㄅㄨˋ ㄍㄨˋ ㄧ ㄑㄧㄝˋ
不顧一切,1,ㄅㄨˊ ㄍㄨˋ ㄧˊ ㄑㄧㄝˋ
不果,1,ㄅㄨˋ ㄍㄨㄛˇ
不過,1,ㄅㄨˋ ㄍㄨㄛˋ
不過,1,ㄅㄨˊ ㄍㄨㄛˋ
不過問,1,ㄅㄨˋ ㄍㄨㄛˋ ㄨㄣˋ
不過問,1,ㄅㄨˊ ㄍㄨㄛˋ ㄨㄣˋ
不乖,1,ㄅㄨˋ ㄍㄨㄞ
不規則,1,ㄅㄨˋ ㄍㄨㄟ ㄗㄜˊ
不軌,1,ㄅㄨˋ ㄍㄨㄟˇ
不關痛癢,1,ㄅㄨˋ ㄍㄨㄢ ㄊㄨㄥˋ ㄧㄤˇ
不關心,1,ㄅㄨˋ ㄍㄨㄢ ㄒㄧㄣ
不管,1,ㄅㄨˋ ㄍㄨㄢˇ
不管三七二十一,1,ㄅㄨˋ ㄍㄨㄢˇ ㄙㄢ ㄑㄧ ㄦˋ ㄕˊ ㄧ
不光,1,ㄅㄨˋ ㄍㄨㄤ
不公,1,ㄅㄨˋ ㄍㄨㄥ
不攻自破,1,ㄅㄨˋ ㄍㄨㄥ ㄗˋ ㄆㄛˋ
不共戴天,1,ㄅㄨˋ ㄍㄨㄥˋ ㄉㄞˋ ㄊㄧㄢ
不共戴天,1,ㄅㄨˊ ㄍㄨㄥˋ ㄉㄞˋ ㄊㄧㄢ
不可,1,ㄅㄨˋ ㄎㄜˇ
不可磨滅,1,ㄅㄨˋ ㄎㄜˇ ㄇㄛˊ ㄇㄧㄝˋ
不可名狀,1,ㄅㄨˋ ㄎㄜˇ ㄇㄧㄥˊ ㄓㄨㄤˋ
不可多得,1,ㄅㄨˋ ㄎㄜˇ ㄉㄨㄛ ㄉㄜˊ
不可同日而語,1,ㄅㄨˋ ㄎㄜˇ ㄊㄨㄥˊ ㄖˋ ㄦˊ ㄩˇ
不可能,1,ㄅㄨˋ ㄎㄜˇ ㄋㄥˊ
不可理喻,1,ㄅㄨˋ ㄎㄜˇ ㄌㄧˇ ㄩˋ
不可開交,1,ㄅㄨˋ ㄎㄜˇ ㄎㄞ ㄐㄧㄠ
不可抗力,1,ㄅㄨˋ ㄎㄜˇ ㄎㄤˋ ㄌㄧˋ
不可或缺,1,ㄅㄨˋ ㄎㄜˇ ㄏㄨㄛˋ ㄑㄩㄝ
不可諱言,1,ㄅㄨˋ ㄎㄜˇ ㄏㄨㄟˋ ㄧㄢˊ
不可救藥,1,ㄅㄨˋ ㄎㄜˇ ㄐㄧㄡˋ ㄧㄠˋ
不可限量,1,ㄅㄨˋ ㄎㄜˇ ㄒㄧㄢˋ ㄌㄧㄤˋ
不可捉摸,1,ㄅㄨˋ ㄎㄜˇ ㄓㄨㄛ ㄇㄛ
不可收拾,1,ㄅㄨˋ ㄎㄜˇ ㄕㄡ ㄕˊ
不可思議,1,ㄅㄨˋ ㄎㄜˇ ㄙ ㄧˋ
不可一世,1,ㄅㄨˋ ㄎㄜˇ ㄧ ㄕˋ
不可一世,1,ㄅㄨˋ ㄎㄜˇ ㄧˊ ㄕˋ
不可以,1,ㄅㄨˋ ㄎㄜˇ ㄧˇ
不可言喻,1,ㄅㄨˋ ㄎㄜˇ ㄧㄢˊ ㄩˋ
不克,1,ㄅㄨˋ ㄎㄜˋ
不克,1,ㄅㄨˊ ㄎㄜˋ
不堪,1,ㄅㄨˋ ㄎㄢ
不堪負荷,1,ㄅㄨˋ ㄎㄢ ㄈㄨˋ ㄏㄜˋ
不堪回首,1,ㄅㄨˋ ㄎㄢ ㄏㄨㄟˊ ㄕㄡˇ
不堪其擾,1,ㄅㄨˋ ㄎㄢ ㄑㄧˊ ㄖㄠˇ
不堪設想,1,ㄅㄨˋ ㄎㄢ ㄕㄜˋ ㄒㄧㄤˇ
不堪入目,1,ㄅㄨˋ ㄎㄢ ㄖㄨˋ ㄇㄨˋ
不堪入耳,1,ㄅㄨˋ ㄎㄢ ㄖㄨˋ ㄦˇ
不堪一擊,1,ㄅㄨˋ ㄎㄢ ㄧ ㄐㄧˊ
不肯,1,ㄅㄨˋ ㄎㄣˇ
不亢不卑,1,ㄅㄨˋ ㄎㄤˋ ㄅㄨˋ ㄅㄟ
不亢不卑,1,ㄅㄨˊ ㄎㄤˋ ㄅㄨˋ ㄅㄟ
不快,1,ㄅㄨˋ ㄎㄨㄞˋ
不快,1,ㄅㄨˊ ㄎㄨㄞˋ
不愧,1,ㄅㄨˋ ㄎㄨㄟˋ
不愧,1,ㄅㄨˊ ㄎㄨㄟˋ
不合,1,ㄅㄨˋ ㄏㄜˊ
不合格,1,ㄅㄨˋ ㄏㄜˊ ㄍㄜˊ
不合時宜,1,ㄅㄨˋ ㄏㄜˊ ㄕˊ ㄧˊ
不和,1,ㄅㄨˋ ㄏㄜˊ
不好,1,ㄅㄨˋ ㄏㄠˇ
不好惹,1,ㄅㄨˋ ㄏㄠˇ ㄖㄜˇ
不好意思,1,ㄅㄨˋ ㄏㄠˇ ㄧˋ ㄙ˙
不好,1,ㄅㄨˋ ㄏㄠˋ
不好,1,ㄅㄨˊ ㄏㄠˋ
不寒而慄,1,ㄅㄨˋ ㄏㄢˊ ㄦˊ ㄌㄧˋ
不划算,1,ㄅㄨˋ ㄏㄨㄚˊ ㄙㄨㄢˋ
不惑,1,ㄅㄨˋ ㄏㄨㄛˋ
不惑,1,ㄅㄨˊ ㄏㄨㄛˋ
不懷好意,1,ㄅㄨˋ ㄏㄨㄞˊ ㄏㄠˇ ㄧˋ
不悔,1,ㄅㄨˋ ㄏㄨㄟˇ
不會,1,ㄅㄨˋ ㄏㄨㄟˋ
不會,1,ㄅㄨˊ ㄏㄨㄟˋ
不諱,1,ㄅㄨˋ ㄏㄨㄟˋ
不諱,1,ㄅㄨˊ ㄏㄨㄟˋ
不歡而散,1,ㄅㄨˋ ㄏㄨㄢ ㄦˊ ㄙㄢˋ
不慌不忙,1,ㄅㄨˋ ㄏㄨㄤ ㄅㄨˋ ㄇㄤˊ
不及,1,ㄅㄨˋ ㄐㄧˊ
不計,1,ㄅㄨˋ ㄐㄧˋ
不計,1,ㄅㄨˊ ㄐㄧˋ
不計其數,1,ㄅㄨˋ ㄐㄧˋ ㄑㄧˊ ㄕㄨˋ
不計其數,1,ㄅㄨˊ ㄐㄧˋ ㄑㄧˊ ㄕㄨˋ
不濟,1,ㄅㄨˋ ㄐㄧˋ
不濟,1,ㄅㄨˊ ㄐㄧˋ
不加思索,1,ㄅㄨˋ ㄐㄧㄚ ㄙ ㄙㄨㄛˇ
不佳,1,ㄅㄨˋ ㄐㄧㄚ
不假辭色,1,ㄅㄨˋ ㄐㄧㄚˇ ㄘˊ ㄙㄜˋ
不假思索,1,ㄅㄨˋ ㄐㄧㄚˇ ㄙ ㄙㄨㄛˇ
不假外出,1,ㄅㄨˋ ㄐㄧㄚˋ ㄨㄞˋ ㄔㄨ
不假外出,1,ㄅㄨˊ ㄐㄧㄚˋ ㄨㄞˋ ㄔㄨ
不解,1,ㄅㄨˋ ㄐㄧㄝˇ
不解之緣,1,ㄅㄨˋ ㄐㄧㄝˇ ㄓ ㄩㄢˊ
不介意,1,ㄅㄨˋ ㄐㄧㄝˋ ㄧˋ
不介意,1,ㄅㄨˊ ㄐㄧㄝˋ ㄧˋ
不久,1,ㄅㄨˋ ㄐㄧㄡˇ
不見,1,ㄅㄨˋ ㄐㄧㄢˋ
不見,1,ㄅㄨˊ ㄐㄧㄢˋ
不見不散,1,ㄅㄨˋ ㄐㄧㄢˋ ㄅㄨˋ ㄙㄢˋ
不見不散,1,ㄅㄨˊ ㄐㄧㄢˋ ㄅㄨˊ ㄙㄢˋ
不見得,1,ㄅㄨˋ ㄐㄧㄢˋ ㄉㄜ˙
不見得,1,ㄅㄨˊ ㄐㄧㄢˋ ㄉㄜ˙
不見天日,1,ㄅㄨˋ ㄐㄧㄢˋ ㄊㄧㄢ ㄖˋ
不見天日,1,ㄅㄨˊ ㄐㄧㄢˋ ㄊㄧㄢ ㄖˋ
不見經傳,1,ㄅㄨˋ ㄐㄧㄢˋ ㄐㄧㄥ ㄓㄨㄢˋ
不見經傳,1,ㄅㄨˊ ㄐㄧㄢˋ ㄐㄧㄥ ㄓㄨㄢˋ
不禁,1,ㄅㄨˋ ㄐㄧㄣ
不僅,1,ㄅㄨˋ ㄐㄧㄣˇ
不近人情,1,ㄅㄨˋ ㄐㄧㄣˋ ㄖㄣˊ ㄑㄧㄥˊ
不近人情,1,ㄅㄨˊ ㄐㄧㄣˋ ㄖㄣˊ ㄑㄧㄥˊ
不盡,1,ㄅㄨˋ ㄐㄧㄣˋ
不盡,1,ㄅㄨˊ ㄐㄧㄣˋ
不盡然,1,ㄅㄨˋ ㄐㄧㄣˋ ㄖㄢˊ
不盡然,1,ㄅㄨˊ ㄐㄧㄣˋ ㄖㄢˊ
不經,1,ㄅㄨˋ ㄐㄧㄥ
不經一事不長一智,1,ㄅㄨˋ ㄐㄧㄥ ㄧ ㄕˋ ㄅㄨˋ ㄓㄤˇ ㄧ ㄓˋ
不經一事不長一智,1,ㄅㄨˋ ㄐㄧㄥ ㄧˊ ㄕˋ ㄅㄨˋ ㄓㄤˇ ㄧˊ ㄓˋ
不經意,1,ㄅㄨˋ ㄐㄧㄥ ㄧˋ
不景氣,1,ㄅㄨˋ ㄐㄧㄥˇ ㄑㄧˋ
不脛而走,1,ㄅㄨˋ ㄐㄧㄥˋ ㄦˊ ㄗㄡˇ
不脛而走,1,ㄅㄨˊ ㄐㄧㄥˋ ㄦˊ ㄗㄡˇ
不拘,1,ㄅㄨˋ ㄐㄩ
不拘小節,1,ㄅㄨˋ ㄐㄩ ㄒㄧㄠˇ ㄐㄧㄝˊ
不絕,1,ㄅㄨˋ ㄐㄩㄝˊ
不絕於耳,1,ㄅㄨˋ ㄐㄩㄝˊ ㄩˊ ㄦˇ
不覺,1,ㄅㄨˋ ㄐㄩㄝˊ
不期,1,ㄅㄨˋ ㄑㄧˊ
不期而遇,1,ㄅㄨˋ ㄑㄧˊ ㄦˊ ㄩˋ
不起眼,1,ㄅㄨˋ ㄑㄧˇ ㄧㄢˇ
不切實際,1,ㄅㄨˋ ㄑㄧㄝˋ ㄕˊ ㄐㄧˋ
不切實際,1,ㄅㄨˊ ㄑㄧㄝˋ ㄕˊ ㄐㄧˋ
不巧,1,ㄅㄨˋ ㄑㄧㄠˇ
不求甚解,1,ㄅㄨˋ ㄑㄧㄡˊ ㄕㄣˋ ㄐㄧㄝˇ
不情之請,1,ㄅㄨˋ ㄑㄧㄥˊ ㄓ ㄑㄧㄥˇ
不屈不撓,1,ㄅㄨˋ ㄑㄩ ㄅㄨˋ ㄋㄠˊ
不去,1,ㄅㄨˋ ㄑㄩˋ
不去,1,ㄅㄨˊ ㄑㄩˋ
不全,1,ㄅㄨˋ ㄑㄩㄢˊ
不稀奇,1,ㄅㄨˋ ㄒㄧ ㄑㄧˊ
不惜,1,ㄅㄨˋ ㄒㄧˊ
不下,1,ㄅㄨˋ ㄒㄧㄚˋ
不下,1,ㄅㄨˊ ㄒㄧㄚˋ
不屑,1,ㄅㄨˋ ㄒㄧㄝˋ
不屑,1,ㄅㄨˊ ㄒㄧㄝˋ
不懈,1,ㄅㄨˋ ㄒㄧㄝˋ
不懈,1,ㄅㄨˊ ㄒㄧㄝˋ
不消,1,ㄅㄨˋ ㄒㄧㄠ
不小心,1,ㄅㄨˋ ㄒㄧㄠˇ ㄒㄧㄣ
不肖,1,ㄅㄨˋ ㄒㄧㄠˋ
不肖,1,ㄅㄨˊ ㄒㄧㄠˋ
不孝,1,ㄅㄨˋ ㄒㄧㄠˋ
不孝,1,ㄅㄨˊ ㄒㄧㄠˋ
不修邊幅,1,ㄅㄨˋ ㄒㄧㄡ ㄅㄧㄢ ㄈㄨˊ
不朽,1,ㄅㄨˋ ㄒㄧㄡˇ
不鏽鋼,1,ㄅㄨˋ ㄒㄧㄡˋ ㄍㄤ
不鏽鋼,1,ㄅㄨˊ ㄒㄧㄡˋ ㄍㄤ
不限,1,ㄅㄨˋ ㄒㄧㄢˋ
不限,1,ㄅㄨˊ ㄒㄧㄢˋ
不相干,1,ㄅㄨˋ ㄒㄧㄤ ㄍㄢ
不相上下,1,ㄅㄨˋ ㄒㄧㄤ ㄕㄤˋ ㄒㄧㄚˋ
不祥,1,ㄅㄨˋ ㄒㄧㄤˊ
不詳,1,ㄅㄨˋ ㄒㄧㄤˊ
不想,1,ㄅㄨˋ ㄒㄧㄤˇ
不像,1,ㄅㄨˋ ㄒㄧㄤˋ
不像,1,ㄅㄨˊ ㄒㄧㄤˋ
不行,1,ㄅㄨˋ ㄒㄧㄥˊ
不形於色,1,ㄅㄨˋ ㄒㄧㄥˊ ㄩˊ ㄙㄜˋ
不省人事,1,ㄅㄨˋ ㄒㄧㄥˇ ㄖㄣˊ ㄕˋ
不幸,1,ㄅㄨˋ ㄒㄧㄥˋ
不幸,1,ㄅㄨˊ ㄒㄧㄥˋ
不虛此行,1,ㄅㄨˋ ㄒㄩ ㄘˇ ㄒㄧㄥˊ
不須,1,ㄅㄨˋ ㄒㄩ
不需要,1,ㄅㄨˋ ㄒㄩ ㄧㄠˋ
不許,1,ㄅㄨˋ ㄒㄩˇ
不學無術,1,ㄅㄨˋ ㄒㄩㄝˊ ㄨˊ ㄕㄨˋ
不尋常,1,ㄅㄨˋ ㄒㄩㄣˊ ㄔㄤˊ
不遜,1,ㄅㄨˋ ㄒㄩㄣˋ
不遜,1,ㄅㄨˊ ㄒㄩㄣˋ
不支,1,ㄅㄨˋ ㄓ
不支倒地,1,ㄅㄨˋ ㄓ ㄉㄠˇ ㄉㄧˋ
不知,1,ㄅㄨˋ ㄓ
不知不覺,1,ㄅㄨˋ ㄓ ㄅㄨˋ ㄐㄩㄝˊ
不知道,1,ㄅㄨˋ ㄓ ㄉㄠˋ
不知好歹,1,ㄅㄨˋ ㄓ ㄏㄠˇ ㄉㄞˇ
不知輕重,1,ㄅㄨˋ ㄓ ㄑㄧㄥ ㄓㄨㄥˋ
不知情,1,ㄅㄨˋ ㄓ ㄑㄧㄥˊ
不知去向,1,ㄅㄨˋ ㄓ ㄑㄩˋ ㄒㄧㄤˋ
不知死活,1,ㄅㄨˋ ㄓ ㄙˇ ㄏㄨㄛˊ
不知所終,1,ㄅㄨˋ ㄓ ㄙㄨㄛˇ ㄓㄨㄥ
不知所措,1,ㄅㄨˋ ㄓ ㄙㄨㄛˇ ㄘㄨㄛˋ
不知所云,1,ㄅㄨˋ ㄓ ㄙㄨㄛˇ ㄩㄣˊ
不值,1,ㄅㄨˋ ㄓˊ
不值得,1,ㄅㄨˋ ㄓˊ ㄉㄜ˙
不止,1,ㄅㄨˋ ㄓˇ
不只,1,ㄅㄨˋ ㄓˇ
不至於,1,ㄅㄨˋ ㄓˋ ㄩˊ
不至於,1,ㄅㄨˊ ㄓˋ ㄩˊ
不忮不求,1,ㄅㄨˋ ㄓˋ ㄅㄨˋ ㄑㄧㄡˊ
不忮不求,1,ㄅㄨˊ ㄓˋ ㄅㄨˋ ㄑㄧㄡˊ
不治,1,ㄅㄨˋ ㄓˋ
不治,1,ㄅㄨˊ ㄓˋ
不治之症,1,ㄅㄨˋ ㄓˋ ㄓ ㄓㄥˋ
不治之症,1,ㄅㄨˊ ㄓˋ ㄓ ㄓㄥˋ
不致,1,ㄅㄨˋ ㄓˋ
不致,1,ㄅㄨˊ ㄓˋ
不置可否,1,ㄅㄨˋ ㄓˋ ㄎㄜˇ ㄈㄡˇ
不置可否,1,ㄅㄨˊ ㄓˋ ㄎㄜˇ ㄈㄡˇ
不折不扣,1,ㄅㄨˋ ㄓㄜˊ ㄅㄨˋ ㄎㄡˋ
不折不扣,1,ㄅㄨˋ ㄓㄜˊ ㄅㄨˊ ㄎㄡˋ
不周,1,ㄅㄨˋ ㄓㄡ
不貞,1,ㄅㄨˋ ㄓㄣ
不振,1,ㄅㄨˋ ㄓㄣˋ
不振,1,ㄅㄨˊ ㄓㄣˋ
不彰,1,ㄅㄨˋ ㄓㄤ
不正,1,ㄅㄨˋ ㄓㄥˋ
不正,1,ㄅㄨˊ ㄓㄥˋ
不住,1,ㄅㄨˋ ㄓㄨˋ
不住,1,ㄅㄨˊ ㄓㄨˋ
不著邊際,1,ㄅㄨˋ ㄓㄨㄛˊ ㄅㄧㄢ ㄐㄧˋ
不著痕跡,1,ㄅㄨˋ ㄓㄨㄛˊ ㄏㄣˊ ㄐㄧ
不專,1,ㄅㄨˋ ㄓㄨㄢ
不准,1,ㄅㄨˋ ㄓㄨㄣˇ
不準,1,ㄅㄨˋ ㄓㄨㄣˇ
不中用,1,ㄅㄨˋ ㄓㄨㄥˋ ㄩㄥˋ
不中用,1,ㄅㄨˊ ㄓㄨㄥˋ ㄩㄥˋ
不中聽,1,ㄅㄨˋ ㄓㄨㄥˋ ㄊㄧㄥ
不中聽,1,ㄅㄨˊ ㄓㄨㄥˋ ㄊㄧㄥ
不恥下問,1,ㄅㄨˋ ㄔˇ ㄒㄧㄚˋ ㄨㄣˋ
不齒,1,ㄅㄨˋ ㄔˇ
不啻,1,ㄅㄨˋ ㄔˋ
不啻,1,ㄅㄨˊ ㄔˋ
不察,1,ㄅㄨˋ ㄔㄚˊ
不愁,1,ㄅㄨˋ ㄔㄡˊ
不暢,1,ㄅㄨˋ ㄔㄤˋ
不暢,1,ㄅㄨˊ ㄔㄤˋ
不成,1,ㄅㄨˋ ㄔㄥˊ
不成體統,1,ㄅㄨˋ ㄔㄥˊ ㄊㄧˇ ㄊㄨㄥˇ
不成器,1,ㄅㄨˋ ㄔㄥˊ ㄑㄧˋ
不成材,1,ㄅㄨˋ ㄔㄥˊ ㄘㄞˊ
不稱心,1,ㄅㄨˋ ㄔㄥˋ ㄒㄧㄣ
不稱心,1,ㄅㄨˊ ㄔㄥˋ ㄒㄧㄣ
不出,1,ㄅㄨˋ ㄔㄨ
不出所料,1,ㄅㄨˋ ㄔㄨ ㄙㄨㄛˇ ㄌㄧㄠˋ
不輟,1,ㄅㄨˋ ㄔㄨㄛˋ
不輟,1,ㄅㄨˊ ㄔㄨㄛˋ
不失,1,ㄅㄨˋ ㄕ
不失為,1,ㄅㄨˋ ㄕ ㄨㄟˊ
不時,1,ㄅㄨˋ ㄕˊ
不時之需,1,ㄅㄨˋ ㄕˊ ㄓ ㄒㄩ
不實,1,ㄅㄨˋ ㄕˊ
不是,1,ㄅㄨˋ ㄕˋ
不是,1,ㄅㄨˊ ㄕˋ
不是滋味,1,ㄅㄨˋ ㄕˋ ㄗ ㄨㄟˋ
不是滋味,1,ㄅㄨˊ ㄕˋ ㄗ ㄨㄟˋ
不適,1,ㄅㄨˋ ㄕˋ
不適,1,ㄅㄨˊ ㄕˋ
不識,1,ㄅㄨˋ ㄕˋ
不識,1,ㄅㄨˊ ㄕˋ
不識抬舉,1,ㄅㄨˋ ㄕˋ ㄊㄞˊ ㄐㄩˇ
不識抬舉,1,ㄅㄨˊ ㄕˋ ㄊㄞˊ ㄐㄩˇ
不識時務,1,ㄅㄨˋ ㄕˋ ㄕˊ ㄨˋ
不識時務,1,ㄅㄨˊ ㄕˋ ㄕˊ ㄨˋ
不捨,1,ㄅㄨˋ ㄕㄜˇ
不少,1,ㄅㄨˋ ㄕㄠˇ
不熟,1,ㄅㄨˋ ㄕㄡˊ
不守,1,ㄅㄨˋ ㄕㄡˇ
不受,1,ㄅㄨˋ ㄕㄡˋ
不受,1,ㄅㄨˊ ㄕㄡˋ
不受用,1,ㄅㄨˋ ㄕㄡˋ ㄩㄥˋ
不受用,1,ㄅㄨˊ ㄕㄡˋ ㄩㄥˋ
不善,1,ㄅㄨˋ ㄕㄢˋ
不善,1,ㄅㄨˊ ㄕㄢˋ
不擅,1,ㄅㄨˋ ㄕㄢˋ
不擅,1,ㄅㄨˊ ㄕㄢˋ
不深,1,ㄅㄨˋ ㄕㄣ
不甚,1,ㄅㄨˋ ㄕㄣˋ
不甚,1,ㄅㄨˊ ㄕㄣˋ
不慎,1,ㄅㄨˋ ㄕㄣˋ
不慎,1,ㄅㄨˊ ㄕㄣˋ
不上不下,1,ㄅㄨˋ ㄕㄤˋ ㄅㄨˋ ㄒㄧㄚˋ
不上不下,1,ㄅㄨˊ ㄕㄤˋ ㄅㄨˊ ㄒㄧㄚˋ
不勝,1,ㄅㄨˋ ㄕㄥ
不勝枚舉,1,ㄅㄨˋ ㄕㄥ ㄇㄟˊ ㄐㄩˇ
不勝酒力,1,ㄅㄨˋ ㄕㄥ ㄐㄧㄡˇ ㄌㄧˋ
不勝其煩,1,ㄅㄨˋ ㄕㄥ ㄑㄧˊ ㄈㄢˊ
不勝其擾,1,ㄅㄨˋ ㄕㄥ ㄑㄧˊ ㄖㄠˇ
不勝唏噓,1,ㄅㄨˋ ㄕㄥ ㄒㄧ ㄒㄩ
不聲不響,1,ㄅㄨˋ ㄕㄥ ㄅㄨˋ ㄒㄧㄤˇ
不勝,1,ㄅㄨˋ ㄕㄥˋ
不勝,1,ㄅㄨˊ ㄕㄥˋ
不舒服,1,ㄅㄨˋ ㄕㄨ ㄈㄨˊ
不輸,1,ㄅㄨˋ ㄕㄨ
不屬,1,ㄅㄨˋ ㄕㄨˇ
不衰,1,ㄅㄨˋ ㄕㄨㄞ
不然,1,ㄅㄨˋ ㄖㄢˊ
不人道,1,ㄅㄨˋ ㄖㄣˊ ㄉㄠˋ
不仁,1,ㄅㄨˋ ㄖㄣˊ
不忍,1,ㄅㄨˋ ㄖㄣˇ
不讓,1,ㄅㄨˋ ㄖㄤˋ
不讓,1,ㄅㄨˊ ㄖㄤˋ
不如,1,ㄅㄨˋ ㄖㄨˊ
不如意,1,ㄅㄨˋ ㄖㄨˊ ㄧˋ
不入流,1,ㄅㄨˋ ㄖㄨˋ ㄌㄧㄡˊ
不入流,1,ㄅㄨˊ ㄖㄨˋ ㄌㄧㄡˊ
不入虎穴焉得虎子,1,ㄅㄨˋ ㄖㄨˋ ㄏㄨˇ ㄒㄩㄝˋ ㄧㄢ ㄉㄜˊ ㄏㄨˇ ㄗˇ
不入虎穴焉得虎子,1,ㄅㄨˊ ㄖㄨˋ ㄏㄨˇ ㄒㄩㄝˋ ㄧㄢ ㄉㄜˊ ㄏㄨˇ ㄗˇ
不辱使命,1,ㄅㄨˋ ㄖㄨˋ ㄕˇ ㄇㄧㄥˋ
不辱使命,1,ㄅㄨˊ ㄖㄨˋ ㄕˇ ㄇㄧㄥˋ
不若,1,ㄅㄨˋ ㄖㄨㄛˋ
不若,1,ㄅㄨˊ ㄖㄨㄛˋ
不容,1,ㄅㄨˋ ㄖㄨㄥˊ
不容分說,1,ㄅㄨˋ ㄖㄨㄥˊ ㄈㄣ ㄕㄨㄛ
不容置喙,1,ㄅㄨˋ ㄖㄨㄥˊ ㄓˋ ㄏㄨㄟˋ
不容置疑,1,ㄅㄨˋ ㄖㄨㄥˊ ㄓˋ ㄧˊ
不容易,1,ㄅㄨˋ ㄖㄨㄥˊ ㄧˋ
不自量力,1,ㄅㄨˋ ㄗˋ ㄌㄧㄤˋ ㄌㄧˋ
不自量力,1,ㄅㄨˊ ㄗˋ ㄌㄧㄤˋ ㄌㄧˋ
不自覺,1,ㄅㄨˋ ㄗˋ ㄐㄩㄝˊ
不自覺,1,ㄅㄨˊ ㄗˋ ㄐㄩㄝˊ
不自在,1,ㄅㄨˋ ㄗˋ ㄗㄞˋ
不自在,1,ㄅㄨˊ ㄗˋ ㄗㄞˋ
不擇手段,1,ㄅㄨˋ ㄗㄜˊ ㄕㄡˇ ㄉㄨㄢˋ
不再,1,ㄅㄨˋ ㄗㄞˋ
不再,1,ㄅㄨˊ ㄗㄞˋ
不在,1,ㄅㄨˋ ㄗㄞˋ
不在,1,ㄅㄨˊ ㄗㄞˋ
不在乎,1,ㄅㄨˋ ㄗㄞˋ ㄏㄨ
不在乎,1,ㄅㄨˊ ㄗㄞˋ ㄏㄨ
不在話下,1,ㄅㄨˋ ㄗㄞˋ ㄏㄨㄚˋ ㄒㄧㄚˋ
不在話下,1,ㄅㄨˊ ㄗㄞˋ ㄏㄨㄚˋ ㄒㄧㄚˋ
不在意,1,ㄅㄨˋ ㄗㄞˋ ㄧˋ
不在意,1,ㄅㄨˊ ㄗㄞˋ ㄧˋ
不早,1,ㄅㄨˋ ㄗㄠˇ
不足,1,ㄅㄨˋ ㄗㄨˊ
不足掛齒,1,ㄅㄨˋ ㄗㄨˊ ㄍㄨㄚˋ ㄔˇ
不足為奇,1,ㄅㄨˋ ㄗㄨˊ ㄨㄟˊ ㄑㄧˊ
不足為訓,1,ㄅㄨˋ ㄗㄨˊ ㄨㄟˊ ㄒㄩㄣˋ
不作聲,1,ㄅㄨˋ ㄗㄨㄛˋ ㄕㄥ
不作聲,1,ㄅㄨˊ ㄗㄨㄛˋ ㄕㄥ
不辭辛勞,1,ㄅㄨˋ ㄘˊ ㄒㄧㄣ ㄌㄠˊ
不測,1,ㄅㄨˋ ㄘㄜˋ
不測,1,ㄅㄨˊ ㄘㄜˋ
不才,1,ㄅㄨˋ ㄘㄞˊ
不曾,1,ㄅㄨˋ ㄘㄥˊ
不錯,1,ㄅㄨˋ ㄘㄨㄛˋ
不錯,1,ㄅㄨˊ ㄘㄨㄛˋ
不三不四,1,ㄅㄨˋ ㄙㄢ ㄅㄨˋ ㄙˋ
不三不四,1,ㄅㄨˋ ㄙㄢ ㄅㄨˊ ㄙˋ
不速之客,1,ㄅㄨˋ ㄙㄨˋ ㄓ ㄎㄜˋ
不速之客,1,ㄅㄨˊ ㄙㄨˋ ㄓ ㄎㄜˋ
不溯既往,1,ㄅㄨˋ ㄙㄨˋ ㄐㄧˋ ㄨㄤˇ
不溯既往,1,ㄅㄨˊ ㄙㄨˋ ㄐㄧˋ ㄨㄤˇ
不遂,1,ㄅㄨˋ ㄙㄨㄟˋ
不遂,1,ㄅㄨˊ ㄙㄨㄟˋ
不算,1,ㄅㄨˋ ㄙㄨㄢˋ
不算,1,ㄅㄨˊ ㄙㄨㄢˋ
不礙事,1,ㄅㄨˋ ㄞˋ ㄕˋ
不礙事,1,ㄅㄨˊ ㄞˋ ㄕˋ
不安,1,ㄅㄨˋ ㄢ
不安分,1,ㄅㄨˋ ㄢ ㄈㄣˋ
不諳,1,ㄅㄨˋ ㄢ
不按牌理出牌,1,ㄅㄨˋ ㄢˋ ㄆㄞˊ ㄌㄧˇ ㄔㄨ ㄆㄞˊ
不按牌理出牌,1,ㄅㄨˊ ㄢˋ ㄆㄞˊ ㄌㄧˇ ㄔㄨ ㄆㄞˊ
不二法門,1,ㄅㄨˋ ㄦˋ ㄈㄚˇ ㄇㄣˊ
不二法門,1,ㄅㄨˊ ㄦˋ ㄈㄚˇ ㄇㄣˊ
不二價,1,ㄅㄨˋ ㄦˋ ㄐㄧㄚˋ
不二價,1,ㄅㄨˊ ㄦˋ ㄐㄧㄚˋ
不一,1,ㄅㄨˋ ㄧ
不一定,1,ㄅㄨˋ ㄧ ㄉㄧㄥˋ
不一定,1,ㄅㄨˋ ㄧˊ ㄉㄧㄥˋ
不一而足,1,ㄅㄨˋ ㄧ ㄦˊ ㄗㄨˊ
不一樣,1,ㄅㄨˋ ㄧ ㄧㄤˋ
不一樣,1,ㄅㄨˋ ㄧˊ ㄧㄤˋ
不宜,1,ㄅㄨˋ ㄧˊ
不移,1,ㄅㄨˋ ㄧˊ
不遺餘力,1,ㄅㄨˋ ㄧˊ ㄩˊ ㄌㄧˋ
不已,1,ㄅㄨˋ ㄧˇ
不以為然,1,ㄅㄨˋ ㄧˇ ㄨㄟˊ ㄖㄢˊ
不以為忤,1,ㄅㄨˋ ㄧˇ ㄨㄟˊ ㄨˇ
不亦樂乎,1,ㄅㄨˋ ㄧˋ ㄌㄜˋ ㄏㄨ
不亦樂乎,1,ㄅㄨˊ ㄧˋ ㄌㄜˋ ㄏㄨ
不易,1,ㄅㄨˋ ㄧˋ
不易,1,ㄅㄨˊ ㄧˋ
不意,1,ㄅㄨˋ ㄧˋ
不意,1,ㄅㄨˊ ㄧˋ
不義,1,ㄅㄨˋ ㄧˋ
不義,1,ㄅㄨˊ ㄧˋ
不義之財,1,ㄅㄨˋ ㄧˋ ㄓ ㄘㄞˊ
不義之財,1,ㄅㄨˊ ㄧˋ ㄓ ㄘㄞˊ
不翼而飛,1,ㄅㄨˋ ㄧˋ ㄦˊ ㄈㄟ
不翼而飛,1,ㄅㄨˊ ㄧˋ ㄦˊ ㄈㄟ
不雅,1,ㄅㄨˋ ㄧㄚˇ
不夜城,1,ㄅㄨˋ ㄧㄝˋ ㄔㄥˊ
不夜城,1,ㄅㄨˊ ㄧㄝˋ ㄔㄥˊ
不要,1,ㄅㄨˋ ㄧㄠˋ
不要,1,ㄅㄨˊ ㄧㄠˋ
不要臉,1,ㄅㄨˋ ㄧㄠˋ ㄌㄧㄢˇ
不要臉,1,ㄅㄨˊ ㄧㄠˋ ㄌㄧㄢˇ
不要緊,1,ㄅㄨˋ ㄧㄠˋ ㄐㄧㄣˇ
不要緊,1,ㄅㄨˊ ㄧㄠˋ ㄐㄧㄣˇ
不藥而癒,1,ㄅㄨˋ ㄧㄠˋ ㄦˊ ㄩˋ
不藥而癒,1,ㄅㄨˊ ㄧㄠˋ ㄦˊ ㄩˋ
不由分說,1,ㄅㄨˋ ㄧㄡˊ ㄈㄣ ㄕㄨㄛ
不由得,1,ㄅㄨˋ ㄧㄡˊ ㄉㄜ˙
不由自主,1,ㄅㄨˋ ㄧㄡˊ ㄗˋ ㄓㄨˇ
不言而喻,1,ㄅㄨˋ ㄧㄢˊ ㄦˊ ㄩˋ
不厭其煩,1,ㄅㄨˋ ㄧㄢˋ ㄑㄧˊ ㄈㄢˊ
不厭其煩,1,ㄅㄨˊ ㄧㄢˋ ㄑㄧˊ ㄈㄢˊ
不厭其詳,1,ㄅㄨˋ ㄧㄢˋ ㄑㄧˊ ㄒㄧㄤˊ
不厭其詳,1,ㄅㄨˊ ㄧㄢˋ ㄑㄧˊ ㄒㄧㄤˊ
不無小補,1,ㄅㄨˋ ㄨˊ ㄒㄧㄠˇ ㄅㄨˇ
不務正業,1,ㄅㄨˋ ㄨˋ ㄓㄥˋ ㄧㄝˋ
不務正業,1,ㄅㄨˊ ㄨˋ ㄓㄥˋ ㄧㄝˋ
不外,1,ㄅㄨˋ ㄨㄞˋ
不外,1,ㄅㄨˊ ㄨㄞˋ
不外乎,1,ㄅㄨˋ ㄨㄞˋ ㄏㄨ
不外乎,1,ㄅㄨˊ ㄨㄞˋ ㄏㄨ
不為過,1,ㄅㄨˋ ㄨㄟˊ ㄍㄨㄛˋ
不為所動,1,ㄅㄨˋ ㄨㄟˊ ㄙㄨㄛˇ ㄉㄨㄥˋ
不聞不問,1,ㄅㄨˋ ㄨㄣˊ ㄅㄨˋ ㄨㄣˋ
不聞不問,1,ㄅㄨˋ ㄨㄣˊ ㄅㄨˊ ㄨㄣˋ
不枉此生,1,ㄅㄨˋ ㄨㄤˇ ㄘˇ ㄕㄥ
不渝,1,ㄅㄨˋ ㄩˊ
不虞,1,ㄅㄨˋ ㄩˊ
不踰矩,1,ㄅㄨˋ ㄩˊ ㄐㄩˇ
不予置評,1,ㄅㄨˋ ㄩˇ ㄓˋ ㄆㄧㄥˊ
不約而同,1,ㄅㄨˋ ㄩㄝ ㄦˊ ㄊㄨㄥˊ
不悅,1,ㄅㄨˋ ㄩㄝˋ
不悅,1,ㄅㄨˊ ㄩㄝˋ
不孕,1,ㄅㄨˋ ㄩㄣˋ
不孕,1,ㄅㄨˊ ㄩㄣˋ
不用,1,ㄅㄨˋ ㄩㄥˋ
不用,1,ㄅㄨˊ ㄩㄥˋ
布,1,ㄅㄨˋ
布匹,1,ㄅㄨˋ ㄆㄧˇ
布疋,1,ㄅㄨˋ ㄆㄧˇ
布滿,1,ㄅㄨˋ ㄇㄢˇ
布防,1,ㄅㄨˋ ㄈㄤˊ
布達,1,ㄅㄨˋ ㄉㄚˊ
布袋,1,ㄅㄨˋ ㄉㄞˋ
布袋戲,1,ㄅㄨˋ ㄉㄞˋ ㄒㄧˋ
布道,1,ㄅㄨˋ ㄉㄠˋ
布丁,1,ㄅㄨˋ ㄉㄧㄥ
布條,1,ㄅㄨˋ ㄊㄧㄠˊ
布料,1,ㄅㄨˋ ㄌㄧㄠˋ
布告,1,ㄅㄨˋ ㄍㄠˋ
布告欄,1,ㄅㄨˋ ㄍㄠˋ ㄌㄢˊ
布穀鳥,1,ㄅㄨˋ ㄍㄨˇ ㄋㄧㄠˇ
布景,1,ㄅㄨˋ ㄐㄧㄥˇ
布局,1,ㄅㄨˋ ㄐㄩˊ
布置,1,ㄅㄨˋ ㄓˋ
布施,1,ㄅㄨˋ ㄕ
布偶,1,ㄅㄨˋ ㄡˇ
布衣之交,1,ㄅㄨˋ ㄧ ㄓ ㄐㄧㄠ
佈,1,ㄅㄨˋ
怖,1,ㄅㄨˋ
鈽,1,ㄅㄨˋ
步,1,ㄅㄨˋ
步兵,1,ㄅㄨˋ ㄅㄧㄥ
步步為營,1,ㄅㄨˋ ㄅㄨˋ ㄨㄟˊ ㄧㄥˊ
步伐,1,ㄅㄨˋ ㄈㄚ
步道,1,ㄅㄨˋ ㄉㄠˋ
步調,1,ㄅㄨˋ ㄉㄧㄠˋ
步履,1,ㄅㄨˋ ㄌㄩˇ
步罡踏斗,1,ㄅㄨˋ ㄍㄤ ㄊㄚˋ ㄉㄡˇ
步槍,1,ㄅㄨˋ ㄑㄧㄤ
步行,1,ㄅㄨˋ ㄒㄧㄥˊ
步驟,1,ㄅㄨˋ ㄗㄡˋ
部,1,ㄅㄨˋ
部門,1,ㄅㄨˋ ㄇㄣˊ
部分,1,ㄅㄨˋ ㄈㄣˋ
部隊,1,ㄅㄨˋ ㄉㄨㄟˋ
部落,1,ㄅㄨˋ ㄌㄨㄛˋ
部會,1,ㄅㄨˋ ㄏㄨㄟˋ
部會首長,1,ㄅㄨˋ ㄏㄨㄟˋ ㄕㄡˇ ㄓㄤˇ
部曲,1,ㄅㄨˋ ㄑㄩ
部下,1,ㄅㄨˋ ㄒㄧㄚˋ
部長,1,ㄅㄨˋ ㄓㄤˇ
部首,1,ㄅㄨˋ ㄕㄡˇ
部屬,1,ㄅㄨˋ ㄕㄨˇ
部署,1,ㄅㄨˋ ㄕㄨˋ
部位,1,ㄅㄨˋ ㄨㄟˋ
埠,1,ㄅㄨˋ
簿,1,ㄅㄨˋ
簿本,1,ㄅㄨˋ ㄅㄣˇ
簿記,1,ㄅㄨˋ ㄐㄧˋ
簿子,1,ㄅㄨˋ ㄗ˙
趴,1,ㄆㄚ
趴下,1,ㄆㄚ ㄒㄧㄚˋ
啪,1,ㄆㄚ
啪啦,1,ㄆㄚ ㄌㄚ
葩,1,ㄆㄚ
扒,1,ㄆㄚˊ
扒拉,1,ㄆㄚˊ ㄌㄚ
扒竊,1,ㄆㄚˊ ㄑㄧㄝˋ
扒手,1,ㄆㄚˊ ㄕㄡˇ
杷,1,ㄆㄚˊ
爬,1,ㄆㄚˊ
爬格子,1,ㄆㄚˊ ㄍㄜˊ ㄗ˙
爬牆虎,1,ㄆㄚˊ ㄑㄧㄤˊ ㄏㄨˇ
爬行,1,ㄆㄚˊ ㄒㄧㄥˊ
爬蟲,1,ㄆㄚˊ ㄔㄨㄥˊ
爬山,1,ㄆㄚˊ ㄕㄢ
爬山虎,1,ㄆㄚˊ ㄕㄢ ㄏㄨˇ
爬升,1,ㄆㄚˊ ㄕㄥ
耙,1,ㄆㄚˊ
琶,1,ㄆㄚˊ
怕,1,ㄆㄚˋ
怕羞,1,ㄆㄚˋ ㄒㄧㄡ
怕事,1,ㄆㄚˋ ㄕˋ
怕人,1,ㄆㄚˋ ㄖㄣˊ
帕,1,ㄆㄚˋ
坡,1,ㄆㄛ
坡道,1,ㄆㄛ ㄉㄠˋ
坡地,1,ㄆㄛ ㄉㄧˋ
坡度,1,ㄆㄛ ㄉㄨˋ
潑,1,ㄆㄛ
潑皮,1,ㄆㄛ ㄆㄧˊ
潑墨,1,ㄆㄛ ㄇㄛˋ
潑婦,1,ㄆㄛ ㄈㄨˋ
潑辣,1,ㄆㄛ ㄌㄚˋ
潑冷水,1,ㄆㄛ ㄌㄥˇ ㄕㄨㄟˇ
潑猴,1,ㄆㄛ ㄏㄡˊ
潑水,1,ㄆㄛ ㄕㄨㄟˇ
潑灑,1,ㄆㄛ ㄙㄚˇ
婆,1,ㄆㄛˊ
婆婆媽媽,1,ㄆㄛˊ ㄆㄛˊ ㄇㄚ ㄇㄚ
婆婆,1,ㄆㄛˊ ㄆㄛ˙
婆家,1,ㄆㄛˊ ㄐㄧㄚ
婆媳,1,ㄆㄛˊ ㄒㄧˊ
婆娑,1,ㄆㄛˊ ㄙㄨㄛ
鄱,1,ㄆㄛˊ
鄱陽湖,1,ㄆㄛˊ ㄧㄤˊ ㄏㄨˊ
皤,1,ㄆㄛˊ
繁,1,ㄆㄛˊ
叵,1,ㄆㄛˇ
頗,1,ㄆㄛˇ
頗佳,1,ㄆㄛˇ ㄐㄧㄚ
頗有,1,ㄆㄛˇ ㄧㄡˇ
頗為可觀,1,ㄆㄛˇ ㄨㄟˊ ㄎㄜˇ ㄍㄨㄢ
朴,1,ㄆㄛˋ
珀,1,ㄆㄛˋ
迫,1,ㄆㄛˋ
迫不得已,1,ㄆㄛˋ ㄅㄨˋ ㄉㄜˊ ㄧˇ
迫不及待,1,ㄆㄛˋ ㄅㄨˋ ㄐㄧˊ ㄉㄞˋ
迫令,1,ㄆㄛˋ ㄌㄧㄥˋ
迫害,1,ㄆㄛˋ ㄏㄞˋ
迫近,1,ㄆㄛˋ ㄐㄧㄣˋ
迫降,1,ㄆㄛˋ ㄐㄧㄤˋ
迫切,1,ㄆㄛˋ ㄑㄧㄝˋ
迫使,1,ㄆㄛˋ ㄕˇ
迫在眉睫,1,ㄆㄛˋ ㄗㄞˋ ㄇㄟˊ ㄐㄧㄝˊ
粕,1,ㄆㄛˋ
魄,1,ㄆㄛˋ
魄力,1,ㄆㄛˋ ㄌㄧˋ
破,1,ㄆㄛˋ
破敗,1,ㄆㄛˋ ㄅㄞˋ
破門而入,1,ㄆㄛˋ ㄇㄣˊ ㄦˊ ㄖㄨˋ
破滅,1,ㄆㄛˋ ㄇㄧㄝˋ
破費,1,ㄆㄛˋ ㄈㄟˋ
破釜沉舟,1,ㄆㄛˋ ㄈㄨˇ ㄔㄣˊ ㄓㄡ
破洞,1,ㄆㄛˋ ㄉㄨㄥˋ
破涕為笑,1,ㄆㄛˋ ㄊㄧˋ ㄨㄟˊ ㄒㄧㄠˋ
破天荒,1,ㄆㄛˋ ㄊㄧㄢ ㄏㄨㄤ
破土,1,ㄆㄛˋ ㄊㄨˇ
破銅爛鐵,1,ㄆㄛˋ ㄊㄨㄥˊ ㄌㄢˋ ㄊㄧㄝˇ
破爛,1,ㄆㄛˋ ㄌㄢˋ
破例,1,ㄆㄛˋ ㄌㄧˋ
破裂,1,ㄆㄛˋ ㄌㄧㄝˋ
破落戶,1,ㄆㄛˋ ㄌㄨㄛˋ ㄏㄨˋ
破格,1,ㄆㄛˋ ㄍㄜˊ
破口大罵,1,ㄆㄛˋ ㄎㄡˇ ㄉㄚˋ ㄇㄚˋ
破獲,1,ㄆㄛˋ ㄏㄨㄛˋ
破壞,1,ㄆㄛˋ ㄏㄨㄞˋ
破紀錄,1,ㄆㄛˋ ㄐㄧˋ ㄌㄨˋ
破解,1,ㄆㄛˋ ㄐㄧㄝˇ
破戒,1,ㄆㄛˋ ㄐㄧㄝˋ
破舊,1,ㄆㄛˋ ㄐㄧㄡˋ
破繭而出,1,ㄆㄛˋ ㄐㄧㄢˇ ㄦˊ ㄔㄨ
破鏡重圓,1,ㄆㄛˋ ㄐㄧㄥˋ ㄔㄨㄥˊ ㄩㄢˊ
破曉,1,ㄆㄛˋ ㄒㄧㄠˇ
破相,1,ㄆㄛˋ ㄒㄧㄤˋ
破折號,1,ㄆㄛˋ ㄓㄜˊ ㄏㄠˋ
破綻,1,ㄆㄛˋ ㄓㄢˋ
破產,1,ㄆㄛˋ ㄔㄢˇ
破除,1,ㄆㄛˋ ㄔㄨˊ
破傷風,1,ㄆㄛˋ ㄕㄤ ㄈㄥ
破水,1,ㄆㄛˋ ㄕㄨㄟˇ
破財,1,ㄆㄛˋ ㄘㄞˊ
破嗓子,1,ㄆㄛˋ ㄙㄤˇ ㄗ˙
破碎,1,ㄆㄛˋ ㄙㄨㄟˋ
破損,1,ㄆㄛˋ ㄙㄨㄣˇ
破案,1,ㄆㄛˋ ㄢˋ
破音字,1,ㄆㄛˋ ㄧㄣ ㄗˋ
醱,1,ㄆㄛˋ
醱酵,1,ㄆㄛˋ ㄒㄧㄠˋ
醱酵乳,1,ㄆㄛˋ ㄒㄧㄠˋ ㄖㄨˇ
拍,1,ㄆㄞ
拍板,1,ㄆㄞ ㄅㄢˇ
拍片,1,ㄆㄞ ㄆㄧㄢˋ
拍馬屁,1,ㄆㄞ ㄇㄚˇ ㄆㄧˋ
拍賣,1,ㄆㄞ ㄇㄞˋ
拍打,1,ㄆㄞ ㄉㄚˇ
拍檔,1,ㄆㄞ ㄉㄤˇ
拍立得相機,1,ㄆㄞ ㄌㄧˋ ㄉㄜˊ ㄒㄧㄤˋ ㄐㄧ
拍戲,1,ㄆㄞ ㄒㄧˋ
拍照,1,ㄆㄞ ㄓㄠˋ
拍掌,1,ㄆㄞ ㄓㄤˇ
拍攝,1,ㄆㄞ ㄕㄜˋ
拍手,1,ㄆㄞ ㄕㄡˇ
拍手稱快,1,ㄆㄞ ㄕㄡˇ ㄔㄥ ㄎㄨㄞˋ
拍子,1,ㄆㄞ ㄗ˙
拍案叫絕,1,ㄆㄞ ㄢˋ ㄐㄧㄠˋ ㄐㄩㄝˊ
拍外景,1,ㄆㄞ ㄨㄞˋ ㄐㄧㄥˇ
俳,1,ㄆㄞˊ
俳體,1,ㄆㄞˊ ㄊㄧˇ
俳句,1,ㄆㄞˊ ㄐㄩˋ
俳優,1,ㄆㄞˊ ㄧㄡ
排,1,ㄆㄞˊ
排班,1,ㄆㄞˊ ㄅㄢ
排版,1,ㄆㄞˊ ㄅㄢˇ
排比,1,ㄆㄞˊ ㄅㄧˋ
排名,1,ㄆㄞˊ ㄇㄧㄥˊ
排放,1,ㄆㄞˊ ㄈㄤˋ
排風機,1,ㄆㄞˊ ㄈㄥ ㄐㄧ
排檔,1,ㄆㄞˊ ㄉㄤˇ
排定,1,ㄆㄞˊ ㄉㄧㄥˋ
排隊,1,ㄆㄞˊ ㄉㄨㄟˋ
排他性,1,ㄆㄞˊ ㄊㄚ ㄒㄧㄥˋ
排頭,1,ㄆㄞˊ ㄊㄡˊ
排難解紛,1,ㄆㄞˊ ㄋㄢˋ ㄐㄧㄝˇ ㄈㄣ
排尿,1,ㄆㄞˊ ㄋㄧㄠˋ
排列,1,ㄆㄞˊ ㄌㄧㄝˋ
排練,1,ㄆㄞˊ ㄌㄧㄢˋ
排卵,1,ㄆㄞˊ ㄌㄨㄢˇ
排骨,1,ㄆㄞˊ ㄍㄨˇ
排課,1,ㄆㄞˊ ㄎㄜˋ
排行,1,ㄆㄞˊ ㄏㄤˊ
排行榜,1,ㄆㄞˊ ㄏㄤˊ ㄅㄤˇ
排擠,1,ㄆㄞˊ ㄐㄧˇ
排解,1,ㄆㄞˊ ㄐㄧㄝˇ
排氣,1,ㄆㄞˊ ㄑㄧˋ
排球,1,ㄆㄞˊ ㄑㄧㄡˊ
排遣,1,ㄆㄞˊ ㄑㄧㄢˇ
排戲,1,ㄆㄞˊ ㄒㄧˋ
排泄,1,ㄆㄞˊ ㄒㄧㄝˋ
排泄物,1,ㄆㄞˊ ㄒㄧㄝˋ ㄨˋ
排洩,1,ㄆㄞˊ ㄒㄧㄝˋ
排斥,1,ㄆㄞˊ ㄔˋ
排場,1,ㄆㄞˊ ㄔㄤˇ
排除,1,ㄆㄞˊ ㄔㄨˊ
排除萬難,1,ㄆㄞˊ ㄔㄨˊ ㄨㄢˋ ㄋㄢˊ
排山倒海,1,ㄆㄞˊ ㄕㄢ ㄉㄠˇ ㄏㄞˇ
排水溝,1,ㄆㄞˊ ㄕㄨㄟˇ ㄍㄡ
排字,1,ㄆㄞˊ ㄗˋ
排演,1,ㄆㄞˊ ㄧㄢˇ
排印,1,ㄆㄞˊ ㄧㄣˋ
排外,1,ㄆㄞˊ ㄨㄞˋ
徘,1,ㄆㄞˊ
徘徊,1,ㄆㄞˊ ㄏㄨㄞˊ
牌,1,ㄆㄞˊ
牌匾,1,ㄆㄞˊ ㄅㄧㄢˇ
牌坊,1,ㄆㄞˊ ㄈㄤ
牌樓,1,ㄆㄞˊ ㄌㄡˊ
牌告利率,1,ㄆㄞˊ ㄍㄠˋ ㄌㄧˋ ㄌㄩˋ
牌價,1,ㄆㄞˊ ㄐㄧㄚˋ
牌照,1,ㄆㄞˊ ㄓㄠˋ
牌照稅,1,ㄆㄞˊ ㄓㄠˋ ㄕㄨㄟˋ
牌子,1,ㄆㄞˊ ㄗ˙
牌位,1,ㄆㄞˊ ㄨㄟˋ
排,1,ㄆㄞˇ
派,1,ㄆㄞˋ
派別,1,ㄆㄞˋ ㄅㄧㄝˊ
派兵,1,ㄆㄞˋ ㄅㄧㄥ
派對,1,ㄆㄞˋ ㄉㄨㄟˋ
派頭,1,ㄆㄞˋ ㄊㄡˊ
派遣,1,ㄆㄞˋ ㄑㄧㄢˇ
派系,1,ㄆㄞˋ ㄒㄧˋ
派出所,1,ㄆㄞˋ ㄔㄨ ㄙㄨㄛˇ
派上用場,1,ㄆㄞˋ ㄕㄤˋ ㄩㄥˋ ㄔㄤˇ
派生詞,1,ㄆㄞˋ ㄕㄥ ㄘˊ
派任,1,ㄆㄞˋ ㄖㄣˋ
派員,1,ㄆㄞˋ ㄩㄢˊ
湃,1,ㄆㄞˋ
坯,1,ㄆㄟ
呸,1,ㄆㄟ
胚,1,ㄆㄟ
胚胎,1,ㄆㄟ ㄊㄞ
胚子,1,ㄆㄟ ㄗ˙
胚芽,1,ㄆㄟ ㄧㄚˊ
胚芽米,1,ㄆㄟ ㄧㄚˊ ㄇㄧˇ
醅,1,ㄆㄟ
坏,1,ㄆㄟ
培,1,ㄆㄟˊ
培土,1,ㄆㄟˊ ㄊㄨˇ
培根,1,ㄆㄟˊ ㄍㄣ
培訓,1,ㄆㄟˊ ㄒㄩㄣˋ
培植,1,ㄆㄟˊ ㄓˊ
培養,1,ㄆㄟˊ ㄧㄤˇ
培育,1,ㄆㄟˊ ㄩˋ
陪,1,ㄆㄟˊ
陪伴,1,ㄆㄟˊ ㄅㄢˋ
陪不是,1,ㄆㄟˊ ㄅㄨˋ ㄕˋ
陪不是,1,ㄆㄟˊ ㄅㄨˊ ㄕˋ
陪都,1,ㄆㄟˊ ㄉㄨ
陪同,1,ㄆㄟˊ ㄊㄨㄥˊ
陪禮,1,ㄆㄟˊ ㄌㄧˇ
陪客,1,ㄆㄟˊ ㄎㄜˋ
陪考,1,ㄆㄟˊ ㄎㄠˇ
陪祭,1,ㄆㄟˊ ㄐㄧˋ
陪嫁,1,ㄆㄟˊ ㄐㄧㄚˋ
陪酒,1,ㄆㄟˊ ㄐㄧㄡˇ
陪笑,1,ㄆㄟˊ ㄒㄧㄠˋ
陪襯,1,ㄆㄟˊ ㄔㄣˋ
陪侍,1,ㄆㄟˊ ㄕˋ
陪審,1,ㄆㄟˊ ㄕㄣˇ
陪審團,1,ㄆㄟˊ ㄕㄣˇ ㄊㄨㄢˊ
陪葬,1,ㄆㄟˊ ㄗㄤˋ
陪罪,1,ㄆㄟˊ ㄗㄨㄟˋ
賠,1,ㄆㄟˊ
賠本,1,ㄆㄟˊ ㄅㄣˇ
賠不是,1,ㄆㄟˊ ㄅㄨˋ ㄕˋ
賠不是,1,ㄆㄟˊ ㄅㄨˊ ㄕˋ
賠了夫人又折兵,1,ㄆㄟˊ ㄌㄜ˙ ㄈㄨ ㄖㄣˊ ㄧㄡˋ ㄓㄜˊ ㄅㄧㄥ
賠款,1,ㄆㄟˊ ㄎㄨㄢˇ
賠錢,1,ㄆㄟˊ ㄑㄧㄢˊ
賠償,1,ㄆㄟˊ ㄔㄤˊ
裴,1,ㄆㄟˊ
沛,1,ㄆㄟˋ
沛然,1,ㄆㄟˋ ㄖㄢˊ
旆,1,ㄆㄟˋ
霈,1,ㄆㄟˋ
帔,1,ㄆㄟˋ
佩,1,ㄆㄟˋ
佩服,1,ㄆㄟˋ ㄈㄨˊ
佩帶,1,ㄆㄟˋ ㄉㄞˋ
珮,1,ㄆㄟˋ
配,1,ㄆㄟˋ
配備,1,ㄆㄟˋ ㄅㄟˋ
配票,1,ㄆㄟˋ ㄆㄧㄠˋ
配發,1,ㄆㄟˋ ㄈㄚ
配方,1,ㄆㄟˋ ㄈㄤ
配搭,1,ㄆㄟˋ ㄉㄚ
配戴,1,ㄆㄟˋ ㄉㄞˋ
配電盤,1,ㄆㄟˋ ㄉㄧㄢˋ ㄆㄢˊ
配對,1,ㄆㄟˋ ㄉㄨㄟˋ
配套,1,ㄆㄟˋ ㄊㄠˋ
配料,1,ㄆㄟˋ ㄌㄧㄠˋ
配合,1,ㄆㄟˋ ㄏㄜˊ
配給,1,ㄆㄟˋ ㄐㄧˇ
配件,1,ㄆㄟˋ ㄐㄧㄢˋ
配角,1,ㄆㄟˋ ㄐㄩㄝˊ
配角,1,ㄆㄟˋ ㄐㄧㄠˇ
配戲,1,ㄆㄟˋ ㄒㄧˋ
配置,1,ㄆㄟˋ ㄓˋ
配製,1,ㄆㄟˋ ㄓˋ
配飾,1,ㄆㄟˋ ㄕˋ
配售,1,ㄆㄟˋ ㄕㄡˋ
配額,1,ㄆㄟˋ ㄜˊ
配偶,1,ㄆㄟˋ ㄡˇ
配藥,1,ㄆㄟˋ ㄧㄠˋ
配音,1,ㄆㄟˋ ㄧㄣ
配樂,1,ㄆㄟˋ ㄩㄝˋ
轡,1,ㄆㄟˋ
泡,1,ㄆㄠ
泡泡,1,ㄆㄠ ㄆㄠ
拋,1,ㄆㄠ
拋錨,1,ㄆㄠ ㄇㄠˊ
拋掉,1,ㄆㄠ ㄉㄧㄠˋ
拋頭露面,1,ㄆㄠ ㄊㄡˊ ㄌㄡˋ ㄇㄧㄢˋ
拋開,1,ㄆㄠ ㄎㄞ
拋棄,1,ㄆㄠ ㄑㄧˋ
拋繡球,1,ㄆㄠ ㄒㄧㄡˋ ㄑㄧㄡˊ
拋擲,1,ㄆㄠ ㄓˊ
拋磚引玉,1,ㄆㄠ ㄓㄨㄢ ㄧㄣˇ ㄩˋ
拋售,1,ㄆㄠ ㄕㄡˋ
拋在腦後,1,ㄆㄠ ㄗㄞˋ ㄋㄠˇ ㄏㄡˋ
拋物線,1,ㄆㄠ ㄨˋ ㄒㄧㄢˋ
刨,1,ㄆㄠˊ
庖,1,ㄆㄠˊ
咆,1,ㄆㄠˊ
咆哮,1,ㄆㄠˊ ㄒㄧㄠ
炮,1,ㄆㄠˊ
炮製,1,ㄆㄠˊ ㄓˋ
袍,1,ㄆㄠˊ
袍子,1,ㄆㄠˊ ㄗ˙
袍澤,1,ㄆㄠˊ ㄗㄜˊ
匏,1,ㄆㄠˊ
跑,1,ㄆㄠˊ
跑,1,ㄆㄠˇ
跑不掉,1,ㄆㄠˇ ㄅㄨˋ ㄉㄧㄠˋ
跑不掉,1,ㄆㄠˇ ㄅㄨˊ ㄉㄧㄠˋ
跑步,1,ㄆㄠˇ ㄅㄨˋ
跑片,1,ㄆㄠˇ ㄆㄧㄢˋ
跑馬,1,ㄆㄠˇ ㄇㄚˇ
跑道,1,ㄆㄠˇ ㄉㄠˋ
跑單幫,1,ㄆㄠˇ ㄉㄢ ㄅㄤ
跑堂,1,ㄆㄠˇ ㄊㄤˊ
跑腿,1,ㄆㄠˇ ㄊㄨㄟˇ
跑壘,1,ㄆㄠˇ ㄌㄟˇ
跑路,1,ㄆㄠˇ ㄌㄨˋ
跑龍套,1,ㄆㄠˇ ㄌㄨㄥˊ ㄊㄠˋ
跑新聞,1,ㄆㄠˇ ㄒㄧㄣ ㄨㄣˊ
跑車,1,ㄆㄠˇ ㄔㄜ
泡,1,ㄆㄠˋ
泡泡,1,ㄆㄠˋ ㄆㄠˋ
泡泡糖,1,ㄆㄠˋ ㄆㄠˋ ㄊㄤˊ
泡沫,1,ㄆㄠˋ ㄇㄛˋ
泡沫紅茶,1,ㄆㄠˋ ㄇㄛˋ ㄏㄨㄥˊ ㄔㄚˊ
泡沫經濟,1,ㄆㄠˋ ㄇㄛˋ ㄐㄧㄥ ㄐㄧˋ
泡麵,1,ㄆㄠˋ ㄇㄧㄢˋ
泡湯,1,ㄆㄠˋ ㄊㄤ
泡茶,1,ㄆㄠˋ ㄔㄚˊ
泡菜,1,ㄆㄠˋ ㄘㄞˋ
泡影,1,ㄆㄠˋ ㄧㄥˇ
炮,1,ㄆㄠˋ
炮兵,1,ㄆㄠˋ ㄅㄧㄥ
炮彈,1,ㄆㄠˋ ㄉㄢˋ
炮塔,1,ㄆㄠˋ ㄊㄚˇ
炮臺,1,ㄆㄠˋ ㄊㄞˊ
炮口,1,ㄆㄠˋ ㄎㄡˇ
炮灰,1,ㄆㄠˋ ㄏㄨㄟ
炮轟,1,ㄆㄠˋ ㄏㄨㄥ
疱,1,ㄆㄠˋ
疱疹,1,ㄆㄠˋ ㄓㄣˇ
砲,1,ㄆㄠˋ
皰,1,ㄆㄠˋ
剖,1,ㄆㄡˇ
剖白,1,ㄆㄡˇ ㄅㄞˊ
剖面,1,ㄆㄡˇ ㄇㄧㄢˋ
剖腹生產,1,ㄆㄡˇ ㄈㄨˋ ㄕㄥ ㄔㄢˇ
剖開,1,ㄆㄡˇ ㄎㄞ
剖析,1,ㄆㄡˇ ㄒㄧ
培,1,ㄆㄡˇ
番,1,ㄆㄢ
番禺縣,1,ㄆㄢ ㄩˊ ㄒㄧㄢˋ
潘,1,ㄆㄢ
潘他唑新,1,ㄆㄢ ㄊㄚ ㄗㄨㄛˋ ㄒㄧㄣ
潘安再世,1,ㄆㄢ ㄢ ㄗㄞˋ ㄕˋ
攀,1,ㄆㄢ
攀爬,1,ㄆㄢ ㄆㄚˊ
攀附,1,ㄆㄢ ㄈㄨˋ
攀登,1,ㄆㄢ ㄉㄥ
攀談,1,ㄆㄢ ㄊㄢˊ
攀龍附鳳,1,ㄆㄢ ㄌㄨㄥˊ ㄈㄨˋ ㄈㄥˋ
攀親,1,ㄆㄢ ㄑㄧㄣ
攀折,1,ㄆㄢ ㄓㄜˊ
攀山越嶺,1,ㄆㄢ ㄕㄢ ㄩㄝˋ ㄌㄧㄥˇ
攀升,1,ㄆㄢ ㄕㄥ
攀岩,1,ㄆㄢ ㄧㄢˊ
攀越,1,ㄆㄢ ㄩㄝˋ
攀緣,1,ㄆㄢ ㄩㄢˊ
胖,1,ㄆㄢˊ
般,1,ㄆㄢˊ
般桓,1,ㄆㄢˊ ㄏㄨㄢˊ
槃,1,ㄆㄢˊ
磐,1,ㄆㄢˊ
磐石,1,ㄆㄢˊ ㄕˊ
盤,1,ㄆㄢˊ
盤面,1,ㄆㄢˊ ㄇㄧㄢˋ
盤點,1,ㄆㄢˊ ㄉㄧㄢˇ
盤腿,1,ㄆㄢˊ ㄊㄨㄟˇ
盤腿而坐,1,ㄆㄢˊ ㄊㄨㄟˇ ㄦˊ ㄗㄨㄛˋ
盤尼西林,1,ㄆㄢˊ ㄋㄧˊ ㄒㄧ ㄌㄧㄣˊ
盤根錯節,1,ㄆㄢˊ ㄍㄣ ㄘㄨㄛˋ ㄐㄧㄝˊ
盤桓,1,ㄆㄢˊ ㄏㄨㄢˊ
盤結,1,ㄆㄢˊ ㄐㄧㄝˊ
盤詰,1,ㄆㄢˊ ㄐㄧㄝˊ
盤踞,1,ㄆㄢˊ ㄐㄩˋ
盤據,1,ㄆㄢˊ ㄐㄩˋ
盤膝,1,ㄆㄢˊ ㄒㄧ
盤旋,1,ㄆㄢˊ ㄒㄩㄢˊ
盤整,1,ㄆㄢˊ ㄓㄥˇ
盤查,1,ㄆㄢˊ ㄔㄚˊ
盤纏,1,ㄆㄢˊ ㄔㄢˊ
盤繞,1,ㄆㄢˊ ㄖㄠˋ
盤算,1,ㄆㄢˊ ㄙㄨㄢˋ
盤問,1,ㄆㄢˊ ㄨㄣˋ
蟠,1,ㄆㄢˊ
蟠桃,1,ㄆㄢˊ ㄊㄠˊ
蟠踞,1,ㄆㄢˊ ㄐㄩˋ
判,1,ㄆㄢˋ
判別,1,ㄆㄢˋ ㄅㄧㄝˊ
判定,1,ㄆㄢˋ ㄉㄧㄥˋ
判斷,1,ㄆㄢˋ ㄉㄨㄢˋ
判斷力,1,ㄆㄢˋ ㄉㄨㄢˋ ㄌㄧˋ
判例,1,ㄆㄢˋ ㄌㄧˋ
判決,1,ㄆㄢˋ ㄐㄩㄝˊ
判決書,1,ㄆㄢˋ ㄐㄩㄝˊ ㄕㄨ
判刑,1,ㄆㄢˋ ㄒㄧㄥˊ
判處,1,ㄆㄢˋ ㄔㄨˇ
判若兩人,1,ㄆㄢˋ ㄖㄨㄛˋ ㄌㄧㄤˇ ㄖㄣˊ
判罪,1,ㄆㄢˋ ㄗㄨㄟˋ
泮,1,ㄆㄢˋ
叛,1,ㄆㄢˋ
叛變,1,ㄆㄢˋ ㄅㄧㄢˋ
叛徒,1,ㄆㄢˋ ㄊㄨˊ
叛逆,1,ㄆㄢˋ ㄋㄧˋ
叛亂,1,ㄆㄢˋ ㄌㄨㄢˋ
叛國,1,ㄆㄢˋ ㄍㄨㄛˊ
叛軍,1,ㄆㄢˋ ㄐㄩㄣ
畔,1,ㄆㄢˋ
拚,1,ㄆㄢˋ
拚命,1,ㄆㄢˋ ㄇㄧㄥˋ
拚鬥,1,ㄆㄢˋ ㄉㄡˋ
盼,1,ㄆㄢˋ
盼望,1,ㄆㄢˋ ㄨㄤˋ
噴,1,ㄆㄣ
噴飯,1,ㄆㄣ ㄈㄢˋ
噴嚏,1,ㄆㄣ ㄊㄧˋ
噴壺,1,ㄆㄣ ㄏㄨˊ
噴漆,1,ㄆㄣ ㄑㄧ
噴氣,1,ㄆㄣ ㄑㄧˋ
噴泉,1,ㄆㄣ ㄑㄩㄢˊ
噴射,1,ㄆㄣ ㄕㄜˋ
噴射機,1,ㄆㄣ ㄕㄜˋ ㄐㄧ
噴水,1,ㄆㄣ ㄕㄨㄟˇ
噴水池,1,ㄆㄣ ㄕㄨㄟˇ ㄔˊ
噴灑,1,ㄆㄣ ㄙㄚˇ
噴霧,1,ㄆㄣ ㄨˋ
噴霧器,1,ㄆㄣ ㄨˋ ㄑㄧˋ
盆,1,ㄆㄣˊ
盆地,1,ㄆㄣˊ ㄉㄧˋ
盆花,1,ㄆㄣˊ ㄏㄨㄚ
盆景,1,ㄆㄣˊ ㄐㄧㄥˇ
盆栽,1,ㄆㄣˊ ㄗㄞ
噴,1,ㄆㄣˋ
乓,1,ㄆㄤ
滂,1,ㄆㄤ
滂沱,1,ㄆㄤ ㄊㄨㄛˊ
膀,1,ㄆㄤ
磅,1,ㄆㄤ
磅礴,1,ㄆㄤ ㄅㄛˊ
彷,1,ㄆㄤˊ
彷徨,1,ㄆㄤˊ ㄏㄨㄤˊ
彷徨失措,1,ㄆㄤˊ ㄏㄨㄤˊ ㄕ ㄘㄨㄛˋ
旁,1,ㄆㄤˊ
旁白,1,ㄆㄤˊ ㄅㄞˊ
旁邊,1,ㄆㄤˊ ㄅㄧㄢ
旁門左道,1,ㄆㄤˊ ㄇㄣˊ ㄗㄨㄛˇ ㄉㄠˋ
旁聽,1,ㄆㄤˊ ㄊㄧㄥ
旁聽席,1,ㄆㄤˊ ㄊㄧㄥ ㄒㄧˊ
旁觀,1,ㄆㄤˊ ㄍㄨㄢ
旁觀者清,1,ㄆㄤˊ ㄍㄨㄢ ㄓㄜˇ ㄑㄧㄥ
旁及,1,ㄆㄤˊ ㄐㄧˊ
旁敲側擊,1,ㄆㄤˊ ㄑㄧㄠ ㄘㄜˋ ㄐㄧˊ
旁徵博引,1,ㄆㄤˊ ㄓㄥ ㄅㄛˊ ㄧㄣˇ
旁人,1,ㄆㄤˊ ㄖㄣˊ
旁若無人,1,ㄆㄤˊ ㄖㄨㄛˋ ㄨˊ ㄖㄣˊ
雱,1,ㄆㄤˊ
傍,1,ㄆㄤˊ
徬,1,ㄆㄤˊ
徬徨,1,ㄆㄤˊ ㄏㄨㄤˊ
膀,1,ㄆㄤˊ
膀胱,1,ㄆㄤˊ ㄍㄨㄤ
螃,1,ㄆㄤˊ
螃蟹,1,ㄆㄤˊ ㄒㄧㄝˋ
篣,1,ㄆㄤˊ
篣婦公,1,ㄆㄤˊ ㄈㄨˋ ㄍㄨㄥ
篣楚,1,ㄆㄤˊ ㄔㄨˇ
逄,1,ㄆㄤˊ
龐,1,ㄆㄤˊ
龐大,1,ㄆㄤˊ ㄉㄚˋ
龐克,1,ㄆㄤˊ ㄎㄜˋ
龐然,1,ㄆㄤˊ ㄖㄢˊ
龐然大物,1,ㄆㄤˊ ㄖㄢˊ ㄉㄚˋ ㄨˋ
龐雜,1,ㄆㄤˊ ㄗㄚˊ
胖,1,ㄆㄤˋ
胖大海,1,ㄆㄤˋ ㄉㄚˋ ㄏㄞˇ
胖嘟嘟,1,ㄆㄤˋ ㄉㄨ ㄉㄨ
亨,1,ㄆㄥ
烹,1,ㄆㄥ
烹調,1,ㄆㄥ ㄊㄧㄠˊ
烹煮,1,ㄆㄥ ㄓㄨˇ
烹飪,1,ㄆㄥ ㄖㄣˋ
怦,1,ㄆㄥ
怦然,1,ㄆㄥ ㄖㄢˊ
怦然心動,1,ㄆㄥ ㄖㄢˊ ㄒㄧㄣ ㄉㄨㄥˋ
抨,1,ㄆㄥ
抨擊,1,ㄆㄥ ㄐㄧˊ
砰,1,ㄆㄥ
澎,1,ㄆㄥ
澎湃,1,ㄆㄥ ㄆㄞˋ
芃,1,ㄆㄥˊ
朋,1,ㄆㄥˊ
朋比為奸,1,ㄆㄥˊ ㄅㄧˋ ㄨㄟˊ ㄐㄧㄢ
朋分花用,1,ㄆㄥˊ ㄈㄣ ㄏㄨㄚ ㄩㄥˋ
朋友,1,ㄆㄥˊ ㄧㄡˇ
棚,1,ㄆㄥˊ
棚架,1,ㄆㄥˊ ㄐㄧㄚˋ
硼,1,ㄆㄥˊ
硼砂,1,ㄆㄥˊ ㄕㄚ
硼酸,1,ㄆㄥˊ ㄙㄨㄢ
鵬,1,ㄆㄥˊ
鵬程萬里,1,ㄆㄥˊ ㄔㄥˊ ㄨㄢˋ ㄌㄧˇ
逢,1,ㄆㄥˊ
蓬,1,ㄆㄥˊ
蓬勃,1,ㄆㄥˊ ㄅㄛˊ
蓬蓽生輝,1,ㄆㄥˊ ㄅㄧˋ ㄕㄥ ㄏㄨㄟ
蓬頭垢面,1,ㄆㄥˊ ㄊㄡˊ ㄍㄡˋ ㄇㄧㄢˋ
蓬萊,1,ㄆㄥˊ ㄌㄞˊ
蓬萊仙島,1,ㄆㄥˊ ㄌㄞˊ ㄒㄧㄢ ㄉㄠˇ
蓬亂,1,ㄆㄥˊ ㄌㄨㄢˋ
蓬鬆,1,ㄆㄥˊ ㄙㄨㄥ
篷,1,ㄆㄥˊ
篷車,1,ㄆㄥˊ ㄔㄜ
彭,1,ㄆㄥˊ
澎,1,ㄆㄥˊ
澎湖群島,1,ㄆㄥˊ ㄏㄨˊ ㄑㄩㄣˊ ㄉㄠˇ
膨,1,ㄆㄥˊ
膨脹,1,ㄆㄥˊ ㄓㄤˋ
捧,1,ㄆㄥˇ
捧腹,1,ㄆㄥˇ ㄈㄨˋ
捧腹大笑,1,ㄆㄥˇ ㄈㄨˋ ㄉㄚˋ ㄒㄧㄠˋ
捧花,1,ㄆㄥˇ ㄏㄨㄚ
捧場,1,ㄆㄥˇ ㄔㄤˇ
椪,1,ㄆㄥˋ
椪柑,1,ㄆㄥˋ ㄍㄢ
碰,1,ㄆㄥˋ
碰壁,1,ㄆㄥˋ ㄅㄧˋ
碰面,1,ㄆㄥˋ ㄇㄧㄢˋ
碰釘子,1,ㄆㄥˋ ㄉㄧㄥ ㄗ˙
碰頭,1,ㄆㄥˋ ㄊㄡˊ
碰見,1,ㄆㄥˋ ㄐㄧㄢˋ
碰巧,1,ㄆㄥˋ ㄑㄧㄠˇ
碰撞,1,ㄆㄥˋ ㄓㄨㄤˋ
碰運氣,1,ㄆㄥˋ ㄩㄣˋ ㄑㄧ˙
匹,1,ㄆㄧ
丕,1,ㄆㄧ
丕變,1,ㄆㄧ ㄅㄧㄢˋ
批,1,ㄆㄧ
批駁,1,ㄆㄧ ㄅㄛˊ
批判,1,ㄆㄧ ㄆㄢˋ
批評,1,ㄆㄧ ㄆㄧㄥˊ
批命,1,ㄆㄧ ㄇㄧㄥˋ
批發,1,ㄆㄧ ㄈㄚ
批發價,1,ㄆㄧ ㄈㄚ ㄐㄧㄚˋ
批發商,1,ㄆㄧ ㄈㄚ ㄕㄤ
批改,1,ㄆㄧ ㄍㄞˇ
批購,1,ㄆㄧ ㄍㄡˋ
批貨,1,ㄆㄧ ㄏㄨㄛˋ
批價,1,ㄆㄧ ㄐㄧㄚˋ
批准,1,ㄆㄧ ㄓㄨㄣˇ
批示,1,ㄆㄧ ㄕˋ
批閱,1,ㄆㄧ ㄩㄝˋ
砒,1,ㄆㄧ
砒霜,1,ㄆㄧ ㄕㄨㄤ
紕,1,ㄆㄧ
紕漏,1,ㄆㄧ ㄌㄡˋ
披,1,ㄆㄧ
披麻帶孝,1,ㄆㄧ ㄇㄚˊ ㄉㄞˋ ㄒㄧㄠˋ
披靡,1,ㄆㄧ ㄇㄧˇ
披風,1,ㄆㄧ ㄈㄥ
披頭散髮,1,ㄆㄧ ㄊㄡˊ ㄙㄢˋ ㄈㄚˇ
披露,1,ㄆㄧ ㄌㄨˋ
披掛,1,ㄆㄧ ㄍㄨㄚˋ
披掛上陣,1,ㄆㄧ ㄍㄨㄚˋ ㄕㄤˋ ㄓㄣˋ
披肩,1,ㄆㄧ ㄐㄧㄢ
披荊斬棘,1,ㄆㄧ ㄐㄧㄥ ㄓㄢˇ ㄐㄧˊ
披星戴月,1,ㄆㄧ ㄒㄧㄥ ㄉㄞˋ ㄩㄝˋ
披沙揀金,1,ㄆㄧ ㄕㄚ ㄐㄧㄢˇ ㄐㄧㄣ
披薩,1,ㄆㄧ ㄙㄚˋ
被,1,ㄆㄧ
劈,1,ㄆㄧ
劈啪,1,ㄆㄧ ㄆㄚ
劈頭,1,ㄆㄧ ㄊㄡˊ
劈柴,1,ㄆㄧ ㄔㄞˊ
劈手,1,ㄆㄧ ㄕㄡˇ
霹,1,ㄆㄧ
霹靂,1,ㄆㄧ ㄌㄧˋ
比,1,ㄆㄧˊ
枇,1,ㄆㄧˊ
枇杷,1,ㄆㄧˊ ㄆㄚˊ
枇杷,1,ㄆㄧˊ ㄆㄚ˙
毗,1,ㄆㄧˊ
毗連,1,ㄆㄧˊ ㄌㄧㄢˊ
蚍,1,ㄆㄧˊ
蚍蜉,1,ㄆㄧˊ ㄈㄨˊ
蚍蜉撼樹,1,ㄆㄧˊ ㄈㄨˊ ㄏㄢˋ ㄕㄨˋ
琵,1,ㄆㄧˊ
琵琶別抱,1,ㄆㄧˊ ㄆㄚˊ ㄅㄧㄝˊ ㄅㄠˋ
琵琶,1,ㄆㄧˊ ㄆㄚˊ
琵琶,1,ㄆㄧˊ ㄆㄚ˙
皮,1,ㄆㄧˊ
皮包,1,ㄆㄧˊ ㄅㄠ
皮包骨,1,ㄆㄧˊ ㄅㄠ ㄍㄨˇ
皮毛,1,ㄆㄧˊ ㄇㄠˊ
皮膚,1,ㄆㄧˊ ㄈㄨ
皮膚病,1,ㄆㄧˊ ㄈㄨ ㄅㄧㄥˋ
皮帶,1,ㄆㄧˊ ㄉㄞˋ
皮蛋,1,ㄆㄧˊ ㄉㄢˋ
皮雕,1,ㄆㄧˊ ㄉㄧㄠ
皮囊,1,ㄆㄧˊ ㄋㄤˊ
皮革,1,ㄆㄧˊ ㄍㄜˊ
皮開肉綻,1,ㄆㄧˊ ㄎㄞ ㄖㄡˋ ㄓㄢˋ
皮黃,1,ㄆㄧˊ ㄏㄨㄤˊ
皮夾,1,ㄆㄧˊ ㄐㄧㄚˊ
皮件,1,ㄆㄧˊ ㄐㄧㄢˋ
皮球,1,ㄆㄧˊ ㄑㄧㄡˊ
皮下注射,1,ㄆㄧˊ ㄒㄧㄚˋ ㄓㄨˋ ㄕㄜˋ
皮鞋,1,ㄆㄧˊ ㄒㄧㄝˊ
皮笑肉不笑,1,ㄆㄧˊ ㄒㄧㄠˋ ㄖㄡˋ ㄅㄨˋ ㄒㄧㄠˋ
皮笑肉不笑,1,ㄆㄧˊ ㄒㄧㄠˋ ㄖㄡˋ ㄅㄨˊ ㄒㄧㄠˋ
皮箱,1,ㄆㄧˊ ㄒㄧㄤ
皮相,1,ㄆㄧˊ ㄒㄧㄤˋ
皮靴,1,ㄆㄧˊ ㄒㄩㄝ
皮脂,1,ㄆㄧˊ ㄓ
皮製品,1,ㄆㄧˊ ㄓˋ ㄆㄧㄣˇ
皮肉,1,ㄆㄧˊ ㄖㄡˋ
皮衣,1,ㄆㄧˊ ㄧ
皮影戲,1,ㄆㄧˊ ㄧㄥˇ ㄒㄧˋ
疲,1,ㄆㄧˊ
疲憊,1,ㄆㄧˊ ㄅㄟˋ
疲乏,1,ㄆㄧˊ ㄈㄚˊ
疲累,1,ㄆㄧˊ ㄌㄟˋ
疲勞,1,ㄆㄧˊ ㄌㄠˊ
疲勞轟炸,1,ㄆㄧˊ ㄌㄠˊ ㄏㄨㄥ ㄓㄚˋ
疲困,1,ㄆㄧˊ ㄎㄨㄣˋ
疲倦,1,ㄆㄧˊ ㄐㄩㄢˋ
疲軟,1,ㄆㄧˊ ㄖㄨㄢˇ
疲於奔命,1,ㄆㄧˊ ㄩˊ ㄅㄣ ㄇㄧㄥˋ
埤,1,ㄆㄧˊ
啤,1,ㄆㄧˊ
啤酒,1,ㄆㄧˊ ㄐㄧㄡˇ
脾,1,ㄆㄧˊ
脾氣,1,ㄆㄧˊ ㄑㄧˋ
脾臟,1,ㄆㄧˊ ㄗㄤˋ
脾胃,1,ㄆㄧˊ ㄨㄟˋ
裨,1,ㄆㄧˊ
鼙,1,ㄆㄧˊ
罷,1,ㄆㄧˊ
羆,1,ㄆㄧˊ
匹,1,ㄆㄧˇ
匹配,1,ㄆㄧˇ ㄆㄟˋ
匹夫,1,ㄆㄧˇ ㄈㄨ
匹夫匹婦,1,ㄆㄧˇ ㄈㄨ ㄆㄧˇ ㄈㄨˋ
匹夫之勇,1,ㄆㄧˇ ㄈㄨ ㄓ ㄩㄥˇ
匹敵,1,ㄆㄧˇ ㄉㄧˊ
疋,1,ㄆㄧˇ
圮,1,ㄆㄧˇ
仳,1,ㄆㄧˇ
否,1,ㄆㄧˇ
否極泰來,1,ㄆㄧˇ ㄐㄧˊ ㄊㄞˋ ㄌㄞˊ
痞,1,ㄆㄧˇ
痞子,1,ㄆㄧˇ ㄗ˙
嚭,1,ㄆㄧˇ
癖,1,ㄆㄧˇ
癖好,1,ㄆㄧˇ ㄏㄠˋ
屁,1,ㄆㄧˋ
屁股,1,ㄆㄧˋ ㄍㄨˇ
媲,1,ㄆㄧˋ
媲美,1,ㄆㄧˋ ㄇㄟˇ
副,1,ㄆㄧˋ
辟,1,ㄆㄧˋ
辟邪,1,ㄆㄧˋ ㄒㄧㄝˊ
僻,1,ㄆㄧˋ
僻靜,1,ㄆㄧˋ ㄐㄧㄥˋ
僻遠,1,ㄆㄧˋ ㄩㄢˇ
譬,1,ㄆㄧˋ
譬如,1,ㄆㄧˋ ㄖㄨˊ
譬喻,1,ㄆㄧˋ ㄩˋ
闢,1,ㄆㄧˋ
闢建,1,ㄆㄧˋ ㄐㄧㄢˋ
闢室,1,ㄆㄧˋ ㄕˋ
闢謠,1,ㄆㄧˋ ㄧㄠˊ
撇,1,ㄆㄧㄝ
撇開,1,ㄆㄧㄝ ㄎㄞ
撇清,1,ㄆㄧㄝ ㄑㄧㄥ
撇下,1,ㄆㄧㄝ ㄒㄧㄚˋ
瞥,1,ㄆㄧㄝ
瞥見,1,ㄆㄧㄝ ㄐㄧㄢˋ
撇,1,ㄆㄧㄝˇ
漂,1,ㄆㄧㄠ
漂泊,1,ㄆㄧㄠ ㄅㄛˊ
漂萍,1,ㄆㄧㄠ ㄆㄧㄥˊ
漂浮,1,ㄆㄧㄠ ㄈㄨˊ
漂流,1,ㄆㄧㄠ ㄌㄧㄡˊ
漂送,1,ㄆㄧㄠ ㄙㄨㄥˋ
嫖,1,ㄆㄧㄠ
飄,1,ㄆㄧㄠ
飄泊,1,ㄆㄧㄠ ㄅㄛˊ
飄飄,1,ㄆㄧㄠ ㄆㄧㄠ
飄飄然,1,ㄆㄧㄠ ㄆㄧㄠ ㄖㄢˊ
飄飄欲仙,1,ㄆㄧㄠ ㄆㄧㄠ ㄩˋ ㄒㄧㄢ
飄浮,1,ㄆㄧㄠ ㄈㄨˊ
飄蕩,1,ㄆㄧㄠ ㄉㄤˋ
飄流,1,ㄆㄧㄠ ㄌㄧㄡˊ
飄零,1,ㄆㄧㄠ ㄌㄧㄥˊ
飄忽,1,ㄆㄧㄠ ㄏㄨ
飄忽不定,1,ㄆㄧㄠ ㄏㄨ ㄅㄨˋ ㄉㄧㄥˋ
飄忽不定,1,ㄆㄧㄠ ㄏㄨ ㄅㄨˊ ㄉㄧㄥˋ
飄然,1,ㄆㄧㄠ ㄖㄢˊ
飄散,1,ㄆㄧㄠ ㄙㄢˋ
飄逸,1,ㄆㄧㄠ ㄧˋ
飄搖,1,ㄆㄧㄠ ㄧㄠˊ
飄洋過海,1,ㄆㄧㄠ ㄧㄤˊ ㄍㄨㄛˋ ㄏㄞˇ
飄揚,1,ㄆㄧㄠ ㄧㄤˊ
朴,1,ㄆㄧㄠˊ
嫖,1,ㄆㄧㄠˊ
嫖客,1,ㄆㄧㄠˊ ㄎㄜˋ
嫖妓,1,ㄆㄧㄠˊ ㄐㄧˋ
瓢,1,ㄆㄧㄠˊ
瓢蟲,1,ㄆㄧㄠˊ ㄔㄨㄥˊ
漂,1,ㄆㄧㄠˇ
漂白,1,ㄆㄧㄠˇ ㄅㄞˊ
漂白粉,1,ㄆㄧㄠˇ ㄅㄞˊ ㄈㄣˇ
摽,1,ㄆㄧㄠˇ
瞟,1,ㄆㄧㄠˇ
縹,1,ㄆㄧㄠˇ
縹緲,1,ㄆㄧㄠˇ ㄇㄧㄠˇ
票,1,ㄆㄧㄠˋ
票面,1,ㄆㄧㄠˋ ㄇㄧㄢˋ
票房,1,ㄆㄧㄠˋ ㄈㄤˊ
票亭,1,ㄆㄧㄠˋ ㄊㄧㄥˊ
票款,1,ㄆㄧㄠˋ ㄎㄨㄢˇ
票價,1,ㄆㄧㄠˋ ㄐㄧㄚˋ
票據,1,ㄆㄧㄠˋ ㄐㄩˋ
票券,1,ㄆㄧㄠˋ ㄑㄩㄢˋ
票戲,1,ㄆㄧㄠˋ ㄒㄧˋ
票選,1,ㄆㄧㄠˋ ㄒㄩㄢˇ
票數,1,ㄆㄧㄠˋ ㄕㄨˋ
票友,1,ㄆㄧㄠˋ ㄧㄡˇ
票源,1,ㄆㄧㄠˋ ㄩㄢˊ
剽,1,ㄆㄧㄠˋ
剽悍,1,ㄆㄧㄠˋ ㄏㄢˋ
剽竊,1,ㄆㄧㄠˋ ㄑㄧㄝˋ
漂,1,ㄆㄧㄠˋ
漂亮,1,ㄆㄧㄠˋ ㄌㄧㄤˋ
慓,1,ㄆㄧㄠˋ
慓悍,1,ㄆㄧㄠˋ ㄏㄢˋ
驃,1,ㄆㄧㄠˋ
驃悍,1,ㄆㄧㄠˋ ㄏㄢˋ
扁,1,ㄆㄧㄢ
偏,1,ㄆㄧㄢ
偏頗,1,ㄆㄧㄢ ㄆㄛˇ
偏旁,1,ㄆㄧㄢ ㄆㄤˊ
偏僻,1,ㄆㄧㄢ ㄆㄧˋ
偏偏,1,ㄆㄧㄢ ㄆㄧㄢ
偏廢,1,ㄆㄧㄢ ㄈㄟˋ
偏方,1,ㄆㄧㄢ ㄈㄤ
偏房,1,ㄆㄧㄢ ㄈㄤˊ
偏鋒,1,ㄆㄧㄢ ㄈㄥ
偏低,1,ㄆㄧㄢ ㄉㄧ
偏頭痛,1,ㄆㄧㄢ ㄊㄡˊ ㄊㄨㄥˋ
偏袒,1,ㄆㄧㄢ ㄊㄢˇ
偏勞,1,ㄆㄧㄢ ㄌㄠˊ
偏離,1,ㄆㄧㄢ ㄌㄧˊ
偏高,1,ㄆㄧㄢ ㄍㄠ
偏光鏡,1,ㄆㄧㄢ ㄍㄨㄤ ㄐㄧㄥˋ
偏好,1,ㄆㄧㄢ ㄏㄠˋ
偏激,1,ㄆㄧㄢ ㄐㄧ
偏見,1,ㄆㄧㄢ ㄐㄧㄢˋ
偏巧,1,ㄆㄧㄢ ㄑㄧㄠˇ
偏狹,1,ㄆㄧㄢ ㄒㄧㄚˊ
偏心,1,ㄆㄧㄢ ㄒㄧㄣ
偏向,1,ㄆㄧㄢ ㄒㄧㄤˋ
偏執,1,ㄆㄧㄢ ㄓˊ
偏重,1,ㄆㄧㄢ ㄓㄨㄥˋ
偏差,1,ㄆㄧㄢ ㄔㄚ
偏失,1,ㄆㄧㄢ ㄕ
偏食,1,ㄆㄧㄢ ㄕˊ
偏私,1,ㄆㄧㄢ ㄙ
偏愛,1,ㄆㄧㄢ ㄞˋ
偏安,1,ㄆㄧㄢ ㄢ
偏遠,1,ㄆㄧㄢ ㄩㄢˇ
篇,1,ㄆㄧㄢ
篇目,1,ㄆㄧㄢ ㄇㄨˋ
篇幅,1,ㄆㄧㄢ ㄈㄨˊ
篇章,1,ㄆㄧㄢ ㄓㄤ
篇兒,1,ㄆㄧㄢ ㄦ
篇兒,1,ㄆㄧㄚ ㄦ
翩,1,ㄆㄧㄢ
翩翩,1,ㄆㄧㄢ ㄆㄧㄢ
翩然,1,ㄆㄧㄢ ㄖㄢˊ
便,1,ㄆㄧㄢˊ
便便,1,ㄆㄧㄢˊ ㄆㄧㄢˊ
便宜,1,ㄆㄧㄢˊ ㄧˊ
胼,1,ㄆㄧㄢˊ
胼手胝足,1,ㄆㄧㄢˊ ㄕㄡˇ ㄓ ㄗㄨˊ
駢,1,ㄆㄧㄢˊ
駢體文,1,ㄆㄧㄢˊ ㄊㄧˇ ㄨㄣˊ
駢文,1,ㄆㄧㄢˊ ㄨㄣˊ
片,1,ㄆㄧㄢˋ
片面,1,ㄆㄧㄢˋ ㄇㄧㄢˋ
片面之詞,1,ㄆㄧㄢˋ ㄇㄧㄢˋ ㄓ ㄘˊ
片名,1,ㄆㄧㄢˋ ㄇㄧㄥˊ
片段,1,ㄆㄧㄢˋ ㄉㄨㄢˋ
片斷,1,ㄆㄧㄢˋ ㄉㄨㄢˋ
片頭,1,ㄆㄧㄢˋ ㄊㄡˊ
片刻,1,ㄆㄧㄢˋ ㄎㄜˋ
片甲不留,1,ㄆㄧㄢˋ ㄐㄧㄚˇ ㄅㄨˋ ㄌㄧㄡˊ
片假名,1,ㄆㄧㄢˋ ㄐㄧㄚˇ ㄇㄧㄥˊ
片紙隻字,1,ㄆㄧㄢˋ ㄓˇ ㄓ ㄗˋ
片場,1,ㄆㄧㄢˋ ㄔㄤˇ
片商,1,ㄆㄧㄢˋ ㄕㄤ
片子,1,ㄆㄧㄢˋ ㄗ˙
片語,1,ㄆㄧㄢˋ ㄩˇ
騙,1,ㄆㄧㄢˋ
騙徒,1,ㄆㄧㄢˋ ㄊㄨˊ
騙局,1,ㄆㄧㄢˋ ㄐㄩˊ
騙取,1,ㄆㄧㄢˋ ㄑㄩˇ
騙術,1,ㄆㄧㄢˋ ㄕㄨˋ
騙人,1,ㄆㄧㄢˋ ㄖㄣˊ
騙子,1,ㄆㄧㄢˋ ㄗ˙
騙財,1,ㄆㄧㄢˋ ㄘㄞˊ
拼,1,ㄆㄧㄣ
拼盤,1,ㄆㄧㄣ ㄆㄢˊ
拼法,1,ㄆㄧㄣ ㄈㄚˇ
拼貼,1,ㄆㄧㄣ ㄊㄧㄝ
拼圖,1,ㄆㄧㄣ ㄊㄨˊ
拼組,1,ㄆㄧㄣ ㄗㄨˇ
拼湊,1,ㄆㄧㄣ ㄘㄡˋ
拼音,1,ㄆㄧㄣ ㄧㄣ
拼音文字,1,ㄆㄧㄣ ㄧㄣ ㄨㄣˊ ㄗˋ
姘,1,ㄆㄧㄣ
姘頭,1,ㄆㄧㄣ ㄊㄡˊ
貧,1,ㄆㄧㄣˊ
貧病交迫,1,ㄆㄧㄣˊ ㄅㄧㄥˋ ㄐㄧㄠ ㄆㄛˋ
貧民,1,ㄆㄧㄣˊ ㄇㄧㄣˊ
貧乏,1,ㄆㄧㄣˊ ㄈㄚˊ
貧富不均,1,ㄆㄧㄣˊ ㄈㄨˋ ㄅㄨˋ ㄐㄩㄣ
貧苦,1,ㄆㄧㄣˊ ㄎㄨˇ
貧困,1,ㄆㄧㄣˊ ㄎㄨㄣˋ
貧寒,1,ㄆㄧㄣˊ ㄏㄢˊ
貧戶,1,ㄆㄧㄣˊ ㄏㄨˋ
貧瘠,1,ㄆㄧㄣˊ ㄐㄧˊ
貧賤,1,ㄆㄧㄣˊ ㄐㄧㄢˋ
貧窮,1,ㄆㄧㄣˊ ㄑㄩㄥˊ
貧血,1,ㄆㄧㄣˊ ㄒㄧㄝˇ
貧嘴,1,ㄆㄧㄣˊ ㄗㄨㄟˇ
貧嘴薄舌,1,ㄆㄧㄣˊ ㄗㄨㄟˇ ㄅㄛˊ ㄕㄜˊ
貧僧,1,ㄆㄧㄣˊ ㄙㄥ
頻,1,ㄆㄧㄣˊ
頻頻,1,ㄆㄧㄣˊ ㄆㄧㄣˊ
頻繁,1,ㄆㄧㄣˊ ㄈㄢˊ
頻道,1,ㄆㄧㄣˊ ㄉㄠˋ
頻率,1,ㄆㄧㄣˊ ㄌㄩˋ
頻傳,1,ㄆㄧㄣˊ ㄔㄨㄢˊ
頻仍,1,ㄆㄧㄣˊ ㄖㄥˊ
頻次,1,ㄆㄧㄣˊ ㄘˋ
頻催,1,ㄆㄧㄣˊ ㄘㄨㄟ
蘋,1,ㄆㄧㄣˊ
顰,1,ㄆㄧㄣˊ
顰蹙,1,ㄆㄧㄣˊ ㄘㄨˋ
嬪,1,ㄆㄧㄣˊ
嬪妃,1,ㄆㄧㄣˊ ㄈㄟ
品,1,ㄆㄧㄣˇ
品牌,1,ㄆㄧㄣˇ ㄆㄞˊ
品評,1,ㄆㄧㄣˇ ㄆㄧㄥˊ
品貌,1,ㄆㄧㄣˇ ㄇㄠˋ
品名,1,ㄆㄧㄣˇ ㄇㄧㄥˊ
品茗,1,ㄆㄧㄣˇ ㄇㄧㄥˊ
品目,1,ㄆㄧㄣˇ ㄇㄨˋ
品德,1,ㄆㄧㄣˇ ㄉㄜˊ
品脫,1,ㄆㄧㄣˇ ㄊㄨㄛ
品頭論足,1,ㄆㄧㄣˇ ㄊㄡˊ ㄌㄨㄣˋ ㄗㄨˊ
品類,1,ㄆㄧㄣˇ ㄌㄟˋ
品格,1,ㄆㄧㄣˇ ㄍㄜˊ
品管,1,ㄆㄧㄣˇ ㄍㄨㄢˇ
品酒,1,ㄆㄧㄣˇ ㄐㄧㄡˇ
品鑑,1,ㄆㄧㄣˇ ㄐㄧㄢˋ
品行,1,ㄆㄧㄣˇ ㄒㄧㄥˋ
品性,1,ㄆㄧㄣˇ ㄒㄧㄥˋ
品學,1,ㄆㄧㄣˇ ㄒㄩㄝˊ
品學兼優,1,ㄆㄧㄣˇ ㄒㄩㄝˊ ㄐㄧㄢ ㄧㄡ
品質,1,ㄆㄧㄣˇ ㄓˊ
品種,1,ㄆㄧㄣˇ ㄓㄨㄥˇ
品茶,1,ㄆㄧㄣˇ ㄔㄚˊ
品嘗,1,ㄆㄧㄣˇ ㄔㄤˊ
品嚐,1,ㄆㄧㄣˇ ㄔㄤˊ
品味,1,ㄆㄧㄣˇ ㄨㄟˋ
牝,1,ㄆㄧㄣˋ
牝雞司晨,1,ㄆㄧㄣˋ ㄐㄧ ㄙ ㄔㄣˊ
乒,1,ㄆㄧㄥ
乒乓,1,ㄆㄧㄥ ㄆㄤ
乒乓球,1,ㄆㄧㄥ ㄆㄤ ㄑㄧㄡˊ
娉,1,ㄆㄧㄥ
娉婷,1,ㄆㄧㄥ ㄊㄧㄥˊ
平,1,ㄆㄧㄥˊ
平白,1,ㄆㄧㄥˊ ㄅㄞˊ
平白無故,1,ㄆㄧㄥˊ ㄅㄞˊ ㄨˊ ㄍㄨˋ
平輩,1,ㄆㄧㄥˊ ㄅㄟˋ
平板,1,ㄆㄧㄥˊ ㄅㄢˇ
平步青雲,1,ㄆㄧㄥˊ ㄅㄨˋ ㄑㄧㄥ ㄩㄣˊ
平平,1,ㄆㄧㄥˊ ㄆㄧㄥˊ
平鋪直敘,1,ㄆㄧㄥˊ ㄆㄨ ㄓˊ ㄒㄩˋ
平面,1,ㄆㄧㄥˊ ㄇㄧㄢˋ
平民,1,ㄆㄧㄥˊ ㄇㄧㄣˊ
平凡,1,ㄆㄧㄥˊ ㄈㄢˊ
平反,1,ㄆㄧㄥˊ ㄈㄢˇ
平分,1,ㄆㄧㄥˊ ㄈㄣ
平分秋色,1,ㄆㄧㄥˊ ㄈㄣ ㄑㄧㄡ ㄙㄜˋ
平方,1,ㄆㄧㄥˊ ㄈㄤ
平方公里,1,ㄆㄧㄥˊ ㄈㄤ ㄍㄨㄥ ㄌㄧˇ
平房,1,ㄆㄧㄥˊ ㄈㄤˊ
平放,1,ㄆㄧㄥˊ ㄈㄤˋ
平撫,1,ㄆㄧㄥˊ ㄈㄨˇ
平復,1,ㄆㄧㄥˊ ㄈㄨˋ
平淡,1,ㄆㄧㄥˊ ㄉㄢˋ
平等,1,ㄆㄧㄥˊ ㄉㄥˇ
平等互惠,1,ㄆㄧㄥˊ ㄉㄥˇ ㄏㄨˋ ㄏㄨㄟˋ
平底,1,ㄆㄧㄥˊ ㄉㄧˇ
平地,1,ㄆㄧㄥˊ ㄉㄧˋ
平地風波,1,ㄆㄧㄥˊ ㄉㄧˋ ㄈㄥ ㄅㄛ
平頂,1,ㄆㄧㄥˊ ㄉㄧㄥˇ
平定,1,ㄆㄧㄥˊ ㄉㄧㄥˋ
平臺,1,ㄆㄧㄥˊ ㄊㄞˊ
平頭,1,ㄆㄧㄥˊ ㄊㄡˊ
平坦,1,ㄆㄧㄥˊ ㄊㄢˇ
平添,1,ㄆㄧㄥˊ ㄊㄧㄢ
平林,1,ㄆㄧㄥˊ ㄌㄧㄣˊ
平亂,1,ㄆㄧㄥˊ ㄌㄨㄢˋ
平和,1,ㄆㄧㄥˊ ㄏㄜˊ
平衡,1,ㄆㄧㄥˊ ㄏㄥˊ
平衡木,1,ㄆㄧㄥˊ ㄏㄥˊ ㄇㄨˋ
平滑,1,ㄆㄧㄥˊ ㄏㄨㄚˊ
平緩,1,ㄆㄧㄥˊ ㄏㄨㄢˇ
平假名,1,ㄆㄧㄥˊ ㄐㄧㄚˇ ㄇㄧㄥˊ
平價,1,ㄆㄧㄥˊ ㄐㄧㄚˋ
平交道,1,ㄆㄧㄥˊ ㄐㄧㄠ ㄉㄠˋ
平靜,1,ㄆㄧㄥˊ ㄐㄧㄥˋ
平劇,1,ㄆㄧㄥˊ ㄐㄩˋ
平均,1,ㄆㄧㄥˊ ㄐㄩㄣ
平均地權,1,ㄆㄧㄥˊ ㄐㄩㄣ ㄉㄧˋ ㄑㄩㄢˊ
平均數,1,ㄆㄧㄥˊ ㄐㄩㄣ ㄕㄨˋ
平起平坐,1,ㄆㄧㄥˊ ㄑㄧˇ ㄆㄧㄥˊ ㄗㄨㄛˋ
平息,1,ㄆㄧㄥˊ ㄒㄧˊ
平心靜氣,1,ㄆㄧㄥˊ ㄒㄧㄣ ㄐㄧㄥˋ ㄑㄧˋ
平心而論,1,ㄆㄧㄥˊ ㄒㄧㄣ ㄦˊ ㄌㄨㄣˋ
平信,1,ㄆㄧㄥˊ ㄒㄧㄣˋ
平行,1,ㄆㄧㄥˊ ㄒㄧㄥˊ
平行線,1,ㄆㄧㄥˊ ㄒㄧㄥˊ ㄒㄧㄢˋ
平行輸入,1,ㄆㄧㄥˊ ㄒㄧㄥˊ ㄕㄨ ㄖㄨˋ
平行四邊形,1,ㄆㄧㄥˊ ㄒㄧㄥˊ ㄙˋ ㄅㄧㄢ ㄒㄧㄥˊ
平整,1,ㄆㄧㄥˊ ㄓㄥˇ
平準,1,ㄆㄧㄥˊ ㄓㄨㄣˇ
平裝,1,ㄆㄧㄥˊ ㄓㄨㄤ
平裝書,1,ㄆㄧㄥˊ ㄓㄨㄤ ㄕㄨ
平疇,1,ㄆㄧㄥˊ ㄔㄡˊ
平常,1,ㄆㄧㄥˊ ㄔㄤˊ
平常心,1,ㄆㄧㄥˊ ㄔㄤˊ ㄒㄧㄣ
平時,1,ㄆㄧㄥˊ ㄕˊ
平實,1,ㄆㄧㄥˊ ㄕˊ
平視,1,ㄆㄧㄥˊ ㄕˋ
平手,1,ㄆㄧㄥˊ ㄕㄡˇ
平伸,1,ㄆㄧㄥˊ ㄕㄣ
平身,1,ㄆㄧㄥˊ ㄕㄣ
平生,1,ㄆㄧㄥˊ ㄕㄥ
平聲,1,ㄆㄧㄥˊ ㄕㄥ
平順,1,ㄆㄧㄥˊ ㄕㄨㄣˋ
平日,1,ㄆㄧㄥˊ ㄖˋ
平仄,1,ㄆㄧㄥˊ ㄗㄜˋ
平素,1,ㄆㄧㄥˊ ㄙㄨˋ
平安,1,ㄆㄧㄥˊ ㄢ
平安險,1,ㄆㄧㄥˊ ㄢ ㄒㄧㄢˇ
平安夜,1,ㄆㄧㄥˊ ㄢ ㄧㄝˋ
平抑,1,ㄆㄧㄥˊ ㄧˋ
平易近人,1,ㄆㄧㄥˊ ㄧˋ ㄐㄧㄣˋ ㄖㄣˊ
平議,1,ㄆㄧㄥˊ ㄧˋ
平臥,1,ㄆㄧㄥˊ ㄨㄛˋ
平穩,1,ㄆㄧㄥˊ ㄨㄣˇ
平原,1,ㄆㄧㄥˊ ㄩㄢˊ
平庸,1,ㄆㄧㄥˊ ㄩㄥ
坪,1,ㄆㄧㄥˊ
枰,1,ㄆㄧㄥˊ
苹,1,ㄆㄧㄥˊ
秤,1,ㄆㄧㄥˊ
評,1,ㄆㄧㄥˊ
評判,1,ㄆㄧㄥˊ ㄆㄢˋ
評分,1,ㄆㄧㄥˊ ㄈㄣ
評定,1,ㄆㄧㄥˊ ㄉㄧㄥˋ
評斷,1,ㄆㄧㄥˊ ㄉㄨㄢˋ
評頭論足,1,ㄆㄧㄥˊ ㄊㄡˊ ㄌㄨㄣˋ ㄗㄨˊ
評理,1,ㄆㄧㄥˊ ㄌㄧˇ
評量,1,ㄆㄧㄥˊ ㄌㄧㄤˊ
評論,1,ㄆㄧㄥˊ ㄌㄨㄣˋ
評估,1,ㄆㄧㄥˊ ㄍㄨ
評價,1,ㄆㄧㄥˊ ㄐㄧㄚˋ
評介,1,ㄆㄧㄥˊ ㄐㄧㄝˋ
評鑑,1,ㄆㄧㄥˊ ㄐㄧㄢˋ
評析,1,ㄆㄧㄥˊ ㄒㄧ
評選,1,ㄆㄧㄥˊ ㄒㄩㄢˇ
評傳,1,ㄆㄧㄥˊ ㄓㄨㄢˋ
評審,1,ㄆㄧㄥˊ ㄕㄣˇ
評述,1,ㄆㄧㄥˊ ㄕㄨˋ
評議,1,ㄆㄧㄥˊ ㄧˋ
評語,1,ㄆㄧㄥˊ ㄩˇ
萍,1,ㄆㄧㄥˊ
萍水相逢,1,ㄆㄧㄥˊ ㄕㄨㄟˇ ㄒㄧㄤ ㄈㄥˊ
萍蹤不定,1,ㄆㄧㄥˊ ㄗㄨㄥ ㄅㄨˋ ㄉㄧㄥˋ
萍蹤不定,1,ㄆㄧㄥˊ ㄗㄨㄥ ㄅㄨˊ ㄉㄧㄥˋ
屏,1,ㄆㄧㄥˊ
屏蔽,1,ㄆㄧㄥˊ ㄅㄧˋ
屏幕,1,ㄆㄧㄥˊ ㄇㄨˋ
屏風,1,ㄆㄧㄥˊ ㄈㄥ
屏障,1,ㄆㄧㄥˊ ㄓㄤˋ
瓶,1,ㄆㄧㄥˊ
瓶口,1,ㄆㄧㄥˊ ㄎㄡˇ
瓶頸,1,ㄆㄧㄥˊ ㄐㄧㄥˇ
馮,1,ㄆㄧㄥˊ
憑,1,ㄆㄧㄥˊ
憑單,1,ㄆㄧㄥˊ ㄉㄢ
憑弔,1,ㄆㄧㄥˊ ㄉㄧㄠˋ
憑空,1,ㄆㄧㄥˊ ㄎㄨㄥ
憑藉,1,ㄆㄧㄥˊ ㄐㄧㄝˋ
憑據,1,ㄆㄧㄥˊ ㄐㄩˋ
憑券,1,ㄆㄧㄥˊ ㄑㄩㄢˋ
憑證,1,ㄆㄧㄥˊ ㄓㄥˋ
憑恃,1,ㄆㄧㄥˊ ㄕˋ
憑依,1,ㄆㄧㄥˊ ㄧ
蘋,1,ㄆㄧㄥˊ
蘋果,1,ㄆㄧㄥˊ ㄍㄨㄛˇ
聘,1,ㄆㄧㄥˋ
聘禮,1,ㄆㄧㄥˋ ㄌㄧˇ
聘僱,1,ㄆㄧㄥˋ ㄍㄨˋ
聘金,1,ㄆㄧㄥˋ ㄐㄧㄣ
聘請,1,ㄆㄧㄥˋ ㄑㄧㄥˇ
聘書,1,ㄆㄧㄥˋ ㄕㄨ
聘任,1,ㄆㄧㄥˋ ㄖㄣˋ
聘用,1,ㄆㄧㄥˋ ㄩㄥˋ
仆,1,ㄆㄨ
撲,1,ㄆㄨ
撲鼻,1,ㄆㄨ ㄅㄧˊ
撲滿,1,ㄆㄨ ㄇㄢˇ
撲滅,1,ㄆㄨ ㄇㄧㄝˋ
撲面,1,ㄆㄨ ㄇㄧㄢˋ
撲通,1,ㄆㄨ ㄊㄨㄥ
撲克,1,ㄆㄨ ㄎㄜˋ
撲克牌,1,ㄆㄨ ㄎㄜˋ ㄆㄞˊ
撲空,1,ㄆㄨ ㄎㄨㄥ
撲擊,1,ㄆㄨ ㄐㄧˊ
撲救,1,ㄆㄨ ㄐㄧㄡˋ
撲殺,1,ㄆㄨ ㄕㄚ
撲手,1,ㄆㄨ ㄕㄡˇ
撲朔迷離,1,ㄆㄨ ㄕㄨㄛˋ ㄇㄧˊ ㄌㄧˊ
噗,1,ㄆㄨ
噗哧,1,ㄆㄨ ㄔ
鋪,1,ㄆㄨ
鋪排,1,ㄆㄨ ㄆㄞˊ
鋪路,1,ㄆㄨ ㄌㄨˋ
鋪蓋,1,ㄆㄨ ㄍㄞˋ
鋪張,1,ㄆㄨ ㄓㄤ
鋪陳,1,ㄆㄨ ㄔㄣˊ
鋪設,1,ㄆㄨ ㄕㄜˋ
朴,1,ㄆㄨˊ
匍,1,ㄆㄨˊ
匍匐,1,ㄆㄨˊ ㄈㄨˊ
莆,1,ㄆㄨˊ
莆田縣,1,ㄆㄨˊ ㄊㄧㄢˊ ㄒㄧㄢˋ
脯,1,ㄆㄨˊ
葡,1,ㄆㄨˊ
葡萄糖,1,ㄆㄨˊ ㄊㄠˊ ㄊㄤˊ
葡萄酒,1,ㄆㄨˊ ㄊㄠˊ ㄐㄧㄡˇ
葡萄柚,1,ㄆㄨˊ ㄊㄠˊ ㄧㄡˋ
葡萄,1,ㄆㄨˊ ㄊㄠˊ
葡萄,1,ㄆㄨˊ ㄊㄠ˙
蒲,1,ㄆㄨˊ
蒲團,1,ㄆㄨˊ ㄊㄨㄢˊ
蒲柳之姿,1,ㄆㄨˊ ㄌㄧㄡˇ ㄓ ㄗ
蒲公英,1,ㄆㄨˊ ㄍㄨㄥ ㄧㄥ
蒲扇,1,ㄆㄨˊ ㄕㄢˋ
菩,1,ㄆㄨˊ
菩提,1,ㄆㄨˊ ㄊㄧˊ
菩提樹,1,ㄆㄨˊ ㄊㄧˊ ㄕㄨˋ
菩薩,1,ㄆㄨˊ ㄙㄚˋ
菩薩心腸,1,ㄆㄨˊ ㄙㄚˋ ㄒㄧㄣ ㄔㄤˊ
僕,1,ㄆㄨˊ
僕僕,1,ㄆㄨˊ ㄆㄨˊ
僕人,1,ㄆㄨˊ ㄖㄣˊ
僕役,1,ㄆㄨˊ ㄧˋ
璞,1,ㄆㄨˊ
璞玉,1,ㄆㄨˊ ㄩˋ
璞玉渾金,1,ㄆㄨˊ ㄩˋ ㄏㄨㄣˊ ㄐㄧㄣ
樸,1,ㄆㄨˊ
樸直,1,ㄆㄨˊ ㄓˊ
樸拙,1,ㄆㄨˊ ㄓㄨㄛˊ
樸實無華,1,ㄆㄨˊ ㄕˊ ㄨˊ ㄏㄨㄚˊ
樸實,1,ㄆㄨˊ ㄕˊ
樸素,1,ㄆㄨˊ ㄙㄨˋ
蹼,1,ㄆㄨˊ
浦,1,ㄆㄨˇ
埔,1,ㄆㄨˇ
圃,1,ㄆㄨˇ
溥,1,ㄆㄨˇ
普,1,ㄆㄨˇ
普遍,1,ㄆㄨˇ ㄅㄧㄢˋ
普遍級,1,ㄆㄨˇ ㄅㄧㄢˋ ㄐㄧˊ
普渡,1,ㄆㄨˇ ㄉㄨˋ
普渡眾生,1,ㄆㄨˇ ㄉㄨˋ ㄓㄨㄥˋ ㄕㄥ
普天同慶,1,ㄆㄨˇ ㄊㄧㄢ ㄊㄨㄥˊ ㄑㄧㄥˋ
普天之下,1,ㄆㄨˇ ㄊㄧㄢ ㄓ ㄒㄧㄚˋ
普通,1,ㄆㄨˇ ㄊㄨㄥ
普通車,1,ㄆㄨˇ ㄊㄨㄥ ㄔㄜ
普立茲獎,1,ㄆㄨˇ ㄌㄧˋ ㄗ ㄐㄧㄤˇ
普考,1,ㄆㄨˇ ㄎㄠˇ
普及,1,ㄆㄨˇ ㄐㄧˊ
普降甘霖,1,ㄆㄨˇ ㄐㄧㄤˋ ㄍㄢ ㄌㄧㄣˊ
普選,1,ㄆㄨˇ ㄒㄩㄢˇ
普照,1,ㄆㄨˇ ㄓㄠˋ
普查,1,ㄆㄨˇ ㄔㄚˊ
氆,1,ㄆㄨˇ
氆氌,1,ㄆㄨˇ ㄌㄨˇ
譜,1,ㄆㄨˇ
譜曲,1,ㄆㄨˇ ㄑㄩˇ
譜系,1,ㄆㄨˇ ㄒㄧˋ
暴,1,ㄆㄨˋ
暴露,1,ㄆㄨˋ ㄌㄨˋ
瀑,1,ㄆㄨˋ
瀑布,1,ㄆㄨˋ ㄅㄨˋ
曝,1,ㄆㄨˋ
曝光,1,ㄆㄨˋ ㄍㄨㄤ
曝晒,1,ㄆㄨˋ ㄕㄞˋ
鋪,1,ㄆㄨˋ
鋪子,1,ㄆㄨˋ ㄗ˙
鋪位,1,ㄆㄨˋ ㄨㄟˋ
媽,1,ㄇㄚ
媽媽,1,ㄇㄚ ㄇㄚ˙
媽咪,1,ㄇㄚ ㄇㄧ
嬤,1,ㄇㄚ
嬤嬤,1,ㄇㄚ ㄇㄚ˙
麻,1,ㄇㄚˊ
麻痺,1,ㄇㄚˊ ㄅㄧˋ
麻木,1,ㄇㄚˊ ㄇㄨˋ
麻木不仁,1,ㄇㄚˊ ㄇㄨˋ ㄅㄨˋ ㄖㄣˊ
麻煩,1,ㄇㄚˊ ㄈㄢˊ
麻將,1,ㄇㄚˊ ㄐㄧㄤˋ
麻雀,1,ㄇㄚˊ ㄑㄩㄝˋ
麻雀雖小五臟俱全,1,ㄇㄚˊ ㄑㄩㄝˋ ㄙㄨㄟ ㄒㄧㄠˇ ㄨˇ ㄗㄤˋ ㄐㄩˋ ㄑㄩㄢˊ
麻疹,1,ㄇㄚˊ ㄓㄣˇ
麻紗,1,ㄇㄚˊ ㄕㄚ
麻繩,1,ㄇㄚˊ ㄕㄥˊ
麻糬,1,ㄇㄚˊ ㄕㄨˇ
麻子,1,ㄇㄚˊ ㄗ˙
麻醉,1,ㄇㄚˊ ㄗㄨㄟˋ
麻醉劑,1,ㄇㄚˊ ㄗㄨㄟˋ ㄐㄧˋ
麻醉藥品,1,ㄇㄚˊ ㄗㄨㄟˋ ㄧㄠˋ ㄆㄧㄣˇ
麻衣相法,1,ㄇㄚˊ ㄧ ㄒㄧㄤˋ ㄈㄚˇ
麻藥,1,ㄇㄚˊ ㄧㄠˋ
麻油,1,ㄇㄚˊ ㄧㄡˊ
痲,1,ㄇㄚˊ
痲瘋病,1,ㄇㄚˊ ㄈㄥ ㄅㄧㄥˋ
麼,1,ㄇㄚˊ
嘛,1,ㄇㄚˊ
蟆,1,ㄇㄚˊ
馬,1,ㄇㄚˇ
馬表,1,ㄇㄚˇ ㄅㄧㄠˇ
馬不停蹄,1,ㄇㄚˇ ㄅㄨˋ ㄊㄧㄥˊ ㄊㄧˊ
馬步,1,ㄇㄚˇ ㄅㄨˋ
馬匹,1,ㄇㄚˇ ㄆㄧ
馬屁精,1,ㄇㄚˇ ㄆㄧˋ ㄐㄧㄥ
馬馬虎虎,1,ㄇㄚˇ ㄇㄚˇ ㄏㄨ ㄏㄨ
馬蜂,1,ㄇㄚˇ ㄈㄥ
馬達,1,ㄇㄚˇ ㄉㄚˊ
馬到成功,1,ㄇㄚˇ ㄉㄠˋ ㄔㄥˊ ㄍㄨㄥ
馬蹄,1,ㄇㄚˇ ㄊㄧˊ
馬蹄鐵,1,ㄇㄚˇ ㄊㄧˊ ㄊㄧㄝˇ
馬桶,1,ㄇㄚˇ ㄊㄨㄥˇ
馬拉松,1,ㄇㄚˇ ㄌㄚ ㄙㄨㄥ
馬力,1,ㄇㄚˇ ㄌㄧˋ
馬鈴薯,1,ㄇㄚˇ ㄌㄧㄥˊ ㄕㄨˇ
馬路,1,ㄇㄚˇ ㄌㄨˋ
馬革裹屍,1,ㄇㄚˇ ㄍㄜˊ ㄍㄨㄛˇ ㄕ
馬褂,1,ㄇㄚˇ ㄍㄨㄚˋ
馬克,1,ㄇㄚˇ ㄎㄜˋ
馬口鐵,1,ㄇㄚˇ ㄎㄡˇ ㄊㄧㄝˇ
馬後炮,1,ㄇㄚˇ ㄏㄡˋ ㄆㄠˋ
馬虎,1,ㄇㄚˇ ㄏㄨ
馬腳,1,ㄇㄚˇ ㄐㄧㄠˇ
馬廄,1,ㄇㄚˇ ㄐㄧㄡˋ
馬球,1,ㄇㄚˇ ㄑㄧㄡˊ
馬戲,1,ㄇㄚˇ ㄒㄧˋ
馬戲團,1,ㄇㄚˇ ㄒㄧˋ ㄊㄨㄢˊ
馬靴,1,ㄇㄚˇ ㄒㄩㄝ
馬車,1,ㄇㄚˇ ㄔㄜ
馬首是瞻,1,ㄇㄚˇ ㄕㄡˇ ㄕˋ ㄓㄢ
馬上,1,ㄇㄚˇ ㄕㄤˋ
馬術,1,ㄇㄚˇ ㄕㄨˋ
馬槽,1,ㄇㄚˇ ㄘㄠˊ
馬鞍,1,ㄇㄚˇ ㄢ
馬尾,1,ㄇㄚˇ ㄨㄟˇ
嗎,1,ㄇㄚˇ
嗎啡,1,ㄇㄚˇ ㄈㄟ
瑪,1,ㄇㄚˇ
瑪瑙,1,ㄇㄚˇ ㄋㄠˇ
碼,1,ㄇㄚˇ
碼頭,1,ㄇㄚˇ ㄊㄡ˙
碼子,1,ㄇㄚˇ ㄗ˙
螞,1,ㄇㄚˇ
螞蝗,1,ㄇㄚˇ ㄏㄨㄤˊ
螞蟻,1,ㄇㄚˇ ㄧˇ
罵,1,ㄇㄚˋ
罵街,1,ㄇㄚˋ ㄐㄧㄝ
罵人,1,ㄇㄚˋ ㄖㄣˊ
螞,1,ㄇㄚˋ
螞蚱,1,ㄇㄚˋ ㄓㄚˋ
螞蚱,1,ㄇㄚˋ ㄓㄚ˙
嗎,1,ㄇㄚ˙
嘛,1,ㄇㄚ˙
摸,1,ㄇㄛ
摸不清,1,ㄇㄛ ㄅㄨˋ ㄑㄧㄥ
摸不著,1,ㄇㄛ ㄅㄨˋ ㄓㄠˊ
摸透,1,ㄇㄛ ㄊㄡˋ
摸骨,1,ㄇㄛ ㄍㄨˇ
摸黑,1,ㄇㄛ ㄏㄟ
摸清,1,ㄇㄛ ㄑㄧㄥ
摸彩,1,ㄇㄛ ㄘㄞˇ
摸索,1,ㄇㄛ ㄙㄨㄛˇ
摸魚,1,ㄇㄛ ㄩˊ
無,1,ㄇㄛˊ
麼,1,ㄇㄛˊ
摩,1,ㄇㄛˊ
摩門教,1,ㄇㄛˊ ㄇㄣˊ ㄐㄧㄠˋ
摩登,1,ㄇㄛˊ ㄉㄥ
摩天樓,1,ㄇㄛˊ ㄊㄧㄢ ㄌㄡˊ
摩托車,1,ㄇㄛˊ ㄊㄨㄛ ㄔㄜ
摩根史坦利指數,1,ㄇㄛˊ ㄍㄣ ㄕˇ ㄊㄢˇ ㄌㄧˋ ㄓˇ ㄕㄨˋ
摩肩接踵,1,ㄇㄛˊ ㄐㄧㄢ ㄐㄧㄝ ㄓㄨㄥˇ
摩肩擦踵,1,ㄇㄛˊ ㄐㄧㄢ ㄘㄚ ㄓㄨㄥˇ
摩拳擦掌,1,ㄇㄛˊ ㄑㄩㄢˊ ㄘㄚ ㄓㄤˇ
摩擦,1,ㄇㄛˊ ㄘㄚ
摩娑,1,ㄇㄛˊ ㄙㄨㄛ
摩崖石刻,1,ㄇㄛˊ ㄧㄞˊ ㄕˊ ㄎㄜˋ
磨,1,ㄇㄛˊ
磨平,1,ㄇㄛˊ ㄆㄧㄥˊ
磨墨,1,ㄇㄛˊ ㄇㄛˋ
磨滅,1,ㄇㄛˊ ㄇㄧㄝˋ
磨難,1,ㄇㄛˊ ㄋㄢˋ
磨練,1,ㄇㄛˊ ㄌㄧㄢˋ
磨鍊,1,ㄇㄛˊ ㄌㄧㄢˋ
磨光,1,ㄇㄛˊ ㄍㄨㄤ
磨成,1,ㄇㄛˊ ㄔㄥˊ
磨杵成針,1,ㄇㄛˊ ㄔㄨˇ ㄔㄥˊ ㄓㄣ
磨擦,1,ㄇㄛˊ ㄘㄚ
磨蹭,1,ㄇㄛˊ ㄘㄥˋ
磨損,1,ㄇㄛˊ ㄙㄨㄣˇ
磨牙,1,ㄇㄛˊ ㄧㄚˊ
蘑,1,ㄇㄛˊ
蘑菇,1,ㄇㄛˊ ㄍㄨ
蘑菇,1,ㄇㄛˊ ㄍㄨ˙
魔,1,ㄇㄛˊ
魔法,1,ㄇㄛˊ ㄈㄚˇ
魔電,1,ㄇㄛˊ ㄉㄧㄢˋ
魔頭,1,ㄇㄛˊ ㄊㄡˊ
魔力,1,ㄇㄛˊ ㄌㄧˋ
魔鬼,1,ㄇㄛˊ ㄍㄨㄟˇ
魔掌,1,ㄇㄛˊ ㄓㄤˇ
魔爪,1,ㄇㄛˊ ㄓㄠˇ
魔爪,1,ㄇㄛˊ ㄓㄨㄚˇ
魔手,1,ㄇㄛˊ ㄕㄡˇ
魔術,1,ㄇㄛˊ ㄕㄨˋ
魔術數字,1,ㄇㄛˊ ㄕㄨˋ ㄕㄨˋ ㄗˋ
魔王,1,ㄇㄛˊ ㄨㄤˊ
模,1,ㄇㄛˊ
模板,1,ㄇㄛˊ ㄅㄢˇ
模範,1,ㄇㄛˊ ㄈㄢˋ
模範生,1,ㄇㄛˊ ㄈㄢˋ ㄕㄥ
模仿,1,ㄇㄛˊ ㄈㄤˇ
模擬,1,ㄇㄛˊ ㄋㄧˇ
模特兒,1,ㄇㄛˊ ㄊㄜˋ ㄦˊ
模稜兩可,1,ㄇㄛˊ ㄌㄥˊ ㄌㄧㄤˇ ㄎㄜˇ
模糊,1,ㄇㄛˊ ㄏㄨˊ
模具,1,ㄇㄛˊ ㄐㄩˋ
模型,1,ㄇㄛˊ ㄒㄧㄥˊ
模式,1,ㄇㄛˊ ㄕˋ
模子,1,ㄇㄛˊ ㄗ˙
模樣,1,ㄇㄛˊ ㄧㄤˋ
摹,1,ㄇㄛˊ
摹本,1,ㄇㄛˊ ㄅㄣˇ
摹仿,1,ㄇㄛˊ ㄈㄤˇ
摹寫,1,ㄇㄛˊ ㄒㄧㄝˇ
膜,1,ㄇㄛˊ
膜拜,1,ㄇㄛˊ ㄅㄞˋ
糢,1,ㄇㄛˊ
謨,1,ㄇㄛˊ
饃,1,ㄇㄛˊ
抹,1,ㄇㄛˇ
抹布,1,ㄇㄛˇ ㄅㄨˋ
抹片,1,ㄇㄛˇ ㄆㄧㄢˋ
抹滅,1,ㄇㄛˇ ㄇㄧㄝˋ
抹臉,1,ㄇㄛˇ ㄌㄧㄢˇ
抹黑,1,ㄇㄛˇ ㄏㄟ
抹去,1,ㄇㄛˇ ㄑㄩˋ
抹拭,1,ㄇㄛˇ ㄕˋ
抹殺,1,ㄇㄛˇ ㄕㄚ
抹煞,1,ㄇㄛˇ ㄕㄚ
万,1,ㄇㄛˋ
万俟,1,ㄇㄛˋ ㄑㄧˊ
末,1,ㄇㄛˋ
末代,1,ㄇㄛˋ ㄉㄞˋ
末端,1,ㄇㄛˋ ㄉㄨㄢ
末年,1,ㄇㄛˋ ㄋㄧㄢˊ
末了,1,ㄇㄛˋ ㄌㄧㄠˇ
末流,1,ㄇㄛˋ ㄌㄧㄡˊ
末路,1,ㄇㄛˋ ㄌㄨˋ
末期,1,ㄇㄛˋ ㄑㄧˊ
末學,1,ㄇㄛˋ ㄒㄩㄝˊ
末世,1,ㄇㄛˋ ㄕˋ
末梢,1,ㄇㄛˋ ㄕㄠ
末日,1,ㄇㄛˋ ㄖˋ
末座,1,ㄇㄛˋ ㄗㄨㄛˋ
沫,1,ㄇㄛˋ
抹,1,ㄇㄛˋ
妺,1,ㄇㄛˋ
茉,1,ㄇㄛˋ
茉莉,1,ㄇㄛˋ ㄌㄧˋ
茉莉,1,ㄇㄛˋ ㄌㄧ˙
茉莉花,1,ㄇㄛˋ ㄌㄧˋ ㄏㄨㄚ
秣,1,ㄇㄛˋ
秣馬厲兵,1,ㄇㄛˋ ㄇㄚˇ ㄌㄧˋ ㄅㄧㄥ
沒,1,ㄇㄛˋ
沒沒無聞,1,ㄇㄛˋ ㄇㄛˋ ㄨˊ ㄨㄣˊ
沒奈何,1,ㄇㄛˋ ㄋㄞˋ ㄏㄜˊ
沒落,1,ㄇㄛˋ ㄌㄨㄛˋ
沒齒難忘,1,ㄇㄛˋ ㄔˇ ㄋㄢˊ ㄨㄤˋ
沒收,1,ㄇㄛˋ ㄕㄡ
歿,1,ㄇㄛˋ
冒,1,ㄇㄛˋ
冒頓,1,ㄇㄛˋ ㄉㄨˊ
陌,1,ㄇㄛˋ
陌路,1,ㄇㄛˋ ㄌㄨˋ
陌生,1,ㄇㄛˋ ㄕㄥ
陌生人,1,ㄇㄛˋ ㄕㄥ ㄖㄣˊ
貊,1,ㄇㄛˋ
脈,1,ㄇㄛˋ
脈脈,1,ㄇㄛˋ ㄇㄛˋ
莫,1,ㄇㄛˋ
莫名其妙,1,ㄇㄛˋ ㄇㄧㄥˊ ㄑㄧˊ ㄇㄧㄠˋ
莫非,1,ㄇㄛˋ ㄈㄟ
莫逆,1,ㄇㄛˋ ㄋㄧˋ
莫逆之交,1,ㄇㄛˋ ㄋㄧˋ ㄓ ㄐㄧㄠ
莫怪,1,ㄇㄛˋ ㄍㄨㄞˋ
莫可奈何,1,ㄇㄛˋ ㄎㄜˇ ㄋㄞˋ ㄏㄜˊ
莫須有,1,ㄇㄛˋ ㄒㄩ ㄧㄡˇ
莫衷一是,1,ㄇㄛˋ ㄓㄨㄥ ㄧ ㄕˋ
莫衷一是,1,ㄇㄛˋ ㄓㄨㄥ ㄧˊ ㄕˋ
莫說,1,ㄇㄛˋ ㄕㄨㄛ
莫如,1,ㄇㄛˋ ㄖㄨˊ
莫若,1,ㄇㄛˋ ㄖㄨㄛˋ
莫測高深,1,ㄇㄛˋ ㄘㄜˋ ㄍㄠ ㄕㄣ
漠,1,ㄇㄛˋ
漠不關心,1,ㄇㄛˋ ㄅㄨˋ ㄍㄨㄢ ㄒㄧㄣ
漠視,1,ㄇㄛˋ ㄕˋ
漠然,1,ㄇㄛˋ ㄖㄢˊ
寞,1,ㄇㄛˋ
瘼,1,ㄇㄛˋ
驀,1,ㄇㄛˋ
驀地,1,ㄇㄛˋ ㄉㄧˋ
驀然,1,ㄇㄛˋ ㄖㄢˊ
驀然回首,1,ㄇㄛˋ ㄖㄢˊ ㄏㄨㄟˊ ㄕㄡˇ
貉,1,ㄇㄛˋ
墨,1,ㄇㄛˋ
墨寶,1,ㄇㄛˋ ㄅㄠˇ
墨斗,1,ㄇㄛˋ ㄉㄡˇ
墨綠,1,ㄇㄛˋ ㄌㄩˋ
墨客,1,ㄇㄛˋ ㄎㄜˋ
墨痕,1,ㄇㄛˋ ㄏㄣˊ
墨跡,1,ㄇㄛˋ ㄐㄧ
墨鏡,1,ㄇㄛˋ ㄐㄧㄥˋ
墨汁,1,ㄇㄛˋ ㄓ
墨守成規,1,ㄇㄛˋ ㄕㄡˇ ㄔㄥˊ ㄍㄨㄟ
墨水,1,ㄇㄛˋ ㄕㄨㄟˇ
墨魚,1,ㄇㄛˋ ㄩˊ
默,1,ㄇㄛˋ
默不作聲,1,ㄇㄛˋ ㄅㄨˋ ㄗㄨㄛˋ ㄕㄥ
默不作聲,1,ㄇㄛˋ ㄅㄨˊ ㄗㄨㄛˋ ㄕㄥ
默片,1,ㄇㄛˋ ㄆㄧㄢˋ
默默,1,ㄇㄛˋ ㄇㄛˋ
默默無聞,1,ㄇㄛˋ ㄇㄛˋ ㄨˊ ㄨㄣˊ
默默無言,1,ㄇㄛˋ ㄇㄛˋ ㄨˊ ㄧㄢˊ
默禱,1,ㄇㄛˋ ㄉㄠˇ
默讀,1,ㄇㄛˋ ㄉㄨˊ
默念,1,ㄇㄛˋ ㄋㄧㄢˋ
默劇,1,ㄇㄛˋ ㄐㄩˋ
默契,1,ㄇㄛˋ ㄑㄧˋ
默寫,1,ㄇㄛˋ ㄒㄧㄝˇ
默想,1,ㄇㄛˋ ㄒㄧㄤˇ
默許,1,ㄇㄛˋ ㄒㄩˇ
默書,1,ㄇㄛˋ ㄕㄨ
默然,1,ㄇㄛˋ ㄖㄢˊ
默認,1,ㄇㄛˋ ㄖㄣˋ
默哀,1,ㄇㄛˋ ㄞ
磨,1,ㄇㄛˋ
磨盤,1,ㄇㄛˋ ㄆㄢˊ
磨坊,1,ㄇㄛˋ ㄈㄤ
麼,1,ㄇㄜ˙
埋,1,ㄇㄞˊ
埋沒,1,ㄇㄞˊ ㄇㄛˋ
埋伏,1,ㄇㄞˊ ㄈㄨˊ
埋頭,1,ㄇㄞˊ ㄊㄡˊ
埋頭苦幹,1,ㄇㄞˊ ㄊㄡˊ ㄎㄨˇ ㄍㄢˋ
埋骨,1,ㄇㄞˊ ㄍㄨˇ
埋設,1,ㄇㄞˊ ㄕㄜˋ
埋首,1,ㄇㄞˊ ㄕㄡˇ
埋葬,1,ㄇㄞˊ ㄗㄤˋ
埋藏,1,ㄇㄞˊ ㄘㄤˊ
霾,1,ㄇㄞˊ
買,1,ㄇㄞˇ
買辦,1,ㄇㄞˇ ㄅㄢˋ
買票,1,ㄇㄞˇ ㄆㄧㄠˋ
買賣,1,ㄇㄞˇ ㄇㄞˋ
買方,1,ㄇㄞˇ ㄈㄤ
買單,1,ㄇㄞˇ ㄉㄢ
買櫝還珠,1,ㄇㄞˇ ㄉㄨˊ ㄏㄨㄢˊ ㄓㄨ
買通,1,ㄇㄞˇ ㄊㄨㄥ
買空賣空,1,ㄇㄞˇ ㄎㄨㄥ ㄇㄞˋ ㄎㄨㄥ
買帳,1,ㄇㄞˇ ㄓㄤˋ
買主,1,ㄇㄞˇ ㄓㄨˇ
買醉,1,ㄇㄞˇ ㄗㄨㄟˋ
買菜,1,ㄇㄞˇ ㄘㄞˋ
脈,1,ㄇㄞˋ
脈搏,1,ㄇㄞˋ ㄅㄛˊ
脈動,1,ㄇㄞˋ ㄉㄨㄥˋ
脈絡,1,ㄇㄞˋ ㄌㄨㄛˋ
脈象,1,ㄇㄞˋ ㄒㄧㄤˋ
麥,1,ㄇㄞˋ
麥片,1,ㄇㄞˋ ㄆㄧㄢˋ
麥田,1,ㄇㄞˋ ㄊㄧㄢˊ
麥管,1,ㄇㄞˋ ㄍㄨㄢˇ
麥克風,1,ㄇㄞˋ ㄎㄜˋ ㄈㄥ
麥子,1,ㄇㄞˋ ㄗ˙
麥芽糖,1,ㄇㄞˋ ㄧㄚˊ ㄊㄤˊ
賣,1,ㄇㄞˋ
賣命,1,ㄇㄞˋ ㄇㄧㄥˋ
賣方,1,ㄇㄞˋ ㄈㄤ
賣弄,1,ㄇㄞˋ ㄋㄨㄥˋ
賣力,1,ㄇㄞˋ ㄌㄧˋ
賣國賊,1,ㄇㄞˋ ㄍㄨㄛˊ ㄗㄟˊ
賣乖,1,ㄇㄞˋ ㄍㄨㄞ
賣關子,1,ㄇㄞˋ ㄍㄨㄢ ㄗ˙
賣價,1,ㄇㄞˋ ㄐㄧㄚˋ
賣笑,1,ㄇㄞˋ ㄒㄧㄠˋ
賣主,1,ㄇㄞˋ ㄓㄨˇ
賣超,1,ㄇㄞˋ ㄔㄠ
賣唱,1,ㄇㄞˋ ㄔㄤˋ
賣春,1,ㄇㄞˋ ㄔㄨㄣ
賣身,1,ㄇㄞˋ ㄕㄣ
賣人情,1,ㄇㄞˋ ㄖㄣˊ ㄑㄧㄥˊ
賣座,1,ㄇㄞˋ ㄗㄨㄛˋ
賣藝,1,ㄇㄞˋ ㄧˋ
賣友求榮,1,ㄇㄞˋ ㄧㄡˇ ㄑㄧㄡˊ ㄖㄨㄥˊ
賣淫,1,ㄇㄞˋ ㄧㄣˊ
邁,1,ㄇㄞˋ
邁步,1,ㄇㄞˋ ㄅㄨˋ
邁進,1,ㄇㄞˋ ㄐㄧㄣˋ
邁入,1,ㄇㄞˋ ㄖㄨˋ
沒,1,ㄇㄟˊ
沒辦法,1,ㄇㄟˊ ㄅㄢˋ ㄈㄚˇ
沒命,1,ㄇㄟˊ ㄇㄧㄥˋ
沒法子,1,ㄇㄟˊ ㄈㄚˊ ㄗ˙
沒大沒小,1,ㄇㄟˊ ㄉㄚˋ ㄇㄟˊ ㄒㄧㄠˇ
沒道理,1,ㄇㄟˊ ㄉㄠˋ ㄌㄧˇ
沒頭沒腦,1,ㄇㄟˊ ㄊㄡˊ ㄇㄟˊ ㄋㄠˇ
沒來由,1,ㄇㄟˊ ㄌㄞˊ ㄧㄡˊ
沒良心,1,ㄇㄟˊ ㄌㄧㄤˊ ㄒㄧㄣ
沒骨氣,1,ㄇㄟˊ ㄍㄨˇ ㄑㄧˋ
沒關係,1,ㄇㄟˊ ㄍㄨㄢ ㄒㄧˋ
沒空,1,ㄇㄟˊ ㄎㄨㄥˋ
沒好氣,1,ㄇㄟˊ ㄏㄠˇ ㄑㄧˋ
沒勁,1,ㄇㄟˊ ㄐㄧㄥˋ
沒精打采,1,ㄇㄟˊ ㄐㄧㄥ ㄉㄚˇ ㄘㄞˇ
沒趣,1,ㄇㄟˊ ㄑㄩˋ
沒想到,1,ㄇㄟˊ ㄒㄧㄤˇ ㄉㄠˋ
沒指望,1,ㄇㄟˊ ㄓˇ ㄨㄤˋ
沒志氣,1,ㄇㄟˊ ㄓˋ ㄑㄧˋ
沒轍,1,ㄇㄟˊ ㄓㄜˊ
沒主意,1,ㄇㄟˊ ㄓㄨˇ ㄧˋ
沒著落,1,ㄇㄟˊ ㄓㄨㄛˊ ㄌㄨㄛˋ
沒出息,1,ㄇㄟˊ ㄔㄨ ㄒㄧ˙
沒什麼,1,ㄇㄟˊ ㄕㄣˊ ㄇㄜ˙
沒錯,1,ㄇㄟˊ ㄘㄨㄛˋ
沒意思,1,ㄇㄟˊ ㄧˋ ㄙ˙
沒有,1,ㄇㄟˊ ㄧㄡˇ
沒完沒了,1,ㄇㄟˊ ㄨㄢˊ ㄇㄟˊ ㄌㄧㄠˇ
沒用,1,ㄇㄟˊ ㄩㄥˋ
玫,1,ㄇㄟˊ
玫瑰,1,ㄇㄟˊ ㄍㄨㄟ
玫瑰花,1,ㄇㄟˊ ㄍㄨㄟ ㄏㄨㄚ
枚,1,ㄇㄟˊ
枚舉,1,ㄇㄟˊ ㄐㄩˇ
眉,1,ㄇㄟˊ
眉筆,1,ㄇㄟˊ ㄅㄧˇ
眉批,1,ㄇㄟˊ ㄆㄧ
眉毛,1,ㄇㄟˊ ㄇㄠˊ
眉目,1,ㄇㄟˊ ㄇㄨˋ
眉目傳情,1,ㄇㄟˊ ㄇㄨˋ ㄔㄨㄢˊ ㄑㄧㄥˊ
眉飛色舞,1,ㄇㄟˊ ㄈㄟ ㄙㄜˋ ㄨˇ
眉頭,1,ㄇㄟˊ ㄊㄡˊ
眉來眼去,1,ㄇㄟˊ ㄌㄞˊ ㄧㄢˇ ㄑㄩˋ
眉開眼笑,1,ㄇㄟˊ ㄎㄞ ㄧㄢˇ ㄒㄧㄠˋ
眉清目秀,1,ㄇㄟˊ ㄑㄧㄥ ㄇㄨˋ ㄒㄧㄡˋ
眉心,1,ㄇㄟˊ ㄒㄧㄣ
眉宇,1,ㄇㄟˊ ㄩˇ
湄,1,ㄇㄟˊ
湄州,1,ㄇㄟˊ ㄓㄡ
嵋,1,ㄇㄟˊ
楣,1,ㄇㄟˊ
梅,1,ㄇㄟˊ
梅毒,1,ㄇㄟˊ ㄉㄨˊ
梅開二度,1,ㄇㄟˊ ㄎㄞ ㄦˋ ㄉㄨˋ
梅花,1,ㄇㄟˊ ㄏㄨㄚ
梅花鹿,1,ㄇㄟˊ ㄏㄨㄚ ㄌㄨˋ
梅子,1,ㄇㄟˊ ㄗ˙
梅雨,1,ㄇㄟˊ ㄩˇ
莓,1,ㄇㄟˊ
酶,1,ㄇㄟˊ
霉,1,ㄇㄟˊ
霉氣,1,ㄇㄟˊ ㄑㄧˋ
霉味,1,ㄇㄟˊ ㄨㄟˋ
霉運,1,ㄇㄟˊ ㄩㄣˋ
媒,1,ㄇㄟˊ
媒婆,1,ㄇㄟˊ ㄆㄛˊ
媒體,1,ㄇㄟˊ ㄊㄧˇ
媒體造勢,1,ㄇㄟˊ ㄊㄧˇ ㄗㄠˋ ㄕˋ
媒介,1,ㄇㄟˊ ㄐㄧㄝˋ
媒妁之言,1,ㄇㄟˊ ㄕㄨㄛˋ ㄓ ㄧㄢˊ
媒人,1,ㄇㄟˊ ㄖㄣˊ
煤,1,ㄇㄟˊ
煤炭,1,ㄇㄟˊ ㄊㄢˋ
煤礦,1,ㄇㄟˊ ㄎㄨㄤˋ
煤氣,1,ㄇㄟˊ ㄑㄧˋ
煤油,1,ㄇㄟˊ ㄧㄡˊ
黴,1,ㄇㄟˊ
黴菌,1,ㄇㄟˊ ㄐㄩㄣˋ
每,1,ㄇㄟˇ
每每,1,ㄇㄟˇ ㄇㄟˇ
每逢,1,ㄇㄟˇ ㄈㄥˊ
每當,1,ㄇㄟˇ ㄉㄤ
每隔,1,ㄇㄟˇ ㄍㄜˊ
每況愈下,1,ㄇㄟˇ ㄎㄨㄤˋ ㄩˋ ㄒㄧㄚˋ
每下愈況,1,ㄇㄟˇ ㄒㄧㄚˋ ㄩˋ ㄎㄨㄤˋ
每位,1,ㄇㄟˇ ㄨㄟˋ
美,1,ㄇㄟˇ
美不勝收,1,ㄇㄟˇ ㄅㄨˋ ㄕㄥ ㄕㄡ
美貌,1,ㄇㄟˇ ㄇㄠˋ
美滿,1,ㄇㄟˇ ㄇㄢˇ
美夢,1,ㄇㄟˇ ㄇㄥˋ
美夢成真,1,ㄇㄟˇ ㄇㄥˋ ㄔㄥˊ ㄓㄣ
美妙,1,ㄇㄟˇ ㄇㄧㄠˋ
美名,1,ㄇㄟˇ ㄇㄧㄥˊ
美髮,1,ㄇㄟˇ ㄈㄚˇ
美德,1,ㄇㄟˇ ㄉㄜˊ
美得冒泡,1,ㄇㄟˇ ㄉㄜ˙ ㄇㄠˋ ㄆㄠˋ
美談,1,ㄇㄟˇ ㄊㄢˊ
美女,1,ㄇㄟˇ ㄋㄩˇ
美勞,1,ㄇㄟˇ ㄌㄠˊ
美麗,1,ㄇㄟˇ ㄌㄧˋ
美輪美奐,1,ㄇㄟˇ ㄌㄨㄣˊ ㄇㄟˇ ㄏㄨㄢˋ
美感,1,ㄇㄟˇ ㄍㄢˇ
美國之音,1,ㄇㄟˇ ㄍㄨㄛˊ ㄓ ㄧㄣ
美觀,1,ㄇㄟˇ ㄍㄨㄢ
美工,1,ㄇㄟˇ ㄍㄨㄥ
美好,1,ㄇㄟˇ ㄏㄠˇ
美化,1,ㄇㄟˇ ㄏㄨㄚˋ
美酒,1,ㄇㄟˇ ㄐㄧㄡˇ
美金,1,ㄇㄟˇ ㄐㄧㄣ
美景,1,ㄇㄟˇ ㄐㄧㄥˇ
美眷,1,ㄇㄟˇ ㄐㄩㄢˋ
美學,1,ㄇㄟˇ ㄒㄩㄝˊ
美展,1,ㄇㄟˇ ㄓㄢˇ
美中不足,1,ㄇㄟˇ ㄓㄨㄥ ㄅㄨˋ ㄗㄨˊ
美食,1,ㄇㄟˇ ㄕˊ
美式,1,ㄇㄟˇ ㄕˋ
美式足球,1,ㄇㄟˇ ㄕˋ ㄗㄨˊ ㄑㄧㄡˊ
美事,1,ㄇㄟˇ ㄕˋ
美術,1,ㄇㄟˇ ㄕㄨˋ
美術館,1,ㄇㄟˇ ㄕㄨˋ ㄍㄨㄢˇ
美人,1,ㄇㄟˇ ㄖㄣˊ
美人胚子,1,ㄇㄟˇ ㄖㄣˊ ㄆㄟ ㄗ˙
美人計,1,ㄇㄟˇ ㄖㄣˊ ㄐㄧˋ
美人魚,1,ㄇㄟˇ ㄖㄣˊ ㄩˊ
美容,1,ㄇㄟˇ ㄖㄨㄥˊ
美容師,1,ㄇㄟˇ ㄖㄨㄥˊ ㄕ
美容院,1,ㄇㄟˇ ㄖㄨㄥˊ ㄩㄢˋ
美色,1,ㄇㄟˇ ㄙㄜˋ
美意,1,ㄇㄟˇ ㄧˋ
美言,1,ㄇㄟˇ ㄧㄢˊ
美豔,1,ㄇㄟˇ ㄧㄢˋ
美味,1,ㄇㄟˇ ㄨㄟˋ
美育,1,ㄇㄟˇ ㄩˋ
美元,1,ㄇㄟˇ ㄩㄢˊ
鎂,1,ㄇㄟˇ
鎂光燈,1,ㄇㄟˇ ㄍㄨㄤ ㄉㄥ
妹,1,ㄇㄟˋ
妹妹,1,ㄇㄟˋ ㄇㄟ˙
妹夫,1,ㄇㄟˋ ㄈㄨ
妹婿,1,ㄇㄟˋ ㄒㄩˋ
昧,1,ㄇㄟˋ
昧心,1,ㄇㄟˋ ㄒㄧㄣ
寐,1,ㄇㄟˋ
魅,1,ㄇㄟˋ
魅力,1,ㄇㄟˋ ㄌㄧˋ
魅影,1,ㄇㄟˋ ㄧㄥˇ
袂,1,ㄇㄟˋ
媚,1,ㄇㄟˋ
媚力,1,ㄇㄟˋ ㄌㄧˋ
媚外,1,ㄇㄟˋ ㄨㄞˋ
瑁,1,ㄇㄟˋ
貓,1,ㄇㄠ
貓頭鷹,1,ㄇㄠ ㄊㄡˊ ㄧㄥ
貓熊,1,ㄇㄠ ㄒㄩㄥˊ
毛,1,ㄇㄠˊ
毛筆,1,ㄇㄠˊ ㄅㄧˇ
毛病,1,ㄇㄠˊ ㄅㄧㄥˋ
毛片,1,ㄇㄠˊ ㄆㄧㄢˋ
毛毛蟲,1,ㄇㄠˊ ㄇㄠˊ ㄔㄨㄥˊ
毛毛雨,1,ㄇㄠˊ ㄇㄠˊ ㄩˇ
毛髮,1,ㄇㄠˊ ㄈㄚˇ
毛豆,1,ㄇㄠˊ ㄉㄡˋ
毛毯,1,ㄇㄠˊ ㄊㄢˇ
毛利,1,ㄇㄠˊ ㄌㄧˋ
毛料,1,ㄇㄠˊ ㄌㄧㄠˋ
毛骨悚然,1,ㄇㄠˊ ㄍㄨˇ ㄙㄨㄥˇ ㄖㄢˊ
毛坑,1,ㄇㄠˊ ㄎㄥ
毛孔,1,ㄇㄠˊ ㄎㄨㄥˇ
毛巾,1,ㄇㄠˊ ㄐㄧㄣ
毛細管,1,ㄇㄠˊ ㄒㄧˋ ㄍㄨㄢˇ
毛細管現象,1,ㄇㄠˊ ㄒㄧˋ ㄍㄨㄢˇ ㄒㄧㄢˋ ㄒㄧㄤˋ
毛線,1,ㄇㄠˊ ㄒㄧㄢˋ
毛豬,1,ㄇㄠˊ ㄓㄨ
毛蟲,1,ㄇㄠˊ ㄔㄨㄥˊ
毛手毛腳,1,ㄇㄠˊ ㄕㄡˇ ㄇㄠˊ ㄐㄧㄠˇ
毛茸茸,1,ㄇㄠˊ ㄖㄨㄥˊ ㄖㄨㄥˊ
毛躁,1,ㄇㄠˊ ㄗㄠˋ
毛遂自薦,1,ㄇㄠˊ ㄙㄨㄟˋ ㄗˋ ㄐㄧㄢˋ
毛額,1,ㄇㄠˊ ㄜˊ
毛衣,1,ㄇㄠˊ ㄧ
旄,1,ㄇㄠˊ
髦,1,ㄇㄠˊ
矛,1,ㄇㄠˊ
矛盾,1,ㄇㄠˊ ㄉㄨㄣˋ
矛頭,1,ㄇㄠˊ ㄊㄡˊ
茅,1,ㄇㄠˊ
茅房,1,ㄇㄠˊ ㄈㄤˊ
茅廬,1,ㄇㄠˊ ㄌㄨˊ
茅坑,1,ㄇㄠˊ ㄎㄥ
茅舍,1,ㄇㄠˊ ㄕㄜˋ
茅草,1,ㄇㄠˊ ㄘㄠˇ
茅塞,1,ㄇㄠˊ ㄙㄜˋ
茅塞頓開,1,ㄇㄠˊ ㄙㄜˋ ㄉㄨㄣˋ ㄎㄞ
蟊,1,ㄇㄠˊ
蟊賊,1,ㄇㄠˊ ㄗㄟˊ
錨,1,ㄇㄠˊ
卯,1,ㄇㄠˇ
卯上,1,ㄇㄠˇ ㄕㄤˋ
卯足全力,1,ㄇㄠˇ ㄗㄨˊ ㄑㄩㄢˊ ㄌㄧˋ
茆,1,ㄇㄠˇ
昴,1,ㄇㄠˇ
鉚,1,ㄇㄠˇ
鉚釘,1,ㄇㄠˇ ㄉㄧㄥ
茂,1,ㄇㄠˋ
茂密,1,ㄇㄠˋ ㄇㄧˋ
茂林,1,ㄇㄠˋ ㄌㄧㄣˊ
茂盛,1,ㄇㄠˋ ㄕㄥˋ
眊,1,ㄇㄠˋ
耄,1,ㄇㄠˋ
冒,1,ㄇㄠˋ
冒牌,1,ㄇㄠˋ ㄆㄞˊ
冒泡,1,ㄇㄠˋ ㄆㄠˋ
冒昧,1,ㄇㄠˋ ㄇㄟˋ
冒名,1,ㄇㄠˋ ㄇㄧㄥˊ
冒犯,1,ㄇㄠˋ ㄈㄢˋ
冒領,1,ㄇㄠˋ ㄌㄧㄥˇ
冒號,1,ㄇㄠˋ ㄏㄠˋ
冒汗,1,ㄇㄠˋ ㄏㄢˋ
冒火,1,ㄇㄠˋ ㄏㄨㄛˇ
冒險,1,ㄇㄠˋ ㄒㄧㄢˇ
冒險犯難,1,ㄇㄠˋ ㄒㄧㄢˇ ㄈㄢˋ ㄋㄢˋ
冒稱,1,ㄇㄠˋ ㄔㄥ
冒充,1,ㄇㄠˋ ㄔㄨㄥ
冒失,1,ㄇㄠˋ ㄕ
冒失鬼,1,ㄇㄠˋ ㄕ ㄍㄨㄟˇ
冒然,1,ㄇㄠˋ ㄖㄢˊ
冒死,1,ㄇㄠˋ ㄙˇ
冒煙,1,ㄇㄠˋ ㄧㄢ
冒雨,1,ㄇㄠˋ ㄩˇ
冒用,1,ㄇㄠˋ ㄩㄥˋ
帽,1,ㄇㄠˋ
帽子,1,ㄇㄠˋ ㄗ˙
媢,1,ㄇㄠˋ
貿,1,ㄇㄠˋ
貿然,1,ㄇㄠˋ ㄖㄢˊ
貿易,1,ㄇㄠˋ ㄧˋ
貿易逆差,1,ㄇㄠˋ ㄧˋ ㄋㄧˋ ㄔㄚ
貿易商,1,ㄇㄠˋ ㄧˋ ㄕㄤ
貿易順差,1,ㄇㄠˋ ㄧˋ ㄕㄨㄣˋ ㄔㄚ
貿易額,1,ㄇㄠˋ ㄧˋ ㄜˊ
貌,1,ㄇㄠˋ
貌不驚人,1,ㄇㄠˋ ㄅㄨˋ ㄐㄧㄥ ㄖㄣˊ
貌美如花,1,ㄇㄠˋ ㄇㄟˇ ㄖㄨˊ ㄏㄨㄚ
貌合神離,1,ㄇㄠˋ ㄏㄜˊ ㄕㄣˊ ㄌㄧˊ
貌似,1,ㄇㄠˋ ㄙˋ
懋,1,ㄇㄠˋ
牟,1,ㄇㄡˊ
牟利,1,ㄇㄡˊ ㄌㄧˋ
侔,1,ㄇㄡˊ
眸,1,ㄇㄡˊ
麰,1,ㄇㄡˊ
謀,1,ㄇㄡˊ
謀面,1,ㄇㄡˊ ㄇㄧㄢˋ
謀反,1,ㄇㄡˊ ㄈㄢˇ
謀利,1,ㄇㄡˊ ㄌㄧˋ
謀略,1,ㄇㄡˊ ㄌㄩㄝˋ
謀害,1,ㄇㄡˊ ㄏㄞˋ
謀求,1,ㄇㄡˊ ㄑㄧㄡˊ
謀取,1,ㄇㄡˊ ㄑㄩˇ
謀職,1,ㄇㄡˊ ㄓˊ
謀士,1,ㄇㄡˊ ㄕˋ
謀殺,1,ㄇㄡˊ ㄕㄚ
謀生,1,ㄇㄡˊ ㄕㄥ
謀財害命,1,ㄇㄡˊ ㄘㄞˊ ㄏㄞˋ ㄇㄧㄥˋ
繆,1,ㄇㄡˊ
冇,1,ㄇㄡˇ
某,1,ㄇㄡˇ
某個,1,ㄇㄡˇ ㄍㄜˋ
某些,1,ㄇㄡˇ ㄒㄧㄝ
某日,1,ㄇㄡˇ ㄖˋ
某人,1,ㄇㄡˇ ㄖㄣˊ
屘,1,ㄇㄢ
埋,1,ㄇㄢˊ
埋怨,1,ㄇㄢˊ ㄩㄢˋ
蔓,1,ㄇㄢˊ
蔓菁,1,ㄇㄢˊ ㄐㄧㄥ
謾,1,ㄇㄢˊ
饅,1,ㄇㄢˊ
饅頭,1,ㄇㄢˊ ㄊㄡ˙
鰻,1,ㄇㄢˊ
鰻魚,1,ㄇㄢˊ ㄩˊ
瞞,1,ㄇㄢˊ
瞞天過海,1,ㄇㄢˊ ㄊㄧㄢ ㄍㄨㄛˋ ㄏㄞˇ
瞞上欺下,1,ㄇㄢˊ ㄕㄤˋ ㄑㄧ ㄒㄧㄚˋ
蹣,1,ㄇㄢˊ
蹣跚,1,ㄇㄢˊ ㄕㄢ
顢,1,ㄇㄢˊ
顢頇,1,ㄇㄢˊ ㄏㄢ
蠻,1,ㄇㄢˊ
蠻幹,1,ㄇㄢˊ ㄍㄢˋ
蠻橫,1,ㄇㄢˊ ㄏㄥˋ
蠻荒,1,ㄇㄢˊ ㄏㄨㄤ
蠻夷,1,ㄇㄢˊ ㄧˊ
滿,1,ㄇㄢˇ
滿不在乎,1,ㄇㄢˇ ㄅㄨˋ ㄗㄞˋ ㄏㄨ
滿不在乎,1,ㄇㄢˇ ㄅㄨˊ ㄗㄞˋ ㄏㄨ
滿布,1,ㄇㄢˇ ㄅㄨˋ
滿面,1,ㄇㄢˇ ㄇㄧㄢˋ
滿面春風,1,ㄇㄢˇ ㄇㄧㄢˋ ㄔㄨㄣ ㄈㄥ
滿目瘡痍,1,ㄇㄢˇ ㄇㄨˋ ㄔㄨㄤ ㄧˊ
滿分,1,ㄇㄢˇ ㄈㄣ
滿腹牢騷,1,ㄇㄢˇ ㄈㄨˋ ㄌㄠˊ ㄙㄠ
滿腹經綸,1,ㄇㄢˇ ㄈㄨˋ ㄐㄧㄥ ㄌㄨㄣˊ
滿檔,1,ㄇㄢˇ ㄉㄤˇ
滿地,1,ㄇㄢˇ ㄉㄧˋ
滿頭大汗,1,ㄇㄢˇ ㄊㄡˊ ㄉㄚˋ ㄏㄢˋ
滿堂,1,ㄇㄢˇ ㄊㄤˊ
滿堂彩,1,ㄇㄢˇ ㄊㄤˊ ㄘㄞˇ
滿天,1,ㄇㄢˇ ㄊㄧㄢ
滿天星,1,ㄇㄢˇ ㄊㄧㄢ ㄒㄧㄥ
滿腦子,1,ㄇㄢˇ ㄋㄠˇ ㄗ˙
滿壘,1,ㄇㄢˇ ㄌㄟˇ
滿臉,1,ㄇㄢˇ ㄌㄧㄢˇ
滿臉通紅,1,ㄇㄢˇ ㄌㄧㄢˇ ㄊㄨㄥ ㄏㄨㄥˊ
滿懷,1,ㄇㄢˇ ㄏㄨㄞˊ
滿懷信心,1,ㄇㄢˇ ㄏㄨㄞˊ ㄒㄧㄣˋ ㄒㄧㄣ
滿江紅,1,ㄇㄢˇ ㄐㄧㄤ ㄏㄨㄥˊ
滿球數,1,ㄇㄢˇ ㄑㄧㄡˊ ㄕㄨˋ
滿腔,1,ㄇㄢˇ ㄑㄧㄤ
滿腔怒火,1,ㄇㄢˇ ㄑㄧㄤ ㄋㄨˋ ㄏㄨㄛˇ
滿心,1,ㄇㄢˇ ㄒㄧㄣ
滿心歡喜,1,ㄇㄢˇ ㄒㄧㄣ ㄏㄨㄢ ㄒㄧˇ
滿城風雨,1,ㄇㄢˇ ㄔㄥˊ ㄈㄥ ㄩˇ
滿手,1,ㄇㄢˇ ㄕㄡˇ
滿身,1,ㄇㄢˇ ㄕㄣ
滿載,1,ㄇㄢˇ ㄗㄞˋ
滿載而歸,1,ㄇㄢˇ ㄗㄞˋ ㄦˊ ㄍㄨㄟ
滿足,1,ㄇㄢˇ ㄗㄨˊ
滿座,1,ㄇㄢˇ ㄗㄨㄛˋ
滿額,1,ㄇㄢˇ ㄜˊ
滿溢,1,ㄇㄢˇ ㄧˋ
滿意,1,ㄇㄢˇ ㄧˋ
滿眼,1,ㄇㄢˇ ㄧㄢˇ
滿月,1,ㄇㄢˇ ㄩㄝˋ
曼,1,ㄇㄢˋ
曼妙,1,ㄇㄢˋ ㄇㄧㄠˋ
曼陀林,1,ㄇㄢˋ ㄊㄨㄛˊ ㄌㄧㄣˊ
漫,1,ㄇㄢˋ
漫不經心,1,ㄇㄢˋ ㄅㄨˋ ㄐㄧㄥ ㄒㄧㄣ
漫步,1,ㄇㄢˋ ㄅㄨˋ
漫漫,1,ㄇㄢˋ ㄇㄢˋ
漫談,1,ㄇㄢˋ ㄊㄢˊ
漫天,1,ㄇㄢˋ ㄊㄧㄢ
漫畫,1,ㄇㄢˋ ㄏㄨㄚˋ
漫漶,1,ㄇㄢˋ ㄏㄨㄢˋ
漫長,1,ㄇㄢˋ ㄔㄤˊ
漫山遍野,1,ㄇㄢˋ ㄕㄢ ㄅㄧㄢˋ ㄧㄝˇ
漫遊,1,ㄇㄢˋ ㄧㄡˊ
漫無邊際,1,ㄇㄢˋ ㄨˊ ㄅㄧㄢ ㄐㄧˋ
漫無目的,1,ㄇㄢˋ ㄨˊ ㄇㄨˋ ㄉㄧˋ
漫無止境,1,ㄇㄢˋ ㄨˊ ㄓˇ ㄐㄧㄥˋ
慢,1,ㄇㄢˋ
慢步,1,ㄇㄢˋ ㄅㄨˋ
慢跑,1,ㄇㄢˋ ㄆㄠˇ
慢慢,1,ㄇㄢˋ ㄇㄢˋ
慢點兒,1,ㄇㄢˋ ㄉㄧㄢˇ ㄦ
慢點兒,1,ㄇㄢˋ ㄉㄧㄚˇ ㄦ
慢動作,1,ㄇㄢˋ ㄉㄨㄥˋ ㄗㄨㄛˋ
慢條斯理,1,ㄇㄢˋ ㄊㄧㄠˊ ㄙ ㄌㄧˇ
慢吞吞,1,ㄇㄢˋ ㄊㄨㄣ ㄊㄨㄣ
慢工出細活,1,ㄇㄢˋ ㄍㄨㄥ ㄔㄨ ㄒㄧˋ ㄏㄨㄛˊ
慢火,1,ㄇㄢˋ ㄏㄨㄛˇ
慢性病,1,ㄇㄢˋ ㄒㄧㄥˋ ㄅㄧㄥˋ
慢車,1,ㄇㄢˋ ㄔㄜ
慢車道,1,ㄇㄢˋ ㄔㄜ ㄉㄠˋ
慢走,1,ㄇㄢˋ ㄗㄡˇ
慢速,1,ㄇㄢˋ ㄙㄨˋ
慢用,1,ㄇㄢˋ ㄩㄥˋ
幔,1,ㄇㄢˋ
嫚,1,ㄇㄢˋ
蔓,1,ㄇㄢˋ
蔓藤,1,ㄇㄢˋ ㄊㄥˊ
蔓生,1,ㄇㄢˋ ㄕㄥ
蔓延,1,ㄇㄢˋ ㄧㄢˊ
縵,1,ㄇㄢˋ
謾,1,ㄇㄢˋ
謾罵,1,ㄇㄢˋ ㄇㄚˋ
鏝,1,ㄇㄢˋ
悶,1,ㄇㄣ
悶氣,1,ㄇㄣ ㄑㄧˋ
悶熱,1,ㄇㄣ ㄖㄜˋ
門,1,ㄇㄣˊ
門牌,1,ㄇㄣˊ ㄆㄞˊ
門派,1,ㄇㄣˊ ㄆㄞˋ
門票,1,ㄇㄣˊ ㄆㄧㄠˋ
門楣,1,ㄇㄣˊ ㄇㄟˊ
門面,1,ㄇㄣˊ ㄇㄧㄢˋ
門房,1,ㄇㄣˊ ㄈㄤˊ
門風,1,ㄇㄣˊ ㄈㄥ
門縫,1,ㄇㄣˊ ㄈㄥˋ
門道,1,ㄇㄣˊ ㄉㄠˋ
門當戶對,1,ㄇㄣˊ ㄉㄤ ㄏㄨˋ ㄉㄨㄟˋ
門第,1,ㄇㄣˊ ㄉㄧˋ
門庭若市,1,ㄇㄣˊ ㄊㄧㄥˊ ㄖㄨㄛˋ ㄕˋ
門徒,1,ㄇㄣˊ ㄊㄨˊ
門類,1,ㄇㄣˊ ㄌㄟˋ
門聯,1,ㄇㄣˊ ㄌㄧㄢˊ
門簾,1,ㄇㄣˊ ㄌㄧㄢˊ
門鈴,1,ㄇㄣˊ ㄌㄧㄥˊ
門路,1,ㄇㄣˊ ㄌㄨˋ
門可羅雀,1,ㄇㄣˊ ㄎㄜˇ ㄌㄨㄛˊ ㄑㄩㄝˋ
門檻,1,ㄇㄣˊ ㄎㄢˇ
門框,1,ㄇㄣˊ ㄎㄨㄤ
門戶,1,ㄇㄣˊ ㄏㄨˋ
門戶開放政策,1,ㄇㄣˊ ㄏㄨˋ ㄎㄞ ㄈㄤˋ ㄓㄥˋ ㄘㄜˋ
門戶之見,1,ㄇㄣˊ ㄏㄨˋ ㄓ ㄐㄧㄢˋ
門禁,1,ㄇㄣˊ ㄐㄧㄣˋ
門徑,1,ㄇㄣˊ ㄐㄧㄥˋ
門診,1,ㄇㄣˊ ㄓㄣˇ
門市,1,ㄇㄣˊ ㄕˋ
門神,1,ㄇㄣˊ ㄕㄣˊ
門生,1,ㄇㄣˊ ㄕㄥ
門閂,1,ㄇㄣˊ ㄕㄨㄢ
門人,1,ㄇㄣˊ ㄖㄣˊ
門牙,1,ㄇㄣˊ ㄧㄚˊ
門外漢,1,ㄇㄣˊ ㄨㄞˋ ㄏㄢˋ
們,1,ㄇㄣˊ
捫,1,ㄇㄣˊ
捫心自問,1,ㄇㄣˊ ㄒㄧㄣ ㄗˋ ㄨㄣˋ
悶,1,ㄇㄣˋ
悶悶不樂,1,ㄇㄣˋ ㄇㄣˋ ㄅㄨˋ ㄌㄜˋ
悶悶不樂,1,ㄇㄣˋ ㄇㄣˋ ㄅㄨˊ ㄌㄜˋ
悶雷,1,ㄇㄣ ㄌㄟˊ
悶棍,1,ㄇㄣ ㄍㄨㄣˋ
悶虧,1,ㄇㄣ ㄎㄨㄟ
悶葫蘆,1,ㄇㄣ ㄏㄨˊ ㄌㄨˊ
悶葫蘆,1,ㄇㄣ ㄏㄨˊ ㄌㄨ˙
悶酒,1,ㄇㄣˋ ㄐㄧㄡˇ
悶氣,1,ㄇㄣˋ ㄑㄧˋ
燜,1,ㄇㄣˋ
懣,1,ㄇㄣˋ
忙,1,ㄇㄤˊ
忙不迭地,1,ㄇㄤˊ ㄅㄨˋ ㄉㄧㄝˊ ㄉㄜ˙
忙忙碌碌,1,ㄇㄤˊ ㄇㄤˊ ㄌㄨˋ ㄌㄨˋ
忙得不可開交,1,ㄇㄤˊ ㄉㄜ˙ ㄅㄨˋ ㄎㄜˇ ㄎㄞ ㄐㄧㄠ
忙裡偷閒,1,ㄇㄤˊ ㄌㄧˇ ㄊㄡ ㄒㄧㄢˊ
忙碌,1,ㄇㄤˊ ㄌㄨˋ
忙亂,1,ㄇㄤˊ ㄌㄨㄢˋ
忙中有錯,1,ㄇㄤˊ ㄓㄨㄥ ㄧㄡˇ ㄘㄨㄛˋ
芒,1,ㄇㄤˊ
芒果,1,ㄇㄤˊ ㄍㄨㄛˇ
芒種,1,ㄇㄤˊ ㄓㄨㄥˋ
芒刺在背,1,ㄇㄤˊ ㄘˋ ㄗㄞˋ ㄅㄟˋ
芒草,1,ㄇㄤˊ ㄘㄠˇ
盲,1,ㄇㄤˊ
盲胞,1,ㄇㄤˊ ㄅㄠ
盲目,1,ㄇㄤˊ ㄇㄨˋ
盲點,1,ㄇㄤˊ ㄉㄧㄢˇ
盲腸,1,ㄇㄤˊ ㄔㄤˊ
盲腸炎,1,ㄇㄤˊ ㄔㄤˊ ㄧㄢˊ
盲人,1,ㄇㄤˊ ㄖㄣˊ
盲人摸象,1,ㄇㄤˊ ㄖㄣˊ ㄇㄛ ㄒㄧㄤˋ
盲從,1,ㄇㄤˊ ㄘㄨㄥˊ
氓,1,ㄇㄤˊ
茫,1,ㄇㄤˊ
茫茫,1,ㄇㄤˊ ㄇㄤˊ
茫然,1,ㄇㄤˊ ㄖㄢˊ
茫無頭緒,1,ㄇㄤˊ ㄨˊ ㄊㄡˊ ㄒㄩˋ
莽,1,ㄇㄤˇ
莽莽撞撞,1,ㄇㄤˇ ㄇㄤˇ ㄓㄨㄤˋ ㄓㄨㄤˋ
莽漢,1,ㄇㄤˇ ㄏㄢˋ
莽撞,1,ㄇㄤˇ ㄓㄨㄤˋ
莽原,1,ㄇㄤˇ ㄩㄢˊ
蟒,1,ㄇㄤˇ
蟒蛇,1,ㄇㄤˇ ㄕㄜˊ
矇,1,ㄇㄥ
矇蔽,1,ㄇㄥ ㄅㄧˋ
矇騙,1,ㄇㄥ ㄆㄧㄢˋ
矇矇亮,1,ㄇㄥˊ ㄇㄥˊ ㄌㄧㄤˋ
矇矇亮,1,ㄇㄥ ㄇㄥ ㄌㄧㄤˋ
矇混,1,ㄇㄥ ㄏㄨㄣˋ
氓,1,ㄇㄥˊ
虻,1,ㄇㄥˊ
萌,1,ㄇㄥˊ
萌發,1,ㄇㄥˊ ㄈㄚ
萌生,1,ㄇㄥˊ ㄕㄥ
萌芽,1,ㄇㄥˊ ㄧㄚˊ
盟,1,ㄇㄥˊ
盟邦,1,ㄇㄥˊ ㄅㄤ
盟國,1,ㄇㄥˊ ㄍㄨㄛˊ
盟軍,1,ㄇㄥˊ ㄐㄩㄣ
盟主,1,ㄇㄥˊ ㄓㄨˇ
盟友,1,ㄇㄥˊ ㄧㄡˇ
盟約,1,ㄇㄥˊ ㄩㄝ
蒙,1,ㄇㄥˊ
蒙蔽,1,ㄇㄥˊ ㄅㄧˋ
蒙昧,1,ㄇㄥˊ ㄇㄟˋ
蒙面,1,ㄇㄥˊ ㄇㄧㄢˋ
蒙太奇,1,ㄇㄥˊ ㄊㄞˋ ㄑㄧˊ
蒙頭,1,ㄇㄥˊ ㄊㄡˊ
蒙難,1,ㄇㄥˊ ㄋㄢˋ
蒙古包,1,ㄇㄥˊ ㄍㄨˇ ㄅㄠ
蒙汗藥,1,ㄇㄥˊ ㄏㄢˋ ㄧㄠˋ
蒙混,1,ㄇㄥˊ ㄏㄨㄣˋ
蒙羞,1,ㄇㄥˊ ㄒㄧㄡ
蒙住,1,ㄇㄥˊ ㄓㄨˋ
蒙塵,1,ㄇㄥˊ ㄔㄣˊ
蒙受,1,ㄇㄥˊ ㄕㄡˋ
蒙在鼓裡,1,ㄇㄥˊ ㄗㄞˋ ㄍㄨˇ ㄌㄧˇ
蒙恩,1,ㄇㄥˊ ㄣ
蒙冤,1,ㄇㄥˊ ㄩㄢ
濛,1,ㄇㄥˊ
濛濛,1,ㄇㄥˊ ㄇㄥˊ
幪,1,ㄇㄥˊ
檬,1,ㄇㄥˊ
朦,1,ㄇㄥˊ
朦朧,1,ㄇㄥˊ ㄌㄨㄥˊ
矇,1,ㄇㄥˊ
矇矓,1,ㄇㄥˊ ㄌㄨㄥˊ
甍,1,ㄇㄥˊ
懵,1,ㄇㄥˊ
懵懵懂懂,1,ㄇㄥˊ ㄇㄥˊ ㄉㄨㄥˇ ㄉㄨㄥˇ
懵然,1,ㄇㄥˊ ㄖㄢˊ
猛,1,ㄇㄥˇ
猛烈,1,ㄇㄥˇ ㄌㄧㄝˋ
猛攻,1,ㄇㄥˇ ㄍㄨㄥ
猛虎,1,ㄇㄥˇ ㄏㄨˇ
猛進,1,ㄇㄥˇ ㄐㄧㄣˋ
猛將,1,ㄇㄥˇ ㄐㄧㄤˋ
猛禽,1,ㄇㄥˇ ㄑㄧㄣˊ
猛獸,1,ㄇㄥˇ ㄕㄡˋ
猛然,1,ㄇㄥˇ ㄖㄢˊ
蜢,1,ㄇㄥˇ
艋,1,ㄇㄥˇ
艋舺,1,ㄇㄥˇ ㄐㄧㄚˇ
錳,1,ㄇㄥˇ
孟,1,ㄇㄥˋ
孟母三遷,1,ㄇㄥˋ ㄇㄨˇ ㄙㄢ ㄑㄧㄢ
孟冬,1,ㄇㄥˋ ㄉㄨㄥ
孟秋,1,ㄇㄥˋ ㄑㄧㄡ
孟夏,1,ㄇㄥˋ ㄒㄧㄚˋ
孟春,1,ㄇㄥˋ ㄔㄨㄣ
夢,1,ㄇㄥˋ
夢寐以求,1,ㄇㄥˋ ㄇㄟˋ ㄧˇ ㄑㄧㄡˊ
夢話,1,ㄇㄥˋ ㄏㄨㄚˋ
夢幻,1,ㄇㄥˋ ㄏㄨㄢˋ
夢見,1,ㄇㄥˋ ㄐㄧㄢˋ
夢境,1,ㄇㄥˋ ㄐㄧㄥˋ
夢鄉,1,ㄇㄥˋ ㄒㄧㄤ
夢想,1,ㄇㄥˋ ㄒㄧㄤˇ
夢想成真,1,ㄇㄥˋ ㄒㄧㄤˇ ㄔㄥˊ ㄓㄣ
夢兆,1,ㄇㄥˋ ㄓㄠˋ
夢遺,1,ㄇㄥˋ ㄧˊ
夢囈,1,ㄇㄥˋ ㄧˋ
夢遊,1,ㄇㄥˋ ㄧㄡˊ
夢魘,1,ㄇㄥˋ ㄧㄢˇ
咪,1,ㄇㄧ
咪咪,1,ㄇㄧ ㄇㄧ
瞇,1,ㄇㄧ
瞇眼,1,ㄇㄧ ㄧㄢˇ
迷,1,ㄇㄧˊ
迷茫,1,ㄇㄧˊ ㄇㄤˊ
迷濛,1,ㄇㄧˊ ㄇㄥˊ
迷夢,1,ㄇㄧˊ ㄇㄥˋ
迷迷糊糊,1,ㄇㄧˊ ㄇㄧˊ ㄏㄨˊ ㄏㄨˊ
迷途,1,ㄇㄧˊ ㄊㄨˊ
迷途知返,1,ㄇㄧˊ ㄊㄨˊ ㄓ ㄈㄢˇ
迷你,1,ㄇㄧˊ ㄋㄧˇ
迷你裙,1,ㄇㄧˊ ㄋㄧˇ ㄑㄩㄣˊ
迷離,1,ㄇㄧˊ ㄌㄧˊ
迷戀,1,ㄇㄧˊ ㄌㄧㄢˋ
迷路,1,ㄇㄧˊ ㄌㄨˋ
迷亂,1,ㄇㄧˊ ㄌㄨㄢˋ
迷宮,1,ㄇㄧˊ ㄍㄨㄥ
迷航,1,ㄇㄧˊ ㄏㄤˊ
迷糊,1,ㄇㄧˊ ㄏㄨˊ
迷惑,1,ㄇㄧˊ ㄏㄨㄛˋ
迷幻藥,1,ㄇㄧˊ ㄏㄨㄢˋ ㄧㄠˋ
迷魂,1,ㄇㄧˊ ㄏㄨㄣˊ
迷魂湯,1,ㄇㄧˊ ㄏㄨㄣˊ ㄊㄤ
迷津,1,ㄇㄧˊ ㄐㄧㄣ
迷信,1,ㄇㄧˊ ㄒㄧㄣˋ
迷失,1,ㄇㄧˊ ㄕ
迷人,1,ㄇㄧˊ ㄖㄣˊ
迷思,1,ㄇㄧˊ ㄙ
迷霧,1,ㄇㄧˊ ㄨˋ
迷惘,1,ㄇㄧˊ ㄨㄤˇ
謎,1,ㄇㄧˊ
謎底,1,ㄇㄧˊ ㄉㄧˇ
謎題,1,ㄇㄧˊ ㄊㄧˊ
謎團,1,ㄇㄧˊ ㄊㄨㄢˊ
謎語,1,ㄇㄧˊ ㄩˇ
醚,1,ㄇㄧˊ
糜,1,ㄇㄧˊ
糜爛,1,ㄇㄧˊ ㄌㄢˋ
麋,1,ㄇㄧˊ
麋鹿,1,ㄇㄧˊ ㄌㄨˋ
彌,1,ㄇㄧˊ
彌補,1,ㄇㄧˊ ㄅㄨˇ
彌漫,1,ㄇㄧˊ ㄇㄢˋ
彌封,1,ㄇㄧˊ ㄈㄥ
彌留,1,ㄇㄧˊ ㄌㄧㄡˊ
彌足珍貴,1,ㄇㄧˊ ㄗㄨˊ ㄓㄣ ㄍㄨㄟˋ
彌撒,1,ㄇㄧˊ ㄙㄚ
彌撒曲,1,ㄇㄧˊ ㄙㄚ ㄑㄩˇ
彌賽亞,1,ㄇㄧˊ ㄙㄞˋ ㄧㄚˋ
彌月,1,ㄇㄧˊ ㄩㄝˋ
瀰,1,ㄇㄧˊ
瀰漫,1,ㄇㄧˊ ㄇㄢˋ
獼,1,ㄇㄧˊ
獼猴,1,ㄇㄧˊ ㄏㄡˊ
靡,1,ㄇㄧˊ
靡爛,1,ㄇㄧˊ ㄌㄢˋ
米,1,ㄇㄧˇ
米飯,1,ㄇㄧˇ ㄈㄢˋ
米粉,1,ㄇㄧˇ ㄈㄣˇ
米粒,1,ㄇㄧˇ ㄌㄧˋ
米糧,1,ㄇㄧˇ ㄌㄧㄤˊ
米酒,1,ㄇㄧˇ ㄐㄧㄡˇ
米漿,1,ㄇㄧˇ ㄐㄧㄤ
米蟲,1,ㄇㄧˇ ㄔㄨㄥˊ
米壽,1,ㄇㄧˇ ㄕㄡˋ
米色,1,ㄇㄧˇ ㄙㄜˋ
敉,1,ㄇㄧˇ
敉平,1,ㄇㄧˇ ㄆㄧㄥˊ
弭,1,ㄇㄧˇ
弭兵,1,ㄇㄧˇ ㄅㄧㄥ
弭平,1,ㄇㄧˇ ㄆㄧㄥˊ
靡,1,ㄇㄧˇ
靡靡之音,1,ㄇㄧˇ ㄇㄧˇ ㄓ ㄧㄣ
糸,1,ㄇㄧˋ
汨,1,ㄇㄧˋ
汨羅江,1,ㄇㄧˋ ㄌㄨㄛˊ ㄐㄧㄤ
泌,1,ㄇㄧˋ
泌尿,1,ㄇㄧˋ ㄋㄧㄠˋ
泌尿器,1,ㄇㄧˋ ㄋㄧㄠˋ ㄑㄧˋ
祕,1,ㄇㄧˋ
祕密,1,ㄇㄧˋ ㄇㄧˋ
祕密證人,1,ㄇㄧˋ ㄇㄧˋ ㄓㄥˋ ㄖㄣˊ
祕方,1,ㄇㄧˋ ㄈㄤ
祕訪,1,ㄇㄧˋ ㄈㄤˇ
祕探,1,ㄇㄧˋ ㄊㄢˋ
祕笈,1,ㄇㄧˋ ㄐㄧˊ
祕訣,1,ㄇㄧˋ ㄐㄩㄝˊ
祕辛,1,ㄇㄧˋ ㄒㄧㄣ
祕書,1,ㄇㄧˋ ㄕㄨ
祕而不宣,1,ㄇㄧˋ ㄦˊ ㄅㄨˋ ㄒㄩㄢ
秘,1,ㄇㄧˋ
密,1,ㄇㄧˋ
密報,1,ㄇㄧˋ ㄅㄠˋ
密閉,1,ㄇㄧˋ ㄅㄧˋ
密不透風,1,ㄇㄧˋ ㄅㄨˋ ㄊㄡˋ ㄈㄥ
密不透風,1,ㄇㄧˋ ㄅㄨˊ ㄊㄡˋ ㄈㄥ
密不可分,1,ㄇㄧˋ ㄅㄨˋ ㄎㄜˇ ㄈㄣ
密布,1,ㄇㄧˋ ㄅㄨˋ
密碼,1,ㄇㄧˋ ㄇㄚˇ
密謀,1,ㄇㄧˋ ㄇㄡˊ
密密麻麻,1,ㄇㄧˋ ㄇㄧˋ ㄇㄚˊ ㄇㄚˊ
密訪,1,ㄇㄧˋ ㄈㄤˇ
密封,1,ㄇㄧˋ ㄈㄥ
密電,1,ㄇㄧˋ ㄉㄧㄢˋ
密度,1,ㄇㄧˋ ㄉㄨˋ
密談,1,ㄇㄧˋ ㄊㄢˊ
密探,1,ㄇㄧˋ ㄊㄢˋ
密令,1,ㄇㄧˋ ㄌㄧㄥˋ
密告,1,ㄇㄧˋ ㄍㄠˋ
密合,1,ㄇㄧˋ ㄏㄜˊ
密函,1,ㄇㄧˋ ㄏㄢˊ
密集,1,ㄇㄧˋ ㄐㄧˊ
密件,1,ㄇㄧˋ ㄐㄧㄢˋ
密切,1,ㄇㄧˋ ㄑㄧㄝˋ
密使,1,ㄇㄧˋ ㄕˇ
密室,1,ㄇㄧˋ ㄕˋ
密商,1,ㄇㄧˋ ㄕㄤ
密醫,1,ㄇㄧˋ ㄧ
密友,1,ㄇㄧˋ ㄧㄡˇ
密約,1,ㄇㄧˋ ㄩㄝ
蜜,1,ㄇㄧˋ
蜜蜂,1,ㄇㄧˋ ㄈㄥ
蜜餞,1,ㄇㄧˋ ㄐㄧㄢˋ
蜜月,1,ㄇㄧˋ ㄩㄝˋ
謐,1,ㄇㄧˋ
覓,1,ㄇㄧˋ
覓食,1,ㄇㄧˋ ㄕˊ
冪,1,ㄇㄧˋ
乜,1,ㄇㄧㄝ
咩,1,ㄇㄧㄝ
滅,1,ㄇㄧㄝˋ
滅門血案,1,ㄇㄧㄝˋ ㄇㄣˊ ㄒㄧㄝˇ ㄢˋ
滅頂,1,ㄇㄧㄝˋ ㄉㄧㄥˇ
滅口,1,ㄇㄧㄝˋ ㄎㄡˇ
滅火器,1,ㄇㄧㄝˋ ㄏㄨㄛˇ ㄑㄧˋ
滅跡,1,ㄇㄧㄝˋ ㄐㄧ
滅絕,1,ㄇㄧㄝˋ ㄐㄩㄝˊ
滅種,1,ㄇㄧㄝˋ ㄓㄨㄥˇ
滅亡,1,ㄇㄧㄝˋ ㄨㄤˊ
蔑,1,ㄇㄧㄝˋ
蔑視,1,ㄇㄧㄝˋ ㄕˋ
篾,1,ㄇㄧㄝˋ
衊,1,ㄇㄧㄝˋ
喵,1,ㄇㄧㄠ
苗,1,ㄇㄧㄠˊ
苗圃,1,ㄇㄧㄠˊ ㄆㄨˇ
苗頭,1,ㄇㄧㄠˊ ㄊㄡ˙
苗條,1,ㄇㄧㄠˊ ㄊㄧㄠˊ
苗而不秀,1,ㄇㄧㄠˊ ㄦˊ ㄅㄨˋ ㄒㄧㄡˋ
苗而不秀,1,ㄇㄧㄠˊ ㄦˊ ㄅㄨˊ ㄒㄧㄡˋ
描,1,ㄇㄧㄠˊ
描摹,1,ㄇㄧㄠˊ ㄇㄛˊ
描繪,1,ㄇㄧㄠˊ ㄏㄨㄟˋ
描紅,1,ㄇㄧㄠˊ ㄏㄨㄥˊ
描寫,1,ㄇㄧㄠˊ ㄒㄧㄝˇ
描述,1,ㄇㄧㄠˊ ㄕㄨˋ
瞄,1,ㄇㄧㄠˊ
瞄準,1,ㄇㄧㄠˊ ㄓㄨㄣˇ
杪,1,ㄇㄧㄠˇ
眇,1,ㄇㄧㄠˇ
眇小,1,ㄇㄧㄠˇ ㄒㄧㄠˇ
秒,1,ㄇㄧㄠˇ
渺,1,ㄇㄧㄠˇ
渺茫,1,ㄇㄧㄠˇ ㄇㄤˊ
渺渺,1,ㄇㄧㄠˇ ㄇㄧㄠˇ
渺小,1,ㄇㄧㄠˇ ㄒㄧㄠˇ
緲,1,ㄇㄧㄠˇ
淼,1,ㄇㄧㄠˇ
藐,1,ㄇㄧㄠˇ
藐不可測,1,ㄇㄧㄠˇ ㄅㄨˋ ㄎㄜˇ ㄘㄜˋ
藐小,1,ㄇㄧㄠˇ ㄒㄧㄠˇ
藐視,1,ㄇㄧㄠˇ ㄕˋ
邈,1,ㄇㄧㄠˇ
妙,1,ㄇㄧㄠˋ
妙不可言,1,ㄇㄧㄠˋ ㄅㄨˋ ㄎㄜˇ ㄧㄢˊ
妙法,1,ㄇㄧㄠˋ ㄈㄚˇ
妙方,1,ㄇㄧㄠˋ ㄈㄤ
妙齡,1,ㄇㄧㄠˋ ㄌㄧㄥˊ
妙齡女郎,1,ㄇㄧㄠˋ ㄌㄧㄥˊ ㄋㄩˇ ㄌㄤˊ
妙論,1,ㄇㄧㄠˋ ㄌㄨㄣˋ
妙計,1,ㄇㄧㄠˋ ㄐㄧˋ
妙趣,1,ㄇㄧㄠˋ ㄑㄩˋ
妙趣橫生,1,ㄇㄧㄠˋ ㄑㄩˋ ㄏㄥˊ ㄕㄥ
妙招,1,ㄇㄧㄠˋ ㄓㄠ
妙處,1,ㄇㄧㄠˋ ㄔㄨˋ
妙事,1,ㄇㄧㄠˋ ㄕˋ
妙手空空,1,ㄇㄧㄠˋ ㄕㄡˇ ㄎㄨㄥ ㄎㄨㄥ
妙手回春,1,ㄇㄧㄠˋ ㄕㄡˇ ㄏㄨㄟˊ ㄔㄨㄣ
妙策,1,ㄇㄧㄠˋ ㄘㄜˋ
妙語如珠,1,ㄇㄧㄠˋ ㄩˇ ㄖㄨˊ ㄓㄨ
妙喻,1,ㄇㄧㄠˋ ㄩˋ
妙用,1,ㄇㄧㄠˋ ㄩㄥˋ
廟,1,ㄇㄧㄠˋ
廟堂,1,ㄇㄧㄠˋ ㄊㄤˊ
廟號,1,ㄇㄧㄠˋ ㄏㄠˋ
廟會,1,ㄇㄧㄠˋ ㄏㄨㄟˋ
廟祝,1,ㄇㄧㄠˋ ㄓㄨˋ
廟宇,1,ㄇㄧㄠˋ ㄩˇ
繆,1,ㄇㄧㄠˋ
繆,1,ㄇㄧㄡˋ
謬,1,ㄇㄧㄡˋ
謬論,1,ㄇㄧㄡˋ ㄌㄨㄣˋ
謬誤,1,ㄇㄧㄡˋ ㄨˋ
眠,1,ㄇㄧㄢˊ
棉,1,ㄇㄧㄢˊ
棉薄之力,1,ㄇㄧㄢˊ ㄅㄛˊ ㄓ ㄌㄧˋ
棉被,1,ㄇㄧㄢˊ ㄅㄟˋ
棉布,1,ㄇㄧㄢˊ ㄅㄨˋ
棉紡,1,ㄇㄧㄢˊ ㄈㄤˇ
棉花糖,1,ㄇㄧㄢˊ ㄏㄨㄚ ㄊㄤˊ
棉花,1,ㄇㄧㄢˊ ㄏㄨㄚ
棉球,1,ㄇㄧㄢˊ ㄑㄧㄡˊ
棉線,1,ㄇㄧㄢˊ ㄒㄧㄢˋ
棉絮,1,ㄇㄧㄢˊ ㄒㄩˋ
棉紙,1,ㄇㄧㄢˊ ㄓˇ
棉紗,1,ㄇㄧㄢˊ ㄕㄚ
棉襖,1,ㄇㄧㄢˊ ㄠˇ
綿,1,ㄇㄧㄢˊ
綿密,1,ㄇㄧㄢˊ ㄇㄧˋ
綿綿,1,ㄇㄧㄢˊ ㄇㄧㄢˊ
綿裡針,1,ㄇㄧㄢˊ ㄌㄧˇ ㄓㄣ
綿亙,1,ㄇㄧㄢˊ ㄍㄣˋ
綿長,1,ㄇㄧㄢˊ ㄔㄤˊ
綿延,1,ㄇㄧㄢˊ ㄧㄢˊ
綿羊,1,ㄇㄧㄢˊ ㄧㄤˊ
丏,1,ㄇㄧㄢˇ
眄,1,ㄇㄧㄢˇ
免,1,ㄇㄧㄢˇ
免不了,1,ㄇㄧㄢˇ ㄅㄨˋ ㄌㄧㄠˇ
免費,1,ㄇㄧㄢˇ ㄈㄟˋ
免費軟體,1,ㄇㄧㄢˇ ㄈㄟˋ ㄖㄨㄢˇ ㄊㄧˇ
免得,1,ㄇㄧㄢˇ ㄉㄜ˙
免談,1,ㄇㄧㄢˇ ㄊㄢˊ
免禮,1,ㄇㄧㄢˇ ㄌㄧˇ
免卻,1,ㄇㄧㄢˇ ㄑㄩㄝˋ
免職,1,ㄇㄧㄢˇ ㄓˊ
免除,1,ㄇㄧㄢˇ ㄔㄨˊ
免試,1,ㄇㄧㄢˇ ㄕˋ
免稅,1,ㄇㄧㄢˇ ㄕㄨㄟˋ
免稅商店,1,ㄇㄧㄢˇ ㄕㄨㄟˋ ㄕㄤ ㄉㄧㄢˋ
免責權,1,ㄇㄧㄢˇ ㄗㄜˊ ㄑㄩㄢˊ
免俗,1,ㄇㄧㄢˇ ㄙㄨˊ
免役,1,ㄇㄧㄢˇ ㄧˋ
免疫,1,ㄇㄧㄢˇ ㄧˋ
俛,1,ㄇㄧㄢˇ
勉,1,ㄇㄧㄢˇ
勉力,1,ㄇㄧㄢˇ ㄌㄧˋ
勉勵,1,ㄇㄧㄢˇ ㄌㄧˋ
勉強,1,ㄇㄧㄢˇ ㄑㄧㄤˇ
勉為其難,1,ㄇㄧㄢˇ ㄨㄟˊ ㄑㄧˊ ㄋㄢˊ
娩,1,ㄇㄧㄢˇ
冕,1,ㄇㄧㄢˇ
湎,1,ㄇㄧㄢˇ
緬,1,ㄇㄧㄢˇ
緬懷,1,ㄇㄧㄢˇ ㄏㄨㄞˊ
靦,1,ㄇㄧㄢˇ
靦腆,1,ㄇㄧㄢˇ ㄊㄧㄢˇ
面,1,ㄇㄧㄢˋ
面板,1,ㄇㄧㄢˋ ㄅㄢˇ
面壁,1,ㄇㄧㄢˋ ㄅㄧˋ
面壁思過,1,ㄇㄧㄢˋ ㄅㄧˋ ㄙ ㄍㄨㄛˋ
面不改色,1,ㄇㄧㄢˋ ㄅㄨˋ ㄍㄞˇ ㄙㄜˋ
面部,1,ㄇㄧㄢˋ ㄅㄨˋ
面皰,1,ㄇㄧㄢˋ ㄆㄠˋ
面皮,1,ㄇㄧㄢˋ ㄆㄧˊ
面貌,1,ㄇㄧㄢˋ ㄇㄠˋ
面面,1,ㄇㄧㄢˋ ㄇㄧㄢˋ
面面俱到,1,ㄇㄧㄢˋ ㄇㄧㄢˋ ㄐㄩˋ ㄉㄠˋ
面面相覷,1,ㄇㄧㄢˋ ㄇㄧㄢˋ ㄒㄧㄤ ㄑㄩˋ
面目,1,ㄇㄧㄢˋ ㄇㄨˋ
面目可憎,1,ㄇㄧㄢˋ ㄇㄨˋ ㄎㄜˇ ㄗㄥ
面目全非,1,ㄇㄧㄢˋ ㄇㄨˋ ㄑㄩㄢˊ ㄈㄟ
面目一新,1,ㄇㄧㄢˋ ㄇㄨˋ ㄧ ㄒㄧㄣ
面目一新,1,ㄇㄧㄢˋ ㄇㄨˋ ㄧˋ ㄒㄧㄣ
面對,1,ㄇㄧㄢˋ ㄉㄨㄟˋ
面談,1,ㄇㄧㄢˋ ㄊㄢˊ
面臨,1,ㄇㄧㄢˋ ㄌㄧㄣˊ
面告,1,ㄇㄧㄢˋ ㄍㄠˋ
面孔,1,ㄇㄧㄢˋ ㄎㄨㄥˇ
面黃肌瘦,1,ㄇㄧㄢˋ ㄏㄨㄤˊ ㄐㄧ ㄕㄡˋ
面紅耳赤,1,ㄇㄧㄢˋ ㄏㄨㄥˊ ㄦˇ ㄔˋ
面積,1,ㄇㄧㄢˋ ㄐㄧ
面頰,1,ㄇㄧㄢˋ ㄐㄧㄚˊ
面具,1,ㄇㄧㄢˋ ㄐㄩˋ
面洽,1,ㄇㄧㄢˋ ㄑㄧㄚˋ
面前,1,ㄇㄧㄢˋ ㄑㄧㄢˊ
面相,1,ㄇㄧㄢˋ ㄒㄧㄤˋ
面值,1,ㄇㄧㄢˋ ㄓˊ
面紙,1,ㄇㄧㄢˋ ㄓˇ
面罩,1,ㄇㄧㄢˋ ㄓㄠˋ
面陳,1,ㄇㄧㄢˋ ㄔㄣˊ
面呈,1,ㄇㄧㄢˋ ㄔㄥˊ
面試,1,ㄇㄧㄢˋ ㄕˋ
面紗,1,ㄇㄧㄢˋ ㄕㄚ
面熟,1,ㄇㄧㄢˋ ㄕㄡˊ
面授機宜,1,ㄇㄧㄢˋ ㄕㄡˋ ㄐㄧ ㄧˊ
面善,1,ㄇㄧㄢˋ ㄕㄢˋ
面善心惡,1,ㄇㄧㄢˋ ㄕㄢˋ ㄒㄧㄣ ㄜˋ
面霜,1,ㄇㄧㄢˋ ㄕㄨㄤ
面容,1,ㄇㄧㄢˋ ㄖㄨㄥˊ
面子,1,ㄇㄧㄢˋ ㄗ˙
面色,1,ㄇㄧㄢˋ ㄙㄜˋ
面額,1,ㄇㄧㄢˋ ㄜˊ
面惡心善,1,ㄇㄧㄢˋ ㄜˋ ㄒㄧㄣ ㄕㄢˋ
面邀,1,ㄇㄧㄢˋ ㄧㄠ
面無血色,1,ㄇㄧㄢˋ ㄨˊ ㄒㄧㄝˇ ㄙㄜˋ
面允,1,ㄇㄧㄢˋ ㄩㄣˇ
麵,1,ㄇㄧㄢˋ
麵包,1,ㄇㄧㄢˋ ㄅㄠ
麵粉,1,ㄇㄧㄢˋ ㄈㄣˇ
麵條,1,ㄇㄧㄢˋ ㄊㄧㄠˊ
麵疙瘩,1,ㄇㄧㄢˋ ㄍㄜ ㄉㄚˊ
麵疙瘩,1,ㄇㄧㄢˋ ㄍㄜ ㄉㄚ˙
麵糊,1,ㄇㄧㄢˋ ㄏㄨˊ
麵筋,1,ㄇㄧㄢˋ ㄐㄧㄣ
麵線,1,ㄇㄧㄢˋ ㄒㄧㄢˋ
麵茶,1,ㄇㄧㄢˋ ㄔㄚˊ
麵食,1,ㄇㄧㄢˋ ㄕˊ
瞑,1,ㄇㄧㄢˋ
民,1,ㄇㄧㄣˊ
民胞物與,1,ㄇㄧㄣˊ ㄅㄠ ㄨˋ ㄩˇ
民兵,1,ㄇㄧㄣˊ ㄅㄧㄥ
民不聊生,1,ㄇㄧㄣˊ ㄅㄨˋ ㄌㄧㄠˊ ㄕㄥ
民法,1,ㄇㄧㄣˊ ㄈㄚˇ
民憤,1,ㄇㄧㄣˊ ㄈㄣˋ
民防,1,ㄇㄧㄣˊ ㄈㄤˊ
民房,1,ㄇㄧㄣˊ ㄈㄤˊ
民風,1,ㄇㄧㄣˊ ㄈㄥ
民代,1,ㄇㄧㄣˊ ㄉㄞˋ
民歌,1,ㄇㄧㄣˊ ㄍㄜ
民國,1,ㄇㄧㄣˊ ㄍㄨㄛˊ
民康物阜,1,ㄇㄧㄣˊ ㄎㄤ ㄨˋ ㄈㄨˋ
民航,1,ㄇㄧㄣˊ ㄏㄤˊ
民間,1,ㄇㄧㄣˊ ㄐㄧㄢ
民間團體,1,ㄇㄧㄣˊ ㄐㄧㄢ ㄊㄨㄢˊ ㄊㄧˇ
民間文學,1,ㄇㄧㄣˊ ㄐㄧㄢ ㄨㄣˊ ㄒㄩㄝˊ
民氣,1,ㄇㄧㄣˊ ㄑㄧˋ
民情,1,ㄇㄧㄣˊ ㄑㄧㄥˊ
民權,1,ㄇㄧㄣˊ ㄑㄩㄢˊ
民權主義,1,ㄇㄧㄣˊ ㄑㄩㄢˊ ㄓㄨˇ ㄧˋ
民心,1,ㄇㄧㄣˊ ㄒㄧㄣ
民享,1,ㄇㄧㄣˊ ㄒㄧㄤˇ
民選,1,ㄇㄧㄣˊ ㄒㄩㄢˇ
民脂民膏,1,ㄇㄧㄣˊ ㄓ ㄇㄧㄣˊ ㄍㄠ
民治,1,ㄇㄧㄣˊ ㄓˋ
民智,1,ㄇㄧㄣˊ ㄓˋ
民宅,1,ㄇㄧㄣˊ ㄓㄞˊ
民政,1,ㄇㄧㄣˊ ㄓㄥˋ
民主,1,ㄇㄧㄣˊ ㄓㄨˇ
民主國家,1,ㄇㄧㄣˊ ㄓㄨˇ ㄍㄨㄛˊ ㄐㄧㄚ
民主化,1,ㄇㄧㄣˊ ㄓㄨˇ ㄏㄨㄚˋ
民主政治,1,ㄇㄧㄣˊ ㄓㄨˇ ㄓㄥˋ ㄓˋ
民眾,1,ㄇㄧㄣˊ ㄓㄨㄥˋ
民初,1,ㄇㄧㄣˊ ㄔㄨ
民船,1,ㄇㄧㄣˊ ㄔㄨㄢˊ
民事,1,ㄇㄧㄣˊ ㄕˋ
民事訴訟,1,ㄇㄧㄣˊ ㄕˋ ㄙㄨˋ ㄙㄨㄥˋ
民生,1,ㄇㄧㄣˊ ㄕㄥ
民生凋敝,1,ㄇㄧㄣˊ ㄕㄥ ㄉㄧㄠ ㄅㄧˋ
民生主義,1,ㄇㄧㄣˊ ㄕㄥ ㄓㄨˇ ㄧˋ
民生問題,1,ㄇㄧㄣˊ ㄕㄥ ㄨㄣˋ ㄊㄧˊ
民族,1,ㄇㄧㄣˊ ㄗㄨˊ
民族主義,1,ㄇㄧㄣˊ ㄗㄨˊ ㄓㄨˇ ㄧˋ
民族意識,1,ㄇㄧㄣˊ ㄗㄨˊ ㄧˋ ㄕˋ
民族藝師,1,ㄇㄧㄣˊ ㄗㄨˊ ㄧˋ ㄕ
民俗,1,ㄇㄧㄣˊ ㄙㄨˊ
民意,1,ㄇㄧㄣˊ ㄧˋ
民意代表,1,ㄇㄧㄣˊ ㄧˋ ㄉㄞˋ ㄅㄧㄠˇ
民意調查,1,ㄇㄧㄣˊ ㄧˋ ㄉㄧㄠˋ ㄔㄚˊ
民意機關,1,ㄇㄧㄣˊ ㄧˋ ㄐㄧ ㄍㄨㄢ
民意測驗,1,ㄇㄧㄣˊ ㄧˋ ㄘㄜˋ ㄧㄢˋ
民謠,1,ㄇㄧㄣˊ ㄧㄠˊ
民有,1,ㄇㄧㄣˊ ㄧㄡˇ
民隱,1,ㄇㄧㄣˊ ㄧㄣˇ
民營,1,ㄇㄧㄣˊ ㄧㄥˊ
民惟邦本,1,ㄇㄧㄣˊ ㄨㄟˊ ㄅㄤ ㄅㄣˇ
民怨,1,ㄇㄧㄣˊ ㄩㄢˋ
民運,1,ㄇㄧㄣˊ ㄩㄣˋ
民用航空站,1,ㄇㄧㄣˊ ㄩㄥˋ ㄏㄤˊ ㄎㄨㄥ ㄓㄢˋ
民用機場,1,ㄇㄧㄣˊ ㄩㄥˋ ㄐㄧ ㄔㄤˇ
岷,1,ㄇㄧㄣˊ
岷江,1,ㄇㄧㄣˊ ㄐㄧㄤ
緡,1,ㄇㄧㄣˊ
旻,1,ㄇㄧㄣˊ
皿,1,ㄇㄧㄣˇ
泯,1,ㄇㄧㄣˇ
泯沒,1,ㄇㄧㄣˇ ㄇㄛˋ
泯滅,1,ㄇㄧㄣˇ ㄇㄧㄝˋ
抿,1,ㄇㄧㄣˇ
愍,1,ㄇㄧㄣˇ
敏,1,ㄇㄧㄣˇ
敏感,1,ㄇㄧㄣˇ ㄍㄢˇ
敏捷,1,ㄇㄧㄣˇ ㄐㄧㄝˊ
敏銳,1,ㄇㄧㄣˇ ㄖㄨㄟˋ
閔,1,ㄇㄧㄣˇ
憫,1,ㄇㄧㄣˇ
黽,1,ㄇㄧㄣˇ
黽勉,1,ㄇㄧㄣˇ ㄇㄧㄢˇ
澠,1,ㄇㄧㄣˇ
澠池,1,ㄇㄧㄣˇ ㄔˊ
閩,1,ㄇㄧㄣˇ
閩南語,1,ㄇㄧㄣˇ ㄋㄢˊ ㄩˇ
名,1,ㄇㄧㄥˊ
名不副實,1,ㄇㄧㄥˊ ㄅㄨˋ ㄈㄨˋ ㄕˊ
名不副實,1,ㄇㄧㄥˊ ㄅㄨˊ ㄈㄨˋ ㄕˊ
名不見經傳,1,ㄇㄧㄥˊ ㄅㄨˋ ㄐㄧㄢˋ ㄐㄧㄥ ㄓㄨㄢˋ
名不見經傳,1,ㄇㄧㄥˊ ㄅㄨˊ ㄐㄧㄢˋ ㄐㄧㄥ ㄓㄨㄢˋ
名不虛傳,1,ㄇㄧㄥˊ ㄅㄨˋ ㄒㄩ ㄔㄨㄢˊ
名簿,1,ㄇㄧㄥˊ ㄅㄨˋ
名牌,1,ㄇㄧㄥˊ ㄆㄞˊ
名片,1,ㄇㄧㄥˊ ㄆㄧㄢˋ
名滿天下,1,ㄇㄧㄥˊ ㄇㄢˇ ㄊㄧㄢ ㄒㄧㄚˋ
名門,1,ㄇㄧㄥˊ ㄇㄣˊ
名目,1,ㄇㄧㄥˊ ㄇㄨˋ
名分,1,ㄇㄧㄥˊ ㄈㄣˋ
名副其實,1,ㄇㄧㄥˊ ㄈㄨˋ ㄑㄧˊ ㄕˊ
名單,1,ㄇㄧㄥˊ ㄉㄢ
名堂,1,ㄇㄧㄥˊ ㄊㄤˊ
名利,1,ㄇㄧㄥˊ ㄌㄧˋ
名列榜首,1,ㄇㄧㄥˊ ㄌㄧㄝˋ ㄅㄤˇ ㄕㄡˇ
名列前茅,1,ㄇㄧㄥˊ ㄌㄧㄝˋ ㄑㄧㄢˊ ㄇㄠˊ
名流,1,ㄇㄧㄥˊ ㄌㄧㄡˊ
名伶,1,ㄇㄧㄥˊ ㄌㄧㄥˊ
名錄,1,ㄇㄧㄥˊ ㄌㄨˋ
名落孫山,1,ㄇㄧㄥˊ ㄌㄨㄛˋ ㄙㄨㄣ ㄕㄢ
名貴,1,ㄇㄧㄥˊ ㄍㄨㄟˋ
名號,1,ㄇㄧㄥˊ ㄏㄠˋ
名花有主,1,ㄇㄧㄥˊ ㄏㄨㄚ ㄧㄡˇ ㄓㄨˇ
名諱,1,ㄇㄧㄥˊ ㄏㄨㄟˋ
名家,1,ㄇㄧㄥˊ ㄐㄧㄚ
名節,1,ㄇㄧㄥˊ ㄐㄧㄝˊ
名韁利鎖,1,ㄇㄧㄥˊ ㄐㄧㄤ ㄌㄧˋ ㄙㄨㄛˇ
名句,1,ㄇㄧㄥˊ ㄐㄩˋ
名角,1,ㄇㄧㄥˊ ㄐㄩㄝˊ
名角,1,ㄇㄧㄥˊ ㄐㄧㄠˇ
名氣,1,ㄇㄧㄥˊ ㄑㄧˋ
名曲,1,ㄇㄧㄥˊ ㄑㄩˇ
名犬,1,ㄇㄧㄥˊ ㄑㄩㄢˇ
名下,1,ㄇㄧㄥˊ ㄒㄧㄚˋ
名正言順,1,ㄇㄧㄥˊ ㄓㄥˋ ㄧㄢˊ ㄕㄨㄣˋ
名著,1,ㄇㄧㄥˊ ㄓㄨˋ
名產,1,ㄇㄧㄥˊ ㄔㄢˇ
名稱,1,ㄇㄧㄥˊ ㄔㄥ
名垂青史,1,ㄇㄧㄥˊ ㄔㄨㄟˊ ㄑㄧㄥ ㄕˇ
名師,1,ㄇㄧㄥˊ ㄕ
名師出高徒,1,ㄇㄧㄥˊ ㄕ ㄔㄨ ㄍㄠ ㄊㄨˊ
名實相符,1,ㄇㄧㄥˊ ㄕˊ ㄒㄧㄤ ㄈㄨˊ
名士,1,ㄇㄧㄥˊ ㄕˋ
名士派,1,ㄇㄧㄥˊ ㄕˋ ㄆㄞˋ
名手,1,ㄇㄧㄥˊ ㄕㄡˇ
名山,1,ㄇㄧㄥˊ ㄕㄢ
名聲,1,ㄇㄧㄥˊ ㄕㄥ
名勝,1,ㄇㄧㄥˊ ㄕㄥˋ
名勝古蹟,1,ㄇㄧㄥˊ ㄕㄥˋ ㄍㄨˇ ㄐㄧ
名姝,1,ㄇㄧㄥˊ ㄕㄨ
名人,1,ㄇㄧㄥˊ ㄖㄣˊ
名字,1,ㄇㄧㄥˊ ㄗ˙
名噪一時,1,ㄇㄧㄥˊ ㄗㄠˋ ㄧ ㄕˊ
名噪一時,1,ㄇㄧㄥˊ ㄗㄠˋ ㄧˋ ㄕˊ
名嘴,1,ㄇㄧㄥˊ ㄗㄨㄟˇ
名詞,1,ㄇㄧㄥˊ ㄘˊ
名次,1,ㄇㄧㄥˊ ㄘˋ
名冊,1,ㄇㄧㄥˊ ㄘㄜˋ
名存實亡,1,ㄇㄧㄥˊ ㄘㄨㄣˊ ㄕˊ ㄨㄤˊ
名額,1,ㄇㄧㄥˊ ㄜˊ
名醫,1,ㄇㄧㄥˊ ㄧ
名義,1,ㄇㄧㄥˊ ㄧˋ
名言,1,ㄇㄧㄥˊ ㄧㄢˊ
名揚四海,1,ㄇㄧㄥˊ ㄧㄤˊ ㄙˋ ㄏㄞˇ
名位,1,ㄇㄧㄥˊ ㄨㄟˋ
名望,1,ㄇㄧㄥˊ ㄨㄤˋ
名譽,1,ㄇㄧㄥˊ ㄩˋ
名媛,1,ㄇㄧㄥˊ ㄩㄢˊ
茗,1,ㄇㄧㄥˊ
茗茶,1,ㄇㄧㄥˊ ㄔㄚˊ
酩,1,ㄇㄧㄥˊ
酩酊,1,ㄇㄧㄥˊ ㄉㄧㄥˇ
銘,1,ㄇㄧㄥˊ
銘感五內,1,ㄇㄧㄥˊ ㄍㄢˇ ㄨˇ ㄋㄟˋ
銘刻,1,ㄇㄧㄥˊ ㄎㄜˋ
銘記,1,ㄇㄧㄥˊ ㄐㄧˋ
銘記在心,1,ㄇㄧㄥˊ ㄐㄧˋ ㄗㄞˋ ㄒㄧㄣ
銘謝,1,ㄇㄧㄥˊ ㄒㄧㄝˋ
銘謝惠顧,1,ㄇㄧㄥˊ ㄒㄧㄝˋ ㄏㄨㄟˋ ㄍㄨˋ
明,1,ㄇㄧㄥˊ
明白,1,ㄇㄧㄥˊ ㄅㄞˊ
明辨,1,ㄇㄧㄥˊ ㄅㄧㄢˋ
明辨是非,1,ㄇㄧㄥˊ ㄅㄧㄢˋ ㄕˋ ㄈㄟ
明牌,1,ㄇㄧㄥˊ ㄆㄞˊ
明媒正娶,1,ㄇㄧㄥˊ ㄇㄟˊ ㄓㄥˋ ㄑㄩˇ
明媚,1,ㄇㄧㄥˊ ㄇㄟˋ
明眸皓齒,1,ㄇㄧㄥˊ ㄇㄡˊ ㄏㄠˋ ㄔˇ
明明,1,ㄇㄧㄥˊ ㄇㄧㄥˊ
明目張膽,1,ㄇㄧㄥˊ ㄇㄨˋ ㄓㄤ ㄉㄢˇ
明礬,1,ㄇㄧㄥˊ ㄈㄢˊ
明德,1,ㄇㄧㄥˊ ㄉㄜˊ
明道,1,ㄇㄧㄥˊ ㄉㄠˋ
明天,1,ㄇㄧㄥˊ ㄊㄧㄢ
明年,1,ㄇㄧㄥˊ ㄋㄧㄢˊ
明朗,1,ㄇㄧㄥˊ ㄌㄤˇ
明理,1,ㄇㄧㄥˊ ㄌㄧˇ
明瞭,1,ㄇㄧㄥˊ ㄌㄧㄠˇ
明亮,1,ㄇㄧㄥˊ ㄌㄧㄤˋ
明令,1,ㄇㄧㄥˊ ㄌㄧㄥˋ
明快,1,ㄇㄧㄥˊ ㄎㄨㄞˋ
明鑑,1,ㄇㄧㄥˊ ㄐㄧㄢˋ
明講,1,ㄇㄧㄥˊ ㄐㄧㄤˇ
明淨,1,ㄇㄧㄥˊ ㄐㄧㄥˋ
明鏡高懸,1,ㄇㄧㄥˊ ㄐㄧㄥˋ ㄍㄠ ㄒㄩㄢˊ
明槍易躲暗箭難防,1,ㄇㄧㄥˊ ㄑㄧㄤ ㄧˋ ㄉㄨㄛˇ ㄢˋ ㄐㄧㄢˋ ㄋㄢˊ ㄈㄤˊ
明確,1,ㄇㄧㄥˊ ㄑㄩㄝˋ
明顯,1,ㄇㄧㄥˊ ㄒㄧㄢˇ
明心見性,1,ㄇㄧㄥˊ ㄒㄧㄣ ㄐㄧㄢˋ ㄒㄧㄥˋ
明信片,1,ㄇㄧㄥˊ ㄒㄧㄣˋ ㄆㄧㄢˋ
明星,1,ㄇㄧㄥˊ ㄒㄧㄥ
明訓,1,ㄇㄧㄥˊ ㄒㄩㄣˋ
明知,1,ㄇㄧㄥˊ ㄓ
明知故犯,1,ㄇㄧㄥˊ ㄓ ㄍㄨˋ ㄈㄢˋ
明志,1,ㄇㄧㄥˊ ㄓˋ
明智之舉,1,ㄇㄧㄥˊ ㄓˋ ㄓ ㄐㄩˇ
明哲,1,ㄇㄧㄥˊ ㄓㄜˊ
明哲保身,1,ㄇㄧㄥˊ ㄓㄜˊ ㄅㄠˇ ㄕㄣ
明爭暗鬥,1,ㄇㄧㄥˊ ㄓㄥ ㄢˋ ㄉㄡˋ
明證,1,ㄇㄧㄥˊ ㄓㄥˋ
明珠,1,ㄇㄧㄥˊ ㄓㄨ
明查暗訪,1,ㄇㄧㄥˊ ㄔㄚˊ ㄢˋ ㄈㄤˇ
明察秋毫,1,ㄇㄧㄥˊ ㄔㄚˊ ㄑㄧㄡ ㄏㄠˊ
明示,1,ㄇㄧㄥˊ ㄕˋ
明日,1,ㄇㄧㄥˊ ㄖˋ
明日黃花,1,ㄇㄧㄥˊ ㄖˋ ㄏㄨㄤˊ ㄏㄨㄚ
明言,1,ㄇㄧㄥˊ ㄧㄢˊ
明眼人,1,ㄇㄧㄥˊ ㄧㄢˇ ㄖㄣˊ
明豔,1,ㄇㄧㄥˊ ㄧㄢˋ
明文,1,ㄇㄧㄥˊ ㄨㄣˊ
明文規定,1,ㄇㄧㄥˊ ㄨㄣˊ ㄍㄨㄟ ㄉㄧㄥˋ
明月,1,ㄇㄧㄥˊ ㄩㄝˋ
冥,1,ㄇㄧㄥˊ
冥冥之中,1,ㄇㄧㄥˊ ㄇㄧㄥˊ ㄓ ㄓㄨㄥ
冥府,1,ㄇㄧㄥˊ ㄈㄨˇ
冥誕,1,ㄇㄧㄥˊ ㄉㄢˋ
冥婚,1,ㄇㄧㄥˊ ㄏㄨㄣ
冥想,1,ㄇㄧㄥˊ ㄒㄧㄤˇ
冥紙,1,ㄇㄧㄥˊ ㄓˇ
冥壽,1,ㄇㄧㄥˊ ㄕㄡˋ
冥思,1,ㄇㄧㄥˊ ㄙ
冥頑,1,ㄇㄧㄥˊ ㄨㄢˊ
冥王星,1,ㄇㄧㄥˊ ㄨㄤˊ ㄒㄧㄥ
溟,1,ㄇㄧㄥˊ
暝,1,ㄇㄧㄥˊ
瞑,1,ㄇㄧㄥˊ
瞑目,1,ㄇㄧㄥˊ ㄇㄨˋ
螟,1,ㄇㄧㄥˊ
螟蛉,1,ㄇㄧㄥˊ ㄌㄧㄥˊ
螟蛾,1,ㄇㄧㄥˊ ㄜˊ
鳴,1,ㄇㄧㄥˊ
鳴炮,1,ㄇㄧㄥˊ ㄆㄠˋ
鳴笛,1,ㄇㄧㄥˊ ㄉㄧˊ
鳴鑼,1,ㄇㄧㄥˊ ㄌㄨㄛˊ
鳴鼓而攻,1,ㄇㄧㄥˊ ㄍㄨˇ ㄦˊ ㄍㄨㄥ
鳴金擊鼓,1,ㄇㄧㄥˊ ㄐㄧㄣ ㄐㄧˊ ㄍㄨˇ
鳴金收兵,1,ㄇㄧㄥˊ ㄐㄧㄣ ㄕㄡ ㄅㄧㄥ
鳴槍,1,ㄇㄧㄥˊ ㄑㄧㄤ
鳴謝,1,ㄇㄧㄥˊ ㄒㄧㄝˋ
鳴冤,1,ㄇㄧㄥˊ ㄩㄢ
命,1,ㄇㄧㄥˋ
命脈,1,ㄇㄧㄥˋ ㄇㄞˋ
命名,1,ㄇㄧㄥˋ ㄇㄧㄥˊ
命題,1,ㄇㄧㄥˋ ㄊㄧˊ
命理,1,ㄇㄧㄥˋ ㄌㄧˇ
命令,1,ㄇㄧㄥˋ ㄌㄧㄥˋ
命根子,1,ㄇㄧㄥˋ ㄍㄣ ㄗ˙
命中注定,1,ㄇㄧㄥˋ ㄓㄨㄥ ㄓㄨˋ ㄉㄧㄥˋ
命中,1,ㄇㄧㄥˋ ㄓㄨㄥˋ
命案,1,ㄇㄧㄥˋ ㄢˋ
命運,1,ㄇㄧㄥˋ ㄩㄣˋ
母,1,ㄇㄨˇ
母法,1,ㄇㄨˇ ㄈㄚˇ
母后,1,ㄇㄨˇ ㄏㄡˋ
母舅,1,ㄇㄨˇ ㄐㄧㄡˋ
母錢,1,ㄇㄨˇ ㄑㄧㄢˊ
母親,1,ㄇㄨˇ ㄑㄧㄣ
母親節,1,ㄇㄨˇ ㄑㄧㄣ ㄐㄧㄝˊ
母系,1,ㄇㄨˇ ㄒㄧˋ
母校,1,ㄇㄨˇ ㄒㄧㄠˋ
母性,1,ㄇㄨˇ ㄒㄧㄥˋ
班親會,1,ㄅㄢ ㄑㄧㄣ ㄏㄨㄟˋ
母愛,1,ㄇㄨˇ ㄞˋ
母儀天下,1,ㄇㄨˇ ㄧˊ ㄊㄧㄢ ㄒㄧㄚˋ
母語,1,ㄇㄨˇ ㄩˇ
坶,1,ㄇㄨˇ
拇,1,ㄇㄨˇ
拇指,1,ㄇㄨˇ ㄓˇ
姆,1,ㄇㄨˇ
鉧,1,ㄇㄨˇ
牡,1,ㄇㄨˇ
牡丹花,1,ㄇㄨˇ ㄉㄢ ㄏㄨㄚ
牡蠣,1,ㄇㄨˇ ㄌㄧˋ
姥,1,ㄇㄨˇ
畝,1,ㄇㄨˇ
木,1,ㄇㄨˋ
木板,1,ㄇㄨˋ ㄅㄢˇ
木本,1,ㄇㄨˋ ㄅㄣˇ
木本植物,1,ㄇㄨˋ ㄅㄣˇ ㄓˊ ㄨˋ
木棒,1,ㄇㄨˋ ㄅㄤˋ
木片,1,ㄇㄨˋ ㄆㄧㄢˋ
木麻黃,1,ㄇㄨˋ ㄇㄚˊ ㄏㄨㄤˊ
木馬,1,ㄇㄨˋ ㄇㄚˇ
木棉,1,ㄇㄨˋ ㄇㄧㄢˊ
木棉花,1,ㄇㄨˋ ㄇㄧㄢˊ ㄏㄨㄚ
木筏,1,ㄇㄨˋ ㄈㄚˊ
木雕,1,ㄇㄨˋ ㄉㄧㄠ
木鐸,1,ㄇㄨˋ ㄉㄨㄛˊ
木頭,1,ㄇㄨˋ ㄊㄡ˙
木炭,1,ㄇㄨˋ ㄊㄢˋ
木條,1,ㄇㄨˋ ㄊㄧㄠˊ
木訥,1,ㄇㄨˋ ㄋㄜˋ
木乃伊,1,ㄇㄨˋ ㄋㄞˇ ㄧ
木棍,1,ㄇㄨˋ ㄍㄨㄣˋ
木工,1,ㄇㄨˋ ㄍㄨㄥ
木刻,1,ㄇㄨˋ ㄎㄜˋ
木屐,1,ㄇㄨˋ ㄐㄧ
木槿,1,ㄇㄨˋ ㄐㄧㄣˇ
木匠,1,ㄇㄨˋ ㄐㄧㄤˋ
木球,1,ㄇㄨˋ ㄑㄧㄡˊ
木樨,1,ㄇㄨˋ ㄒㄧ
木屑,1,ㄇㄨˋ ㄒㄧㄝˋ
木星,1,ㄇㄨˋ ㄒㄧㄥ
木製,1,ㄇㄨˋ ㄓˋ
木柴,1,ㄇㄨˋ ㄔㄞˊ
木石心腸,1,ㄇㄨˋ ㄕˊ ㄒㄧㄣ ㄔㄤˊ
木芍藥,1,ㄇㄨˋ ㄕㄠˊ ㄧㄠˋ
木然,1,ㄇㄨˋ ㄖㄢˊ
木造,1,ㄇㄨˋ ㄗㄠˋ
木材,1,ㄇㄨˋ ㄘㄞˊ
木偶,1,ㄇㄨˋ ㄡˇ
木偶戲,1,ㄇㄨˋ ㄡˇ ㄒㄧˋ
木耳,1,ㄇㄨˋ ㄦˇ
木已成舟,1,ㄇㄨˋ ㄧˇ ㄔㄥˊ ㄓㄡ
木魚,1,ㄇㄨˋ ㄩˊ
沐,1,ㄇㄨˋ
沐浴,1,ㄇㄨˋ ㄩˋ
沐浴春風,1,ㄇㄨˋ ㄩˋ ㄔㄨㄣ ㄈㄥ
目,1,ㄇㄨˋ
目標,1,ㄇㄨˋ ㄅㄧㄠ
目不暇給,1,ㄇㄨˋ ㄅㄨˋ ㄒㄧㄚˊ ㄐㄧˇ
目不暇接,1,ㄇㄨˋ ㄅㄨˋ ㄒㄧㄚˊ ㄐㄧㄝ
目不斜視,1,ㄇㄨˋ ㄅㄨˋ ㄒㄧㄝˊ ㄕˋ
目不轉睛,1,ㄇㄨˋ ㄅㄨˋ ㄓㄨㄢˇ ㄐㄧㄥ
目不識丁,1,ㄇㄨˋ ㄅㄨˋ ㄕˋ ㄉㄧㄥ
目不識丁,1,ㄇㄨˋ ㄅㄨˊ ㄕˋ ㄉㄧㄥ
目瞪口呆,1,ㄇㄨˋ ㄉㄥˋ ㄎㄡˇ ㄉㄞ
目的,1,ㄇㄨˋ ㄉㄧˋ
目的地,1,ㄇㄨˋ ㄉㄧˋ ㄉㄧˋ
目睹,1,ㄇㄨˋ ㄉㄨˇ
目力,1,ㄇㄨˋ ㄌㄧˋ
目錄,1,ㄇㄨˋ ㄌㄨˋ
目光,1,ㄇㄨˋ ㄍㄨㄤ
目光短淺,1,ㄇㄨˋ ㄍㄨㄤ ㄉㄨㄢˇ ㄑㄧㄢˇ
目光如豆,1,ㄇㄨˋ ㄍㄨㄤ ㄖㄨˊ ㄉㄡˋ
目光如炬,1,ㄇㄨˋ ㄍㄨㄤ ㄖㄨˊ ㄐㄩˋ
目空一切,1,ㄇㄨˋ ㄎㄨㄥ ㄧ ㄑㄧㄝˋ
目空一切,1,ㄇㄨˋ ㄎㄨㄥ ㄧˊ ㄑㄧㄝˋ
目擊,1,ㄇㄨˋ ㄐㄧˊ
目擊者,1,ㄇㄨˋ ㄐㄧˊ ㄓㄜˇ
目前,1,ㄇㄨˋ ㄑㄧㄢˊ
目眩,1,ㄇㄨˋ ㄒㄩㄢˋ
目中無人,1,ㄇㄨˋ ㄓㄨㄥ ㄨˊ ㄖㄣˊ
目次,1,ㄇㄨˋ ㄘˋ
目送,1,ㄇㄨˋ ㄙㄨㄥˋ
目無法紀,1,ㄇㄨˋ ㄨˊ ㄈㄚˇ ㄐㄧˋ
目無尊長,1,ㄇㄨˋ ㄨˊ ㄗㄨㄣ ㄓㄤˇ
苜,1,ㄇㄨˋ
苜蓿,1,ㄇㄨˋ ㄙㄨˋ
牧,1,ㄇㄨˋ
牧民,1,ㄇㄨˋ ㄇㄧㄣˊ
牧童,1,ㄇㄨˋ ㄊㄨㄥˊ
牧歌,1,ㄇㄨˋ ㄍㄜ
牧場,1,ㄇㄨˋ ㄔㄤˇ
牧師,1,ㄇㄨˋ ㄕ
牧人,1,ㄇㄨˋ ㄖㄣˊ
牧草,1,ㄇㄨˋ ㄘㄠˇ
莫,1,ㄇㄨˋ
募,1,ㄇㄨˋ
募兵,1,ㄇㄨˋ ㄅㄧㄥ
募股,1,ㄇㄨˋ ㄍㄨˇ
募款,1,ㄇㄨˋ ㄎㄨㄢˇ
募集,1,ㄇㄨˋ ㄐㄧˊ
募捐,1,ㄇㄨˋ ㄐㄩㄢ
墓,1,ㄇㄨˋ
墓碑,1,ㄇㄨˋ ㄅㄟ
墓地,1,ㄇㄨˋ ㄉㄧˋ
墓穴,1,ㄇㄨˋ ㄒㄩㄝˋ
墓誌銘,1,ㄇㄨˋ ㄓˋ ㄇㄧㄥˊ
墓園,1,ㄇㄨˋ ㄩㄢˊ
幕,1,ㄇㄨˋ
幕僚,1,ㄇㄨˋ ㄌㄧㄠˊ
幕後,1,ㄇㄨˋ ㄏㄡˋ
幕前,1,ㄇㄨˋ ㄑㄧㄢˊ
慕,1,ㄇㄨˋ
慕名,1,ㄇㄨˋ ㄇㄧㄥˊ
暮,1,ㄇㄨˋ
暮年,1,ㄇㄨˋ ㄋㄧㄢˊ
暮鼓晨鐘,1,ㄇㄨˋ ㄍㄨˇ ㄔㄣˊ ㄓㄨㄥ
暮氣,1,ㄇㄨˋ ㄑㄧˋ
暮氣沉沉,1,ㄇㄨˋ ㄑㄧˋ ㄔㄣˊ ㄔㄣˊ
暮色,1,ㄇㄨˋ ㄙㄜˋ
暮靄,1,ㄇㄨˋ ㄞˇ
睦,1,ㄇㄨˋ
睦鄰,1,ㄇㄨˋ ㄌㄧㄣˊ
穆,1,ㄇㄨˋ
穆如清風,1,ㄇㄨˋ ㄖㄨˊ ㄑㄧㄥ ㄈㄥ
繆,1,ㄇㄨˋ
伐,1,ㄈㄚ
伐木,1,ㄈㄚ ㄇㄨˋ
發,1,ㄈㄚ
發白,1,ㄈㄚ ㄅㄞˊ
發包,1,ㄈㄚ ㄅㄠ
發報機,1,ㄈㄚ ㄅㄠˋ ㄐㄧ
發飆,1,ㄈㄚ ㄅㄧㄠ
發表,1,ㄈㄚ ㄅㄧㄠˇ
發表會,1,ㄈㄚ ㄅㄧㄠˇ ㄏㄨㄟˋ
發兵,1,ㄈㄚ ㄅㄧㄥ
發病,1,ㄈㄚ ㄅㄧㄥˋ
發布,1,ㄈㄚ ㄅㄨˋ
發胖,1,ㄈㄚ ㄆㄤˋ
發脾氣,1,ㄈㄚ ㄆㄧˊ ㄑㄧˋ
發票,1,ㄈㄚ ㄆㄧㄠˋ
發麻,1,ㄈㄚ ㄇㄚˊ
發霉,1,ㄈㄚ ㄇㄟˊ
發毛,1,ㄈㄚ ㄇㄠˊ
發悶,1,ㄈㄚ ㄇㄣ
發悶,1,ㄈㄚ ㄇㄣˋ
發麵,1,ㄈㄚ ㄇㄧㄢˋ
發明,1,ㄈㄚ ㄇㄧㄥˊ
發憤,1,ㄈㄚ ㄈㄣˋ
發憤圖強,1,ㄈㄚ ㄈㄣˋ ㄊㄨˊ ㄑㄧㄤˊ
發放,1,ㄈㄚ ㄈㄤˋ
發瘋,1,ㄈㄚ ㄈㄥ
發福,1,ㄈㄚ ㄈㄨˊ
發達,1,ㄈㄚ ㄉㄚˊ
發呆,1,ㄈㄚ ㄉㄞ
發抖,1,ㄈㄚ ㄉㄡˇ
發電,1,ㄈㄚ ㄉㄧㄢˋ
發電廠,1,ㄈㄚ ㄉㄧㄢˋ ㄔㄤˇ
發動,1,ㄈㄚ ㄉㄨㄥˋ
發燙,1,ㄈㄚ ㄊㄤˋ
發條,1,ㄈㄚ ㄊㄧㄠˊ
發難,1,ㄈㄚ ㄋㄢˋ
發怒,1,ㄈㄚ ㄋㄨˋ
發牢騷,1,ㄈㄚ ㄌㄠˊ ㄙㄠ
發冷,1,ㄈㄚ ㄌㄥˇ
發楞,1,ㄈㄚ ㄌㄥˋ
發落,1,ㄈㄚ ㄌㄨㄛˋ
發高燒,1,ㄈㄚ ㄍㄠ ㄕㄠ
發稿,1,ㄈㄚ ㄍㄠˇ
發光,1,ㄈㄚ ㄍㄨㄤ
發狂,1,ㄈㄚ ㄎㄨㄤˊ
發黑,1,ㄈㄚ ㄏㄟ
發號施令,1,ㄈㄚ ㄏㄠˋ ㄕ ㄌㄧㄥˋ
發函,1,ㄈㄚ ㄏㄢˊ
發汗,1,ㄈㄚ ㄏㄢˋ
發狠,1,ㄈㄚ ㄏㄣˇ
發火,1,ㄈㄚ ㄏㄨㄛˇ
發揮,1,ㄈㄚ ㄏㄨㄟ
發回,1,ㄈㄚ ㄏㄨㄟˊ
發還,1,ㄈㄚ ㄏㄨㄢˊ
發昏,1,ㄈㄚ ㄏㄨㄣ
發慌,1,ㄈㄚ ㄏㄨㄤ
發跡,1,ㄈㄚ ㄐㄧ
發酒瘋,1,ㄈㄚ ㄐㄧㄡˇ ㄈㄥ
發掘,1,ㄈㄚ ㄐㄩㄝˊ
發噱,1,ㄈㄚ ㄐㄩㄝˊ
發覺,1,ㄈㄚ ㄐㄩㄝˊ
發起,1,ㄈㄚ ㄑㄧˇ
發起人,1,ㄈㄚ ㄑㄧˇ ㄖㄣˊ
發球,1,ㄈㄚ ㄑㄧㄡˊ
發球局,1,ㄈㄚ ㄑㄧㄡˊ ㄐㄩˊ
發青,1,ㄈㄚ ㄑㄧㄥ
發情,1,ㄈㄚ ㄑㄧㄥˊ
發洩,1,ㄈㄚ ㄒㄧㄝˋ
發笑,1,ㄈㄚ ㄒㄧㄠˋ
發酵,1,ㄈㄚ ㄒㄧㄠˋ
發現,1,ㄈㄚ ㄒㄧㄢˋ
發心,1,ㄈㄚ ㄒㄧㄣ
發薪,1,ㄈㄚ ㄒㄧㄣ
發祥地,1,ㄈㄚ ㄒㄧㄤˊ ㄉㄧˋ
發行,1,ㄈㄚ ㄒㄧㄥˊ
發展,1,ㄈㄚ ㄓㄢˇ
發展潛力,1,ㄈㄚ ㄓㄢˇ ㄑㄧㄢˊ ㄌㄧˋ
發顫,1,ㄈㄚ ㄓㄢˋ
發疹,1,ㄈㄚ ㄓㄣˇ
發車,1,ㄈㄚ ㄔㄜ
發愁,1,ㄈㄚ ㄔㄡˊ
發臭,1,ㄈㄚ ㄔㄡˋ
發出,1,ㄈㄚ ㄔㄨ
發春,1,ㄈㄚ ㄔㄨㄣ
發誓,1,ㄈㄚ ㄕˋ
發射,1,ㄈㄚ ㄕㄜˋ
發射臺,1,ㄈㄚ ㄕㄜˋ ㄊㄞˊ
發射器,1,ㄈㄚ ㄕㄜˋ ㄑㄧˋ
發燒,1,ㄈㄚ ㄕㄠ
發燒友,1,ㄈㄚ ㄕㄠ ㄧㄡˇ
發售,1,ㄈㄚ ㄕㄡˋ
發生,1,ㄈㄚ ㄕㄥ
發抒,1,ㄈㄚ ㄕㄨ
發熱,1,ㄈㄚ ㄖㄜˋ
發人深省,1,ㄈㄚ ㄖㄣˊ ㄕㄣ ㄒㄧㄥˇ
發軔,1,ㄈㄚ ㄖㄣˋ
發作,1,ㄈㄚ ㄗㄨㄛˋ
發財,1,ㄈㄚ ㄘㄞˊ
發散,1,ㄈㄚ ㄙㄢˋ
發喪,1,ㄈㄚ ㄙㄤ
發酸,1,ㄈㄚ ㄙㄨㄢ
發芽,1,ㄈㄚ ㄧㄚˊ
發言,1,ㄈㄚ ㄧㄢˊ
發言人,1,ㄈㄚ ㄧㄢˊ ㄖㄣˊ
發炎,1,ㄈㄚ ㄧㄢˊ
發音,1,ㄈㄚ ㄧㄣ
發揚,1,ㄈㄚ ㄧㄤˊ
發揚光大,1,ㄈㄚ ㄧㄤˊ ㄍㄨㄤ ㄉㄚˋ
發癢,1,ㄈㄚ ㄧㄤˇ
發威,1,ㄈㄚ ㄨㄟ
發問,1,ㄈㄚ ㄨㄣˋ
發育,1,ㄈㄚ ㄩˋ
發源,1,ㄈㄚ ㄩㄢˊ
發源地,1,ㄈㄚ ㄩㄢˊ ㄉㄧˋ
發願,1,ㄈㄚ ㄩㄢˋ
發暈,1,ㄈㄚ ㄩㄣ
乏,1,ㄈㄚˊ
乏善可陳,1,ㄈㄚˊ ㄕㄢˋ ㄎㄜˇ ㄔㄣˊ
乏人問津,1,ㄈㄚˊ ㄖㄣˊ ㄨㄣˋ ㄐㄧㄣ
乏味,1,ㄈㄚˊ ㄨㄟˋ
法,1,ㄈㄚˊ
法子,1,ㄈㄚˊ ㄗ˙
筏,1,ㄈㄚˊ
閥,1,ㄈㄚˊ
罰,1,ㄈㄚˊ
罰單,1,ㄈㄚˊ ㄉㄢ
罰款,1,ㄈㄚˊ ㄎㄨㄢˇ
罰鍰,1,ㄈㄚˊ ㄏㄨㄢˊ
罰金,1,ㄈㄚˊ ㄐㄧㄣ
罰站,1,ㄈㄚˊ ㄓㄢˋ
罰則,1,ㄈㄚˊ ㄗㄜˊ
法,1,ㄈㄚˇ
法寶,1,ㄈㄚˇ ㄅㄠˇ
法辦,1,ㄈㄚˇ ㄅㄢˋ
法拍屋,1,ㄈㄚˇ ㄆㄞ ㄨ
法門,1,ㄈㄚˇ ㄇㄣˊ
法定,1,ㄈㄚˇ ㄉㄧㄥˋ
法定代理人,1,ㄈㄚˇ ㄉㄧㄥˋ ㄉㄞˋ ㄌㄧˇ ㄖㄣˊ
法定程序,1,ㄈㄚˇ ㄉㄧㄥˋ ㄔㄥˊ ㄒㄩˋ
法度,1,ㄈㄚˇ ㄉㄨˋ
法帖,1,ㄈㄚˇ ㄊㄧㄝˇ
法庭,1,ㄈㄚˇ ㄊㄧㄥˊ
法統,1,ㄈㄚˇ ㄊㄨㄥˇ
法郎,1,ㄈㄚˇ ㄌㄤˊ
法理,1,ㄈㄚˇ ㄌㄧˇ
法力,1,ㄈㄚˇ ㄌㄧˋ
法力無邊,1,ㄈㄚˇ ㄌㄧˋ ㄨˊ ㄅㄧㄢ
法令,1,ㄈㄚˇ ㄌㄧㄥˋ
法律,1,ㄈㄚˇ ㄌㄩˋ
法規,1,ㄈㄚˇ ㄍㄨㄟ
法官,1,ㄈㄚˇ ㄍㄨㄢ
法號,1,ㄈㄚˇ ㄏㄠˋ
法會,1,ㄈㄚˇ ㄏㄨㄟˋ
法紀,1,ㄈㄚˇ ㄐㄧˋ
法家,1,ㄈㄚˇ ㄐㄧㄚ
法警,1,ㄈㄚˇ ㄐㄧㄥˇ
法學,1,ㄈㄚˇ ㄒㄩㄝˊ
法治,1,ㄈㄚˇ ㄓˋ
法場,1,ㄈㄚˇ ㄔㄤˇ
法師,1,ㄈㄚˇ ㄕ
法式,1,ㄈㄚˇ ㄕˋ
法事,1,ㄈㄚˇ ㄕˋ
法術,1,ㄈㄚˇ ㄕㄨˋ
法人,1,ㄈㄚˇ ㄖㄣˊ
法則,1,ㄈㄚˇ ㄗㄜˊ
法案,1,ㄈㄚˇ ㄢˋ
法醫,1,ㄈㄚˇ ㄧ
法眼,1,ㄈㄚˇ ㄧㄢˇ
法務,1,ㄈㄚˇ ㄨˋ
法外施仁,1,ㄈㄚˇ ㄨㄞˋ ㄕ ㄖㄣˊ
法外施恩,1,ㄈㄚˇ ㄨㄞˋ ㄕ ㄣ
法網,1,ㄈㄚˇ ㄨㄤˇ
法網恢恢疏而不漏,1,ㄈㄚˇ ㄨㄤˇ ㄏㄨㄟ ㄏㄨㄟ ㄕㄨ ㄦˊ ㄅㄨˋ ㄌㄡˋ
法網恢恢疏而不漏,1,ㄈㄚˇ ㄨㄤˇ ㄏㄨㄟ ㄏㄨㄟ ㄕㄨ ㄦˊ ㄅㄨˊ ㄌㄡˋ
法語,1,ㄈㄚˇ ㄩˇ
法院,1,ㄈㄚˇ ㄩㄢˋ
砝,1,ㄈㄚˇ
砝碼,1,ㄈㄚˇ ㄇㄚˇ
髮,1,ㄈㄚˇ
髮辮,1,ㄈㄚˇ ㄅㄧㄢˋ
髮鬢,1,ㄈㄚˇ ㄅㄧㄣˋ
髮雕,1,ㄈㄚˇ ㄉㄧㄠ
髮蠟,1,ㄈㄚˇ ㄌㄚˋ
髮廊,1,ㄈㄚˇ ㄌㄤˊ
髮髻,1,ㄈㄚˇ ㄐㄧˋ
髮夾,1,ㄈㄚˇ ㄐㄧㄚˊ
髮妻,1,ㄈㄚˇ ㄑㄧ
髮型,1,ㄈㄚˇ ㄒㄧㄥˊ
髮指,1,ㄈㄚˇ ㄓˇ
髮菜,1,ㄈㄚˇ ㄘㄞˋ
髮絲,1,ㄈㄚˇ ㄙ
琺,1,ㄈㄚˋ
琺瑯,1,ㄈㄚˋ ㄌㄤˊ
琺瑯質,1,ㄈㄚˋ ㄌㄤˊ ㄓˊ
佛,1,ㄈㄛˊ
佛門,1,ㄈㄛˊ ㄇㄣˊ
佛法,1,ㄈㄛˊ ㄈㄚˇ
佛頭著糞,1,ㄈㄛˊ ㄊㄡˊ ㄓㄨㄛˊ ㄈㄣˋ
佛堂,1,ㄈㄛˊ ㄊㄤˊ
佛陀,1,ㄈㄛˊ ㄊㄨㄛˊ
佛龕,1,ㄈㄛˊ ㄎㄢ
佛號,1,ㄈㄛˊ ㄏㄠˋ
佛教,1,ㄈㄛˊ ㄐㄧㄠˋ
佛經,1,ㄈㄛˊ ㄐㄧㄥ
佛學,1,ㄈㄛˊ ㄒㄩㄝˊ
佛祖,1,ㄈㄛˊ ㄗㄨˇ
佛寺,1,ㄈㄛˊ ㄙˋ
妃,1,ㄈㄟ
妃子,1,ㄈㄟ ㄗ˙
非,1,ㄈㄟ
非賣品,1,ㄈㄟ ㄇㄞˋ ㄆㄧㄣˇ
非法,1,ㄈㄟ ㄈㄚˇ
非凡,1,ㄈㄟ ㄈㄢˊ
非但,1,ㄈㄟ ㄉㄢˋ
非同小可,1,ㄈㄟ ㄊㄨㄥˊ ㄒㄧㄠˇ ㄎㄜˇ
非難,1,ㄈㄟ ㄋㄢˋ
非禮,1,ㄈㄟ ㄌㄧˇ
非核武區,1,ㄈㄟ ㄏㄜˊ ㄨˇ ㄑㄩ
非洲菫,1,ㄈㄟ ㄓㄡ ㄐㄧㄣˇ
非正式,1,ㄈㄟ ㄓㄥˋ ㄕˋ
非常,1,ㄈㄟ ㄔㄤˊ
非常時期,1,ㄈㄟ ㄔㄤˊ ㄕˊ ㄑㄧˊ
非人,1,ㄈㄟ ㄖㄣˊ
非議,1,ㄈㄟ ㄧˋ
啡,1,ㄈㄟ
菲,1,ㄈㄟ
扉,1,ㄈㄟ
扉頁,1,ㄈㄟ ㄧㄝˋ
蜚,1,ㄈㄟ
蜚短流長,1,ㄈㄟ ㄉㄨㄢˇ ㄌㄧㄡˊ ㄔㄤˊ
蜚聲中外,1,ㄈㄟ ㄕㄥ ㄓㄨㄥ ㄨㄞˋ
緋,1,ㄈㄟ
緋紅,1,ㄈㄟ ㄏㄨㄥˊ
緋聞,1,ㄈㄟ ㄨㄣˊ
霏,1,ㄈㄟ
霏霏,1,ㄈㄟ ㄈㄟ
飛,1,ㄈㄟ
飛奔,1,ㄈㄟ ㄅㄣ
飛盤,1,ㄈㄟ ㄆㄢˊ
飛瀑,1,ㄈㄟ ㄆㄨˋ
飛毛腿,1,ㄈㄟ ㄇㄠˊ ㄊㄨㄟˇ
飛彈,1,ㄈㄟ ㄉㄢˋ
飛碟,1,ㄈㄟ ㄉㄧㄝˊ
飛碟球,1,ㄈㄟ ㄉㄧㄝˊ ㄑㄧㄡˊ
飛騰,1,ㄈㄟ ㄊㄥˊ
飛天,1,ㄈㄟ ㄊㄧㄢ
飛鳥,1,ㄈㄟ ㄋㄧㄠˇ
飛來橫禍,1,ㄈㄟ ㄌㄞˊ ㄏㄥˋ ㄏㄨㄛˋ
飛離,1,ㄈㄟ ㄌㄧˊ
飛快,1,ㄈㄟ ㄎㄨㄞˋ
飛航,1,ㄈㄟ ㄏㄤˊ
飛黃騰達,1,ㄈㄟ ㄏㄨㄤˊ ㄊㄥˊ ㄉㄚˊ
飛機,1,ㄈㄟ ㄐㄧ
飛機場,1,ㄈㄟ ㄐㄧ ㄔㄤˇ
飛禽,1,ㄈㄟ ㄑㄧㄣˊ
飛禽走獸,1,ㄈㄟ ㄑㄧㄣˊ ㄗㄡˇ ㄕㄡˋ
飛翔,1,ㄈㄟ ㄒㄧㄤˊ
飛行,1,ㄈㄟ ㄒㄧㄥˊ
飛行器,1,ㄈㄟ ㄒㄧㄥˊ ㄑㄧˋ
飛行傘,1,ㄈㄟ ㄒㄧㄥˊ ㄙㄢˇ
飛行員,1,ㄈㄟ ㄒㄧㄥˊ ㄩㄢˊ
飛漲,1,ㄈㄟ ㄓㄤˇ
飛馳,1,ㄈㄟ ㄔˊ
飛車,1,ㄈㄟ ㄔㄜ
飛逝,1,ㄈㄟ ㄕˋ
飛砂走石,1,ㄈㄟ ㄕㄚ ㄗㄡˇ ㄕˊ
飛賊,1,ㄈㄟ ㄗㄟˊ
飛散,1,ㄈㄟ ㄙㄢˋ
飛蛾,1,ㄈㄟ ㄜˊ
飛蛾撲火,1,ㄈㄟ ㄜˊ ㄆㄨ ㄏㄨㄛˇ
飛簷走壁,1,ㄈㄟ ㄧㄢˊ ㄗㄡˇ ㄅㄧˋ
飛揚,1,ㄈㄟ ㄧㄤˊ
飛揚跋扈,1,ㄈㄟ ㄧㄤˊ ㄅㄚˊ ㄏㄨˋ
飛舞,1,ㄈㄟ ㄨˇ
飛蚊症,1,ㄈㄟ ㄨㄣˊ ㄓㄥˋ
飛吻,1,ㄈㄟ ㄨㄣˇ
飛往,1,ㄈㄟ ㄨㄤˇ
飛越,1,ㄈㄟ ㄩㄝˋ
飛躍,1,ㄈㄟ ㄩㄝˋ
肥,1,ㄈㄟˊ
肥胖,1,ㄈㄟˊ ㄆㄤˋ
肥美,1,ㄈㄟˊ ㄇㄟˇ
肥肥胖胖,1,ㄈㄟˊ ㄈㄟˊ ㄆㄤˋ ㄆㄤˋ
肥大,1,ㄈㄟˊ ㄉㄚˋ
肥頭大耳,1,ㄈㄟˊ ㄊㄡˊ ㄉㄚˋ ㄦˇ
肥料,1,ㄈㄟˊ ㄌㄧㄠˋ
肥缺,1,ㄈㄟˊ ㄑㄩㄝ
肥壯,1,ㄈㄟˊ ㄓㄨㄤˋ
肥碩,1,ㄈㄟˊ ㄕㄨㄛˋ
肥水不落外人田,1,ㄈㄟˊ ㄕㄨㄟˇ ㄅㄨˋ ㄌㄨㄛˋ ㄨㄞˋ ㄖㄣˊ ㄊㄧㄢˊ
肥水不落外人田,1,ㄈㄟˊ ㄕㄨㄟˇ ㄅㄨˊ ㄌㄨㄛˋ ㄨㄞˋ ㄖㄣˊ ㄊㄧㄢˊ
肥肉,1,ㄈㄟˊ ㄖㄡˋ
肥皂,1,ㄈㄟˊ ㄗㄠˋ
肥皂劇,1,ㄈㄟˊ ㄗㄠˋ ㄐㄩˋ
肥沃,1,ㄈㄟˊ ㄨㄛˋ
淝,1,ㄈㄟˊ
淝水,1,ㄈㄟˊ ㄕㄨㄟˇ
腓,1,ㄈㄟˊ
匪,1,ㄈㄟˇ
匪徒,1,ㄈㄟˇ ㄊㄨˊ
匪夷所思,1,ㄈㄟˇ ㄧˊ ㄙㄨㄛˇ ㄙ
悱,1,ㄈㄟˇ
悱惻,1,ㄈㄟˇ ㄘㄜˋ
斐,1,ㄈㄟˇ
斐然,1,ㄈㄟˇ ㄖㄢˊ
斐然成章,1,ㄈㄟˇ ㄖㄢˊ ㄔㄥˊ ㄓㄤ
菲,1,ㄈㄟˇ
菲薄,1,ㄈㄟˇ ㄅㄛˊ
榧,1,ㄈㄟˇ
蜚,1,ㄈㄟˇ
翡,1,ㄈㄟˇ
翡翠,1,ㄈㄟˇ ㄘㄨㄟˋ
誹,1,ㄈㄟˇ
誹謗,1,ㄈㄟˇ ㄅㄤˋ
吠,1,ㄈㄟˋ
沸,1,ㄈㄟˋ
沸點,1,ㄈㄟˋ ㄉㄧㄢˇ
沸騰,1,ㄈㄟˋ ㄊㄥˊ
狒,1,ㄈㄟˋ
狒狒,1,ㄈㄟˋ ㄈㄟˋ
費,1,ㄈㄟˋ
費力,1,ㄈㄟˋ ㄌㄧˋ
費率,1,ㄈㄟˋ ㄌㄩˋ
費解,1,ㄈㄟˋ ㄐㄧㄝˇ
費勁,1,ㄈㄟˋ ㄐㄧㄥˋ
費盡心機,1,ㄈㄟˋ ㄐㄧㄣˋ ㄒㄧㄣ ㄐㄧ
費心,1,ㄈㄟˋ ㄒㄧㄣ
費時,1,ㄈㄟˋ ㄕˊ
費事,1,ㄈㄟˋ ㄕˋ
費神,1,ㄈㄟˋ ㄕㄣˊ
費思量,1,ㄈㄟˋ ㄙ ㄌㄧㄤˊ
費用,1,ㄈㄟˋ ㄩㄥˋ
芾,1,ㄈㄟˋ
肺,1,ㄈㄟˋ
肺病,1,ㄈㄟˋ ㄅㄧㄥˋ
肺腑,1,ㄈㄟˋ ㄈㄨˇ
肺腑之言,1,ㄈㄟˋ ㄈㄨˇ ㄓ ㄧㄢˊ
肺活量,1,ㄈㄟˋ ㄏㄨㄛˊ ㄌㄧㄤˋ
肺結核,1,ㄈㄟˋ ㄐㄧㄝˊ ㄏㄜˊ
肺臟,1,ㄈㄟˋ ㄗㄤˋ
肺癌,1,ㄈㄟˋ ㄞˊ
肺葉,1,ㄈㄟˋ ㄧㄝˋ
肺炎,1,ㄈㄟˋ ㄧㄢˊ
痱,1,ㄈㄟˋ
痱子,1,ㄈㄟˋ ㄗ˙
痱子粉,1,ㄈㄟˋ ㄗ˙ ㄈㄣˇ
廢,1,ㄈㄟˋ
廢票,1,ㄈㄟˋ ㄆㄧㄠˋ
廢掉,1,ㄈㄟˋ ㄉㄧㄠˋ
廢鐵,1,ㄈㄟˋ ㄊㄧㄝˇ
廢料,1,ㄈㄟˋ ㄌㄧㄠˋ
廢話,1,ㄈㄟˋ ㄏㄨㄚˋ
廢氣,1,ㄈㄟˋ ㄑㄧˋ
廢棄,1,ㄈㄟˋ ㄑㄧˋ
廢寢忘食,1,ㄈㄟˋ ㄑㄧㄣˇ ㄨㄤˋ ㄕˊ
廢墟,1,ㄈㄟˋ ㄒㄩ
廢止,1,ㄈㄟˋ ㄓˇ
廢紙,1,ㄈㄟˋ ㄓˇ
廢置,1,ㄈㄟˋ ㄓˋ
廢弛,1,ㄈㄟˋ ㄔˊ
廢除,1,ㄈㄟˋ ㄔㄨˊ
廢時,1,ㄈㄟˋ ㄕˊ
廢水,1,ㄈㄟˋ ㄕㄨㄟˇ
廢五金,1,ㄈㄟˋ ㄨˇ ㄐㄧㄣ
廢物,1,ㄈㄟˋ ㄨˋ
廢物利用,1,ㄈㄟˋ ㄨˋ ㄌㄧˋ ㄩㄥˋ
不,1,ㄈㄡˇ
缶,1,ㄈㄡˇ
否,1,ㄈㄡˇ
否定,1,ㄈㄡˇ ㄉㄧㄥˋ
否決,1,ㄈㄡˇ ㄐㄩㄝˊ
否決權,1,ㄈㄡˇ ㄐㄩㄝˊ ㄑㄩㄢˊ
否認,1,ㄈㄡˇ ㄖㄣˋ
否則,1,ㄈㄡˇ ㄗㄜˊ
番,1,ㄈㄢ
番號,1,ㄈㄢ ㄏㄠˋ
番茄,1,ㄈㄢ ㄑㄧㄝˊ
番石榴,1,ㄈㄢ ㄕˊ ㄌㄧㄡˊ
番社,1,ㄈㄢ ㄕㄜˋ
番薯,1,ㄈㄢ ㄕㄨˇ
幡,1,ㄈㄢ
幡然,1,ㄈㄢ ㄖㄢˊ
蕃,1,ㄈㄢ
旛,1,ㄈㄢ
翻,1,ㄈㄢ
翻白眼,1,ㄈㄢ ㄅㄞˊ ㄧㄢˇ
翻版,1,ㄈㄢ ㄅㄢˇ
翻本,1,ㄈㄢ ㄅㄣˇ
翻覆,1,ㄈㄢ ㄈㄨˋ
翻動,1,ㄈㄢ ㄉㄨㄥˋ
翻騰,1,ㄈㄢ ㄊㄥˊ
翻天覆地,1,ㄈㄢ ㄊㄧㄢ ㄈㄨˋ ㄉㄧˋ
翻來覆去,1,ㄈㄢ ㄌㄞˊ ㄈㄨˋ ㄑㄩˋ
翻臉,1,ㄈㄢ ㄌㄧㄢˇ
翻兩番,1,ㄈㄢ ㄌㄧㄤˇ ㄈㄢ
翻跟頭,1,ㄈㄢ ㄍㄣ ㄊㄡ˙
翻滾,1,ㄈㄢ ㄍㄨㄣˇ
翻供,1,ㄈㄢ ㄍㄨㄥ
翻開,1,ㄈㄢ ㄎㄞ
翻筋斗,1,ㄈㄢ ㄐㄧㄣ ㄉㄡˇ
翻江倒海,1,ㄈㄢ ㄐㄧㄤ ㄉㄠˇ ㄏㄞˇ
翻起,1,ㄈㄢ ㄑㄧˇ
翻修,1,ㄈㄢ ㄒㄧㄡ
翻新,1,ㄈㄢ ㄒㄧㄣ
翻箱倒櫃,1,ㄈㄢ ㄒㄧㄤ ㄉㄠˇ ㄍㄨㄟˋ
翻轉,1,ㄈㄢ ㄓㄨㄢˇ
翻車,1,ㄈㄢ ㄔㄜ
翻唱,1,ㄈㄢ ㄔㄤˋ
翻船,1,ㄈㄢ ㄔㄨㄢˊ
翻山越嶺,1,ㄈㄢ ㄕㄢ ㄩㄝˋ ㄌㄧㄥˇ
翻身,1,ㄈㄢ ㄕㄣ
翻書,1,ㄈㄢ ㄕㄨ
翻案,1,ㄈㄢ ㄢˋ
翻譯,1,ㄈㄢ ㄧˋ
翻印,1,ㄈㄢ ㄧㄣˋ
翻閱,1,ㄈㄢ ㄩㄝˋ
翻雲覆雨,1,ㄈㄢ ㄩㄣˊ ㄈㄨˋ ㄩˇ
凡,1,ㄈㄢˊ
凡夫俗子,1,ㄈㄢˊ ㄈㄨ ㄙㄨˊ ㄗˇ
凡例,1,ㄈㄢˊ ㄌㄧˋ
凡間,1,ㄈㄢˊ ㄐㄧㄢ
凡心,1,ㄈㄢˊ ㄒㄧㄣ
凡事,1,ㄈㄢˊ ㄕˋ
凡是,1,ㄈㄢˊ ㄕˋ
凡人,1,ㄈㄢˊ ㄖㄣˊ
帆,1,ㄈㄢˊ
帆布,1,ㄈㄢˊ ㄅㄨˋ
帆布袋,1,ㄈㄢˊ ㄅㄨˋ ㄉㄞˋ
帆船,1,ㄈㄢˊ ㄔㄨㄢˊ
煩,1,ㄈㄢˊ
煩悶,1,ㄈㄢˊ ㄇㄣˋ
煩忙,1,ㄈㄢˊ ㄇㄤˊ
煩惱,1,ㄈㄢˊ ㄋㄠˇ
煩請,1,ㄈㄢˊ ㄑㄧㄥˇ
煩心,1,ㄈㄢˊ ㄒㄧㄣ
煩擾,1,ㄈㄢˊ ㄖㄠˇ
煩人,1,ㄈㄢˊ ㄖㄣˊ
煩雜,1,ㄈㄢˊ ㄗㄚˊ
煩躁,1,ㄈㄢˊ ㄗㄠˋ
煩瑣,1,ㄈㄢˊ ㄙㄨㄛˇ
煩言,1,ㄈㄢˊ ㄧㄢˊ
墦,1,ㄈㄢˊ
燔,1,ㄈㄢˊ
蕃,1,ㄈㄢˊ
藩,1,ㄈㄢˊ
藩籬,1,ㄈㄢˊ ㄌㄧˊ
藩鎮,1,ㄈㄢˊ ㄓㄣˋ
藩屬,1,ㄈㄢˊ ㄕㄨˇ
樊,1,ㄈㄢˊ
樊籠,1,ㄈㄢˊ ㄌㄨㄥˊ
礬,1,ㄈㄢˊ
礬土,1,ㄈㄢˊ ㄊㄨˇ
礬石,1,ㄈㄢˊ ㄕˊ
繁,1,ㄈㄢˊ
繁茂,1,ㄈㄢˊ ㄇㄠˋ
繁忙,1,ㄈㄢˊ ㄇㄤˊ
繁密,1,ㄈㄢˊ ㄇㄧˋ
繁分數,1,ㄈㄢˊ ㄈㄣ ㄕㄨˋ
繁複,1,ㄈㄢˊ ㄈㄨˋ
繁多,1,ㄈㄢˊ ㄉㄨㄛ
繁體字,1,ㄈㄢˊ ㄊㄧˇ ㄗˋ
繁難,1,ㄈㄢˊ ㄋㄢˊ
繁花錦簇,1,ㄈㄢˊ ㄏㄨㄚ ㄐㄧㄣˇ ㄘㄨˋ
繁華,1,ㄈㄢˊ ㄏㄨㄚˊ
繁囂,1,ㄈㄢˊ ㄒㄧㄠ
繁弦急管,1,ㄈㄢˊ ㄒㄧㄢˊ ㄐㄧˊ ㄍㄨㄢˇ
繁星,1,ㄈㄢˊ ㄒㄧㄥ
繁殖,1,ㄈㄢˊ ㄓˊ
繁重,1,ㄈㄢˊ ㄓㄨㄥˋ
繁盛,1,ㄈㄢˊ ㄕㄥˋ
繁縟,1,ㄈㄢˊ ㄖㄨˋ
繁榮,1,ㄈㄢˊ ㄖㄨㄥˊ
繁雜,1,ㄈㄢˊ ㄗㄚˊ
繁瑣,1,ㄈㄢˊ ㄙㄨㄛˇ
繁衍,1,ㄈㄢˊ ㄧㄢˇ
繁文縟節,1,ㄈㄢˊ ㄨㄣˊ ㄖㄨˋ ㄐㄧㄝˊ
反,1,ㄈㄢˇ
反駁,1,ㄈㄢˇ ㄅㄛˊ
反敗為勝,1,ㄈㄢˇ ㄅㄞˋ ㄨㄟˊ ㄕㄥˋ
反綁,1,ㄈㄢˇ ㄅㄤˇ
反比,1,ㄈㄢˇ ㄅㄧˇ
反比例,1,ㄈㄢˇ ㄅㄧˇ ㄌㄧˋ
反哺,1,ㄈㄢˇ ㄅㄨˇ
反派,1,ㄈㄢˇ ㄆㄞˋ
反叛,1,ㄈㄢˇ ㄆㄢˋ
反撲,1,ㄈㄢˇ ㄆㄨ
反璞歸真,1,ㄈㄢˇ ㄆㄨˊ ㄍㄨㄟ ㄓㄣ
反面,1,ㄈㄢˇ ㄇㄧㄢˋ
反面無情,1,ㄈㄢˇ ㄇㄧㄢˋ ㄨˊ ㄑㄧㄥˊ
反目,1,ㄈㄢˇ ㄇㄨˋ
反目成仇,1,ㄈㄢˇ ㄇㄨˋ ㄔㄥˊ ㄔㄡˊ
反反覆覆,1,ㄈㄢˇ ㄈㄢˇ ㄈㄨˋ ㄈㄨˋ
反方向,1,ㄈㄢˇ ㄈㄤ ㄒㄧㄤˋ
反諷,1,ㄈㄢˇ ㄈㄥˋ
反覆,1,ㄈㄢˇ ㄈㄨˋ
反覆無常,1,ㄈㄢˇ ㄈㄨˋ ㄨˊ ㄔㄤˊ
反毒,1,ㄈㄢˇ ㄉㄨˊ
反對,1,ㄈㄢˇ ㄉㄨㄟˋ
反對黨,1,ㄈㄢˇ ㄉㄨㄟˋ ㄉㄤˇ
反彈,1,ㄈㄢˇ ㄊㄢˊ
反感,1,ㄈㄢˇ ㄍㄢˇ
反觀,1,ㄈㄢˇ ㄍㄨㄢ
反光,1,ㄈㄢˇ ㄍㄨㄤ
反攻,1,ㄈㄢˇ ㄍㄨㄥ
反躬自省,1,ㄈㄢˇ ㄍㄨㄥ ㄗˋ ㄒㄧㄥˇ
反躬自問,1,ㄈㄢˇ ㄍㄨㄥ ㄗˋ ㄨㄣˋ
反共,1,ㄈㄢˇ ㄍㄨㄥˋ
反客為主,1,ㄈㄢˇ ㄎㄜˋ ㄨㄟˊ ㄓㄨˇ
反抗,1,ㄈㄢˇ ㄎㄤˋ
反核,1,ㄈㄢˇ ㄏㄜˊ
反悔,1,ㄈㄢˇ ㄏㄨㄟˇ
反擊,1,ㄈㄢˇ ㄐㄧˊ
反詰,1,ㄈㄢˇ ㄐㄧㄝˊ
反間,1,ㄈㄢˇ ㄐㄧㄢˋ
反氣旋,1,ㄈㄢˇ ㄑㄧˋ ㄒㄩㄢˊ
反切,1,ㄈㄢˇ ㄑㄧㄝˋ
反求諸己,1,ㄈㄢˇ ㄑㄧㄡˊ ㄓㄨ ㄐㄧˇ
反響,1,ㄈㄢˇ ㄒㄧㄤˇ
反向,1,ㄈㄢˇ ㄒㄧㄤˋ
反省,1,ㄈㄢˇ ㄒㄧㄥˇ
反制,1,ㄈㄢˇ ㄓˋ
反戰,1,ㄈㄢˇ ㄓㄢˋ
反正,1,ㄈㄢˇ ㄓㄥˋ
反證,1,ㄈㄢˇ ㄓㄥˋ
反轉,1,ㄈㄢˇ ㄓㄨㄢˇ
反常,1,ㄈㄢˇ ㄔㄤˊ
反芻,1,ㄈㄢˇ ㄔㄨˊ
反串,1,ㄈㄢˇ ㄔㄨㄢˋ
反脣相譏,1,ㄈㄢˇ ㄔㄨㄣˊ ㄒㄧㄤ ㄐㄧ
反射,1,ㄈㄢˇ ㄕㄜˋ
反手,1,ㄈㄢˇ ㄕㄡˇ
反作用,1,ㄈㄢˇ ㄗㄨㄛˋ ㄩㄥˋ
反作用力,1,ㄈㄢˇ ㄗㄨㄛˋ ㄩㄥˋ ㄌㄧˋ
反思,1,ㄈㄢˇ ㄙ
反鎖,1,ㄈㄢˇ ㄙㄨㄛˇ
反而,1,ㄈㄢˇ ㄦˊ
反映,1,ㄈㄢˇ ㄧㄥˋ
反應,1,ㄈㄢˇ ㄧㄥˋ
反胃,1,ㄈㄢˇ ㄨㄟˋ
反問,1,ㄈㄢˇ ㄨㄣˋ
返,1,ㄈㄢˇ
返璞歸真,1,ㄈㄢˇ ㄆㄨˊ ㄍㄨㄟ ㄓㄣ
返老還童,1,ㄈㄢˇ ㄌㄠˇ ㄏㄨㄢˊ ㄊㄨㄥˊ
返國,1,ㄈㄢˇ ㄍㄨㄛˊ
返航,1,ㄈㄢˇ ㄏㄤˊ
返回,1,ㄈㄢˇ ㄏㄨㄟˊ
返校日,1,ㄈㄢˇ ㄒㄧㄠˋ ㄖˋ
返鄉,1,ㄈㄢˇ ㄒㄧㄤ
返潮,1,ㄈㄢˇ ㄔㄠˊ
氾,1,ㄈㄢˋ
氾濫,1,ㄈㄢˋ ㄌㄢˋ
氾濫成災,1,ㄈㄢˋ ㄌㄢˋ ㄔㄥˊ ㄗㄞ
犯,1,ㄈㄢˋ
犯病,1,ㄈㄢˋ ㄅㄧㄥˋ
犯不著,1,ㄈㄢˋ ㄅㄨˋ ㄓㄠˊ
犯法,1,ㄈㄢˋ ㄈㄚˇ
犯規,1,ㄈㄢˋ ㄍㄨㄟ
犯上,1,ㄈㄢˋ ㄕㄤˋ
犯上作亂,1,ㄈㄢˋ ㄕㄤˋ ㄗㄨㄛˋ ㄌㄨㄢˋ
犯人,1,ㄈㄢˋ ㄖㄣˊ
犯罪,1,ㄈㄢˋ ㄗㄨㄟˋ
犯錯,1,ㄈㄢˋ ㄘㄨㄛˋ
犯案,1,ㄈㄢˋ ㄢˋ
犯意,1,ㄈㄢˋ ㄧˋ
范,1,ㄈㄢˋ
範,1,ㄈㄢˋ
範本,1,ㄈㄢˋ ㄅㄣˇ
範例,1,ㄈㄢˋ ㄌㄧˋ
範疇,1,ㄈㄢˋ ㄔㄡˊ
範圍,1,ㄈㄢˋ ㄨㄟˊ
範文,1,ㄈㄢˋ ㄨㄣˊ
汎,1,ㄈㄢˋ
梵,1,ㄈㄢˋ
梵宇,1,ㄈㄢˋ ㄩˇ
泛,1,ㄈㄢˋ
泛泛之輩,1,ㄈㄢˋ ㄈㄢˋ ㄓ ㄅㄟˋ
泛泛之交,1,ㄈㄢˋ ㄈㄢˋ ㄓ ㄐㄧㄠ
泛濫,1,ㄈㄢˋ ㄌㄢˋ
泛論,1,ㄈㄢˋ ㄌㄨㄣˋ
泛起,1,ㄈㄢˋ ㄑㄧˇ
泛指,1,ㄈㄢˋ ㄓˇ
泛舟,1,ㄈㄢˋ ㄓㄡ
販,1,ㄈㄢˋ
販賣,1,ㄈㄢˋ ㄇㄞˋ
販賣機,1,ㄈㄢˋ ㄇㄞˋ ㄐㄧ
販夫走卒,1,ㄈㄢˋ ㄈㄨ ㄗㄡˇ ㄗㄨˊ
販毒,1,ㄈㄢˋ ㄉㄨˊ
販售,1,ㄈㄢˋ ㄕㄡˋ
販子,1,ㄈㄢˋ ㄗ˙
飯,1,ㄈㄢˋ
飯店,1,ㄈㄢˋ ㄉㄧㄢˋ
飯廳,1,ㄈㄢˋ ㄊㄧㄥ
飯桶,1,ㄈㄢˋ ㄊㄨㄥˇ
飯來張口茶來伸手,1,ㄈㄢˋ ㄌㄞˊ ㄓㄤ ㄎㄡˇ ㄔㄚˊ ㄌㄞˊ ㄕㄣ ㄕㄡˇ
飯量,1,ㄈㄢˋ ㄌㄧㄤˋ
飯鍋,1,ㄈㄢˋ ㄍㄨㄛ
飯館,1,ㄈㄢˋ ㄍㄨㄢˇ
飯盒,1,ㄈㄢˋ ㄏㄜˊ
飯局,1,ㄈㄢˋ ㄐㄩˊ
飯桌,1,ㄈㄢˋ ㄓㄨㄛ
飯碗,1,ㄈㄢˋ ㄨㄢˇ
分,1,ㄈㄣ
分貝,1,ㄈㄣ ㄅㄟˋ
分崩離析,1,ㄈㄣ ㄅㄥ ㄌㄧˊ ㄒㄧ
分別,1,ㄈㄣ ㄅㄧㄝˊ
分辨,1,ㄈㄣ ㄅㄧㄢˋ
分布,1,ㄈㄣ ㄅㄨˋ
分部,1,ㄈㄣ ㄅㄨˋ
分派,1,ㄈㄣ ㄆㄞˋ
分配,1,ㄈㄣ ㄆㄟˋ
分批,1,ㄈㄣ ㄆㄧ
分門別類,1,ㄈㄣ ㄇㄣˊ ㄅㄧㄝˊ ㄌㄟˋ
分泌,1,ㄈㄣ ㄇㄧˋ
分秒必爭,1,ㄈㄣ ㄇㄧㄠˇ ㄅㄧˋ ㄓㄥ
分娩,1,ㄈㄣ ㄇㄧㄢˇ
分明,1,ㄈㄣ ㄇㄧㄥˊ
分母,1,ㄈㄣ ㄇㄨˇ
分發,1,ㄈㄣ ㄈㄚ
分封,1,ㄈㄣ ㄈㄥ
分道揚鑣,1,ㄈㄣ ㄉㄠˋ ㄧㄤˊ ㄅㄧㄠ
分擔,1,ㄈㄣ ㄉㄢ
分店,1,ㄈㄣ ㄉㄧㄢˋ
分段,1,ㄈㄣ ㄉㄨㄢˋ
分頭,1,ㄈㄣ ㄊㄡˊ
分攤,1,ㄈㄣ ㄊㄢ
分庭抗禮,1,ㄈㄣ ㄊㄧㄥˊ ㄎㄤˋ ㄌㄧˇ
分類,1,ㄈㄣ ㄌㄟˋ
分離,1,ㄈㄣ ㄌㄧˊ
分列,1,ㄈㄣ ㄌㄧㄝˋ
分裂,1,ㄈㄣ ㄌㄧㄝˋ
分割,1,ㄈㄣ ㄍㄜ
分隔,1,ㄈㄣ ㄍㄜˊ
分工,1,ㄈㄣ ㄍㄨㄥ
分工合作,1,ㄈㄣ ㄍㄨㄥ ㄏㄜˊ ㄗㄨㄛˋ
分開,1,ㄈㄣ ㄎㄞ
分合,1,ㄈㄣ ㄏㄜˊ
分毫,1,ㄈㄣ ㄏㄠˊ
分毫不差,1,ㄈㄣ ㄏㄠˊ ㄅㄨˋ ㄔㄚ
分號,1,ㄈㄣ ㄏㄠˋ
分行,1,ㄈㄣ ㄏㄤˊ
分化,1,ㄈㄣ ㄏㄨㄚˋ
分紅,1,ㄈㄣ ㄏㄨㄥˊ
分機,1,ㄈㄣ ㄐㄧ
分級,1,ㄈㄣ ㄐㄧˊ
分家,1,ㄈㄣ ㄐㄧㄚ
分解,1,ㄈㄣ ㄐㄧㄝˇ
分界,1,ㄈㄣ ㄐㄧㄝˋ
分居,1,ㄈㄣ ㄐㄩ
分歧,1,ㄈㄣ ㄑㄧˊ
分期付款,1,ㄈㄣ ㄑㄧˊ ㄈㄨˋ ㄎㄨㄢˇ
分區,1,ㄈㄣ ㄑㄩ
分析,1,ㄈㄣ ㄒㄧ
分銷,1,ㄈㄣ ㄒㄧㄠ
分曉,1,ㄈㄣ ㄒㄧㄠˇ
分校,1,ㄈㄣ ㄒㄧㄠˋ
分心,1,ㄈㄣ ㄒㄧㄣ
分享,1,ㄈㄣ ㄒㄧㄤˇ
分支,1,ㄈㄣ ㄓ
分針,1,ㄈㄣ ㄓㄣ
分鐘,1,ㄈㄣ ㄓㄨㄥ
分岔,1,ㄈㄣ ㄔㄚˋ
分手,1,ㄈㄣ ㄕㄡˇ
分身,1,ㄈㄣ ㄕㄣ
分身乏術,1,ㄈㄣ ㄕㄣ ㄈㄚˊ ㄕㄨˋ
分神,1,ㄈㄣ ㄕㄣˊ
分書,1,ㄈㄣ ㄕㄨ
分數,1,ㄈㄣ ㄕㄨˋ
分說,1,ㄈㄣ ㄕㄨㄛ
分水嶺,1,ㄈㄣ ㄕㄨㄟˇ ㄌㄧㄥˇ
分子,1,ㄈㄣ ㄗˇ
分贓,1,ㄈㄣ ㄗㄤ
分組,1,ㄈㄣ ㄗㄨˇ
分層負責,1,ㄈㄣ ㄘㄥˊ ㄈㄨˋ ㄗㄜˊ
分寸,1,ㄈㄣ ㄘㄨㄣˋ
分散,1,ㄈㄣ ㄙㄢˋ
分送,1,ㄈㄣ ㄙㄨㄥˋ
分野,1,ㄈㄣ ㄧㄝˇ
分一杯羹,1,ㄈㄣ ㄧ ㄅㄟ ㄍㄥ
分一杯羹,1,ㄈㄣ ㄧˋ ㄅㄟ ㄍㄥ
分憂,1,ㄈㄣ ㄧㄡ
分文,1,ㄈㄣ ㄨㄣˊ
吩,1,ㄈㄣ
吩咐,1,ㄈㄣ ㄈㄨˋ
芬,1,ㄈㄣ
芬芳,1,ㄈㄣ ㄈㄤ
芬多精,1,ㄈㄣ ㄉㄨㄛ ㄐㄧㄥ
氛,1,ㄈㄣ
氛圍,1,ㄈㄣ ㄨㄟˊ
紛,1,ㄈㄣ
紛飛,1,ㄈㄣ ㄈㄟ
紛繁,1,ㄈㄣ ㄈㄢˊ
紛紛,1,ㄈㄣ ㄈㄣ
紛紛攘攘,1,ㄈㄣ ㄈㄣ ㄖㄤˊ ㄖㄤˊ
紛亂,1,ㄈㄣ ㄌㄨㄢˋ
紛歧,1,ㄈㄣ ㄑㄧˊ
紛至沓來,1,ㄈㄣ ㄓˋ ㄊㄚˋ ㄌㄞˊ
紛爭,1,ㄈㄣ ㄓㄥ
紛擾,1,ㄈㄣ ㄖㄠˇ
紛雜,1,ㄈㄣ ㄗㄚˊ
紛紜,1,ㄈㄣ ㄩㄣˊ
酚,1,ㄈㄣ
雰,1,ㄈㄣ
雰雰,1,ㄈㄣ ㄈㄣ
棻,1,ㄈㄣ
汾,1,ㄈㄣˊ
棼,1,ㄈㄣˊ
焚,1,ㄈㄣˊ
焚風,1,ㄈㄣˊ ㄈㄥ
焚膏繼晷,1,ㄈㄣˊ ㄍㄠ ㄐㄧˋ ㄍㄨㄟˇ
焚化,1,ㄈㄣˊ ㄏㄨㄚˋ
焚化爐,1,ㄈㄣˊ ㄏㄨㄚˋ ㄌㄨˊ
焚毀,1,ㄈㄣˊ ㄏㄨㄟˇ
焚琴煮鶴,1,ㄈㄣˊ ㄑㄧㄣˊ ㄓㄨˇ ㄏㄜˋ
焚香,1,ㄈㄣˊ ㄒㄧㄤ
焚燒,1,ㄈㄣˊ ㄕㄠ
墳,1,ㄈㄣˊ
墳墓,1,ㄈㄣˊ ㄇㄨˋ
墳場,1,ㄈㄣˊ ㄔㄤˇ
粉,1,ㄈㄣˇ
粉筆,1,ㄈㄣˇ ㄅㄧˇ
粉餅,1,ㄈㄣˇ ㄅㄧㄥˇ
粉撲,1,ㄈㄣˇ ㄆㄨ
粉末,1,ㄈㄣˇ ㄇㄛˋ
粉墨,1,ㄈㄣˇ ㄇㄛˋ
粉墨登場,1,ㄈㄣˇ ㄇㄛˋ ㄉㄥ ㄔㄤˇ
粉底,1,ㄈㄣˇ ㄉㄧˇ
粉蝶,1,ㄈㄣˇ ㄉㄧㄝˊ
粉條,1,ㄈㄣˇ ㄊㄧㄠˊ
粉紅,1,ㄈㄣˇ ㄏㄨㄥˊ
粉飾,1,ㄈㄣˇ ㄕˋ
粉飾太平,1,ㄈㄣˇ ㄕˋ ㄊㄞˋ ㄆㄧㄥˊ
粉身碎骨,1,ㄈㄣˇ ㄕㄣ ㄙㄨㄟˋ ㄍㄨˇ
粉刷,1,ㄈㄣˇ ㄕㄨㄚ
粉刺,1,ㄈㄣˇ ㄘˋ
粉彩,1,ㄈㄣˇ ㄘㄞˇ
粉絲,1,ㄈㄣˇ ㄙ
粉碎,1,ㄈㄣˇ ㄙㄨㄟˋ
分,1,ㄈㄣˋ
分內,1,ㄈㄣˋ ㄋㄟˋ
分量,1,ㄈㄣˋ ㄌㄧㄤˋ
分子,1,ㄈㄣˋ ㄗˇ
分子,1,ㄈㄣˋ ㄗ˙
分外,1,ㄈㄣˋ ㄨㄞˋ
分外眼紅,1,ㄈㄣˋ ㄨㄞˋ ㄧㄢˇ ㄏㄨㄥˊ
份,1,ㄈㄣˋ
忿,1,ㄈㄣˋ
忿忿,1,ㄈㄣˋ ㄈㄣˋ
忿忿不平,1,ㄈㄣˋ ㄈㄣˋ ㄅㄨˋ ㄆㄧㄥˊ
忿怒,1,ㄈㄣˋ ㄋㄨˋ
忿恨,1,ㄈㄣˋ ㄏㄣˋ
憤,1,ㄈㄣˋ
憤懣,1,ㄈㄣˋ ㄇㄣˋ
憤憤,1,ㄈㄣˋ ㄈㄣˋ
憤憤不平,1,ㄈㄣˋ ㄈㄣˋ ㄅㄨˋ ㄆㄧㄥˊ
憤怒,1,ㄈㄣˋ ㄋㄨˋ
憤慨,1,ㄈㄣˋ ㄎㄞˇ
憤恨,1,ㄈㄣˋ ㄏㄣˋ
憤世嫉俗,1,ㄈㄣˋ ㄕˋ ㄐㄧˊ ㄙㄨˊ
憤然,1,ㄈㄣˋ ㄖㄢˊ
奮,1,ㄈㄣˋ
奮筆疾書,1,ㄈㄣˋ ㄅㄧˇ ㄐㄧˊ ㄕㄨ
奮不顧身,1,ㄈㄣˋ ㄅㄨˋ ㄍㄨˋ ㄕㄣ
奮不顧身,1,ㄈㄣˋ ㄅㄨˊ ㄍㄨˋ ㄕㄣ
奮勉,1,ㄈㄣˋ ㄇㄧㄢˇ
奮發,1,ㄈㄣˋ ㄈㄚ
奮發圖強,1,ㄈㄣˋ ㄈㄚ ㄊㄨˊ ㄑㄧㄤˊ
奮鬥,1,ㄈㄣˋ ㄉㄡˋ
奮力,1,ㄈㄣˋ ㄌㄧˋ
奮勵,1,ㄈㄣˋ ㄌㄧˋ
奮戰,1,ㄈㄣˋ ㄓㄢˋ
奮勇,1,ㄈㄣˋ ㄩㄥˇ
糞,1,ㄈㄣˋ
糞便,1,ㄈㄣˋ ㄅㄧㄢˋ
糞土,1,ㄈㄣˋ ㄊㄨˇ
方,1,ㄈㄤ
方便,1,ㄈㄤ ㄅㄧㄢˋ
方面,1,ㄈㄤ ㄇㄧㄢˋ
方法,1,ㄈㄤ ㄈㄚˇ
方格,1,ㄈㄤ ㄍㄜˊ
方塊,1,ㄈㄤ ㄎㄨㄞˋ
方家,1,ㄈㄤ ㄐㄧㄚ
方向,1,ㄈㄤ ㄒㄧㄤˋ
方向盤,1,ㄈㄤ ㄒㄧㄤˋ ㄆㄢˊ
方向燈,1,ㄈㄤ ㄒㄧㄤˋ ㄉㄥ
方興未艾,1,ㄈㄤ ㄒㄧㄥ ㄨㄟˋ ㄞˋ
方志,1,ㄈㄤ ㄓˋ
方舟,1,ㄈㄤ ㄓㄡ
方針,1,ㄈㄤ ㄓㄣ
方丈,1,ㄈㄤ ㄓㄤˋ
方正,1,ㄈㄤ ㄓㄥˋ
方桌,1,ㄈㄤ ㄓㄨㄛ
方程式,1,ㄈㄤ ㄔㄥˊ ㄕˋ
方士,1,ㄈㄤ ㄕˋ
方式,1,ㄈㄤ ㄕˋ
方子,1,ㄈㄤ ㄗ˙
方才,1,ㄈㄤ ㄘㄞˊ
方寸,1,ㄈㄤ ㄘㄨㄣˋ
方案,1,ㄈㄤ ㄢˋ
方言,1,ㄈㄤ ㄧㄢˊ
方外,1,ㄈㄤ ㄨㄞˋ
方位,1,ㄈㄤ ㄨㄟˋ
方圓,1,ㄈㄤ ㄩㄢˊ
坊,1,ㄈㄤ
坊間,1,ㄈㄤ ㄐㄧㄢ
枋,1,ㄈㄤ
芳,1,ㄈㄤ
芳名,1,ㄈㄤ ㄇㄧㄥˊ
芳鄰,1,ㄈㄤ ㄌㄧㄣˊ
芳齡,1,ㄈㄤ ㄌㄧㄥˊ
芳華,1,ㄈㄤ ㄏㄨㄚˊ
芳心,1,ㄈㄤ ㄒㄧㄣ
芳香,1,ㄈㄤ ㄒㄧㄤ
芳澤,1,ㄈㄤ ㄗㄜˊ
芳蹤,1,ㄈㄤ ㄗㄨㄥ
芳草,1,ㄈㄤ ㄘㄠˇ
坊,1,ㄈㄤˊ
妨,1,ㄈㄤˊ
妨害,1,ㄈㄤˊ ㄏㄞˋ
妨礙,1,ㄈㄤˊ ㄞˋ
防,1,ㄈㄤˊ
防波堤,1,ㄈㄤˊ ㄅㄛ ㄊㄧˊ
防備,1,ㄈㄤˊ ㄅㄟˋ
防弊除害,1,ㄈㄤˊ ㄅㄧˋ ㄔㄨˊ ㄏㄞˋ
防不勝防,1,ㄈㄤˊ ㄅㄨˋ ㄕㄥ ㄈㄤˊ
防範,1,ㄈㄤˊ ㄈㄢˋ
防風林,1,ㄈㄤˊ ㄈㄥ ㄌㄧㄣˊ
防腐劑,1,ㄈㄤˊ ㄈㄨˇ ㄐㄧˋ
防盜,1,ㄈㄤˊ ㄉㄠˋ
防彈衣,1,ㄈㄤˊ ㄉㄢˋ ㄧ
防毒,1,ㄈㄤˊ ㄉㄨˊ
防毒面具,1,ㄈㄤˊ ㄉㄨˊ ㄇㄧㄢˋ ㄐㄩˋ
防堵,1,ㄈㄤˊ ㄉㄨˇ
防颱,1,ㄈㄤˊ ㄊㄞˊ
防癆,1,ㄈㄤˊ ㄌㄠˊ
防空,1,ㄈㄤˊ ㄎㄨㄥ
防空洞,1,ㄈㄤˊ ㄎㄨㄥ ㄉㄨㄥˋ
防護,1,ㄈㄤˊ ㄏㄨˋ
防火,1,ㄈㄤˊ ㄏㄨㄛˇ
防火牆,1,ㄈㄤˊ ㄏㄨㄛˇ ㄑㄧㄤˊ
防火設備,1,ㄈㄤˊ ㄏㄨㄛˇ ㄕㄜˋ ㄅㄟˋ
防患未然,1,ㄈㄤˊ ㄏㄨㄢˋ ㄨㄟˋ ㄖㄢˊ
防洪,1,ㄈㄤˊ ㄏㄨㄥˊ
防線,1,ㄈㄤˊ ㄒㄧㄢˋ
防止,1,ㄈㄤˊ ㄓˇ
防治,1,ㄈㄤˊ ㄓˋ
防制,1,ㄈㄤˊ ㄓˋ
防震,1,ㄈㄤˊ ㄓㄣˋ
防潮,1,ㄈㄤˊ ㄔㄠˊ
防塵,1,ㄈㄤˊ ㄔㄣˊ
防守,1,ㄈㄤˊ ㄕㄡˇ
防身,1,ㄈㄤˊ ㄕㄣ
防水,1,ㄈㄤˊ ㄕㄨㄟˇ
防災,1,ㄈㄤˊ ㄗㄞ
防阻,1,ㄈㄤˊ ㄗㄨˇ
防癌,1,ㄈㄤˊ ㄞˊ
防疫,1,ㄈㄤˊ ㄧˋ
防務,1,ㄈㄤˊ ㄨˋ
防微杜漸,1,ㄈㄤˊ ㄨㄟˊ ㄉㄨˋ ㄐㄧㄢˋ
防衛,1,ㄈㄤˊ ㄨㄟˋ
防禦,1,ㄈㄤˊ ㄩˋ
房,1,ㄈㄤˊ
房門,1,ㄈㄤˊ ㄇㄣˊ
房貸,1,ㄈㄤˊ ㄉㄞˋ
房地產,1,ㄈㄤˊ ㄉㄧˋ ㄔㄢˇ
房東,1,ㄈㄤˊ ㄉㄨㄥ
房客,1,ㄈㄤˊ ㄎㄜˋ
房價,1,ㄈㄤˊ ㄐㄧㄚˋ
房間,1,ㄈㄤˊ ㄐㄧㄢ
房契,1,ㄈㄤˊ ㄑㄧˋ
房車,1,ㄈㄤˊ ㄔㄜ
房產,1,ㄈㄤˊ ㄔㄢˇ
房舍,1,ㄈㄤˊ ㄕㄜˋ
房子,1,ㄈㄤˊ ㄗ˙
房租,1,ㄈㄤˊ ㄗㄨ
房屋,1,ㄈㄤˊ ㄨ
房屋稅,1,ㄈㄤˊ ㄨ ㄕㄨㄟˋ
肪,1,ㄈㄤˊ
仿,1,ㄈㄤˇ
仿冒,1,ㄈㄤˇ ㄇㄠˋ
仿古,1,ㄈㄤˇ ㄍㄨˇ
仿效,1,ㄈㄤˇ ㄒㄧㄠˋ
仿傚,1,ㄈㄤˇ ㄒㄧㄠˋ
仿製,1,ㄈㄤˇ ㄓˋ
仿照,1,ㄈㄤˇ ㄓㄠˋ
仿造,1,ㄈㄤˇ ㄗㄠˋ
仿宋體,1,ㄈㄤˇ ㄙㄨㄥˋ ㄊㄧˇ
彷,1,ㄈㄤˇ
彷彿,1,ㄈㄤˇ ㄈㄨˊ
放,1,ㄈㄤˇ
昉,1,ㄈㄤˇ
倣,1,ㄈㄤˇ
倣效,1,ㄈㄤˇ ㄒㄧㄠˋ
舫,1,ㄈㄤˇ
紡,1,ㄈㄤˇ
紡織,1,ㄈㄤˇ ㄓ
紡織品,1,ㄈㄤˇ ㄓ ㄆㄧㄣˇ
紡織娘,1,ㄈㄤˇ ㄓ ㄋㄧㄤˊ
紡織機,1,ㄈㄤˇ ㄓ ㄐㄧ
紡織廠,1,ㄈㄤˇ ㄓ ㄔㄤˇ
紡織業,1,ㄈㄤˇ ㄓ ㄧㄝˋ
紡紗,1,ㄈㄤˇ ㄕㄚ
訪,1,ㄈㄤˇ
訪談,1,ㄈㄤˇ ㄊㄢˊ
訪古,1,ㄈㄤˇ ㄍㄨˇ
訪客,1,ㄈㄤˇ ㄎㄜˋ
訪求,1,ㄈㄤˇ ㄑㄧㄡˊ
訪查,1,ㄈㄤˇ ㄔㄚˊ
訪察,1,ㄈㄤˇ ㄔㄚˊ
訪視,1,ㄈㄤˇ ㄕˋ
訪友,1,ㄈㄤˇ ㄧㄡˇ
訪問,1,ㄈㄤˇ ㄨㄣˋ
訪問團,1,ㄈㄤˇ ㄨㄣˋ ㄊㄨㄢˊ
髣,1,ㄈㄤˇ
髣髴,1,ㄈㄤˇ ㄈㄨˊ
放,1,ㄈㄤˋ
放榜,1,ㄈㄤˋ ㄅㄤˇ
放炮,1,ㄈㄤˋ ㄆㄠˋ
放屁,1,ㄈㄤˋ ㄆㄧˋ
放牧,1,ㄈㄤˋ ㄇㄨˋ
放風,1,ㄈㄤˋ ㄈㄥ
放風箏,1,ㄈㄤˋ ㄈㄥ ㄓㄥ
放大,1,ㄈㄤˋ ㄉㄚˋ
放大鏡,1,ㄈㄤˋ ㄉㄚˋ ㄐㄧㄥˋ
放膽,1,ㄈㄤˋ ㄉㄢˇ
放誕,1,ㄈㄤˋ ㄉㄢˋ
放蕩,1,ㄈㄤˋ ㄉㄤˋ
放牛,1,ㄈㄤˋ ㄋㄧㄡˊ
放浪,1,ㄈㄤˋ ㄌㄤˋ
放浪形骸,1,ㄈㄤˋ ㄌㄤˋ ㄒㄧㄥˊ ㄏㄞˊ
放冷箭,1,ㄈㄤˋ ㄌㄥˇ ㄐㄧㄢˋ
放領,1,ㄈㄤˋ ㄌㄧㄥˇ
放鴿子,1,ㄈㄤˋ ㄍㄜ ㄗ˙
放過,1,ㄈㄤˋ ㄍㄨㄛˋ
放工,1,ㄈㄤˋ ㄍㄨㄥ
放寬,1,ㄈㄤˋ ㄎㄨㄢ
放款,1,ㄈㄤˋ ㄎㄨㄢˇ
放空氣,1,ㄈㄤˋ ㄎㄨㄥ ㄑㄧˋ
放虎歸山,1,ㄈㄤˋ ㄏㄨˇ ㄍㄨㄟ ㄕㄢ
放話,1,ㄈㄤˋ ㄏㄨㄚˋ
放火,1,ㄈㄤˋ ㄏㄨㄛˇ
放懷,1,ㄈㄤˋ ㄏㄨㄞˊ
放假,1,ㄈㄤˋ ㄐㄧㄚˋ
放棄,1,ㄈㄤˋ ㄑㄧˋ
放晴,1,ㄈㄤˋ ㄑㄧㄥˊ
放下屠刀,1,ㄈㄤˋ ㄒㄧㄚˋ ㄊㄨˊ ㄉㄠ
放下屠刀立地成佛,1,ㄈㄤˋ ㄒㄧㄚˋ ㄊㄨˊ ㄉㄠ ㄌㄧˋ ㄉㄧˋ ㄔㄥˊ ㄈㄛˊ
放下身段,1,ㄈㄤˋ ㄒㄧㄚˋ ㄕㄣ ㄉㄨㄢˋ
放心,1,ㄈㄤˋ ㄒㄧㄣ
放行,1,ㄈㄤˋ ㄒㄧㄥˊ
放學,1,ㄈㄤˋ ㄒㄩㄝˊ
放置,1,ㄈㄤˋ ㄓˋ
放逐,1,ㄈㄤˋ ㄓㄨˊ
放射,1,ㄈㄤˋ ㄕㄜˋ
放射性,1,ㄈㄤˋ ㄕㄜˋ ㄒㄧㄥˋ
放手,1,ㄈㄤˋ ㄕㄡˇ
放手一搏,1,ㄈㄤˋ ㄕㄡˇ ㄧ ㄅㄛˊ
放生,1,ㄈㄤˋ ㄕㄥ
放聲,1,ㄈㄤˋ ㄕㄥ
放聲大哭,1,ㄈㄤˋ ㄕㄥ ㄉㄚˋ ㄎㄨ
放水,1,ㄈㄤˋ ㄕㄨㄟˇ
放任,1,ㄈㄤˋ ㄖㄣˋ
放縱,1,ㄈㄤˋ ㄗㄨㄥˋ
放肆,1,ㄈㄤˋ ㄙˋ
放鬆,1,ㄈㄤˋ ㄙㄨㄥ
放言,1,ㄈㄤˋ ㄧㄢˊ
放眼,1,ㄈㄤˋ ㄧㄢˇ
放眼天下,1,ㄈㄤˋ ㄧㄢˇ ㄊㄧㄢ ㄒㄧㄚˋ
放眼望去,1,ㄈㄤˋ ㄧㄢˇ ㄨㄤˋ ㄑㄩˋ
放洋,1,ㄈㄤˋ ㄧㄤˊ
放映,1,ㄈㄤˋ ㄧㄥˋ
丰,1,ㄈㄥ
丰姿綽約,1,ㄈㄥ ㄗ ㄔㄨㄛˋ ㄩㄝ
丰采,1,ㄈㄥ ㄘㄞˇ
封,1,ㄈㄥ
封閉,1,ㄈㄥ ㄅㄧˋ
封皮,1,ㄈㄥ ㄆㄧˊ
封面,1,ㄈㄥ ㄇㄧㄢˋ
封底,1,ㄈㄥ ㄉㄧˇ
封套,1,ㄈㄥ ㄊㄠˋ
封條,1,ㄈㄥ ㄊㄧㄠˊ
封泥,1,ㄈㄥ ㄋㄧˊ
封口,1,ㄈㄥ ㄎㄡˇ
封號,1,ㄈㄥ ㄏㄠˋ
封建,1,ㄈㄥ ㄐㄧㄢˋ
封裝,1,ㄈㄥ ㄓㄨㄤ
封殺,1,ㄈㄥ ㄕㄚ
封存,1,ㄈㄥ ㄘㄨㄣˊ
封鎖,1,ㄈㄥ ㄙㄨㄛˇ
風,1,ㄈㄥ
風波,1,ㄈㄥ ㄅㄛ
風暴,1,ㄈㄥ ㄅㄠˋ
風平浪靜,1,ㄈㄥ ㄆㄧㄥˊ ㄌㄤˋ ㄐㄧㄥˋ
風評,1,ㄈㄥ ㄆㄧㄥˊ
風馬牛不相及,1,ㄈㄥ ㄇㄚˇ ㄋㄧㄡˊ ㄅㄨˋ ㄒㄧㄤ ㄐㄧˊ
風貌,1,ㄈㄥ ㄇㄠˋ
風靡,1,ㄈㄥ ㄇㄧˇ
風範,1,ㄈㄥ ㄈㄢˋ
風風光光,1,ㄈㄥ ㄈㄥ ㄍㄨㄤ ㄍㄨㄤ
風風雨雨,1,ㄈㄥ ㄈㄥ ㄩˇ ㄩˇ
風度,1,ㄈㄥ ㄉㄨˋ
風頭,1,ㄈㄥ ㄊㄡˊ
風頭,1,ㄈㄥ ㄊㄡ˙
風調雨順,1,ㄈㄥ ㄊㄧㄠˊ ㄩˇ ㄕㄨㄣˋ
風土,1,ㄈㄥ ㄊㄨˇ
風土民情,1,ㄈㄥ ㄊㄨˇ ㄇㄧㄣˊ ㄑㄧㄥˊ
風土人情,1,ㄈㄥ ㄊㄨˇ ㄖㄣˊ ㄑㄧㄥˊ
風能,1,ㄈㄥ ㄋㄥˊ
風浪,1,ㄈㄥ ㄌㄤˋ
風浪板,1,ㄈㄥ ㄌㄤˋ ㄅㄢˇ
風力,1,ㄈㄥ ㄌㄧˋ
風力發電,1,ㄈㄥ ㄌㄧˋ ㄈㄚ ㄉㄧㄢˋ
風流,1,ㄈㄥ ㄌㄧㄡˊ
風流倜儻,1,ㄈㄥ ㄌㄧㄡˊ ㄊㄧˋ ㄊㄤˇ
風流韻事,1,ㄈㄥ ㄌㄧㄡˊ ㄩㄣˋ ㄕˋ
風涼話,1,ㄈㄥ ㄌㄧㄤˊ ㄏㄨㄚˋ
風格,1,ㄈㄥ ㄍㄜˊ
風光,1,ㄈㄥ ㄍㄨㄤ
風和日麗,1,ㄈㄥ ㄏㄜˊ ㄖˋ ㄌㄧˋ
風寒,1,ㄈㄥ ㄏㄢˊ
風花雪月,1,ㄈㄥ ㄏㄨㄚ ㄒㄩㄝˇ ㄩㄝˋ
風華絕代,1,ㄈㄥ ㄏㄨㄚˊ ㄐㄩㄝˊ ㄉㄞˋ
風化,1,ㄈㄥ ㄏㄨㄚˋ
風化作用,1,ㄈㄥ ㄏㄨㄚˋ ㄗㄨㄛˋ ㄩㄥˋ
風紀,1,ㄈㄥ ㄐㄧˋ
風景,1,ㄈㄥ ㄐㄧㄥˇ
風景區,1,ㄈㄥ ㄐㄧㄥˇ ㄑㄩ
風起雲湧,1,ㄈㄥ ㄑㄧˇ ㄩㄣˊ ㄩㄥˇ
風氣,1,ㄈㄥ ㄑㄧˋ
風琴,1,ㄈㄥ ㄑㄧㄣˊ
風情,1,ㄈㄥ ㄑㄧㄥˊ
風趣,1,ㄈㄥ ㄑㄩˋ
風邪,1,ㄈㄥ ㄒㄧㄝˊ
風險,1,ㄈㄥ ㄒㄧㄢˇ
風箱,1,ㄈㄥ ㄒㄧㄤ
風向,1,ㄈㄥ ㄒㄧㄤˋ
風行,1,ㄈㄥ ㄒㄧㄥˊ
風行草偃,1,ㄈㄥ ㄒㄧㄥˊ ㄘㄠˇ ㄧㄢˇ
風疹塊,1,ㄈㄥ ㄓㄣˇ ㄎㄨㄞˋ
風箏,1,ㄈㄥ ㄓㄥ
風燭殘年,1,ㄈㄥ ㄓㄨˊ ㄘㄢˊ ㄋㄧㄢˊ
風馳電掣,1,ㄈㄥ ㄔˊ ㄉㄧㄢˋ ㄔㄜˋ
風車,1,ㄈㄥ ㄔㄜ
風潮,1,ㄈㄥ ㄔㄠˊ
風塵,1,ㄈㄥ ㄔㄣˊ
風塵僕僕,1,ㄈㄥ ㄔㄣˊ ㄆㄨˊ ㄆㄨˊ
風塵女子,1,ㄈㄥ ㄔㄣˊ ㄋㄩˇ ㄗˇ
風吹草動,1,ㄈㄥ ㄔㄨㄟ ㄘㄠˇ ㄉㄨㄥˋ
風吹雨打,1,ㄈㄥ ㄔㄨㄟ ㄩˇ ㄉㄚˇ
風溼病,1,ㄈㄥ ㄕ ㄅㄧㄥˋ
風勢,1,ㄈㄥ ㄕˋ
風沙,1,ㄈㄥ ㄕㄚ
風扇,1,ㄈㄥ ㄕㄢˋ
風尚,1,ㄈㄥ ㄕㄤˋ
風聲,1,ㄈㄥ ㄕㄥ
風聲鶴唳,1,ㄈㄥ ㄕㄥ ㄏㄜˋ ㄌㄧˋ
風水,1,ㄈㄥ ㄕㄨㄟˇ
風霜,1,ㄈㄥ ㄕㄨㄤ
風災,1,ㄈㄥ ㄗㄞ
風采,1,ㄈㄥ ㄘㄞˇ
風騷,1,ㄈㄥ ㄙㄠ
風俗,1,ㄈㄥ ㄙㄨˊ
風速,1,ㄈㄥ ㄙㄨˋ
風衣,1,ㄈㄥ ㄧ
風雅,1,ㄈㄥ ㄧㄚˇ
風味,1,ㄈㄥ ㄨㄟˋ
風聞,1,ㄈㄥ ㄨㄣˊ
風雨,1,ㄈㄥ ㄩˇ
風雨飄搖,1,ㄈㄥ ㄩˇ ㄆㄧㄠ ㄧㄠˊ
風雨同舟,1,ㄈㄥ ㄩˇ ㄊㄨㄥˊ ㄓㄡ
風雨交加,1,ㄈㄥ ㄩˇ ㄐㄧㄠ ㄐㄧㄚ
風雨無阻,1,ㄈㄥ ㄩˇ ㄨˊ ㄗㄨˇ
風月,1,ㄈㄥ ㄩㄝˋ
風月場所,1,ㄈㄥ ㄩㄝˋ ㄔㄤˇ ㄙㄨㄛˇ
風雲,1,ㄈㄥ ㄩㄣˊ
風雲變色,1,ㄈㄥ ㄩㄣˊ ㄅㄧㄢˋ ㄙㄜˋ
風雲際會,1,ㄈㄥ ㄩㄣˊ ㄐㄧˋ ㄏㄨㄟˋ
風雲人物,1,ㄈㄥ ㄩㄣˊ ㄖㄣˊ ㄨˋ
風韻,1,ㄈㄥ ㄩㄣˋ
楓,1,ㄈㄥ
瘋,1,ㄈㄥ
瘋瘋癲癲,1,ㄈㄥ ㄈㄥ ㄉㄧㄢ ㄉㄧㄢ
瘋狗,1,ㄈㄥ ㄍㄡˇ
瘋狂,1,ㄈㄥ ㄎㄨㄤˊ
瘋話,1,ㄈㄥ ㄏㄨㄚˋ
瘋子,1,ㄈㄥ ㄗ˙
峰,1,ㄈㄥ
峰巒,1,ㄈㄥ ㄌㄨㄢˊ
峰迴路轉,1,ㄈㄥ ㄏㄨㄟˊ ㄌㄨˋ ㄓㄨㄢˇ
烽,1,ㄈㄥ
烽火,1,ㄈㄥ ㄏㄨㄛˇ
蜂,1,ㄈㄥ
蜂蜜,1,ㄈㄥ ㄇㄧˋ
蜂蠟,1,ㄈㄥ ㄌㄚˋ
蜂巢,1,ㄈㄥ ㄔㄠˊ
蜂巢式行動電話系統,1,ㄈㄥ ㄔㄠˊ ㄕˋ ㄒㄧㄥˊ ㄉㄨㄥˋ ㄉㄧㄢˋ ㄏㄨㄚˋ ㄒㄧˋ ㄊㄨㄥˇ
蜂腰,1,ㄈㄥ ㄧㄠ
蜂窩,1,ㄈㄥ ㄨㄛ
蜂王,1,ㄈㄥ ㄨㄤˊ
蜂王乳,1,ㄈㄥ ㄨㄤˊ ㄖㄨˇ
蜂湧而出,1,ㄈㄥ ㄩㄥˇ ㄦˊ ㄔㄨ
蜂擁,1,ㄈㄥ ㄩㄥˇ
鋒,1,ㄈㄥ
鋒芒,1,ㄈㄥ ㄇㄤˊ
鋒面,1,ㄈㄥ ㄇㄧㄢˋ
鋒頭,1,ㄈㄥ ㄊㄡ˙
鋒利,1,ㄈㄥ ㄌㄧˋ
鋒刃,1,ㄈㄥ ㄖㄣˋ
豐,1,ㄈㄥ
豐沛,1,ㄈㄥ ㄆㄟˋ
豐滿,1,ㄈㄥ ㄇㄢˇ
豐富,1,ㄈㄥ ㄈㄨˋ
豐年,1,ㄈㄥ ㄋㄧㄢˊ
豐功偉績,1,ㄈㄥ ㄍㄨㄥ ㄨㄟˇ ㄐㄧ
豐功偉業,1,ㄈㄥ ㄍㄨㄥ ㄨㄟˇ ㄧㄝˋ
豐厚,1,ㄈㄥ ㄏㄡˋ
豐收,1,ㄈㄥ ㄕㄡ
豐盛,1,ㄈㄥ ㄕㄥˋ
豐碩,1,ㄈㄥ ㄕㄨㄛˋ
豐水期,1,ㄈㄥ ㄕㄨㄟˇ ㄑㄧˊ
豐饒,1,ㄈㄥ ㄖㄠˊ
豐稔,1,ㄈㄥ ㄖㄣˇ
豐潤,1,ㄈㄥ ㄖㄨㄣˋ
豐衣足食,1,ㄈㄥ ㄧ ㄗㄨˊ ㄕˊ
豐腴,1,ㄈㄥ ㄩˊ
酆,1,ㄈㄥ
逢,1,ㄈㄥˊ
逢年過節,1,ㄈㄥˊ ㄋㄧㄢˊ ㄍㄨㄛˋ ㄐㄧㄝˊ
逢凶化吉,1,ㄈㄥˊ ㄒㄩㄥ ㄏㄨㄚˋ ㄐㄧˊ
逢場作戲,1,ㄈㄥˊ ㄔㄤˇ ㄗㄨㄛˋ ㄒㄧˋ
逢迎,1,ㄈㄥˊ ㄧㄥˊ
縫,1,ㄈㄥˊ
縫合,1,ㄈㄥˊ ㄏㄜˊ
縫製,1,ㄈㄥˊ ㄓˋ
縫紉,1,ㄈㄥˊ ㄖㄣˋ
縫紉機,1,ㄈㄥˊ ㄖㄣˋ ㄐㄧ
馮,1,ㄈㄥˊ
馮婦,1,ㄈㄥˊ ㄈㄨˋ
奉,1,ㄈㄥˋ
奉派,1,ㄈㄥˋ ㄆㄞˋ
奉陪,1,ㄈㄥˋ ㄆㄟˊ
奉命,1,ㄈㄥˋ ㄇㄧㄥˋ
奉調,1,ㄈㄥˋ ㄉㄧㄠˋ
奉令,1,ㄈㄥˋ ㄌㄧㄥˋ
奉告,1,ㄈㄥˋ ㄍㄠˋ
奉公守法,1,ㄈㄥˋ ㄍㄨㄥ ㄕㄡˇ ㄈㄚˇ
奉還,1,ㄈㄥˋ ㄏㄨㄢˊ
奉勸,1,ㄈㄥˋ ㄑㄩㄢˋ
奉獻,1,ㄈㄥˋ ㄒㄧㄢˋ
奉行,1,ㄈㄥˋ ㄒㄧㄥˊ
奉召,1,ㄈㄥˋ ㄓㄠˋ
奉承,1,ㄈㄥˋ ㄔㄥˊ
奉厝,1,ㄈㄥˋ ㄘㄨㄛˋ
奉祀,1,ㄈㄥˋ ㄙˋ
奉送,1,ㄈㄥˋ ㄙㄨㄥˋ
奉養,1,ㄈㄥˋ ㄧㄤˋ
奉迎,1,ㄈㄥˋ ㄧㄥˊ
俸,1,ㄈㄥˋ
俸給,1,ㄈㄥˋ ㄐㄧˇ
風,1,ㄈㄥˋ
諷,1,ㄈㄥˋ
諷諫,1,ㄈㄥˋ ㄐㄧㄢˋ
諷刺,1,ㄈㄥˋ ㄘˋ
鳳,1,ㄈㄥˋ
鳳毛麟角,1,ㄈㄥˋ ㄇㄠˊ ㄌㄧㄣˊ ㄐㄧㄠˇ
鳳蝶,1,ㄈㄥˋ ㄉㄧㄝˊ
鳳梨,1,ㄈㄥˋ ㄌㄧˊ
鳳冠,1,ㄈㄥˋ ㄍㄨㄢ
鳳凰,1,ㄈㄥˋ ㄏㄨㄤˊ
鳳凰木,1,ㄈㄥˋ ㄏㄨㄤˊ ㄇㄨˋ
鳳凰于飛,1,ㄈㄥˋ ㄏㄨㄤˊ ㄩˊ ㄈㄟ
鳳髓龍肝,1,ㄈㄥˋ ㄙㄨㄟˇ ㄌㄨㄥˊ ㄍㄢ
鳳陽花鼓,1,ㄈㄥˋ ㄧㄤˊ ㄏㄨㄚ ㄍㄨˇ
鳳尾草,1,ㄈㄥˋ ㄨㄟˇ ㄘㄠˇ
縫,1,ㄈㄥˋ
縫隙,1,ㄈㄥˋ ㄒㄧˋ
夫,1,ㄈㄨ
夫婦,1,ㄈㄨ ㄈㄨˋ
夫家,1,ㄈㄨ ㄐㄧㄚ
夫妻,1,ㄈㄨ ㄑㄧ
夫婿,1,ㄈㄨ ㄒㄩˋ
夫唱婦隨,1,ㄈㄨ ㄔㄤˋ ㄈㄨˋ ㄙㄨㄟˊ
夫人,1,ㄈㄨ ㄖㄣˊ
夫子,1,ㄈㄨ ㄗˇ
伕,1,ㄈㄨ
趺,1,ㄈㄨ
趺坐,1,ㄈㄨ ㄗㄨㄛˋ
麩,1,ㄈㄨ
孵,1,ㄈㄨ
孵化,1,ㄈㄨ ㄏㄨㄚˋ
孵育,1,ㄈㄨ ㄩˋ
敷,1,ㄈㄨ
敷藥,1,ㄈㄨ ㄧㄠˋ
敷衍,1,ㄈㄨ ㄧㄢˇ
敷衍了事,1,ㄈㄨ ㄧㄢˇ ㄌㄧㄠˇ ㄕˋ
敷衍塞責,1,ㄈㄨ ㄧㄢˇ ㄙㄜˋ ㄗㄜˊ
膚,1,ㄈㄨ
膚淺,1,ㄈㄨ ㄑㄧㄢˇ
膚色,1,ㄈㄨ ㄙㄜˋ
夫,1,ㄈㄨˊ
扶,1,ㄈㄨˊ
扶梯,1,ㄈㄨˊ ㄊㄧ
扶老攜幼,1,ㄈㄨˊ ㄌㄠˇ ㄒㄧ ㄧㄡˋ
扶乩,1,ㄈㄨˊ ㄐㄧ
扶植,1,ㄈㄨˊ ㄓˊ
扶正,1,ㄈㄨˊ ㄓㄥˋ
扶助,1,ㄈㄨˊ ㄓㄨˋ
扶持,1,ㄈㄨˊ ㄔˊ
扶手,1,ㄈㄨˊ ㄕㄡˇ
扶疏,1,ㄈㄨˊ ㄕㄨ
扶桑,1,ㄈㄨˊ ㄙㄤ
扶搖直上,1,ㄈㄨˊ ㄧㄠˊ ㄓˊ ㄕㄤˋ
扶養,1,ㄈㄨˊ ㄧㄤˇ
芙,1,ㄈㄨˊ
芙蓉,1,ㄈㄨˊ ㄖㄨㄥˊ
巿,1,ㄈㄨˊ
芾,1,ㄈㄨˊ
弗,1,ㄈㄨˊ
佛,1,ㄈㄨˊ
拂,1,ㄈㄨˊ
拂曉,1,ㄈㄨˊ ㄒㄧㄠˇ
拂袖而去,1,ㄈㄨˊ ㄒㄧㄡˋ ㄦˊ ㄑㄩˋ
拂塵,1,ㄈㄨˊ ㄔㄣˊ
彿,1,ㄈㄨˊ
氟,1,ㄈㄨˊ
髴,1,ㄈㄨˊ
伏,1,ㄈㄨˊ
伏筆,1,ㄈㄨˊ ㄅㄧˇ
伏兵,1,ㄈㄨˊ ㄅㄧㄥ
伏法,1,ㄈㄨˊ ㄈㄚˇ
伏地挺身,1,ㄈㄨˊ ㄉㄧˋ ㄊㄧㄥˇ ㄕㄣ
伏特,1,ㄈㄨˊ ㄊㄜˋ
伏貼,1,ㄈㄨˊ ㄊㄧㄝ
伏流,1,ㄈㄨˊ ㄌㄧㄡˊ
伏擊,1,ㄈㄨˊ ㄐㄧˊ
伏羲氏,1,ㄈㄨˊ ㄒㄧ ㄕˋ
伏下,1,ㄈㄨˊ ㄒㄧㄚˋ
伏誅,1,ㄈㄨˊ ㄓㄨ
伏罪,1,ㄈㄨˊ ㄗㄨㄟˋ
伏案,1,ㄈㄨˊ ㄢˋ
茯,1,ㄈㄨˊ
袱,1,ㄈㄨˊ
孚,1,ㄈㄨˊ
孚眾望,1,ㄈㄨˊ ㄓㄨㄥˋ ㄨㄤˋ
俘,1,ㄈㄨˊ
俘虜,1,ㄈㄨˊ ㄌㄨˇ
俘獲,1,ㄈㄨˊ ㄏㄨㄛˋ
浮,1,ㄈㄨˊ
浮標,1,ㄈㄨˊ ㄅㄧㄠ
浮萍,1,ㄈㄨˊ ㄆㄧㄥˊ
浮泛,1,ㄈㄨˊ ㄈㄢˋ
浮雕,1,ㄈㄨˊ ㄉㄧㄠ
浮動,1,ㄈㄨˊ ㄉㄨㄥˋ
浮動匯率,1,ㄈㄨˊ ㄉㄨㄥˋ ㄏㄨㄟˋ ㄌㄩˋ
浮濫,1,ㄈㄨˊ ㄌㄢˋ
浮力,1,ㄈㄨˊ ㄌㄧˋ
浮光掠影,1,ㄈㄨˊ ㄍㄨㄤ ㄌㄩㄝˋ ㄧㄥˇ
浮誇,1,ㄈㄨˊ ㄎㄨㄚ
浮華,1,ㄈㄨˊ ㄏㄨㄚˊ
浮橋,1,ㄈㄨˊ ㄑㄧㄠˊ
浮現,1,ㄈㄨˊ ㄒㄧㄢˋ
浮腫,1,ㄈㄨˊ ㄓㄨㄥˇ
浮沉,1,ㄈㄨˊ ㄔㄣˊ
浮屍,1,ㄈㄨˊ ㄕ
浮世繪,1,ㄈㄨˊ ㄕˋ ㄏㄨㄟˋ
浮上心頭,1,ㄈㄨˊ ㄕㄤˋ ㄒㄧㄣ ㄊㄡˊ
浮生,1,ㄈㄨˊ ㄕㄥ
浮躁,1,ㄈㄨˊ ㄗㄠˋ
浮游,1,ㄈㄨˊ ㄧㄡˊ
浮游生物,1,ㄈㄨˊ ㄧㄡˊ ㄕㄥ ㄨˋ
浮雲,1,ㄈㄨˊ ㄩㄣˊ
郛,1,ㄈㄨˊ
蜉,1,ㄈㄨˊ
蜉蝣,1,ㄈㄨˊ ㄧㄡˊ
宓,1,ㄇㄧˋ
服,1,ㄈㄨˊ
服兵役,1,ㄈㄨˊ ㄅㄧㄥ ㄧˋ
服服貼貼,1,ㄈㄨˊ ㄈㄨˊ ㄊㄧㄝ ㄊㄧㄝ
服毒,1,ㄈㄨˊ ㄉㄨˊ
服貼,1,ㄈㄨˊ ㄊㄧㄝ
服氣,1,ㄈㄨˊ ㄑㄧˋ
服勤,1,ㄈㄨˊ ㄑㄧㄣˊ
服刑,1,ㄈㄨˊ ㄒㄧㄥˊ
服裝,1,ㄈㄨˊ ㄓㄨㄤ
服食,1,ㄈㄨˊ ㄕˊ
服侍,1,ㄈㄨˊ ㄕˋ
服飾,1,ㄈㄨˊ ㄕˋ
服輸,1,ㄈㄨˊ ㄕㄨ
服從,1,ㄈㄨˊ ㄘㄨㄥˊ
服喪,1,ㄈㄨˊ ㄙㄤ
服役,1,ㄈㄨˊ ㄧˋ
服藥,1,ㄈㄨˊ ㄧㄠˋ
服膺,1,ㄈㄨˊ ㄧㄥ
服務,1,ㄈㄨˊ ㄨˋ
服務處,1,ㄈㄨˊ ㄨˋ ㄔㄨˋ
服務生,1,ㄈㄨˊ ㄨˋ ㄕㄥ
服務業,1,ㄈㄨˊ ㄨˋ ㄧㄝˋ
服務員,1,ㄈㄨˊ ㄨˋ ㄩㄢˊ
服用,1,ㄈㄨˊ ㄩㄥˋ
苻,1,ㄈㄨˊ
符,1,ㄈㄨˊ
符合,1,ㄈㄨˊ ㄏㄜˊ
符號,1,ㄈㄨˊ ㄏㄠˋ
符咒,1,ㄈㄨˊ ㄓㄡˋ
涪,1,ㄈㄨˊ
涪江,1,ㄈㄨˊ ㄐㄧㄤ
匐,1,ㄈㄨˊ
幅,1,ㄈㄨˊ
幅度,1,ㄈㄨˊ ㄉㄨˋ
幅員,1,ㄈㄨˊ ㄩㄢˊ
福,1,ㄈㄨˊ
福分,1,ㄈㄨˊ ㄈㄣˋ
福德正神,1,ㄈㄨˊ ㄉㄜˊ ㄓㄥˋ ㄕㄣˊ
福地,1,ㄈㄨˊ ㄉㄧˋ
福利,1,ㄈㄨˊ ㄌㄧˋ
福利國家,1,ㄈㄨˊ ㄌㄧˋ ㄍㄨㄛˊ ㄐㄧㄚ
福氣,1,ㄈㄨˊ ㄑㄧˋ
福相,1,ㄈㄨˊ ㄒㄧㄤˋ
福星,1,ㄈㄨˊ ㄒㄧㄥ
福祉,1,ㄈㄨˊ ㄓˇ
福如東海,1,ㄈㄨˊ ㄖㄨˊ ㄉㄨㄥ ㄏㄞˇ
福澤,1,ㄈㄨˊ ㄗㄜˊ
福爾摩沙,1,ㄈㄨˊ ㄦˇ ㄇㄛˊ ㄕㄚ
福音,1,ㄈㄨˊ ㄧㄣ
蝠,1,ㄈㄨˊ
輻,1,ㄈㄨˊ
輻射,1,ㄈㄨˊ ㄕㄜˋ
輻射線,1,ㄈㄨˊ ㄕㄜˋ ㄒㄧㄢˋ
輻輳,1,ㄈㄨˊ ㄘㄡˋ
鳧,1,ㄈㄨˊ
縛,1,ㄈㄨˊ
縛雞之力,1,ㄈㄨˊ ㄐㄧ ㄓ ㄌㄧˋ
縛緊,1,ㄈㄨˊ ㄐㄧㄣˇ
黻,1,ㄈㄨˊ
父,1,ㄈㄨˇ
斧,1,ㄈㄨˇ
斧頭,1,ㄈㄨˇ ㄊㄡ˙
斧鑿,1,ㄈㄨˇ ㄗㄠˊ
釜,1,ㄈㄨˇ
釜底抽薪,1,ㄈㄨˇ ㄉㄧˇ ㄔㄡ ㄒㄧㄣ
甫,1,ㄈㄨˇ
脯,1,ㄈㄨˇ
輔,1,ㄈㄨˇ
輔弼,1,ㄈㄨˇ ㄅㄧˋ
輔幣,1,ㄈㄨˇ ㄅㄧˋ
輔導,1,ㄈㄨˇ ㄉㄠˇ
輔導級,1,ㄈㄨˇ ㄉㄠˇ ㄐㄧˊ
輔選,1,ㄈㄨˇ ㄒㄩㄢˇ
輔助,1,ㄈㄨˇ ㄓㄨˋ
輔佐,1,ㄈㄨˇ ㄗㄨㄛˇ
黼,1,ㄈㄨˇ
府,1,ㄈㄨˇ
府邸,1,ㄈㄨˇ ㄉㄧˇ
府第,1,ㄈㄨˇ ㄉㄧˋ
府庫,1,ㄈㄨˇ ㄎㄨˋ
府城,1,ㄈㄨˇ ㄔㄥˊ
府上,1,ㄈㄨˇ ㄕㄤˋ
拊,1,ㄈㄨˇ
拊膺切齒,1,ㄈㄨˇ ㄧㄥ ㄑㄧㄝˋ ㄔˇ
俯,1,ㄈㄨˇ
俯伏,1,ㄈㄨˇ ㄈㄨˊ
俯瞰,1,ㄈㄨˇ ㄎㄢˋ
俯衝,1,ㄈㄨˇ ㄔㄨㄥ
俯拾皆是,1,ㄈㄨˇ ㄕˊ ㄐㄧㄝ ㄕˋ
俯視,1,ㄈㄨˇ ㄕˋ
俯首,1,ㄈㄨˇ ㄕㄡˇ
俯首帖耳,1,ㄈㄨˇ ㄕㄡˇ ㄊㄧㄝ ㄦˇ
俯首稱臣,1,ㄈㄨˇ ㄕㄡˇ ㄔㄥ ㄔㄣˊ
俯首認罪,1,ㄈㄨˇ ㄕㄡˇ ㄖㄣˋ ㄗㄨㄟˋ
俯身,1,ㄈㄨˇ ㄕㄣ
俯仰之間,1,ㄈㄨˇ ㄧㄤˇ ㄓ ㄐㄧㄢ
俯仰無愧,1,ㄈㄨˇ ㄧㄤˇ ㄨˊ ㄎㄨㄟˋ
腑,1,ㄈㄨˇ
腐,1,ㄈㄨˇ
腐敗,1,ㄈㄨˇ ㄅㄞˋ
腐爛,1,ㄈㄨˇ ㄌㄢˋ
腐化,1,ㄈㄨˇ ㄏㄨㄚˋ
腐壞,1,ㄈㄨˇ ㄏㄨㄞˋ
腐朽,1,ㄈㄨˇ ㄒㄧㄡˇ
腐臭,1,ㄈㄨˇ ㄔㄡˋ
腐蝕,1,ㄈㄨˇ ㄕˊ
撫,1,ㄈㄨˇ
撫平,1,ㄈㄨˇ ㄆㄧㄥˊ
撫摸,1,ㄈㄨˇ ㄇㄛ
撫弄,1,ㄈㄨˇ ㄋㄨㄥˋ
撫孤,1,ㄈㄨˇ ㄍㄨ
撫今追昔,1,ㄈㄨˇ ㄐㄧㄣ ㄓㄨㄟ ㄒㄧˊ
撫心自問,1,ㄈㄨˇ ㄒㄧㄣ ㄗˋ ㄨㄣˋ
撫恤,1,ㄈㄨˇ ㄒㄩˋ
撫卹,1,ㄈㄨˇ ㄒㄩˋ
撫養,1,ㄈㄨˇ ㄧㄤˇ
撫慰,1,ㄈㄨˇ ㄨㄟˋ
撫育,1,ㄈㄨˇ ㄩˋ
頫,1,ㄈㄨˇ
父,1,ㄈㄨˋ
父母,1,ㄈㄨˋ ㄇㄨˇ
父老,1,ㄈㄨˋ ㄌㄠˇ
父親,1,ㄈㄨˋ ㄑㄧㄣ
父兄,1,ㄈㄨˋ ㄒㄩㄥ
父執輩,1,ㄈㄨˋ ㄓˊ ㄅㄟˋ
父子,1,ㄈㄨˋ ㄗˇ
父慈子孝,1,ㄈㄨˋ ㄘˊ ㄗˇ ㄒㄧㄠˋ
付,1,ㄈㄨˋ
付託,1,ㄈㄨˋ ㄊㄨㄛ
付款,1,ㄈㄨˋ ㄎㄨㄢˇ
付訖,1,ㄈㄨˋ ㄑㄧˋ
付清,1,ㄈㄨˋ ㄑㄧㄥ
付之闕如,1,ㄈㄨˋ ㄓ ㄑㄩㄝ ㄖㄨˊ
付之一炬,1,ㄈㄨˋ ㄓ ㄧ ㄐㄩˋ
付之一炬,1,ㄈㄨˋ ㄓ ㄧˊ ㄐㄩˋ
付之一笑,1,ㄈㄨˋ ㄓ ㄧ ㄒㄧㄠˋ
付之一笑,1,ㄈㄨˋ ㄓ ㄧˊ ㄒㄧㄠˋ
付帳,1,ㄈㄨˋ ㄓㄤˋ
付諸東流,1,ㄈㄨˋ ㄓㄨ ㄉㄨㄥ ㄌㄧㄡˊ
付諸流水,1,ㄈㄨˋ ㄓㄨ ㄌㄧㄡˊ ㄕㄨㄟˇ
付出,1,ㄈㄨˋ ㄔㄨ
付梓,1,ㄈㄨˋ ㄗˇ
付郵,1,ㄈㄨˋ ㄧㄡˊ
付印,1,ㄈㄨˋ ㄧㄣˋ
付與,1,ㄈㄨˋ ㄩˇ
咐,1,ㄈㄨˋ
附,1,ㄈㄨˋ
附表,1,ㄈㄨˋ ㄅㄧㄠˇ
附帶,1,ㄈㄨˋ ㄉㄞˋ
附添,1,ㄈㄨˋ ㄊㄧㄢ
附錄,1,ㄈㄨˋ ㄌㄨˋ
附和,1,ㄈㄨˋ ㄏㄜˋ
附會,1,ㄈㄨˋ ㄏㄨㄟˋ
附記,1,ㄈㄨˋ ㄐㄧˋ
附加,1,ㄈㄨˋ ㄐㄧㄚ
附加價值,1,ㄈㄨˋ ㄐㄧㄚ ㄐㄧㄚˋ ㄓˊ
附件,1,ㄈㄨˋ ㄐㄧㄢˋ
附近,1,ㄈㄨˋ ㄐㄧㄣˋ
附注,1,ㄈㄨˋ ㄓㄨˋ
附著,1,ㄈㄨˋ ㄓㄨㄛˊ
附設,1,ㄈㄨˋ ㄕㄜˋ
附屬,1,ㄈㄨˋ ㄕㄨˇ
附贈,1,ㄈㄨˋ ㄗㄥˋ
附耳,1,ㄈㄨˋ ㄦˇ
附議,1,ㄈㄨˋ ㄧˋ
附庸,1,ㄈㄨˋ ㄩㄥ
附庸風雅,1,ㄈㄨˋ ㄩㄥ ㄈㄥ ㄧㄚˇ
駙,1,ㄈㄨˋ
駙馬,1,ㄈㄨˋ ㄇㄚˇ
阜,1,ㄈㄨˋ
訃,1,ㄈㄨˋ
訃告,1,ㄈㄨˋ ㄍㄠˋ
訃聞,1,ㄈㄨˋ ㄨㄣˊ
赴,1,ㄈㄨˋ
赴湯蹈火,1,ㄈㄨˋ ㄊㄤ ㄉㄠˋ ㄏㄨㄛˇ
赴考,1,ㄈㄨˋ ㄎㄠˇ
赴任,1,ㄈㄨˋ ㄖㄣˋ
赴義,1,ㄈㄨˋ ㄧˋ
赴宴,1,ㄈㄨˋ ㄧㄢˋ
赴約,1,ㄈㄨˋ ㄩㄝ
負,1,ㄈㄨˋ
負面,1,ㄈㄨˋ ㄇㄧㄢˋ
負擔,1,ㄈㄨˋ ㄉㄢ
負荷,1,ㄈㄨˋ ㄏㄜˋ
負笈,1,ㄈㄨˋ ㄐㄧˊ
負疚,1,ㄈㄨˋ ㄐㄧㄡˋ
負荊請罪,1,ㄈㄨˋ ㄐㄧㄥ ㄑㄧㄥˇ ㄗㄨㄟˋ
負氣,1,ㄈㄨˋ ㄑㄧˋ
負心,1,ㄈㄨˋ ㄒㄧㄣ
負薪救火,1,ㄈㄨˋ ㄒㄧㄣ ㄐㄧㄡˋ ㄏㄨㄛˇ
負債,1,ㄈㄨˋ ㄓㄞˋ
負重,1,ㄈㄨˋ ㄓㄨㄥˋ
負成長,1,ㄈㄨˋ ㄔㄥˊ ㄓㄤˇ
負傷,1,ㄈㄨˋ ㄕㄤ
負數,1,ㄈㄨˋ ㄕㄨˋ
負責,1,ㄈㄨˋ ㄗㄜˊ
負責人,1,ㄈㄨˋ ㄗㄜˊ ㄖㄣˊ
負載,1,ㄈㄨˋ ㄗㄞˋ
負義,1,ㄈㄨˋ ㄧˋ
負嵎頑抗,1,ㄈㄨˋ ㄩˊ ㄨㄢˊ ㄎㄤˋ
副,1,ㄈㄨˋ
副本,1,ㄈㄨˋ ㄅㄣˇ
副理,1,ㄈㄨˋ ㄌㄧˇ
副官,1,ㄈㄨˋ ㄍㄨㄢ
副刊,1,ㄈㄨˋ ㄎㄢ
副會長,1,ㄈㄨˋ ㄏㄨㄟˋ ㄓㄤˇ
副教授,1,ㄈㄨˋ ㄐㄧㄠˋ ㄕㄡˋ
副產品,1,ㄈㄨˋ ㄔㄢˇ ㄆㄧㄣˇ
副食,1,ㄈㄨˋ ㄕˊ
副手,1,ㄈㄨˋ ㄕㄡˇ
副署,1,ㄈㄨˋ ㄕㄨˋ
副作用,1,ㄈㄨˋ ㄗㄨㄛˋ ㄩㄥˋ
副詞,1,ㄈㄨˋ ㄘˊ
副業,1,ㄈㄨˋ ㄧㄝˋ
富,1,ㄈㄨˋ
富態,1,ㄈㄨˋ ㄊㄞˋ
富麗,1,ㄈㄨˋ ㄌㄧˋ
富麗堂皇,1,ㄈㄨˋ ㄌㄧˋ ㄊㄤˊ ㄏㄨㄤˊ
富國強兵,1,ㄈㄨˋ ㄍㄨㄛˊ ㄑㄧㄤˊ ㄅㄧㄥ
富貴,1,ㄈㄨˋ ㄍㄨㄟˋ
富貴榮華,1,ㄈㄨˋ ㄍㄨㄟˋ ㄖㄨㄥˊ ㄏㄨㄚˊ
富可敵國,1,ㄈㄨˋ ㄎㄜˇ ㄉㄧˊ ㄍㄨㄛˊ
富豪,1,ㄈㄨˋ ㄏㄠˊ
富強,1,ㄈㄨˋ ㄑㄧㄤˊ
富強康樂,1,ㄈㄨˋ ㄑㄧㄤˊ ㄎㄤ ㄌㄜˋ
富庶,1,ㄈㄨˋ ㄕㄨˋ
富饒,1,ㄈㄨˋ ㄖㄠˊ
富足,1,ㄈㄨˋ ㄗㄨˊ
富而好禮,1,ㄈㄨˋ ㄦˊ ㄏㄠˋ ㄌㄧˇ
富有,1,ㄈㄨˋ ㄧㄡˇ
富翁,1,ㄈㄨˋ ㄨㄥ
富裕,1,ㄈㄨˋ ㄩˋ
婦,1,ㄈㄨˋ
婦道人家,1,ㄈㄨˋ ㄉㄠˋ ㄖㄣˊ ㄐㄧㄚ˙
婦女,1,ㄈㄨˋ ㄋㄩˇ
婦女運動,1,ㄈㄨˋ ㄋㄩˇ ㄩㄣˋ ㄉㄨㄥˋ
婦科,1,ㄈㄨˋ ㄎㄜ
婦產科,1,ㄈㄨˋ ㄔㄢˇ ㄎㄜ
婦人,1,ㄈㄨˋ ㄖㄣˊ
婦人之仁,1,ㄈㄨˋ ㄖㄣˊ ㄓ ㄖㄣˊ
婦孺,1,ㄈㄨˋ ㄖㄨˊ
婦孺皆知,1,ㄈㄨˋ ㄖㄨˊ ㄐㄧㄝ ㄓ
婦幼,1,ㄈㄨˋ ㄧㄡˋ
傅,1,ㄈㄨˋ
復,1,ㄈㄨˋ
復辟,1,ㄈㄨˋ ㄅㄧˋ
復明,1,ㄈㄨˋ ㄇㄧㄥˊ
復發,1,ㄈㄨˋ ㄈㄚ
復古,1,ㄈㄨˋ ㄍㄨˇ
復工,1,ㄈㄨˋ ㄍㄨㄥ
復活,1,ㄈㄨˋ ㄏㄨㄛˊ
復活節,1,ㄈㄨˋ ㄏㄨㄛˊ ㄐㄧㄝˊ
復交,1,ㄈㄨˋ ㄐㄧㄠ
復舊,1,ㄈㄨˋ ㄐㄧㄡˋ
復健,1,ㄈㄨˋ ㄐㄧㄢˋ
復興,1,ㄈㄨˋ ㄒㄧㄥ
復學,1,ㄈㄨˋ ㄒㄩㄝˊ
復職,1,ㄈㄨˋ ㄓˊ
復仇,1,ㄈㄨˋ ㄔㄡˊ
復出,1,ㄈㄨˋ ㄔㄨ
復甦,1,ㄈㄨˋ ㄙㄨ
復業,1,ㄈㄨˋ ㄧㄝˋ
復位,1,ㄈㄨˋ ㄨㄟˋ
復元,1,ㄈㄨˋ ㄩㄢˊ
復原,1,ㄈㄨˋ ㄩㄢˊ
復員,1,ㄈㄨˋ ㄩㄢˊ
腹,1,ㄈㄨˋ
腹背受敵,1,ㄈㄨˋ ㄅㄟˋ ㄕㄡˋ ㄉㄧˊ
腹部,1,ㄈㄨˋ ㄅㄨˋ
腹膜炎,1,ㄈㄨˋ ㄇㄛˊ ㄧㄢˊ
腹地,1,ㄈㄨˋ ㄉㄧˋ
腹痛,1,ㄈㄨˋ ㄊㄨㄥˋ
腹稿,1,ㄈㄨˋ ㄍㄠˇ
腹瀉,1,ㄈㄨˋ ㄒㄧㄝˋ
腹案,1,ㄈㄨˋ ㄢˋ
複,1,ㄈㄨˋ
複利,1,ㄈㄨˋ ㄌㄧˋ
複合,1,ㄈㄨˋ ㄏㄜˊ
複合詞,1,ㄈㄨˋ ㄏㄜˊ ㄘˊ
複檢,1,ㄈㄨˋ ㄐㄧㄢˇ
複決,1,ㄈㄨˋ ㄐㄩㄝˊ
複決權,1,ㄈㄨˋ ㄐㄩㄝˊ ㄑㄩㄢˊ
複句,1,ㄈㄨˋ ㄐㄩˋ
複習,1,ㄈㄨˋ ㄒㄧˊ
複寫紙,1,ㄈㄨˋ ㄒㄧㄝˇ ㄓˇ
複姓,1,ㄈㄨˋ ㄒㄧㄥˋ
複選,1,ㄈㄨˋ ㄒㄩㄢˇ
複製,1,ㄈㄨˋ ㄓˋ
複製品,1,ㄈㄨˋ ㄓˋ ㄆㄧㄣˇ
複診,1,ㄈㄨˋ ㄓㄣˇ
複查,1,ㄈㄨˋ ㄔㄚˊ
複式,1,ㄈㄨˋ ㄕˋ
複試,1,ㄈㄨˋ ㄕˋ
複審,1,ㄈㄨˋ ㄕㄣˇ
複數,1,ㄈㄨˋ ㄕㄨˋ
複雜,1,ㄈㄨˋ ㄗㄚˊ
複賽,1,ㄈㄨˋ ㄙㄞˋ
複議,1,ㄈㄨˋ ㄧˋ
複葉,1,ㄈㄨˋ ㄧㄝˋ
複眼,1,ㄈㄨˋ ㄧㄢˇ
複印,1,ㄈㄨˋ ㄧㄣˋ
覆,1,ㄈㄨˋ
覆沒,1,ㄈㄨˋ ㄇㄛˋ
覆滅,1,ㄈㄨˋ ㄇㄧㄝˋ
覆命,1,ㄈㄨˋ ㄇㄧㄥˋ
覆蓋,1,ㄈㄨˋ ㄍㄞˋ
覆核,1,ㄈㄨˋ ㄏㄜˊ
覆醢,1,ㄈㄨˋ ㄏㄞˇ
覆轍,1,ㄈㄨˋ ㄔㄜˋ
覆巢之下無完卵,1,ㄈㄨˋ ㄔㄠˊ ㄓ ㄒㄧㄚˋ ㄨˊ ㄨㄢˊ ㄌㄨㄢˇ
覆水難收,1,ㄈㄨˋ ㄕㄨㄟˇ ㄋㄢˊ ㄕㄡ
覆議,1,ㄈㄨˋ ㄧˋ
覆亡,1,ㄈㄨˋ ㄨㄤˊ
馥,1,ㄈㄨˋ
馥郁,1,ㄈㄨˋ ㄩˋ
賦,1,ㄈㄨˋ
賦歸,1,ㄈㄨˋ ㄍㄨㄟ
賦閒,1,ㄈㄨˋ ㄒㄧㄢˊ
賦詩,1,ㄈㄨˋ ㄕ
賦稅,1,ㄈㄨˋ ㄕㄨㄟˋ
賦予,1,ㄈㄨˋ ㄩˇ
耷,1,ㄉㄚ
答,1,ㄉㄚ
答理,1,ㄉㄚ ㄌㄧˇ
答腔,1,ㄉㄚ ㄑㄧㄤ
答應,1,ㄉㄚ ㄧㄥˋ
答允,1,ㄉㄚ ㄩㄣˇ
搭,1,ㄉㄚ
搭便車,1,ㄉㄚ ㄅㄧㄢˋ ㄔㄜ
搭不上線,1,ㄉㄚ ㄅㄨˋ ㄕㄤˋ ㄒㄧㄢˋ
搭不上線,1,ㄉㄚ ㄅㄨˊ ㄕㄤˋ ㄒㄧㄢˋ
搭配,1,ㄉㄚ ㄆㄟˋ
搭檔,1,ㄉㄚ ㄉㄤˇ
搭調,1,ㄉㄚ ㄉㄧㄠˋ
搭話,1,ㄉㄚ ㄏㄨㄚˋ
搭救,1,ㄉㄚ ㄐㄧㄡˋ
搭建,1,ㄉㄚ ㄐㄧㄢˋ
搭景,1,ㄉㄚ ㄐㄧㄥˇ
搭橋,1,ㄉㄚ ㄑㄧㄠˊ
搭乘,1,ㄉㄚ ㄔㄥˊ
搭訕,1,ㄉㄚ ㄕㄢˋ
搭載,1,ㄉㄚ ㄗㄞˋ
褡,1,ㄉㄚ
妲,1,ㄉㄚˊ
妲己,1,ㄉㄚˊ ㄐㄧˇ
靼,1,ㄉㄚˊ
答,1,ㄉㄚˊ
答辯,1,ㄉㄚˊ ㄅㄧㄢˋ
答辯書,1,ㄉㄚˊ ㄅㄧㄢˋ ㄕㄨ
答非所問,1,ㄉㄚˊ ㄈㄟ ㄙㄨㄛˇ ㄨㄣˋ
答覆,1,ㄉㄚˊ ㄈㄨˋ
答對,1,ㄉㄚˊ ㄉㄨㄟˋ
答禮,1,ㄉㄚˊ ㄌㄧˇ
答錄機,1,ㄉㄚˊ ㄌㄨˋ ㄐㄧ
答話,1,ㄉㄚˊ ㄏㄨㄚˋ
答謝,1,ㄉㄚˊ ㄒㄧㄝˋ
答詢,1,ㄉㄚˊ ㄒㄩㄣˊ
答數,1,ㄉㄚˊ ㄕㄨˋ
答案,1,ㄉㄚˊ ㄢˋ
答案卷,1,ㄉㄚˊ ㄢˋ ㄐㄩㄢˋ
瘩,1,ㄉㄚˊ
達,1,ㄉㄚˊ
達摩,1,ㄉㄚˊ ㄇㄛˊ
達達主義,1,ㄉㄚˊ ㄉㄚˊ ㄓㄨˇ ㄧˋ
達到,1,ㄉㄚˊ ㄉㄠˋ
達賴喇嘛,1,ㄉㄚˊ ㄌㄞˋ ㄌㄚˇ ㄇㄚ˙
達理,1,ㄉㄚˊ ㄌㄧˇ
達官貴人,1,ㄉㄚˊ ㄍㄨㄢ ㄍㄨㄟˋ ㄖㄣˊ
達官顯要,1,ㄉㄚˊ ㄍㄨㄢ ㄒㄧㄢˇ ㄧㄠˋ
達觀,1,ㄉㄚˊ ㄍㄨㄢ
達陣,1,ㄉㄚˊ ㄓㄣˋ
達成,1,ㄉㄚˊ ㄔㄥˊ
達因,1,ㄉㄚˊ ㄧㄣ
噠,1,ㄉㄚˊ
韃,1,ㄉㄚˊ
韃靼,1,ㄉㄚˊ ㄉㄚˊ
打,1,ㄉㄚˇ
打靶,1,ㄉㄚˇ ㄅㄚˇ
打敗,1,ㄉㄚˇ ㄅㄞˋ
打敗仗,1,ㄉㄚˇ ㄅㄞˋ ㄓㄤˋ
打包,1,ㄉㄚˇ ㄅㄠ
打包票,1,ㄉㄚˇ ㄅㄠ ㄆㄧㄠˋ
打抱不平,1,ㄉㄚˇ ㄅㄠˋ ㄅㄨˋ ㄆㄧㄥˊ
打扮,1,ㄉㄚˇ ㄅㄢˋ
打破,1,ㄉㄚˇ ㄆㄛˋ
打破慣例,1,ㄉㄚˇ ㄆㄛˋ ㄍㄨㄢˋ ㄌㄧˋ
打破砂鍋問到底,1,ㄉㄚˇ ㄆㄛˋ ㄕㄚ ㄍㄨㄛ ㄨㄣˋ ㄉㄠˋ ㄉㄧˇ
打牌,1,ㄉㄚˇ ㄆㄞˊ
打拚,1,ㄉㄚˇ ㄆㄢˋ
打噴嚏,1,ㄉㄚˇ ㄆㄣ ㄊㄧˋ
打屁,1,ㄉㄚˇ ㄆㄧˋ
打麻將,1,ㄉㄚˇ ㄇㄚˊ ㄐㄧㄤˋ
打馬虎眼,1,ㄉㄚˇ ㄇㄚˇ ㄏㄨ ㄧㄢˇ
打罵,1,ㄉㄚˇ ㄇㄚˋ
打罵教育,1,ㄉㄚˇ ㄇㄚˋ ㄐㄧㄠˋ ㄩˋ
打毛線,1,ㄉㄚˇ ㄇㄠˊ ㄒㄧㄢˋ
打發,1,ㄉㄚˇ ㄈㄚ
打分數,1,ㄉㄚˇ ㄈㄣ ㄕㄨˋ
打粉底,1,ㄉㄚˇ ㄈㄣˇ ㄉㄧˇ
打打鬧鬧,1,ㄉㄚˇ ㄉㄚˇ ㄋㄠˋ ㄋㄠˋ
打帶跑,1,ㄉㄚˇ ㄉㄞˋ ㄆㄠˇ
打倒,1,ㄉㄚˇ ㄉㄠˇ
打道回府,1,ㄉㄚˇ ㄉㄠˋ ㄏㄨㄟˊ ㄈㄨˇ
打鬥,1,ㄉㄚˇ ㄉㄡˋ
打彈珠,1,ㄉㄚˇ ㄉㄢˋ ㄓㄨ
打底,1,ㄉㄚˇ ㄉㄧˇ
打地鋪,1,ㄉㄚˇ ㄉㄧˋ ㄆㄨˋ
打點滴,1,ㄉㄚˇ ㄉㄧㄢˇ ㄉㄧ
打電報,1,ㄉㄚˇ ㄉㄧㄢˋ ㄅㄠˋ
打電話,1,ㄉㄚˇ ㄉㄧㄢˋ ㄏㄨㄚˋ
打電玩,1,ㄉㄚˇ ㄉㄧㄢˋ ㄨㄢˊ
打點,1,ㄉㄚˇ ㄉㄧㄢˇ
打點,1,ㄉㄚˇ ㄉㄧㄢ˙
打賭,1,ㄉㄚˇ ㄉㄨˇ
打對臺,1,ㄉㄚˇ ㄉㄨㄟˋ ㄊㄞˊ
打斷,1,ㄉㄚˇ ㄉㄨㄢˋ
打盹,1,ㄉㄚˇ ㄉㄨㄣˇ
打動,1,ㄉㄚˇ ㄉㄨㄥˋ
打胎,1,ㄉㄚˇ ㄊㄞ
打太極,1,ㄉㄚˇ ㄊㄞˋ ㄐㄧˊ
打頭陣,1,ㄉㄚˇ ㄊㄡˊ ㄓㄣˋ
打探,1,ㄉㄚˇ ㄊㄢˋ
打鐵,1,ㄉㄚˇ ㄊㄧㄝˇ
打鐵匠,1,ㄉㄚˇ ㄊㄧㄝˇ ㄐㄧㄤˋ
打鐵趁熱,1,ㄉㄚˇ ㄊㄧㄝˇ ㄔㄣˋ ㄖㄜˋ
打天下,1,ㄉㄚˇ ㄊㄧㄢ ㄒㄧㄚˋ
打聽,1,ㄉㄚˇ ㄊㄧㄥ
打退堂鼓,1,ㄉㄚˇ ㄊㄨㄟˋ ㄊㄤˊ ㄍㄨˇ
打通,1,ㄉㄚˇ ㄊㄨㄥ
打通關,1,ㄉㄚˇ ㄊㄨㄥ ㄍㄨㄢ
打通關節,1,ㄉㄚˇ ㄊㄨㄥ ㄍㄨㄢ ㄐㄧㄝˊ
打鬧,1,ㄉㄚˇ ㄋㄠˋ
打蠟,1,ㄉㄚˇ ㄌㄚˋ
打雷,1,ㄉㄚˇ ㄌㄟˊ
打擂臺,1,ㄉㄚˇ ㄌㄟˊ ㄊㄞˊ
打撈,1,ㄉㄚˇ ㄌㄠ
打理,1,ㄉㄚˇ ㄌㄧˇ
打獵,1,ㄉㄚˇ ㄌㄧㄝˋ
打量,1,ㄉㄚˇ ㄌㄧㄤˋ
打領帶,1,ㄉㄚˇ ㄌㄧㄥˇ ㄉㄞˋ
打落水狗,1,ㄉㄚˇ ㄌㄨㄛˋ ㄕㄨㄟˇ ㄍㄡˇ
打歌,1,ㄉㄚˇ ㄍㄜ
打嗝,1,ㄉㄚˇ ㄍㄜˊ
打勾勾,1,ㄉㄚˇ ㄍㄡ ㄍㄡ
打狗也要看主人面,1,ㄉㄚˇ ㄍㄡˇ ㄧㄝˇ ㄧㄠˋ ㄎㄢˋ ㄓㄨˇ ㄖㄣˊ ㄇㄧㄢˋ
打更,1,ㄉㄚˇ ㄍㄥ
打官腔,1,ㄉㄚˇ ㄍㄨㄢ ㄑㄧㄤ
打官司,1,ㄉㄚˇ ㄍㄨㄢ ㄙ
打滾,1,ㄉㄚˇ ㄍㄨㄣˇ
打光,1,ㄉㄚˇ ㄍㄨㄤ
打廣告,1,ㄉㄚˇ ㄍㄨㄤˇ ㄍㄠˋ
打工,1,ㄉㄚˇ ㄍㄨㄥ
打躬作揖,1,ㄉㄚˇ ㄍㄨㄥ ㄗㄨㄛˋ ㄧ
打卡,1,ㄉㄚˇ ㄎㄚˇ
打卡機,1,ㄉㄚˇ ㄎㄚˇ ㄐㄧ
打卡鐘,1,ㄉㄚˇ ㄎㄚˇ ㄓㄨㄥ
打瞌睡,1,ㄉㄚˇ ㄎㄜ ㄕㄨㄟˋ
打開,1,ㄉㄚˇ ㄎㄞ
打開天窗說亮話,1,ㄉㄚˇ ㄎㄞ ㄊㄧㄢ ㄔㄨㄤ ㄕㄨㄛ ㄌㄧㄤˋ ㄏㄨㄚˋ
打垮,1,ㄉㄚˇ ㄎㄨㄚˇ
打孔,1,ㄉㄚˇ ㄎㄨㄥˇ
打哈哈,1,ㄉㄚˇ ㄏㄚ ㄏㄚ
打呵欠,1,ㄉㄚˇ ㄏㄜ ㄑㄧㄢˋ
打鼾,1,ㄉㄚˇ ㄏㄢ
打呼,1,ㄉㄚˇ ㄏㄨ
打呼嚕,1,ㄉㄚˇ ㄏㄨ ㄌㄨ
打火機,1,ㄉㄚˇ ㄏㄨㄛˇ ㄐㄧ
打回票,1,ㄉㄚˇ ㄏㄨㄟˊ ㄆㄧㄠˋ
打混,1,ㄉㄚˇ ㄏㄨㄣˋ
打擊,1,ㄉㄚˇ ㄐㄧˊ
打擊率,1,ㄉㄚˇ ㄐㄧˊ ㄌㄩˋ
打擊手,1,ㄉㄚˇ ㄐㄧˊ ㄕㄡˇ
打擊異己,1,ㄉㄚˇ ㄐㄧˊ ㄧˋ ㄐㄧˇ
打擊樂,1,ㄉㄚˇ ㄐㄧˊ ㄩㄝˋ
打擊樂器,1,ㄉㄚˇ ㄐㄧˊ ㄩㄝˋ ㄑㄧˋ
打家劫舍,1,ㄉㄚˇ ㄐㄧㄚ ㄐㄧㄝˊ ㄕㄜˋ
打架,1,ㄉㄚˇ ㄐㄧㄚˋ
打劫,1,ㄉㄚˇ ㄐㄧㄝˊ
打結,1,ㄉㄚˇ ㄐㄧㄝˊ
打交道,1,ㄉㄚˇ ㄐㄧㄠ ㄉㄠˋ
打攪,1,ㄉㄚˇ ㄐㄧㄠˇ
打尖,1,ㄉㄚˇ ㄐㄧㄢ
打緊,1,ㄉㄚˇ ㄐㄧㄣˇ
打起精神,1,ㄉㄚˇ ㄑㄧˇ ㄐㄧㄥ ㄕㄣˊ
打氣,1,ㄉㄚˇ ㄑㄧˋ
打氣筒,1,ㄉㄚˇ ㄑㄧˋ ㄊㄨㄥˇ
打秋風,1,ㄉㄚˇ ㄑㄧㄡ ㄈㄥ
打球,1,ㄉㄚˇ ㄑㄧㄡˊ
打情罵俏,1,ㄉㄚˇ ㄑㄧㄥˊ ㄇㄚˋ ㄑㄧㄠˋ
打趣,1,ㄉㄚˇ ㄑㄩˋ
打群架,1,ㄉㄚˇ ㄑㄩㄣˊ ㄐㄧㄚˋ
打消,1,ㄉㄚˇ ㄒㄧㄠ
打小報告,1,ㄉㄚˇ ㄒㄧㄠˇ ㄅㄠˋ ㄍㄠˋ
打知名度,1,ㄉㄚˇ ㄓ ㄇㄧㄥˊ ㄉㄨˋ
打製,1,ㄉㄚˇ ㄓˋ
打折,1,ㄉㄚˇ ㄓㄜˊ
打折扣,1,ㄉㄚˇ ㄓㄜˊ ㄎㄡˋ
打招呼,1,ㄉㄚˇ ㄓㄠ ㄏㄨ
打顫,1,ㄉㄚˇ ㄓㄢˋ
打針,1,ㄉㄚˇ ㄓㄣ
打仗,1,ㄉㄚˇ ㄓㄤˋ
打主意,1,ㄉㄚˇ ㄓㄨˇ ㄧˋ
打住,1,ㄉㄚˇ ㄓㄨˋ
打轉,1,ㄉㄚˇ ㄓㄨㄢˋ
打樁,1,ㄉㄚˇ ㄓㄨㄤ
打鐘,1,ㄉㄚˇ ㄓㄨㄥ
打中,1,ㄉㄚˇ ㄓㄨㄥˋ
打赤膊,1,ㄉㄚˇ ㄔˋ ㄅㄛˊ
打赤腳,1,ㄉㄚˇ ㄔˋ ㄐㄧㄠˇ
打岔,1,ㄉㄚˇ ㄔㄚˋ
打成一片,1,ㄉㄚˇ ㄔㄥˊ ㄧ ㄆㄧㄢˋ
打成一片,1,ㄉㄚˇ ㄔㄥˊ ㄧˊ ㄆㄧㄢˋ
打手,1,ㄉㄚˇ ㄕㄡˇ
打手心,1,ㄉㄚˇ ㄕㄡˇ ㄒㄧㄣ
打傷,1,ㄉㄚˇ ㄕㄤ
打輸,1,ㄉㄚˇ ㄕㄨ
打水,1,ㄉㄚˇ ㄕㄨㄟˇ
打水仗,1,ㄉㄚˇ ㄕㄨㄟˇ ㄓㄤˋ
打擾,1,ㄉㄚˇ ㄖㄠˇ
打人,1,ㄉㄚˇ ㄖㄣˊ
打字,1,ㄉㄚˇ ㄗˋ
打字機,1,ㄉㄚˇ ㄗˋ ㄐㄧ
打字紙,1,ㄉㄚˇ ㄗˋ ㄓˇ
打雜,1,ㄉㄚˇ ㄗㄚˊ
打造,1,ㄉㄚˇ ㄗㄠˋ
打坐,1,ㄉㄚˇ ㄗㄨㄛˋ
打嘴,1,ㄉㄚˇ ㄗㄨㄟˇ
打草驚蛇,1,ㄉㄚˇ ㄘㄠˇ ㄐㄧㄥ ㄕㄜˊ
打從,1,ㄉㄚˇ ㄘㄨㄥˊ
打死,1,ㄉㄚˇ ㄙˇ
打掃,1,ㄉㄚˇ ㄙㄠˇ
打傘,1,ㄉㄚˇ ㄙㄢˇ
打散,1,ㄉㄚˇ ㄙㄢˋ
打碎,1,ㄉㄚˇ ㄙㄨㄟˋ
打算,1,ㄉㄚˇ ㄙㄨㄢˋ
打算盤,1,ㄉㄚˇ ㄙㄨㄢˋ ㄆㄢˊ
打暗號,1,ㄉㄚˇ ㄢˋ ㄏㄠˋ
打耳光,1,ㄉㄚˇ ㄦˇ ㄍㄨㄤ
打壓,1,ㄉㄚˇ ㄧㄚ
打牙祭,1,ㄉㄚˇ ㄧㄚˊ ㄐㄧˋ
打野外,1,ㄉㄚˇ ㄧㄝˇ ㄨㄞˋ
打油詩,1,ㄉㄚˇ ㄧㄡˊ ㄕ
打游擊,1,ㄉㄚˇ ㄧㄡˊ ㄐㄧˊ
打烊,1,ㄉㄚˇ ㄧㄤˊ
打樣,1,ㄉㄚˇ ㄧㄤˋ
打魚,1,ㄉㄚˇ ㄩˊ
打魚郎,1,ㄉㄚˇ ㄩˊ ㄌㄤˊ
打圓場,1,ㄉㄚˇ ㄩㄢˊ ㄔㄤˇ
大,1,ㄉㄚˋ
大把,1,ㄉㄚˋ ㄅㄚˇ
大伯,1,ㄉㄚˋ ㄅㄛˊ
大脖子,1,ㄉㄚˋ ㄅㄛˊ ㄗ˙
大拜拜,1,ㄉㄚˋ ㄅㄞˋ ㄅㄞˋ
大敗,1,ㄉㄚˋ ㄅㄞˋ
大悲,1,ㄉㄚˋ ㄅㄟ
大包小包,1,ㄉㄚˋ ㄅㄠ ㄒㄧㄠˇ ㄅㄠ
大飽口福,1,ㄉㄚˋ ㄅㄠˇ ㄎㄡˇ ㄈㄨˊ
大飽眼福,1,ㄉㄚˋ ㄅㄠˇ ㄧㄢˇ ㄈㄨˊ
大爆滿,1,ㄉㄚˋ ㄅㄠˋ ㄇㄢˇ
大爆冷門,1,ㄉㄚˋ ㄅㄠˋ ㄌㄥˇ ㄇㄣˊ
大班,1,ㄉㄚˋ ㄅㄢ
大搬風,1,ㄉㄚˋ ㄅㄢ ㄈㄥ
大半,1,ㄉㄚˋ ㄅㄢˋ
大半輩子,1,ㄉㄚˋ ㄅㄢˋ ㄅㄟˋ ㄗ˙
大半天,1,ㄉㄚˋ ㄅㄢˋ ㄊㄧㄢ
大半生,1,ㄉㄚˋ ㄅㄢˋ ㄕㄥ
大本營,1,ㄉㄚˋ ㄅㄣˇ ㄧㄥˊ
大筆,1,ㄉㄚˋ ㄅㄧˇ
大便,1,ㄉㄚˋ ㄅㄧㄢˋ
大變,1,ㄉㄚˋ ㄅㄧㄢˋ
大兵,1,ㄉㄚˋ ㄅㄧㄥ
大餅,1,ㄉㄚˋ ㄅㄧㄥˇ
大不了,1,ㄉㄚˋ ㄅㄨˋ ㄌㄧㄠˇ
大不相同,1,ㄉㄚˋ ㄅㄨˋ ㄒㄧㄤ ㄊㄨㄥˊ
大不如前,1,ㄉㄚˋ ㄅㄨˋ ㄖㄨˊ ㄑㄧㄢˊ
大不易,1,ㄉㄚˋ ㄅㄨˋ ㄧˋ
大不易,1,ㄉㄚˋ ㄅㄨˊ ㄧˋ
大部分,1,ㄉㄚˋ ㄅㄨˋ ㄈㄣˋ
大拍賣,1,ㄉㄚˋ ㄆㄞ ㄇㄞˋ
大排長龍,1,ㄉㄚˋ ㄆㄞˊ ㄔㄤˊ ㄌㄨㄥˊ
大牌,1,ㄉㄚˋ ㄆㄞˊ
大炮,1,ㄉㄚˋ ㄆㄠˋ
大盤,1,ㄉㄚˋ ㄆㄢˊ
大批,1,ㄉㄚˋ ㄆㄧ
大媽,1,ㄉㄚˋ ㄇㄚ
大麻,1,ㄉㄚˋ ㄇㄚˊ
大麻煙,1,ㄉㄚˋ ㄇㄚˊ ㄧㄢ
大漠,1,ㄉㄚˋ ㄇㄛˋ
大門,1,ㄉㄚˋ ㄇㄣˊ
大夢,1,ㄉㄚˋ ㄇㄥˋ
大夢初醒,1,ㄉㄚˋ ㄇㄥˋ ㄔㄨ ㄒㄧㄥˇ
大名,1,ㄉㄚˋ ㄇㄧㄥˊ
大名鼎鼎,1,ㄉㄚˋ ㄇㄧㄥˊ ㄉㄧㄥˇ ㄉㄧㄥˇ
大明星,1,ㄉㄚˋ ㄇㄧㄥˊ ㄒㄧㄥ
大模大樣,1,ㄉㄚˋ ㄇㄛˊ ㄉㄚˋ ㄧㄤˋ
大拇指,1,ㄉㄚˋ ㄇㄨˇ ㄓˇ
大發脾氣,1,ㄉㄚˋ ㄈㄚ ㄆㄧˊ ㄑㄧˋ
大發雷霆,1,ㄉㄚˋ ㄈㄚ ㄌㄟˊ ㄊㄧㄥˊ
大發利市,1,ㄉㄚˋ ㄈㄚ ㄌㄧˋ ㄕˋ
大發神威,1,ㄉㄚˋ ㄈㄚ ㄕㄣˊ ㄨㄟ
大法官,1,ㄉㄚˋ ㄈㄚˇ ㄍㄨㄢ
大法師,1,ㄉㄚˋ ㄈㄚˇ ㄕ
大費周章,1,ㄉㄚˋ ㄈㄟˋ ㄓㄡ ㄓㄤ
大費脣舌,1,ㄉㄚˋ ㄈㄟˋ ㄔㄨㄣˊ ㄕㄜˊ
大凡,1,ㄉㄚˋ ㄈㄢˊ
大方,1,ㄉㄚˋ ㄈㄤ
大方向,1,ㄉㄚˋ ㄈㄤ ㄒㄧㄤˋ
大房,1,ㄉㄚˋ ㄈㄤˊ
大放厥詞,1,ㄉㄚˋ ㄈㄤˋ ㄐㄩㄝˊ ㄘˊ
大放厥辭,1,ㄉㄚˋ ㄈㄤˋ ㄐㄩㄝˊ ㄘˊ
大放異彩,1,ㄉㄚˋ ㄈㄤˋ ㄧˋ ㄘㄞˇ
大風大浪,1,ㄉㄚˋ ㄈㄥ ㄉㄚˋ ㄌㄤˋ
大豐收,1,ㄉㄚˋ ㄈㄥ ㄕㄡ
大幅度,1,ㄉㄚˋ ㄈㄨˊ ㄉㄨˋ
大副,1,ㄉㄚˋ ㄈㄨˋ
大富大貴,1,ㄉㄚˋ ㄈㄨˋ ㄉㄚˋ ㄍㄨㄟˋ
大富翁,1,ㄉㄚˋ ㄈㄨˋ ㄨㄥ
大腹便便,1,ㄉㄚˋ ㄈㄨˋ ㄆㄧㄢˊ ㄆㄧㄢˊ
大打出手,1,ㄉㄚˋ ㄉㄚˇ ㄔㄨ ㄕㄡˇ
大大小小,1,ㄉㄚˋ ㄉㄚˋ ㄒㄧㄠˇ ㄒㄧㄠˇ
大德,1,ㄉㄚˋ ㄉㄜˊ
大刀,1,ㄉㄚˋ ㄉㄠ
大刀闊斧,1,ㄉㄚˋ ㄉㄠ ㄎㄨㄛˋ ㄈㄨˇ
大盜,1,ㄉㄚˋ ㄉㄠˋ
大道,1,ㄉㄚˋ ㄉㄠˋ
大豆,1,ㄉㄚˋ ㄉㄡˋ
大豆油,1,ㄉㄚˋ ㄉㄡˋ ㄧㄡˊ
大膽,1,ㄉㄚˋ ㄉㄢˇ
大啖一番,1,ㄉㄚˋ ㄉㄢˋ ㄧ ㄈㄢ
大啖一番,1,ㄉㄚˋ ㄉㄢˋ ㄧˋ ㄈㄢ
大抵,1,ㄉㄚˋ ㄉㄧˇ
大地,1,ㄉㄚˋ ㄉㄧˋ
大地重生,1,ㄉㄚˋ ㄉㄧˋ ㄔㄨㄥˊ ㄕㄥ
大調,1,ㄉㄚˋ ㄉㄧㄠˋ
大典,1,ㄉㄚˋ ㄉㄧㄢˇ
大殿,1,ㄉㄚˋ ㄉㄧㄢˋ
大肚,1,ㄉㄚˋ ㄉㄨˋ
大肚子,1,ㄉㄚˋ ㄉㄨˋ ㄗ˙
大度,1,ㄉㄚˋ ㄉㄨˋ
大多數,1,ㄉㄚˋ ㄉㄨㄛ ㄕㄨˋ
大堆,1,ㄉㄚˋ ㄉㄨㄟ
大隊,1,ㄉㄚˋ ㄉㄨㄟˋ
大隊接力,1,ㄉㄚˋ ㄉㄨㄟˋ ㄐㄧㄝ ㄌㄧˋ
大對決,1,ㄉㄚˋ ㄉㄨㄟˋ ㄐㄩㄝˊ
大動脈,1,ㄉㄚˋ ㄉㄨㄥˋ ㄇㄞˋ
大動亂,1,ㄉㄚˋ ㄉㄨㄥˋ ㄌㄨㄢˋ
大動肝火,1,ㄉㄚˋ ㄉㄨㄥˋ ㄍㄢ ㄏㄨㄛˇ
大特寫,1,ㄉㄚˋ ㄊㄜˋ ㄒㄧㄝˇ
大逃亡,1,ㄉㄚˋ ㄊㄠˊ ㄨㄤˊ
大頭,1,ㄉㄚˋ ㄊㄡˊ
大頭兵,1,ㄉㄚˋ ㄊㄡˊ ㄅㄧㄥ
大頭照,1,ㄉㄚˋ ㄊㄡˊ ㄓㄠˋ
大頭針,1,ㄉㄚˋ ㄊㄡˊ ㄓㄣ
大頭菜,1,ㄉㄚˋ ㄊㄡˊ ㄘㄞˋ
大提琴,1,ㄉㄚˋ ㄊㄧˊ ㄑㄧㄣˊ
大體,1,ㄉㄚˋ ㄊㄧˇ
大體上,1,ㄉㄚˋ ㄊㄧˇ ㄕㄤˋ
大體而言,1,ㄉㄚˋ ㄊㄧˇ ㄦˊ ㄧㄢˊ
大廳,1,ㄉㄚˋ ㄊㄧㄥ
大庭廣眾,1,ㄉㄚˋ ㄊㄧㄥˊ ㄍㄨㄤˇ ㄓㄨㄥˋ
大突破,1,ㄉㄚˋ ㄊㄨˊ ㄆㄛˋ
大屠殺,1,ㄉㄚˋ ㄊㄨˊ ㄕㄚ
大腿,1,ㄉㄚˋ ㄊㄨㄟˇ
大腿舞,1,ㄉㄚˋ ㄊㄨㄟˇ ㄨˇ
大團圓,1,ㄉㄚˋ ㄊㄨㄢˊ ㄩㄢˊ
大同,1,ㄉㄚˋ ㄊㄨㄥˊ
大同小異,1,ㄉㄚˋ ㄊㄨㄥˊ ㄒㄧㄠˇ ㄧˋ
大同世界,1,ㄉㄚˋ ㄊㄨㄥˊ ㄕˋ ㄐㄧㄝˋ
大內,1,ㄉㄚˋ ㄋㄟˋ
大腦,1,ㄉㄚˋ ㄋㄠˇ
大難,1,ㄉㄚˋ ㄋㄢˋ
大難不死,1,ㄉㄚˋ ㄋㄢˋ ㄅㄨˋ ㄙˇ
大難臨頭,1,ㄉㄚˋ ㄋㄢˋ ㄌㄧㄣˊ ㄊㄡˊ
大逆不道,1,ㄉㄚˋ ㄋㄧˋ ㄅㄨˋ ㄉㄠˋ
大逆不道,1,ㄉㄚˋ ㄋㄧˋ ㄅㄨˊ ㄉㄠˋ
大年,1,ㄉㄚˋ ㄋㄧㄢˊ
大年初一,1,ㄉㄚˋ ㄋㄧㄢˊ ㄔㄨ ㄧ
大年夜,1,ㄉㄚˋ ㄋㄧㄢˊ ㄧㄝˋ
大剌剌,1,ㄉㄚˋ ㄌㄚˋ ㄌㄚˋ
大喇叭,1,ㄉㄚˋ ㄌㄚˇ ㄅㄚ
大雷雨,1,ㄉㄚˋ ㄌㄟˊ ㄩˇ
大老,1,ㄉㄚˋ ㄌㄠˇ
大老闆,1,ㄉㄚˋ ㄌㄠˇ ㄅㄢˇ
大老婆,1,ㄉㄚˋ ㄌㄠˇ ㄆㄛˊ
大老遠,1,ㄉㄚˋ ㄌㄠˇ ㄩㄢˇ
大樓,1,ㄉㄚˋ ㄌㄡˊ
大浪,1,ㄉㄚˋ ㄌㄤˋ
大禮,1,ㄉㄚˋ ㄌㄧˇ
大禮服,1,ㄉㄚˋ ㄌㄧˇ ㄈㄨˊ
大禮堂,1,ㄉㄚˋ ㄌㄧˇ ㄊㄤˊ
大力,1,ㄉㄚˋ ㄌㄧˋ
大力幫忙,1,ㄉㄚˋ ㄌㄧˋ ㄅㄤ ㄇㄤˊ
大力推荐,1,ㄉㄚˋ ㄌㄧˋ ㄊㄨㄟ ㄐㄧㄢˋ
大力鼓吹,1,ㄉㄚˋ ㄌㄧˋ ㄍㄨˇ ㄔㄨㄟ
大力士,1,ㄉㄚˋ ㄌㄧˋ ㄕˋ
大力水手,1,ㄉㄚˋ ㄌㄧˋ ㄕㄨㄟˇ ㄕㄡˇ
大殮,1,ㄉㄚˋ ㄌㄧㄢˋ
大量,1,ㄉㄚˋ ㄌㄧㄤˋ
大滷麵,1,ㄉㄚˋ ㄌㄨˇ ㄇㄧㄢˋ
大陸片,1,ㄉㄚˋ ㄌㄨˋ ㄆㄧㄢˋ
大陸冷氣團,1,ㄉㄚˋ ㄌㄨˋ ㄌㄥˇ ㄑㄧˋ ㄊㄨㄢˊ
大陸貨,1,ㄉㄚˋ ㄌㄨˋ ㄏㄨㄛˋ
大陸市場,1,ㄉㄚˋ ㄌㄨˋ ㄕˋ ㄔㄤˇ
大陸熱,1,ㄉㄚˋ ㄌㄨˋ ㄖㄜˋ
大路,1,ㄉㄚˋ ㄌㄨˋ
大略,1,ㄉㄚˋ ㄌㄩㄝˋ
大哥,1,ㄉㄚˋ ㄍㄜ
大哥大,1,ㄉㄚˋ ㄍㄜ ㄉㄚˋ
大個子,1,ㄉㄚˋ ㄍㄜˋ ㄗ˙
大個兒,1,ㄉㄚˋ ㄍㄜˋ ㄦ
大概,1,ㄉㄚˋ ㄍㄞˋ
大綱,1,ㄉㄚˋ ㄍㄤ
大股東,1,ㄉㄚˋ ㄍㄨˇ ㄉㄨㄥ
大鼓,1,ㄉㄚˋ ㄍㄨˇ
大褂,1,ㄉㄚˋ ㄍㄨㄚˋ
大鍋飯,1,ㄉㄚˋ ㄍㄨㄛ ㄈㄢˋ
大國,1,ㄉㄚˋ ㄍㄨㄛˊ
大過,1,ㄉㄚˋ ㄍㄨㄛˋ
大規模,1,ㄉㄚˋ ㄍㄨㄟ ㄇㄛˊ
大觀園,1,ㄉㄚˋ ㄍㄨㄢ ㄩㄢˊ
大公國,1,ㄉㄚˋ ㄍㄨㄥ ㄍㄨㄛˊ
大公無私,1,ㄉㄚˋ ㄍㄨㄥ ㄨˊ ㄙ
大功,1,ㄉㄚˋ ㄍㄨㄥ
大功告成,1,ㄉㄚˋ ㄍㄨㄥ ㄍㄠˋ ㄔㄥˊ
大卡,1,ㄉㄚˋ ㄎㄚˇ
大可,1,ㄉㄚˋ ㄎㄜˇ
大可不必,1,ㄉㄚˋ ㄎㄜˇ ㄅㄨˋ ㄅㄧˋ
大可不必,1,ㄉㄚˋ ㄎㄜˇ ㄅㄨˊ ㄅㄧˋ
大客車,1,ㄉㄚˋ ㄎㄜˋ ㄔㄜ
大開方便之門,1,ㄉㄚˋ ㄎㄞ ㄈㄤ ㄅㄧㄢˋ ㄓ ㄇㄣˊ
大開眼界,1,ㄉㄚˋ ㄎㄞ ㄧㄢˇ ㄐㄧㄝˋ
大楷,1,ㄉㄚˋ ㄎㄞˇ
大考中心,1,ㄉㄚˋ ㄎㄠˇ ㄓㄨㄥ ㄒㄧㄣ
大口,1,ㄉㄚˋ ㄎㄡˇ
大哭,1,ㄉㄚˋ ㄎㄨ
大快朵頤,1,ㄉㄚˋ ㄎㄨㄞˋ ㄉㄨㄛˇ ㄧˊ
大快人心,1,ㄉㄚˋ ㄎㄨㄞˋ ㄖㄣˊ ㄒㄧㄣ
大塊,1,ㄉㄚˋ ㄎㄨㄞˋ
大海撈針,1,ㄉㄚˋ ㄏㄞˇ ㄌㄠ ㄓㄣ
大好,1,ㄉㄚˋ ㄏㄠˇ
大號,1,ㄉㄚˋ ㄏㄠˋ
大喉嚨,1,ㄉㄚˋ ㄏㄡˊ ㄌㄨㄥˊ
大吼,1,ㄉㄚˋ ㄏㄡˇ
大汗,1,ㄉㄚˋ ㄏㄢˊ
大寒,1,ㄉㄚˋ ㄏㄢˊ
大喊大叫,1,ㄉㄚˋ ㄏㄢˇ ㄉㄚˋ ㄐㄧㄠˋ
大汗,1,ㄉㄚˋ ㄏㄢˋ
大汗涔涔,1,ㄉㄚˋ ㄏㄢˋ ㄘㄣˊ ㄘㄣˊ
大亨,1,ㄉㄚˋ ㄏㄥ
大呼過癮,1,ㄉㄚˋ ㄏㄨ ㄍㄨㄛˋ ㄧㄣˇ
大呼小叫,1,ㄉㄚˋ ㄏㄨ ㄒㄧㄠˇ ㄐㄧㄠˋ
大鬍子,1,ㄉㄚˋ ㄏㄨˊ ㄗ˙
大戶,1,ㄉㄚˋ ㄏㄨˋ
大戶人家,1,ㄉㄚˋ ㄏㄨˋ ㄖㄣˊ ㄐㄧㄚ
大話,1,ㄉㄚˋ ㄏㄨㄚˋ
大火,1,ㄉㄚˋ ㄏㄨㄛˇ
大貨車,1,ㄉㄚˋ ㄏㄨㄛˋ ㄔㄜ
大惑,1,ㄉㄚˋ ㄏㄨㄛˋ
大惑不解,1,ㄉㄚˋ ㄏㄨㄛˋ ㄅㄨˋ ㄐㄧㄝˇ
大禍,1,ㄉㄚˋ ㄏㄨㄛˋ
大禍臨頭,1,ㄉㄚˋ ㄏㄨㄛˋ ㄌㄧㄣˊ ㄊㄡˊ
大獲全勝,1,ㄉㄚˋ ㄏㄨㄛˋ ㄑㄩㄢˊ ㄕㄥˋ
大會,1,ㄉㄚˋ ㄏㄨㄟˋ
大會串,1,ㄉㄚˋ ㄏㄨㄟˋ ㄔㄨㄢˋ
大會師,1,ㄉㄚˋ ㄏㄨㄟˋ ㄕ
大會操,1,ㄉㄚˋ ㄏㄨㄟˋ ㄘㄠ
大會舞,1,ㄉㄚˋ ㄏㄨㄟˋ ㄨˇ
大環境,1,ㄉㄚˋ ㄏㄨㄢˊ ㄐㄧㄥˋ
大換血,1,ㄉㄚˋ ㄏㄨㄢˋ ㄒㄧㄝˇ
大紅,1,ㄉㄚˋ ㄏㄨㄥˊ
大紅大紫,1,ㄉㄚˋ ㄏㄨㄥˊ ㄉㄚˋ ㄗˇ
大吉,1,ㄉㄚˋ ㄐㄧˊ
大吉大利,1,ㄉㄚˋ ㄐㄧˊ ㄉㄚˋ ㄌㄧˋ
大家,1,ㄉㄚˋ ㄐㄧㄚ
大家風範,1,ㄉㄚˋ ㄐㄧㄚ ㄈㄥ ㄈㄢˋ
大家庭,1,ㄉㄚˋ ㄐㄧㄚ ㄊㄧㄥˊ
大家閨秀,1,ㄉㄚˋ ㄐㄧㄚ ㄍㄨㄟ ㄒㄧㄡˋ
大家長,1,ㄉㄚˋ ㄐㄧㄚ ㄓㄤˇ
大家族,1,ㄉㄚˋ ㄐㄧㄚ ㄗㄨˊ
大駕,1,ㄉㄚˋ ㄐㄧㄚˋ
大街,1,ㄉㄚˋ ㄐㄧㄝ
大街小巷,1,ㄉㄚˋ ㄐㄧㄝ ㄒㄧㄠˇ ㄒㄧㄤˋ
大捷,1,ㄉㄚˋ ㄐㄧㄝˊ
大節,1,ㄉㄚˋ ㄐㄧㄝˊ
大姐,1,ㄉㄚˋ ㄐㄧㄝˇ
大姐頭,1,ㄉㄚˋ ㄐㄧㄝˇ ㄊㄡˊ
大腳丫,1,ㄉㄚˋ ㄐㄧㄠˇ ㄧㄚ
大舅子,1,ㄉㄚˋ ㄐㄧㄡˋ ㄗ˙
大減價,1,ㄉㄚˋ ㄐㄧㄢˇ ㄐㄧㄚˋ
大近視眼,1,ㄉㄚˋ ㄐㄧㄣˋ ㄕˋ ㄧㄢˇ
大進擊,1,ㄉㄚˋ ㄐㄧㄣˋ ㄐㄧˊ
大江東去,1,ㄉㄚˋ ㄐㄧㄤ ㄉㄨㄥ ㄑㄩˋ
大獎,1,ㄉㄚˋ ㄐㄧㄤˇ
大將,1,ㄉㄚˋ ㄐㄧㄤˋ
大將之風,1,ㄉㄚˋ ㄐㄧㄤˋ ㄓ ㄈㄥ
大驚小怪,1,ㄉㄚˋ ㄐㄧㄥ ㄒㄧㄠˇ ㄍㄨㄞˋ
大驚失色,1,ㄉㄚˋ ㄐㄧㄥ ㄕ ㄙㄜˋ
大局,1,ㄉㄚˋ ㄐㄩˊ
大舉入侵,1,ㄉㄚˋ ㄐㄩˇ ㄖㄨˋ ㄑㄧㄣ
大軍壓境,1,ㄉㄚˋ ㄐㄩㄣ ㄧㄚ ㄐㄧㄥˋ
大起大落,1,ㄉㄚˋ ㄑㄧˇ ㄉㄚˋ ㄌㄨㄛˋ
大氣,1,ㄉㄚˋ ㄑㄧˋ
大氣層,1,ㄉㄚˋ ㄑㄧˋ ㄘㄥˊ
大氣壓,1,ㄉㄚˋ ㄑㄧˋ ㄧㄚ
大器,1,ㄉㄚˋ ㄑㄧˋ
大器晚成,1,ㄉㄚˋ ㄑㄧˋ ㄨㄢˇ ㄔㄥˊ
大千世界,1,ㄉㄚˋ ㄑㄧㄢ ㄕˋ ㄐㄧㄝˋ
大前提,1,ㄉㄚˋ ㄑㄧㄢˊ ㄊㄧˊ
大前天,1,ㄉㄚˋ ㄑㄧㄢˊ ㄊㄧㄢ
大前年,1,ㄉㄚˋ ㄑㄧㄢˊ ㄋㄧㄢˊ
大搶購,1,ㄉㄚˋ ㄑㄧㄤˇ ㄍㄡˋ
大清早,1,ㄉㄚˋ ㄑㄧㄥ ㄗㄠˇ
大全,1,ㄉㄚˋ ㄑㄩㄢˊ
大權,1,ㄉㄚˋ ㄑㄩㄢˊ
大權旁落,1,ㄉㄚˋ ㄑㄩㄢˊ ㄆㄤˊ ㄌㄨㄛˋ
大權在握,1,ㄉㄚˋ ㄑㄩㄢˊ ㄗㄞˋ ㄨㄛˋ
大西洋,1,ㄉㄚˋ ㄒㄧ ㄧㄤˊ
大喜,1,ㄉㄚˋ ㄒㄧˇ
大喜過望,1,ㄉㄚˋ ㄒㄧˇ ㄍㄨㄛˋ ㄨㄤˋ
大戲,1,ㄉㄚˋ ㄒㄧˋ
大俠,1,ㄉㄚˋ ㄒㄧㄚˊ
大廈,1,ㄉㄚˋ ㄒㄧㄚˋ
大寫,1,ㄉㄚˋ ㄒㄧㄝˇ
大卸八塊,1,ㄉㄚˋ ㄒㄧㄝˋ ㄅㄚ ㄎㄨㄞˋ
大小,1,ㄉㄚˋ ㄒㄧㄠˇ
大小便,1,ㄉㄚˋ ㄒㄧㄠˇ ㄅㄧㄢˋ
大小不一,1,ㄉㄚˋ ㄒㄧㄠˇ ㄅㄨˋ ㄧ
大笑,1,ㄉㄚˋ ㄒㄧㄠˋ
大仙,1,ㄉㄚˋ ㄒㄧㄢ
大顯身手,1,ㄉㄚˋ ㄒㄧㄢˇ ㄕㄣ ㄕㄡˇ
大顯威風,1,ㄉㄚˋ ㄒㄧㄢˇ ㄨㄟ ㄈㄥ
大限,1,ㄉㄚˋ ㄒㄧㄢˋ
大相逕庭,1,ㄉㄚˋ ㄒㄧㄤ ㄐㄧㄥˋ ㄊㄧㄥˊ
大象,1,ㄉㄚˋ ㄒㄧㄤˋ
大興土木,1,ㄉㄚˋ ㄒㄧㄥ ㄊㄨˇ ㄇㄨˋ
大刑,1,ㄉㄚˋ ㄒㄧㄥˊ
大行其道,1,ㄉㄚˋ ㄒㄧㄥˊ ㄑㄧˊ ㄉㄠˋ
大型電腦,1,ㄉㄚˋ ㄒㄧㄥˊ ㄉㄧㄢˋ ㄋㄠˇ
大型企業,1,ㄉㄚˋ ㄒㄧㄥˊ ㄑㄧˋ ㄧㄝˋ
大學,1,ㄉㄚˋ ㄒㄩㄝˊ
大學部,1,ㄉㄚˋ ㄒㄩㄝˊ ㄅㄨˋ
大學法,1,ㄉㄚˋ ㄒㄩㄝˊ ㄈㄚˇ
大學服,1,ㄉㄚˋ ㄒㄩㄝˊ ㄈㄨˊ
大學聯考,1,ㄉㄚˋ ㄒㄩㄝˊ ㄌㄧㄢˊ ㄎㄠˇ
大學聯招,1,ㄉㄚˋ ㄒㄩㄝˊ ㄌㄧㄢˊ ㄓㄠ
大學城,1,ㄉㄚˋ ㄒㄩㄝˊ ㄔㄥˊ
大學生,1,ㄉㄚˋ ㄒㄩㄝˊ ㄕㄥ
大學自治,1,ㄉㄚˋ ㄒㄩㄝˊ ㄗˋ ㄓˋ
大學問,1,ㄉㄚˋ ㄒㄩㄝˊ ㄨㄣˋ
大學院校,1,ㄉㄚˋ ㄒㄩㄝˊ ㄩㄢˋ ㄒㄧㄠˋ
大雪,1,ㄉㄚˋ ㄒㄩㄝˇ
大選,1,ㄉㄚˋ ㄒㄩㄢˇ
大選區,1,ㄉㄚˋ ㄒㄩㄢˇ ㄑㄩ
大雄寶殿,1,ㄉㄚˋ ㄒㄩㄥˊ ㄅㄠˇ ㄉㄧㄢˋ
大熊星座,1,ㄉㄚˋ ㄒㄩㄥˊ ㄒㄧㄥ ㄗㄨㄛˋ
大志,1,ㄉㄚˋ ㄓˋ
大致,1,ㄉㄚˋ ㄓˋ
大致上,1,ㄉㄚˋ ㄓˋ ㄕㄤˋ
大致說來,1,ㄉㄚˋ ㄓˋ ㄕㄨㄛ ㄌㄞˊ
大智,1,ㄉㄚˋ ㄓˋ
大智若愚,1,ㄉㄚˋ ㄓˋ ㄖㄨㄛˋ ㄩˊ
大製作,1,ㄉㄚˋ ㄓˋ ㄗㄨㄛˋ
大展,1,ㄉㄚˋ ㄓㄢˇ
大展魅力,1,ㄉㄚˋ ㄓㄢˇ ㄇㄟˋ ㄌㄧˋ
大展鴻圖,1,ㄉㄚˋ ㄓㄢˇ ㄏㄨㄥˊ ㄊㄨˊ
大展身手,1,ㄉㄚˋ ㄓㄢˇ ㄕㄣ ㄕㄡˇ
大戰,1,ㄉㄚˋ ㄓㄢˋ
大張旗鼓,1,ㄉㄚˋ ㄓㄤ ㄑㄧˊ ㄍㄨˇ
大專,1,ㄉㄚˋ ㄓㄨㄢ
大專聯考,1,ㄉㄚˋ ㄓㄨㄢ ㄌㄧㄢˊ ㄎㄠˇ
大專教育,1,ㄉㄚˋ ㄓㄨㄢ ㄐㄧㄠˋ ㄩˋ
大專生,1,ㄉㄚˋ ㄓㄨㄢ ㄕㄥ
大專暑訓,1,ㄉㄚˋ ㄓㄨㄢ ㄕㄨˇ ㄒㄩㄣˋ
大專院校,1,ㄉㄚˋ ㄓㄨㄢ ㄩㄢˋ ㄒㄧㄠˋ
大轉彎,1,ㄉㄚˋ ㄓㄨㄢˇ ㄨㄢ
大眾,1,ㄉㄚˋ ㄓㄨㄥˋ
大眾傳媒,1,ㄉㄚˋ ㄓㄨㄥˋ ㄔㄨㄢˊ ㄇㄟˊ
大眾化,1,ㄉㄚˋ ㄓㄨㄥˋ ㄏㄨㄚˋ
大眾捷運系統,1,ㄉㄚˋ ㄓㄨㄥˋ ㄐㄧㄝˊ ㄩㄣˋ ㄒㄧˋ ㄊㄨㄥˇ
大眾傳播,1,ㄉㄚˋ ㄓㄨㄥˋ ㄔㄨㄢˊ ㄅㄛˋ
大眾文化,1,ㄉㄚˋ ㄓㄨㄥˋ ㄨㄣˊ ㄏㄨㄚˋ
大眾運輸,1,ㄉㄚˋ ㄓㄨㄥˋ ㄩㄣˋ ㄕㄨ
大吃,1,ㄉㄚˋ ㄔ
大吃一驚,1,ㄉㄚˋ ㄔ ㄧ ㄐㄧㄥ
大吃一驚,1,ㄉㄚˋ ㄔ ㄧˋ ㄐㄧㄥ
大澈大悟,1,ㄉㄚˋ ㄔㄜˋ ㄉㄚˋ ㄨˋ
大鈔,1,ㄉㄚˋ ㄔㄠ
大吵大鬧,1,ㄉㄚˋ ㄔㄠˇ ㄉㄚˋ ㄋㄠˋ
大吵一頓,1,ㄉㄚˋ ㄔㄠˇ ㄧ ㄉㄨㄣˋ
大吵一頓,1,ㄉㄚˋ ㄔㄠˇ ㄧˊ ㄉㄨㄣˋ
大臣,1,ㄉㄚˋ ㄔㄣˊ
大腸,1,ㄉㄚˋ ㄔㄤˊ
大腸桿菌,1,ㄉㄚˋ ㄔㄤˊ ㄍㄢˇ ㄐㄩㄣˋ
大成,1,ㄉㄚˋ ㄔㄥˊ
大出風頭,1,ㄉㄚˋ ㄔㄨ ㄈㄥ ㄊㄡ˙
大出鋒頭,1,ㄉㄚˋ ㄔㄨ ㄈㄥ ㄊㄡ˙
大出血,1,ㄉㄚˋ ㄔㄨ ㄒㄧㄝˇ
大廚,1,ㄉㄚˋ ㄔㄨˊ
大處著眼小處著手,1,ㄉㄚˋ ㄔㄨˋ ㄓㄨㄛˊ ㄧㄢˇ ㄒㄧㄠˇ ㄔㄨˋ ㄓㄨㄛˊ ㄕㄡˇ
大吹大擂,1,ㄉㄚˋ ㄔㄨㄟ ㄉㄚˋ ㄌㄟˊ
大失所望,1,ㄉㄚˋ ㄕ ㄙㄨㄛˇ ㄨㄤˋ
大師,1,ㄉㄚˋ ㄕ
大師傅,1,ㄉㄚˋ ㄕ ㄈㄨˋ
大師級,1,ㄉㄚˋ ㄕ ㄐㄧˊ
大使,1,ㄉㄚˋ ㄕˇ
大使館,1,ㄉㄚˋ ㄕˇ ㄍㄨㄢˇ
大事,1,ㄉㄚˋ ㄕˋ
大事化小小事化無,1,ㄉㄚˋ ㄕˋ ㄏㄨㄚˋ ㄒㄧㄠˇ ㄒㄧㄠˇ ㄕˋ ㄏㄨㄚˋ ㄨˊ
大是大非,1,ㄉㄚˋ ㄕˋ ㄉㄚˋ ㄈㄟ
大勢,1,ㄉㄚˋ ㄕˋ
大勢所趨,1,ㄉㄚˋ ㄕˋ ㄙㄨㄛˇ ㄑㄩ
大勢已去,1,ㄉㄚˋ ㄕˋ ㄧˇ ㄑㄩˋ
大舌頭,1,ㄉㄚˋ ㄕㄜˊ ㄊㄡ˙
大赦,1,ㄉㄚˋ ㄕㄜˋ
大手筆,1,ㄉㄚˋ ㄕㄡˇ ㄅㄧˇ
大壽,1,ㄉㄚˋ ㄕㄡˋ
大聲,1,ㄉㄚˋ ㄕㄥ
大聲疾呼,1,ㄉㄚˋ ㄕㄥ ㄐㄧˊ ㄏㄨ
大聲嚷嚷,1,ㄉㄚˋ ㄕㄥ ㄖㄤˇ ㄖㄤˇ
大乘經典,1,ㄉㄚˋ ㄕㄥˋ ㄐㄧㄥ ㄉㄧㄢˇ
大聖,1,ㄉㄚˋ ㄕㄥˋ
大書特書,1,ㄉㄚˋ ㄕㄨ ㄊㄜˋ ㄕㄨ
大叔,1,ㄉㄚˋ ㄕㄨˊ
大暑,1,ㄉㄚˋ ㄕㄨˇ
大帥,1,ㄉㄚˋ ㄕㄨㄞˋ
大水,1,ㄉㄚˋ ㄕㄨㄟˇ
大人,1,ㄉㄚˋ ㄖㄣˊ
大人不計小人過,1,ㄉㄚˋ ㄖㄣˊ ㄅㄨˋ ㄐㄧˋ ㄒㄧㄠˇ ㄖㄣˊ ㄍㄨㄛˋ
大人不計小人過,1,ㄉㄚˋ ㄖㄣˊ ㄅㄨˊ ㄐㄧˋ ㄒㄧㄠˇ ㄖㄣˊ ㄍㄨㄛˋ
大人大量,1,ㄉㄚˋ ㄖㄣˊ ㄉㄚˋ ㄌㄧㄤˋ
大人物,1,ㄉㄚˋ ㄖㄣˊ ㄨˋ
大仁,1,ㄉㄚˋ ㄖㄣˊ
大嚷大叫,1,ㄉㄚˋ ㄖㄤˇ ㄉㄚˋ ㄐㄧㄠˋ
大儒,1,ㄉㄚˋ ㄖㄨˊ
大姊,1,ㄉㄚˋ ㄐㄧㄝˇ
大字,1,ㄉㄚˋ ㄗˋ
大字報,1,ㄉㄚˋ ㄗˋ ㄅㄠˋ
大自然,1,ㄉㄚˋ ㄗˋ ㄖㄢˊ
大雜燴,1,ㄉㄚˋ ㄗㄚˊ ㄏㄨㄟˋ
大雜院,1,ㄉㄚˋ ㄗㄚˊ ㄩㄢˋ
大災難,1,ㄉㄚˋ ㄗㄞ ㄋㄢˋ
大作,1,ㄉㄚˋ ㄗㄨㄛˋ
大作家,1,ㄉㄚˋ ㄗㄨㄛˋ ㄐㄧㄚ
大嘴巴,1,ㄉㄚˋ ㄗㄨㄟˇ ㄅㄚ
大嘴巴,1,ㄉㄚˋ ㄗㄨㄟˇ ㄅㄚ˙
大宗,1,ㄉㄚˋ ㄗㄨㄥ
大材小用,1,ㄉㄚˋ ㄘㄞˊ ㄒㄧㄠˇ ㄩㄥˋ
大菜,1,ㄉㄚˋ ㄘㄞˋ
大餐,1,ㄉㄚˋ ㄘㄢ
大錯特錯,1,ㄉㄚˋ ㄘㄨㄛˋ ㄊㄜˋ ㄘㄨㄛˋ
大肆,1,ㄉㄚˋ ㄙˋ
大肆抨擊,1,ㄉㄚˋ ㄙˋ ㄆㄥ ㄐㄧˊ
大掃除,1,ㄉㄚˋ ㄙㄠˇ ㄔㄨˊ
大嫂,1,ㄉㄚˋ ㄙㄠˇ
大嗓門,1,ㄉㄚˋ ㄙㄤˇ ㄇㄣˊ
大蒜,1,ㄉㄚˋ ㄙㄨㄢˋ
大額,1,ㄉㄚˋ ㄜˊ
大愛,1,ㄉㄚˋ ㄞˋ
大礙,1,ㄉㄚˋ ㄞˋ
大安,1,ㄉㄚˋ ㄢ
大而化之,1,ㄉㄚˋ ㄦˊ ㄏㄨㄚˋ ㄓ
大而無當,1,ㄉㄚˋ ㄦˊ ㄨˊ ㄉㄤˋ
大耳朵,1,ㄉㄚˋ ㄦˇ ㄉㄨㄛˇ
大耳朵,1,ㄉㄚˋ ㄦˇ ㄉㄨㄛ˙
大衣,1,ㄉㄚˋ ㄧ
大異其趣,1,ㄉㄚˋ ㄧˋ ㄑㄧˊ ㄑㄩˋ
大意,1,ㄉㄚˋ ㄧˋ
大義,1,ㄉㄚˋ ㄧˋ
大義滅親,1,ㄉㄚˋ ㄧˋ ㄇㄧㄝˋ ㄑㄧㄣ
大義凜然,1,ㄉㄚˋ ㄧˋ ㄌㄧㄣˇ ㄖㄢˊ
大牙,1,ㄉㄚˋ ㄧㄚˊ
大爺,1,ㄉㄚˋ ㄧㄝˊ
大夜班,1,ㄉㄚˋ ㄧㄝˋ ㄅㄢ
大業,1,ㄉㄚˋ ㄧㄝˋ
大搖大擺,1,ㄉㄚˋ ㄧㄠˊ ㄉㄚˋ ㄅㄞˇ
大要,1,ㄉㄚˋ ㄧㄠˋ
大有,1,ㄉㄚˋ ㄧㄡˇ
大有來頭,1,ㄉㄚˋ ㄧㄡˇ ㄌㄞˊ ㄊㄡ˙
大有可觀,1,ㄉㄚˋ ㄧㄡˇ ㄎㄜˇ ㄍㄨㄢ
大有可為,1,ㄉㄚˋ ㄧㄡˇ ㄎㄜˇ ㄨㄟˊ
大有斬獲,1,ㄉㄚˋ ㄧㄡˇ ㄓㄢˇ ㄏㄨㄛˋ
大有助益,1,ㄉㄚˋ ㄧㄡˇ ㄓㄨˋ ㄧˋ
大有人在,1,ㄉㄚˋ ㄧㄡˇ ㄖㄣˊ ㄗㄞˋ
大有為,1,ㄉㄚˋ ㄧㄡˇ ㄨㄟˊ
大言不慚,1,ㄉㄚˋ ㄧㄢˊ ㄅㄨˋ ㄘㄢˊ
大眼瞪小眼,1,ㄉㄚˋ ㄧㄢˇ ㄉㄥˋ ㄒㄧㄠˇ ㄧㄢˇ
大宴小酌,1,ㄉㄚˋ ㄧㄢˋ ㄒㄧㄠˇ ㄓㄨㄛˊ
大銀幕,1,ㄉㄚˋ ㄧㄣˊ ㄇㄨˋ
大洋,1,ㄉㄚˋ ㄧㄤˊ
大樣,1,ㄉㄚˋ ㄧㄤˋ
大贏家,1,ㄉㄚˋ ㄧㄥˊ ㄐㄧㄚ
大無畏,1,ㄉㄚˋ ㄨˊ ㄨㄟˋ
大我,1,ㄉㄚˋ ㄨㄛˇ
大玩偶,1,ㄉㄚˋ ㄨㄢˊ ㄡˇ
大王,1,ㄉㄚˋ ㄨㄤˊ
大魚大肉,1,ㄉㄚˋ ㄩˊ ㄉㄚˋ ㄖㄡˋ
大雨傾盆,1,ㄉㄚˋ ㄩˇ ㄑㄧㄥ ㄆㄣˊ
大約,1,ㄉㄚˋ ㄩㄝ
大月,1,ㄉㄚˋ ㄩㄝˋ
大躍進,1,ㄉㄚˋ ㄩㄝˋ ㄐㄧㄣˋ
大宛,1,ㄉㄚˋ ㄩㄢ
大原則,1,ㄉㄚˋ ㄩㄢˊ ㄗㄜˊ
大勇,1,ㄉㄚˋ ㄩㄥˇ
得,1,ㄉㄜˊ
得標,1,ㄉㄜˊ ㄅㄧㄠ
得病,1,ㄉㄜˊ ㄅㄧㄥˋ
得不償失,1,ㄉㄜˊ ㄅㄨˋ ㄔㄤˊ ㄕ
得票,1,ㄉㄜˊ ㄆㄧㄠˋ
得票率,1,ㄉㄜˊ ㄆㄧㄠˋ ㄌㄩˋ
得名,1,ㄉㄜˊ ㄇㄧㄥˊ
得法,1,ㄉㄜˊ ㄈㄚˇ
得分,1,ㄉㄜˊ ㄈㄣ
得道,1,ㄉㄜˊ ㄉㄠˋ
得道成仙,1,ㄉㄜˊ ㄉㄠˋ ㄔㄥˊ ㄒㄧㄢ
得當,1,ㄉㄜˊ ㄉㄤˋ
得體,1,ㄉㄜˊ ㄊㄧˇ
得天獨厚,1,ㄉㄜˊ ㄊㄧㄢ ㄉㄨˊ ㄏㄡˋ
得了,1,ㄉㄜˊ ㄌㄜ˙
得來不易,1,ㄉㄜˊ ㄌㄞˊ ㄅㄨˋ ㄧˋ
得來不易,1,ㄉㄜˊ ㄌㄞˊ ㄅㄨˊ ㄧˋ
得力,1,ㄉㄜˊ ㄌㄧˋ
得利,1,ㄉㄜˊ ㄌㄧˋ
得了,1,ㄉㄜˊ ㄌㄧㄠˇ
得隴望蜀,1,ㄉㄜˊ ㄌㄨㄥˇ ㄨㄤˋ ㄕㄨˇ
得過且過,1,ㄉㄜˊ ㄍㄨㄛˋ ㄑㄧㄝˇ ㄍㄨㄛˋ
得救,1,ㄉㄜˊ ㄐㄧㄡˋ
得獎,1,ㄉㄜˊ ㄐㄧㄤˇ
得悉,1,ㄉㄜˊ ㄒㄧ
得心應手,1,ㄉㄜˊ ㄒㄧㄣ ㄧㄥˋ ㄕㄡˇ
得知,1,ㄉㄜˊ ㄓ
得志,1,ㄉㄜˊ ㄓˋ
得逞,1,ㄉㄜˊ ㄔㄥˇ
得寵,1,ㄉㄜˊ ㄔㄨㄥˇ
得失,1,ㄉㄜˊ ㄕ
得勢,1,ㄉㄜˊ ㄕˋ
得手,1,ㄉㄜˊ ㄕㄡˇ
得勝,1,ㄉㄜˊ ㄕㄥˋ
得罪,1,ㄉㄜˊ ㄗㄨㄟˋ
得寸進尺,1,ㄉㄜˊ ㄘㄨㄣˋ ㄐㄧㄣˋ ㄔˇ
得宜,1,ㄉㄜˊ ㄧˊ
得意,1,ㄉㄜˊ ㄧˋ
得意洋洋,1,ㄉㄜˊ ㄧˋ ㄧㄤˊ ㄧㄤˊ
得意揚揚,1,ㄉㄜˊ ㄧˋ ㄧㄤˊ ㄧㄤˊ
得意忘形,1,ㄉㄜˊ ㄧˋ ㄨㄤˋ ㄒㄧㄥˊ
得魚忘筌,1,ㄉㄜˊ ㄩˊ ㄨㄤˋ ㄑㄩㄢˊ
德,1,ㄉㄜˊ
德目,1,ㄉㄜˊ ㄇㄨˋ
德高望重,1,ㄉㄜˊ ㄍㄠ ㄨㄤˋ ㄓㄨㄥˋ
德國麻疹,1,ㄉㄜˊ ㄍㄨㄛˊ ㄇㄚˊ ㄓㄣˇ
德先生,1,ㄉㄜˊ ㄒㄧㄢ ㄕㄥ
德性,1,ㄉㄜˊ ㄒㄧㄥˋ
德政,1,ㄉㄜˊ ㄓㄥˋ
德澤,1,ㄉㄜˊ ㄗㄜˊ
德才兼備,1,ㄉㄜˊ ㄘㄞˊ ㄐㄧㄢ ㄅㄟˋ
德文,1,ㄉㄜˊ ㄨㄣˊ
德語,1,ㄉㄜˊ ㄩˇ
德育,1,ㄉㄜˊ ㄩˋ
地,1,ㄉㄜ˙
底,1,ㄉㄜ˙
的,1,ㄉㄜ˙
得,1,ㄉㄜ˙
呆,1,ㄉㄞ
呆板,1,ㄉㄞ ㄅㄢˇ
呆頭呆腦,1,ㄉㄞ ㄊㄡˊ ㄉㄞ ㄋㄠˇ
呆瓜,1,ㄉㄞ ㄍㄨㄚ
呆滯,1,ㄉㄞ ㄓˋ
呆帳,1,ㄉㄞ ㄓㄤˋ
呆住,1,ㄉㄞ ㄓㄨˋ
呆水位,1,ㄉㄞ ㄕㄨㄟˇ ㄨㄟˋ
呆若木雞,1,ㄉㄞ ㄖㄨㄛˋ ㄇㄨˋ ㄐㄧ
呆子,1,ㄉㄞ ㄗ˙
待,1,ㄉㄞ
獃,1,ㄉㄞ
獃滯,1,ㄉㄞ ㄓˋ
歹,1,ㄉㄞˇ
歹命,1,ㄉㄞˇ ㄇㄧㄥˋ
歹毒,1,ㄉㄞˇ ㄉㄨˊ
歹徒,1,ㄉㄞˇ ㄊㄨˊ
歹路,1,ㄉㄞˇ ㄌㄨˋ
歹路不可行,1,ㄉㄞˇ ㄌㄨˋ ㄅㄨˋ ㄎㄜˇ ㄒㄧㄥˊ
歹戲拖棚,1,ㄉㄞˇ ㄒㄧˋ ㄊㄨㄛ ㄆㄥˊ
歹竹出好筍,1,ㄉㄞˇ ㄓㄨˊ ㄔㄨ ㄏㄠˇ ㄙㄨㄣˇ
逮,1,ㄉㄞˇ
逮捕,1,ㄉㄞˇ ㄅㄨˇ
大,1,ㄉㄞˋ
大夫,1,ㄉㄞˋ ㄈㄨ
大夫,1,ㄉㄞˋ ㄈㄨ˙
代,1,ㄉㄞˋ
代班,1,ㄉㄞˋ ㄅㄢ
代辦,1,ㄉㄞˋ ㄅㄢˋ
代筆,1,ㄉㄞˋ ㄅㄧˇ
代表,1,ㄉㄞˋ ㄅㄧㄠˇ
代表作,1,ㄉㄞˋ ㄅㄧㄠˇ ㄗㄨㄛˋ
代步,1,ㄉㄞˋ ㄅㄨˋ
代碼,1,ㄉㄞˋ ㄇㄚˇ
代名詞,1,ㄉㄞˋ ㄇㄧㄥˊ ㄘˊ
代母,1,ㄉㄞˋ ㄇㄨˇ
代打,1,ㄉㄞˋ ㄉㄚˇ
代代相傳,1,ㄉㄞˋ ㄉㄞˋ ㄒㄧㄤ ㄔㄨㄢˊ
代墊,1,ㄉㄞˋ ㄉㄧㄢˋ
代糖,1,ㄉㄞˋ ㄊㄤˊ
代替,1,ㄉㄞˋ ㄊㄧˋ
代替品,1,ㄉㄞˋ ㄊㄧˋ ㄆㄧㄣˇ
代勞,1,ㄉㄞˋ ㄌㄠˊ
代理,1,ㄉㄞˋ ㄌㄧˇ
代理商,1,ㄉㄞˋ ㄌㄧˇ ㄕㄤ
代理人,1,ㄉㄞˋ ㄌㄧˇ ㄖㄣˊ
代領,1,ㄉㄞˋ ㄌㄧㄥˇ
代溝,1,ㄉㄞˋ ㄍㄡ
代耕,1,ㄉㄞˋ ㄍㄥ
代管,1,ㄉㄞˋ ㄍㄨㄢˇ
代工,1,ㄉㄞˋ ㄍㄨㄥ
代課,1,ㄉㄞˋ ㄎㄜˋ
代號,1,ㄉㄞˋ ㄏㄠˋ
代價,1,ㄉㄞˋ ㄐㄧㄚˋ
代金,1,ㄉㄞˋ ㄐㄧㄣ
代謝,1,ㄉㄞˋ ㄒㄧㄝˋ
代銷,1,ㄉㄞˋ ㄒㄧㄠ
代唱,1,ㄉㄞˋ ㄔㄤˋ
代書,1,ㄉㄞˋ ㄕㄨ
代數,1,ㄉㄞˋ ㄕㄨˋ
代議制,1,ㄉㄞˋ ㄧˋ ㄓˋ
代議士,1,ㄉㄞˋ ㄧˋ ㄕˋ
代言,1,ㄉㄞˋ ㄧㄢˊ
代言人,1,ㄉㄞˋ ㄧㄢˊ ㄖㄣˊ
岱,1,ㄉㄞˋ
玳,1,ㄉㄞˋ
玳瑁,1,ㄉㄞˋ ㄇㄟˋ
袋,1,ㄉㄞˋ
袋鼠,1,ㄉㄞˋ ㄕㄨˇ
袋子,1,ㄉㄞˋ ㄗ˙
貸,1,ㄉㄞˋ
貸款,1,ㄉㄞˋ ㄎㄨㄢˇ
貸借,1,ㄉㄞˋ ㄐㄧㄝˋ
黛,1,ㄉㄞˋ
黛綠年華,1,ㄉㄞˋ ㄌㄩˋ ㄋㄧㄢˊ ㄏㄨㄚˊ
殆,1,ㄉㄞˋ
殆盡,1,ㄉㄞˋ ㄐㄧㄣˋ
迨,1,ㄉㄞˋ
怠,1,ㄉㄞˋ
怠慢,1,ㄉㄞˋ ㄇㄢˋ
怠惰,1,ㄉㄞˋ ㄉㄨㄛˋ
怠工,1,ㄉㄞˋ ㄍㄨㄥ
怠忽,1,ㄉㄞˋ ㄏㄨ
怠忽職守,1,ㄉㄞˋ ㄏㄨ ㄓˊ ㄕㄡˇ
怠駛,1,ㄉㄞˋ ㄕˇ
紿,1,ㄉㄞˋ
駘,1,ㄉㄞˋ
駘蕩,1,ㄉㄞˋ ㄉㄤˋ
待,1,ㄉㄞˋ
待命,1,ㄉㄞˋ ㄇㄧㄥˋ
待客,1,ㄉㄞˋ ㄎㄜˋ
待機而動,1,ㄉㄞˋ ㄐㄧ ㄦˊ ㄉㄨㄥˋ
待價而沽,1,ㄉㄞˋ ㄐㄧㄚˋ ㄦˊ ㄍㄨ
待查,1,ㄉㄞˋ ㄔㄚˊ
待產,1,ㄉㄞˋ ㄔㄢˇ
待售,1,ㄉㄞˋ ㄕㄡˋ
待人接物,1,ㄉㄞˋ ㄖㄣˊ ㄐㄧㄝ ㄨˋ
待人處世,1,ㄉㄞˋ ㄖㄣˊ ㄔㄨˇ ㄕˋ
待人處事,1,ㄉㄞˋ ㄖㄣˊ ㄔㄨˇ ㄕˋ
待字閨中,1,ㄉㄞˋ ㄗˋ ㄍㄨㄟ ㄓㄨㄥ
待遇,1,ㄉㄞˋ ㄩˋ
帶,1,ㄉㄞˋ
帶兵,1,ㄉㄞˋ ㄅㄧㄥ
帶分數,1,ㄉㄞˋ ㄈㄣ ㄕㄨˋ
帶動,1,ㄉㄞˋ ㄉㄨㄥˋ
帶動唱,1,ㄉㄞˋ ㄉㄨㄥˋ ㄔㄤˋ
帶頭,1,ㄉㄞˋ ㄊㄡˊ
帶領,1,ㄉㄞˋ ㄌㄧㄥˇ
帶路,1,ㄉㄞˋ ㄌㄨˋ
帶勁,1,ㄉㄞˋ ㄐㄧㄥˋ
帶菌,1,ㄉㄞˋ ㄐㄩㄣˋ
帶球跑,1,ㄉㄞˋ ㄑㄧㄡˊ ㄆㄠˇ
帶球撞人,1,ㄉㄞˋ ㄑㄧㄡˊ ㄓㄨㄤˋ ㄖㄣˊ
帶孝,1,ㄉㄞˋ ㄒㄧㄠˋ
帶狀,1,ㄉㄞˋ ㄓㄨㄤˋ
帶狀疱疹,1,ㄉㄞˋ ㄓㄨㄤˋ ㄆㄠˋ ㄓㄣˇ
帶子,1,ㄉㄞˋ ㄗ˙
帶原者,1,ㄉㄞˋ ㄩㄢˊ ㄓㄜˇ
逮,1,ㄉㄞˋ
戴,1,ㄉㄞˋ
戴高帽,1,ㄉㄞˋ ㄍㄠ ㄇㄠˋ
戴孝,1,ㄉㄞˋ ㄒㄧㄠˋ
戴罪立功,1,ㄉㄞˋ ㄗㄨㄟˋ ㄌㄧˋ ㄍㄨㄥ
戴奧辛,1,ㄉㄞˋ ㄠˋ ㄒㄧㄣ
得,1,ㄉㄟˇ
刀,1,ㄉㄠ
刀疤,1,ㄉㄠ ㄅㄚ
刀背,1,ㄉㄠ ㄅㄟˋ
刀筆,1,ㄉㄠ ㄅㄧˇ
刀柄,1,ㄉㄠ ㄅㄧㄥˇ
刀片,1,ㄉㄠ ㄆㄧㄢˋ
刀法,1,ㄉㄠ ㄈㄚˇ
刀鋒,1,ㄉㄠ ㄈㄥ
刀光劍影,1,ㄉㄠ ㄍㄨㄤ ㄐㄧㄢˋ ㄧㄥˇ
刀口,1,ㄉㄠ ㄎㄡˇ
刀痕,1,ㄉㄠ ㄏㄣˊ
刀劍無情,1,ㄉㄠ ㄐㄧㄢˋ ㄨˊ ㄑㄧㄥˊ
刀槍不入,1,ㄉㄠ ㄑㄧㄤ ㄅㄨˋ ㄖㄨˋ
刀槍不入,1,ㄉㄠ ㄑㄧㄤ ㄅㄨˊ ㄖㄨˋ
刀械,1,ㄉㄠ ㄒㄧㄝˋ
刀削冰,1,ㄉㄠ ㄒㄧㄠ ㄅㄧㄥ
刀削麵,1,ㄉㄠ ㄒㄧㄠ ㄇㄧㄢˋ
刀叉,1,ㄉㄠ ㄔㄚ
刀傷,1,ㄉㄠ ㄕㄤ
刀刃,1,ㄉㄠ ㄖㄣˋ
刀子,1,ㄉㄠ ㄗ˙
叨,1,ㄉㄠ
叨叨絮絮,1,ㄉㄠ ㄉㄠ ㄒㄩˋ ㄒㄩˋ
倒,1,ㄉㄠˇ
倒閉,1,ㄉㄠˇ ㄅㄧˋ
倒斃,1,ㄉㄠˇ ㄅㄧˋ
倒楣,1,ㄉㄠˇ ㄇㄟˊ
倒楣相,1,ㄉㄠˇ ㄇㄟˊ ㄒㄧㄤˋ
倒霉,1,ㄉㄠˇ ㄇㄟˊ
倒店,1,ㄉㄠˇ ㄉㄧㄢˋ
倒塌,1,ㄉㄠˇ ㄊㄚ
倒頭就睡,1,ㄉㄠˇ ㄊㄡˊ ㄐㄧㄡˋ ㄕㄨㄟˋ
倒坍,1,ㄉㄠˇ ㄊㄢ
倒戈,1,ㄉㄠˇ ㄍㄜ
倒閣,1,ㄉㄠˇ ㄍㄜˊ
倒會,1,ㄉㄠˇ ㄏㄨㄟˋ
倒債,1,ㄉㄠˇ ㄓㄞˋ
倒帳,1,ㄉㄠˇ ㄓㄤˋ
倒嗓,1,ㄉㄠˇ ㄙㄤˇ
倒胃,1,ㄉㄠˇ ㄨㄟˋ
倒胃口,1,ㄉㄠˇ ㄨㄟˋ ㄎㄡˇ
倒運,1,ㄉㄠˇ ㄩㄣˋ
島,1,ㄉㄠˇ
島民,1,ㄉㄠˇ ㄇㄧㄣˊ
島國,1,ㄉㄠˇ ㄍㄨㄛˊ
島嶼,1,ㄉㄠˇ ㄩˇ
搗,1,ㄉㄠˇ
搗蛋,1,ㄉㄠˇ ㄉㄢˋ
搗蛋鬼,1,ㄉㄠˇ ㄉㄢˋ ㄍㄨㄟˇ
搗亂,1,ㄉㄠˇ ㄌㄨㄢˋ
搗鬼,1,ㄉㄠˇ ㄍㄨㄟˇ
搗毀,1,ㄉㄠˇ ㄏㄨㄟˇ
搗碎,1,ㄉㄠˇ ㄙㄨㄟˋ
導,1,ㄉㄠˇ
導播,1,ㄉㄠˇ ㄅㄛˋ
導盲,1,ㄉㄠˇ ㄇㄤˊ
導盲磚,1,ㄉㄠˇ ㄇㄤˊ ㄓㄨㄢ
導電,1,ㄉㄠˇ ㄉㄧㄢˋ
導讀,1,ㄉㄠˇ ㄉㄨˊ
導體,1,ㄉㄠˇ ㄊㄧˇ
導尿,1,ㄉㄠˇ ㄋㄧㄠˋ
導尿管,1,ㄉㄠˇ ㄋㄧㄠˋ ㄍㄨㄢˇ
導流板,1,ㄉㄠˇ ㄌㄧㄡˊ ㄅㄢˇ
導論,1,ㄉㄠˇ ㄌㄨㄣˋ
導管,1,ㄉㄠˇ ㄍㄨㄢˇ
導航,1,ㄉㄠˇ ㄏㄤˊ
導護,1,ㄉㄠˇ ㄏㄨˋ
導火線,1,ㄉㄠˇ ㄏㄨㄛˇ ㄒㄧㄢˋ
導向,1,ㄉㄠˇ ㄒㄧㄤˋ
導向飛彈,1,ㄉㄠˇ ㄒㄧㄤˋ ㄈㄟ ㄉㄢˋ
導致,1,ㄉㄠˇ ㄓˋ
導正,1,ㄉㄠˇ ㄓㄥˋ
導師,1,ㄉㄠˇ ㄕ
導熱,1,ㄉㄠˇ ㄖㄜˋ
導遊,1,ㄉㄠˇ ㄧㄡˊ
導言,1,ㄉㄠˇ ㄧㄢˊ
導演,1,ㄉㄠˇ ㄧㄢˇ
導引,1,ㄉㄠˇ ㄧㄣˇ
導源,1,ㄉㄠˇ ㄩㄢˊ
擣,1,ㄉㄠˇ
禱,1,ㄉㄠˇ
禱告,1,ㄉㄠˇ ㄍㄠˋ
禱詞,1,ㄉㄠˇ ㄘˊ
禱文,1,ㄉㄠˇ ㄨㄣˊ
到,1,ㄉㄠˋ
到達,1,ㄉㄠˋ ㄉㄚˊ
到底,1,ㄉㄠˋ ㄉㄧˇ
到頭,1,ㄉㄠˋ ㄊㄡˊ
到頭來,1,ㄉㄠˋ ㄊㄡˊ ㄌㄞˊ
到家,1,ㄉㄠˋ ㄐㄧㄚ
到期,1,ㄉㄠˋ ㄑㄧˊ
到齊,1,ㄉㄠˋ ㄑㄧˊ
到職,1,ㄉㄠˋ ㄓˊ
到場,1,ㄉㄠˋ ㄔㄤˇ
到處,1,ㄉㄠˋ ㄔㄨˋ
到時,1,ㄉㄠˋ ㄕˊ
到手,1,ㄉㄠˋ ㄕㄡˇ
到任,1,ㄉㄠˋ ㄖㄣˋ
到案,1,ㄉㄠˋ ㄢˋ
倒,1,ㄉㄠˋ
倒不如,1,ㄉㄠˋ ㄅㄨˋ ㄖㄨˊ
倒反,1,ㄉㄠˋ ㄈㄢˇ
倒帶,1,ㄉㄠˋ ㄉㄞˋ
倒吊,1,ㄉㄠˋ ㄉㄧㄠˋ
倒貼,1,ㄉㄠˋ ㄊㄧㄝ
倒退,1,ㄉㄠˋ ㄊㄨㄟˋ
倒立,1,ㄉㄠˋ ㄌㄧˋ
倒掛金鉤,1,ㄉㄠˋ ㄍㄨㄚˋ ㄐㄧㄣ ㄍㄡ
倒果為因,1,ㄉㄠˋ ㄍㄨㄛˇ ㄨㄟˊ ㄧㄣ
倒灌,1,ㄉㄠˋ ㄍㄨㄢˋ
倒扣,1,ㄉㄠˋ ㄎㄡˋ
倒行逆施,1,ㄉㄠˋ ㄒㄧㄥˊ ㄋㄧˋ ㄕ
倒敘,1,ㄉㄠˋ ㄒㄩˋ
倒懸,1,ㄉㄠˋ ㄒㄩㄢˊ
倒置,1,ㄉㄠˋ ㄓˋ
倒轉,1,ㄉㄠˋ ㄓㄨㄢˇ
倒裝句,1,ㄉㄠˋ ㄓㄨㄤ ㄐㄩˋ
倒吃甘蔗,1,ㄉㄠˋ ㄔ ㄍㄢ ㄓㄜˋ
倒車,1,ㄉㄠˋ ㄔㄜ
倒抽一口氣,1,ㄉㄠˋ ㄔㄡ ㄧ ㄎㄡˇ ㄑㄧˋ
倒抽一口氣,1,ㄉㄠˋ ㄔㄡ ㄧˋ ㄎㄡˇ ㄑㄧˋ
倒數,1,ㄉㄠˋ ㄕㄨˇ
倒數計時,1,ㄉㄠˋ ㄕㄨˇ ㄐㄧˋ ㄕˊ
倒栽蔥,1,ㄉㄠˋ ㄗㄞ ㄘㄨㄥ
倒影,1,ㄉㄠˋ ㄧㄥˇ
倒映,1,ㄉㄠˋ ㄧㄥˋ
悼,1,ㄉㄠˋ
悼念,1,ㄉㄠˋ ㄋㄧㄢˋ
悼歌,1,ㄉㄠˋ ㄍㄜ
悼亡,1,ㄉㄠˋ ㄨㄤˊ
盜,1,ㄉㄠˋ
盜版,1,ㄉㄠˋ ㄅㄢˇ
盜賣,1,ㄉㄠˋ ㄇㄞˋ
盜木,1,ㄉㄠˋ ㄇㄨˋ
盜伐,1,ㄉㄠˋ ㄈㄚ
盜匪,1,ㄉㄠˋ ㄈㄟˇ
盜壘,1,ㄉㄠˋ ㄌㄟˇ
盜獵,1,ㄉㄠˋ ㄌㄧㄝˋ
盜林,1,ㄉㄠˋ ㄌㄧㄣˊ
盜領,1,ㄉㄠˋ ㄌㄧㄥˇ
盜錄,1,ㄉㄠˋ ㄌㄨˋ
盜汗,1,ㄉㄠˋ ㄏㄢˋ
盜竊,1,ㄉㄠˋ ㄑㄧㄝˋ
盜取,1,ㄉㄠˋ ㄑㄩˇ
盜賊,1,ㄉㄠˋ ㄗㄟˊ
盜採,1,ㄉㄠˋ ㄘㄞˇ
盜用,1,ㄉㄠˋ ㄩㄥˋ
道,1,ㄉㄠˋ
道別,1,ㄉㄠˋ ㄅㄧㄝˊ
道不同不相為謀,1,ㄉㄠˋ ㄅㄨˋ ㄊㄨㄥˊ ㄅㄨˋ ㄒㄧㄤ ㄨㄟˊ ㄇㄡˊ
道袍,1,ㄉㄠˋ ㄆㄠˊ
道貌岸然,1,ㄉㄠˋ ㄇㄠˋ ㄢˋ ㄖㄢˊ
道德,1,ㄉㄠˋ ㄉㄜˊ
道德觀,1,ㄉㄠˋ ㄉㄜˊ ㄍㄨㄢ
道德哲學,1,ㄉㄠˋ ㄉㄜˊ ㄓㄜˊ ㄒㄩㄝˊ
道道地地,1,ㄉㄠˋ ㄉㄠˋ ㄉㄧˋ ㄉㄧˋ
道地,1,ㄉㄠˋ ㄉㄧˋ
道聽塗說,1,ㄉㄠˋ ㄊㄧㄥ ㄊㄨˊ ㄕㄨㄛ
道統,1,ㄉㄠˋ ㄊㄨㄥˇ
道里,1,ㄉㄠˋ ㄌㄧˇ
道理,1,ㄉㄠˋ ㄌㄧˇ
道林紙,1,ㄉㄠˋ ㄌㄧㄣˊ ㄓˇ
道路,1,ㄉㄠˋ ㄌㄨˋ
道路網,1,ㄉㄠˋ ㄌㄨˋ ㄨㄤˇ
道高一尺魔高一丈,1,ㄉㄠˋ ㄍㄠ ㄧ ㄔˇ ㄇㄛˊ ㄍㄠ ㄧ ㄓㄤˋ
道高一尺魔高一丈,1,ㄉㄠˋ ㄍㄠ ㄧˋ ㄔˇ ㄇㄛˊ ㄍㄠ ㄧˊ ㄓㄤˋ
道姑,1,ㄉㄠˋ ㄍㄨ
道觀,1,ㄉㄠˋ ㄍㄨㄢˋ
道賀,1,ㄉㄠˋ ㄏㄜˋ
道行,1,ㄉㄠˋ ㄒㄧㄥˋ
道家,1,ㄉㄠˋ ㄐㄧㄚ
道教,1,ㄉㄠˋ ㄐㄧㄠˋ
道具,1,ㄉㄠˋ ㄐㄩˋ
道歉,1,ㄉㄠˋ ㄑㄧㄢˋ
道喜,1,ㄉㄠˋ ㄒㄧˇ
道謝,1,ㄉㄠˋ ㄒㄧㄝˋ
道長,1,ㄉㄠˋ ㄓㄤˇ
道場,1,ㄉㄠˋ ㄔㄤˇ
道士,1,ㄉㄠˋ ㄕˋ
道人,1,ㄉㄠˋ ㄖㄣˊ
道藏,1,ㄉㄠˋ ㄗㄤˋ
道義,1,ㄉㄠˋ ㄧˋ
道義責任,1,ㄉㄠˋ ㄧˋ ㄗㄜˊ ㄖㄣˋ
稻,1,ㄉㄠˋ
稻米,1,ㄉㄠˋ ㄇㄧˇ
稻苗,1,ㄉㄠˋ ㄇㄧㄠˊ
稻田,1,ㄉㄠˋ ㄊㄧㄢˊ
稻農,1,ㄉㄠˋ ㄋㄨㄥˊ
稻穀,1,ㄉㄠˋ ㄍㄨˇ
稻香,1,ㄉㄠˋ ㄒㄧㄤ
稻熱病,1,ㄉㄠˋ ㄖㄜˋ ㄅㄧㄥˋ
稻子,1,ㄉㄠˋ ㄗ˙
稻作,1,ㄉㄠˋ ㄗㄨㄛˋ
稻草,1,ㄉㄠˋ ㄘㄠˇ
稻草人,1,ㄉㄠˋ ㄘㄠˇ ㄖㄣˊ
稻穗,1,ㄉㄠˋ ㄙㄨㄟˋ
蹈,1,ㄉㄠˋ
纛,1,ㄉㄠˋ
都,1,ㄉㄡ
兜,1,ㄉㄡ
兜風,1,ㄉㄡ ㄈㄥ
兜肚,1,ㄉㄡ ㄉㄨˋ
兜攬,1,ㄉㄡ ㄌㄢˇ
兜售,1,ㄉㄡ ㄕㄡˋ
斗,1,ㄉㄡˇ
斗杓,1,ㄉㄡˇ ㄅㄧㄠ
斗篷,1,ㄉㄡˇ ㄆㄥˊ
斗大,1,ㄉㄡˇ ㄉㄚˋ
斗膽,1,ㄉㄡˇ ㄉㄢˇ
斗笠,1,ㄉㄡˇ ㄌㄧˋ
斗室,1,ㄉㄡˇ ㄕˋ
抖,1,ㄉㄡˇ
抖動,1,ㄉㄡˇ ㄉㄨㄥˋ
抖腿,1,ㄉㄡˇ ㄊㄨㄟˇ
抖起來,1,ㄉㄡˇ ㄑㄧˇ ㄌㄞˊ
抖擻,1,ㄉㄡˇ ㄙㄡˇ
蚪,1,ㄉㄡˇ
陡,1,ㄉㄡˇ
陡坡,1,ㄉㄡˇ ㄆㄛ
陡立,1,ㄉㄡˇ ㄌㄧˋ
陡峻,1,ㄉㄡˇ ㄐㄩㄣˋ
陡峭,1,ㄉㄡˇ ㄑㄧㄠˋ
陡斜,1,ㄉㄡˇ ㄒㄧㄝˊ
陡直,1,ㄉㄡˇ ㄓˊ
陡然,1,ㄉㄡˇ ㄖㄢˊ
陡增,1,ㄉㄡˇ ㄗㄥ
豆,1,ㄉㄡˋ
豆苗,1,ㄉㄡˋ ㄇㄧㄠˊ
豆腐,1,ㄉㄡˋ ㄈㄨˇ
豆干,1,ㄉㄡˋ ㄍㄢ
豆蔻,1,ㄉㄡˋ ㄎㄡˋ
豆蔻年華,1,ㄉㄡˋ ㄎㄡˋ ㄋㄧㄢˊ ㄏㄨㄚˊ
豆花,1,ㄉㄡˋ ㄏㄨㄚ
豆莢,1,ㄉㄡˋ ㄐㄧㄚˊ
豆漿,1,ㄉㄡˋ ㄐㄧㄤ
豆豉,1,ㄉㄡˋ ㄔˇ
豆沙,1,ㄉㄡˋ ㄕㄚ
豆子,1,ㄉㄡˋ ㄗ˙
豆芽,1,ㄉㄡˋ ㄧㄚˊ
豆芽菜,1,ㄉㄡˋ ㄧㄚˊ ㄘㄞˋ
豆油,1,ㄉㄡˋ ㄧㄡˊ
逗,1,ㄉㄡˋ
逗點,1,ㄉㄡˋ ㄉㄧㄢˇ
逗留,1,ㄉㄡˋ ㄌㄧㄡˊ
逗號,1,ㄉㄡˋ ㄏㄠˋ
逗趣,1,ㄉㄡˋ ㄑㄩˋ
逗笑,1,ㄉㄡˋ ㄒㄧㄠˋ
荳,1,ㄉㄡˋ
荳蔻,1,ㄉㄡˋ ㄎㄡˋ
荳蔻年華,1,ㄉㄡˋ ㄎㄡˋ ㄋㄧㄢˊ ㄏㄨㄚˊ
痘,1,ㄉㄡˋ
痘瘡,1,ㄉㄡˋ ㄔㄨㄤ
痘子,1,ㄉㄡˋ ㄗ˙
鬥,1,ㄉㄡˋ
鬥法,1,ㄉㄡˋ ㄈㄚˇ
鬥牛,1,ㄉㄡˋ ㄋㄧㄡˊ
鬥牛陣,1,ㄉㄡˋ ㄋㄧㄡˊ ㄓㄣˋ
鬥牛士,1,ㄉㄡˋ ㄋㄧㄡˊ ㄕˋ
鬥雞,1,ㄉㄡˋ ㄐㄧ
鬥雞眼,1,ㄉㄡˋ ㄐㄧ ㄧㄢˇ
鬥氣,1,ㄉㄡˋ ㄑㄧˋ
鬥蟋蟀,1,ㄉㄡˋ ㄒㄧ ㄕㄨㄞˋ
鬥志,1,ㄉㄡˋ ㄓˋ
鬥志高昂,1,ㄉㄡˋ ㄓˋ ㄍㄠ ㄤˊ
鬥智,1,ㄉㄡˋ ㄓˋ
鬥爭,1,ㄉㄡˋ ㄓㄥ
鬥士,1,ㄉㄡˋ ㄕˋ
鬥嘴,1,ㄉㄡˋ ㄗㄨㄟˇ
鬥毆,1,ㄉㄡˋ ㄡ
鬥魚,1,ㄉㄡˋ ㄩˊ
竇,1,ㄉㄡˋ
讀,1,ㄉㄡˋ
丹,1,ㄉㄢ
丹田,1,ㄉㄢ ㄊㄧㄢˊ
丹青,1,ㄉㄢ ㄑㄧㄥ
丹心,1,ㄉㄢ ㄒㄧㄣ
眈,1,ㄉㄢ
眈眈,1,ㄉㄢ ㄉㄢ
耽,1,ㄉㄢ
耽溺,1,ㄉㄢ ㄋㄧˋ
耽擱,1,ㄉㄢ ㄍㄜ
耽誤,1,ㄉㄢ ㄨˋ
聃,1,ㄉㄢ
單,1,ㄉㄢ
單薄,1,ㄉㄢ ㄅㄛˊ
單方面,1,ㄉㄢ ㄈㄤ ㄇㄧㄢˋ
單打,1,ㄉㄢ ㄉㄚˇ
單打獨鬥,1,ㄉㄢ ㄉㄚˇ ㄉㄨˊ ㄉㄡˋ
單刀,1,ㄉㄢ ㄉㄠ
單刀直入,1,ㄉㄢ ㄉㄠ ㄓˊ ㄖㄨˋ
單單,1,ㄉㄢ ㄉㄢ
單調,1,ㄉㄢ ㄉㄧㄠˋ
單獨,1,ㄉㄢ ㄉㄨˊ
單淘汰,1,ㄉㄢ ㄊㄠˊ ㄊㄞˋ
單醣,1,ㄉㄢ ㄊㄤˊ
單挑,1,ㄉㄢ ㄊㄧㄠˇ
單寧酸,1,ㄉㄢ ㄋㄧㄥˊ ㄙㄨㄢ
單戀,1,ㄉㄢ ㄌㄧㄢˋ
單槓,1,ㄉㄢ ㄍㄤˋ
單軌,1,ㄉㄢ ㄍㄨㄟˇ
單口相聲,1,ㄉㄢ ㄎㄡˇ ㄒㄧㄤˋ ㄕㄥ
單機作業,1,ㄉㄢ ㄐㄧ ㄗㄨㄛˋ ㄧㄝˋ
單價,1,ㄉㄢ ㄐㄧㄚˋ
單句,1,ㄉㄢ ㄐㄩˋ
單據,1,ㄉㄢ ㄐㄩˋ
單親家庭,1,ㄉㄢ ㄑㄧㄣ ㄐㄧㄚ ㄊㄧㄥˊ
單槍匹馬,1,ㄉㄢ ㄑㄧㄤ ㄆㄧ ㄇㄚˇ
單線進行,1,ㄉㄢ ㄒㄧㄢˋ ㄐㄧㄣˋ ㄒㄧㄥˊ
單相思,1,ㄉㄢ ㄒㄧㄤ ㄙ
單向,1,ㄉㄢ ㄒㄧㄤˋ
單項,1,ㄉㄢ ㄒㄧㄤˋ
單行法,1,ㄉㄢ ㄒㄧㄥˊ ㄈㄚˇ
單行法規,1,ㄉㄢ ㄒㄧㄥˊ ㄈㄚˇ ㄍㄨㄟ
單行道,1,ㄉㄢ ㄒㄧㄥˊ ㄉㄠˋ
單選,1,ㄉㄢ ㄒㄩㄢˇ
單循環賽,1,ㄉㄢ ㄒㄩㄣˊ ㄏㄨㄢˊ ㄙㄞˋ
單車,1,ㄉㄢ ㄔㄜ
單車旅行,1,ㄉㄢ ㄔㄜ ㄌㄩˇ ㄒㄧㄥˊ
單程,1,ㄉㄢ ㄔㄥˊ
單程票,1,ㄉㄢ ㄔㄥˊ ㄆㄧㄠˋ
單傳,1,ㄉㄢ ㄔㄨㄢˊ
單純,1,ㄉㄢ ㄔㄨㄣˊ
單身,1,ㄉㄢ ㄕㄣ
單身貴族,1,ㄉㄢ ㄕㄣ ㄍㄨㄟˋ ㄗㄨˊ
單身漢,1,ㄉㄢ ㄕㄣ ㄏㄢˋ
單數,1,ㄉㄢ ㄕㄨˋ
單日,1,ㄉㄢ ㄖˋ
單人房,1,ㄉㄢ ㄖㄣˊ ㄈㄤˊ
單人床,1,ㄉㄢ ㄖㄣˊ ㄔㄨㄤˊ
單字,1,ㄉㄢ ㄗˋ
單子,1,ㄉㄢ ㄗ˙
單色,1,ㄉㄢ ㄙㄜˋ
單一,1,ㄉㄢ ㄧ
單眼皮,1,ㄉㄢ ㄧㄢˇ ㄆㄧˊ
單位,1,ㄉㄢ ㄨㄟˋ
單月,1,ㄉㄢ ㄩㄝˋ
單元,1,ㄉㄢ ㄩㄢˊ
單元劇,1,ㄉㄢ ㄩㄢˊ ㄐㄩˋ
鄲,1,ㄉㄢ
殫,1,ㄉㄢ
簞,1,ㄉㄢ
簞食瓢飲,1,ㄉㄢ ㄕˊ ㄆㄧㄠˊ ㄧㄣˇ
儋,1,ㄉㄢ
儋縣,1,ㄉㄢ ㄒㄧㄢˋ
擔,1,ㄉㄢ
擔保,1,ㄉㄢ ㄅㄠˇ
擔保權,1,ㄉㄢ ㄅㄠˇ ㄑㄩㄢˊ
擔待,1,ㄉㄢ ㄉㄞˋ
擔當,1,ㄉㄢ ㄉㄤ
擔綱,1,ㄉㄢ ㄍㄤ
擔架,1,ㄉㄢ ㄐㄧㄚˋ
擔驚受怕,1,ㄉㄢ ㄐㄧㄥ ㄕㄡˋ ㄆㄚˋ
擔心,1,ㄉㄢ ㄒㄧㄣ
擔任,1,ㄉㄢ ㄖㄣˋ
擔憂,1,ㄉㄢ ㄧㄡ
疸,1,ㄉㄢˇ
撢,1,ㄉㄢˇ
撢子,1,ㄉㄢˇ ㄗ˙
撣,1,ㄉㄢˇ
膽,1,ㄉㄢˇ
膽大包天,1,ㄉㄢˇ ㄉㄚˋ ㄅㄠ ㄊㄧㄢ
膽大心細,1,ㄉㄢˇ ㄉㄚˋ ㄒㄧㄣ ㄒㄧˋ
膽大妄為,1,ㄉㄢˇ ㄉㄚˋ ㄨㄤˋ ㄨㄟˊ
膽囊,1,ㄉㄢˇ ㄋㄤˊ
膽量,1,ㄉㄢˇ ㄌㄧㄤˋ
膽敢,1,ㄉㄢˇ ㄍㄢˇ
膽固醇,1,ㄉㄢˇ ㄍㄨˋ ㄔㄨㄣˊ
膽寒,1,ㄉㄢˇ ㄏㄢˊ
膽怯,1,ㄉㄢˇ ㄑㄩㄝˋ
膽小,1,ㄉㄢˇ ㄒㄧㄠˇ
膽小鬼,1,ㄉㄢˇ ㄒㄧㄠˇ ㄍㄨㄟˇ
膽汁,1,ㄉㄢˇ ㄓ
膽識,1,ㄉㄢˇ ㄕˋ
膽子,1,ㄉㄢˇ ㄗ˙
石,1,ㄉㄢˋ
旦,1,ㄉㄢˋ
旦角,1,ㄉㄢˋ ㄐㄩㄝˊ
旦角,1,ㄉㄢˋ ㄐㄧㄠˇ
但,1,ㄉㄢˋ
但凡,1,ㄉㄢˋ ㄈㄢˊ
但須,1,ㄉㄢˋ ㄒㄩ
但是,1,ㄉㄢˋ ㄕˋ
但書,1,ㄉㄢˋ ㄕㄨ
但願,1,ㄉㄢˋ ㄩㄢˋ
淡,1,ㄉㄢˋ
淡泊,1,ㄉㄢˋ ㄅㄛˊ
淡泊名利,1,ㄉㄢˋ ㄅㄛˊ ㄇㄧㄥˊ ㄌㄧˋ
淡薄,1,ㄉㄢˋ ㄅㄛˊ
淡漠,1,ㄉㄢˋ ㄇㄛˋ
淡淡,1,ㄉㄢˋ ㄉㄢˋ
淡化,1,ㄉㄢˋ ㄏㄨㄚˋ
淡季,1,ㄉㄢˋ ㄐㄧˋ
淡江,1,ㄉㄢˋ ㄐㄧㄤ
淡出,1,ㄉㄢˋ ㄔㄨ
淡水,1,ㄉㄢˋ ㄕㄨㄟˇ
淡水河,1,ㄉㄢˋ ㄕㄨㄟˇ ㄏㄜˊ
淡水湖,1,ㄉㄢˋ ㄕㄨㄟˇ ㄏㄨˊ
淡水魚,1,ㄉㄢˋ ㄕㄨㄟˇ ㄩˊ
淡然,1,ㄉㄢˋ ㄖㄢˊ
淡然處之,1,ㄉㄢˋ ㄖㄢˊ ㄔㄨˇ ㄓ
淡然無味,1,ㄉㄢˋ ㄖㄢˊ ㄨˊ ㄨㄟˋ
淡入,1,ㄉㄢˋ ㄖㄨˋ
淡雅,1,ㄉㄢˋ ㄧㄚˇ
淡忘,1,ㄉㄢˋ ㄨㄤˋ
啖,1,ㄉㄢˋ
氮,1,ㄉㄢˋ
氮肥,1,ㄉㄢˋ ㄈㄟˊ
啗,1,ㄉㄢˋ
萏,1,ㄉㄢˋ
蛋,1,ㄉㄢˋ
蛋白,1,ㄉㄢˋ ㄅㄞˊ
蛋白質,1,ㄉㄢˋ ㄅㄞˊ ㄓˊ
蛋糕,1,ㄉㄢˋ ㄍㄠ
蛋黃,1,ㄉㄢˋ ㄏㄨㄤˊ
蛋雞,1,ㄉㄢˋ ㄐㄧ
蛋卷,1,ㄉㄢˋ ㄐㄩㄢˇ
憚,1,ㄉㄢˋ
彈,1,ㄉㄢˋ
彈道,1,ㄉㄢˋ ㄉㄠˋ
彈道飛彈,1,ㄉㄢˋ ㄉㄠˋ ㄈㄟ ㄉㄢˋ
彈頭,1,ㄉㄢˋ ㄊㄡˊ
彈弓,1,ㄉㄢˋ ㄍㄨㄥ
彈盡援絕,1,ㄉㄢˋ ㄐㄧㄣˋ ㄩㄢˊ ㄐㄩㄝˊ
彈珠,1,ㄉㄢˋ ㄓㄨ
彈藥,1,ㄉㄢˋ ㄧㄠˋ
彈丸,1,ㄉㄢˋ ㄨㄢˊ
彈丸之地,1,ㄉㄢˋ ㄨㄢˊ ㄓ ㄉㄧˋ
誕,1,ㄉㄢˋ
誕辰,1,ㄉㄢˋ ㄔㄣˊ
誕生,1,ㄉㄢˋ ㄕㄥ
澹,1,ㄉㄢˋ
澹泊,1,ㄉㄢˋ ㄅㄛˊ
擔,1,ㄉㄢˋ
擔擔麵,1,ㄉㄢˋ ㄉㄢˋ ㄇㄧㄢˋ
擔子,1,ㄉㄢˋ ㄗ˙
擔仔麵,1,ㄉㄢˋ ㄗˇ ㄇㄧㄢˋ
當,1,ㄉㄤ
當班,1,ㄉㄤ ㄅㄢ
當兵,1,ㄉㄤ ㄅㄧㄥ
當面,1,ㄉㄤ ㄇㄧㄢˋ
當代,1,ㄉㄤ ㄉㄞˋ
當道,1,ㄉㄤ ㄉㄠˋ
當地,1,ㄉㄤ ㄉㄧˋ
當頭,1,ㄉㄤ ㄊㄡˊ
當頭棒喝,1,ㄉㄤ ㄊㄡˊ ㄅㄤˋ ㄏㄜˋ
當年,1,ㄉㄤ ㄋㄧㄢˊ
當令,1,ㄉㄤ ㄌㄧㄥˋ
當歸,1,ㄉㄤ ㄍㄨㄟ
當關,1,ㄉㄤ ㄍㄨㄢ
當口,1,ㄉㄤ ㄎㄡˇ
當空,1,ㄉㄤ ㄎㄨㄥ
當機立斷,1,ㄉㄤ ㄐㄧ ㄌㄧˋ ㄉㄨㄢˋ
當家,1,ㄉㄤ ㄐㄧㄚ
當家花旦,1,ㄉㄤ ㄐㄧㄚ ㄏㄨㄚ ㄉㄢˋ
當家小生,1,ㄉㄤ ㄐㄧㄚ ㄒㄧㄠˇ ㄕㄥ
當今,1,ㄉㄤ ㄐㄧㄣ
當局,1,ㄉㄤ ㄐㄩˊ
當局者迷,1,ㄉㄤ ㄐㄩˊ ㄓㄜˇ ㄇㄧˊ
當前,1,ㄉㄤ ㄑㄧㄢˊ
當權,1,ㄉㄤ ㄑㄩㄢˊ
當下,1,ㄉㄤ ㄒㄧㄚˋ
當先,1,ㄉㄤ ㄒㄧㄢ
當心,1,ㄉㄤ ㄒㄧㄣ
當選,1,ㄉㄤ ㄒㄩㄢˇ
當之無愧,1,ㄉㄤ ㄓ ㄨˊ ㄎㄨㄟˋ
當政,1,ㄉㄤ ㄓㄥˋ
當中,1,ㄉㄤ ㄓㄨㄥ
當眾,1,ㄉㄤ ㄓㄨㄥˋ
當差,1,ㄉㄤ ㄔㄞ
當場,1,ㄉㄤ ㄔㄤˇ
當初,1,ㄉㄤ ㄔㄨ
當時,1,ㄉㄤ ㄕˊ
當世,1,ㄉㄤ ㄕˋ
當事者,1,ㄉㄤ ㄕˋ ㄓㄜˇ
當事人,1,ㄉㄤ ㄕˋ ㄖㄣˊ
當是,1,ㄉㄤ ㄕˋ
當日,1,ㄉㄤ ㄖˋ
當然,1,ㄉㄤ ㄖㄢˊ
當仁不讓,1,ㄉㄤ ㄖㄣˊ ㄅㄨˋ ㄖㄤˋ
當仁不讓,1,ㄉㄤ ㄖㄣˊ ㄅㄨˊ ㄖㄤˋ
當兒,1,ㄉㄤ ㄦ
當夜,1,ㄉㄤ ㄧㄝˋ
當務之急,1,ㄉㄤ ㄨˋ ㄓ ㄐㄧˊ
當晚,1,ㄉㄤ ㄨㄢˇ
噹,1,ㄉㄤ
噹噹,1,ㄉㄤ ㄉㄤ
璫,1,ㄉㄤ
襠,1,ㄉㄤ
鐺,1,ㄉㄤ
党,1,ㄉㄤˇ
擋,1,ㄉㄤˇ
擋不住,1,ㄉㄤˇ ㄅㄨˋ ㄓㄨˋ
擋不住,1,ㄉㄤˇ ㄅㄨˊ ㄓㄨˋ
擋風,1,ㄉㄤˇ ㄈㄥ
擋風玻璃,1,ㄉㄤˇ ㄈㄥ ㄅㄛ ㄌㄧˊ
擋土牆,1,ㄉㄤˇ ㄊㄨˇ ㄑㄧㄤˊ
擋路,1,ㄉㄤˇ ㄌㄨˋ
擋駕,1,ㄉㄤˇ ㄐㄧㄚˋ
擋箭牌,1,ㄉㄤˇ ㄐㄧㄢˋ ㄆㄞˊ
擋修,1,ㄉㄤˇ ㄒㄧㄡ
擋雨,1,ㄉㄤˇ ㄩˇ
檔,1,ㄉㄤˇ
檔名,1,ㄉㄤˇ ㄇㄧㄥˊ
檔期,1,ㄉㄤˇ ㄑㄧˊ
檔次,1,ㄉㄤˇ ㄘˋ
檔案,1,ㄉㄤˇ ㄢˋ
檔案夾,1,ㄉㄤˇ ㄢˋ ㄐㄧㄚˊ
檔案傳輸系統,1,ㄉㄤˇ ㄢˋ ㄔㄨㄢˊ ㄕㄨ ㄒㄧˋ ㄊㄨㄥˇ
檔案室,1,ㄉㄤˇ ㄢˋ ㄕˋ
檔案搜尋系統,1,ㄉㄤˇ ㄢˋ ㄙㄡ ㄒㄩㄣˊ ㄒㄧˋ ㄊㄨㄥˇ
黨,1,ㄉㄤˇ
黨報,1,ㄉㄤˇ ㄅㄠˋ
黨鞭,1,ㄉㄤˇ ㄅㄧㄢ
黨部,1,ㄉㄤˇ ㄅㄨˋ
黨派,1,ㄉㄤˇ ㄆㄞˋ
黨徒,1,ㄉㄤˇ ㄊㄨˊ
黨團,1,ㄉㄤˇ ㄊㄨㄢˊ
黨綱,1,ㄉㄤˇ ㄍㄤ
黨國,1,ㄉㄤˇ ㄍㄨㄛˊ
黨魁,1,ㄉㄤˇ ㄎㄨㄟˊ
黨徽,1,ㄉㄤˇ ㄏㄨㄟ
黨籍,1,ㄉㄤˇ ㄐㄧˊ
黨紀,1,ㄉㄤˇ ㄐㄧˋ
黨禁,1,ㄉㄤˇ ㄐㄧㄣˋ
黨旗,1,ㄉㄤˇ ㄑㄧˊ
黨性,1,ㄉㄤˇ ㄒㄧㄥˋ
黨章,1,ㄉㄤˇ ㄓㄤ
黨爭,1,ㄉㄤˇ ㄓㄥ
黨政軍,1,ㄉㄤˇ ㄓㄥˋ ㄐㄩㄣ
黨證,1,ㄉㄤˇ ㄓㄥˋ
黨務,1,ㄉㄤˇ ㄨˋ
黨羽,1,ㄉㄤˇ ㄩˇ
黨員,1,ㄉㄤˇ ㄩㄢˊ
讜,1,ㄉㄤˇ
宕,1,ㄉㄤˋ
當,1,ㄉㄤˋ
當票,1,ㄉㄤˋ ㄆㄧㄠˋ
當鋪,1,ㄉㄤˋ ㄆㄨˋ
當掉,1,ㄉㄤˋ ㄉㄧㄠˋ
當頭,1,ㄉㄤˋ ㄊㄡ˙
當天,1,ㄉㄤ ㄊㄧㄢ
當機,1,ㄉㄤˋ ㄐㄧ
當真,1,ㄉㄤˋ ㄓㄣ
當成,1,ㄉㄤˋ ㄔㄥˊ
當作,1,ㄉㄤˋ ㄗㄨㄛˋ
當做,1,ㄉㄤˋ ㄗㄨㄛˋ
蕩,1,ㄉㄤˋ
蕩蕩,1,ㄉㄤˋ ㄉㄤˋ
蕩氣迴腸,1,ㄉㄤˋ ㄑㄧˋ ㄏㄨㄟˊ ㄔㄤˊ
蕩然,1,ㄉㄤˋ ㄖㄢˊ
蕩然無存,1,ㄉㄤˋ ㄖㄢˊ ㄨˊ ㄘㄨㄣˊ
蕩漾,1,ㄉㄤˋ ㄧㄤˋ
盪,1,ㄉㄤˋ
盪舟,1,ㄉㄤˋ ㄓㄡ
盪漾,1,ㄉㄤˋ ㄧㄤˋ
登,1,ㄉㄥ
登報,1,ㄉㄥ ㄅㄠˋ
登門,1,ㄉㄥ ㄇㄣˊ
登門拜訪,1,ㄉㄥ ㄇㄣˊ ㄅㄞˋ ㄈㄤˇ
登門造訪,1,ㄉㄥ ㄇㄣˊ ㄗㄠˋ ㄈㄤˇ
登峰造極,1,ㄉㄥ ㄈㄥ ㄗㄠˋ ㄐㄧˊ
登臺,1,ㄉㄥ ㄊㄞˊ
登堂入室,1,ㄉㄥ ㄊㄤˊ ㄖㄨˋ ㄕˋ
登天,1,ㄉㄥ ㄊㄧㄢ
登徒子,1,ㄉㄥ ㄊㄨˊ ㄗˇ
登臨,1,ㄉㄥ ㄌㄧㄣˊ
登陸,1,ㄉㄥ ㄌㄨˋ
登錄,1,ㄉㄥ ㄌㄨˋ
登革熱,1,ㄉㄥ ㄍㄜˊ ㄖㄜˋ
登高,1,ㄉㄥ ㄍㄠ
登高一呼,1,ㄉㄥ ㄍㄠ ㄧ ㄏㄨ
登高一呼,1,ㄉㄥ ㄍㄠ ㄧˋ ㄏㄨ
登高望遠,1,ㄉㄥ ㄍㄠ ㄨㄤˋ ㄩㄢˇ
登科,1,ㄉㄥ ㄎㄜ
登基,1,ㄉㄥ ㄐㄧ
登機證,1,ㄉㄥ ㄐㄧ ㄓㄥˋ
登機室,1,ㄉㄥ ㄐㄧ ㄕˋ
登記,1,ㄉㄥ ㄐㄧˋ
登場,1,ㄉㄥ ㄔㄤˇ
登時,1,ㄉㄥ ㄕˊ
登山,1,ㄉㄥ ㄕㄢ
登山隊,1,ㄉㄥ ㄕㄢ ㄉㄨㄟˋ
登山口,1,ㄉㄥ ㄕㄢ ㄎㄡˇ
登載,1,ㄉㄥ ㄗㄞˋ
登岸,1,ㄉㄥ ㄢˋ
燈,1,ㄉㄥ
燈泡,1,ㄉㄥ ㄆㄠˋ
燈謎,1,ㄉㄥ ㄇㄧˊ
燈塔,1,ㄉㄥ ㄊㄚˇ
燈籠,1,ㄉㄥ ㄌㄨㄥˊ
燈管,1,ㄉㄥ ㄍㄨㄢˇ
燈光,1,ㄉㄥ ㄍㄨㄤ
燈控,1,ㄉㄥ ㄎㄨㄥˋ
燈號,1,ㄉㄥ ㄏㄠˋ
燈花,1,ㄉㄥ ㄏㄨㄚ
燈火,1,ㄉㄥ ㄏㄨㄛˇ
燈火管制,1,ㄉㄥ ㄏㄨㄛˇ ㄍㄨㄢˇ ㄓˋ
燈會,1,ㄉㄥ ㄏㄨㄟˋ
燈具,1,ㄉㄥ ㄐㄩˋ
燈心,1,ㄉㄥ ㄒㄧㄣ
燈芯,1,ㄉㄥ ㄒㄧㄣ
燈罩,1,ㄉㄥ ㄓㄠˋ
燈燭,1,ㄉㄥ ㄓㄨˊ
燈炷,1,ㄉㄥ ㄓㄨˋ
燈飾,1,ㄉㄥ ㄕˋ
燈絲,1,ㄉㄥ ㄙ
燈蛾,1,ㄉㄥ ㄜˊ
燈油,1,ㄉㄥ ㄧㄡˊ
等,1,ㄉㄥˇ
等比,1,ㄉㄥˇ ㄅㄧˇ
等不及,1,ㄉㄥˇ ㄅㄨˋ ㄐㄧˊ
等分,1,ㄉㄥˇ ㄈㄣ
等分,1,ㄉㄥˇ ㄈㄣˋ
等待,1,ㄉㄥˇ ㄉㄞˋ
等等,1,ㄉㄥˇ ㄉㄥˇ
等第,1,ㄉㄥˇ ㄉㄧˋ
等同,1,ㄉㄥˇ ㄊㄨㄥˊ
等量,1,ㄉㄥˇ ㄌㄧㄤˋ
等量齊觀,1,ㄉㄥˇ ㄌㄧㄤˋ ㄑㄧˊ ㄍㄨㄢ
等高線,1,ㄉㄥˇ ㄍㄠ ㄒㄧㄢˋ
等號,1,ㄉㄥˇ ㄏㄠˋ
等候,1,ㄉㄥˇ ㄏㄡˋ
等級,1,ㄉㄥˇ ㄐㄧˊ
等距,1,ㄉㄥˇ ㄐㄩˋ
等閒,1,ㄉㄥˇ ㄒㄧㄢˊ
等閒視之,1,ㄉㄥˇ ㄒㄧㄢˊ ㄕˋ ㄓ
等值,1,ㄉㄥˇ ㄓˊ
等式,1,ㄉㄥˇ ㄕˋ
等次,1,ㄉㄥˇ ㄘˋ
等而下之,1,ㄉㄥˇ ㄦˊ ㄒㄧㄚˋ ㄓ
等一會兒,1,ㄉㄥˇ ㄧ ㄏㄨㄟˇ ㄦ
等一會兒,1,ㄉㄥˇ ㄧˋ ㄏㄨㄜˇ ㄦ
等一下,1,ㄉㄥˇ ㄧ ㄒㄧㄚˋ
等一下,1,ㄉㄥˇ ㄧˊ ㄒㄧㄚˋ
等壓線,1,ㄉㄥˇ ㄧㄚ ㄒㄧㄢˋ
等於,1,ㄉㄥˇ ㄩˊ
戥,1,ㄉㄥˇ
戥子,1,ㄉㄥˇ ㄗ˙
凳,1,ㄉㄥˋ
澄,1,ㄉㄥˋ
澄清,1,ㄉㄥˋ ㄑㄧㄥ
鄧,1,ㄉㄥˋ
磴,1,ㄉㄥˋ
瞪,1,ㄉㄥˋ
瞪眼,1,ㄉㄥˋ ㄧㄢˇ
蹬,1,ㄉㄥˋ
鐙,1,ㄉㄥˋ
氐,1,ㄉㄧ
低,1,ㄉㄧ
低標準,1,ㄉㄧ ㄅㄧㄠ ㄓㄨㄣˇ
低眉,1,ㄉㄧ ㄇㄟˊ
低迷,1,ㄉㄧ ㄇㄧˊ
低迷不振,1,ㄉㄧ ㄇㄧˊ ㄅㄨˋ ㄓㄣˋ
低迷不振,1,ㄉㄧ ㄇㄧˊ ㄅㄨˊ ㄓㄣˋ
低靡,1,ㄉㄧ ㄇㄧˇ
低檔,1,ㄉㄧ ㄉㄤˇ
低盪,1,ㄉㄧ ㄉㄤˋ
低等,1,ㄉㄧ ㄉㄥˇ
低等動物,1,ㄉㄧ ㄉㄥˇ ㄉㄨㄥˋ ㄨˋ
低地,1,ㄉㄧ ㄉㄧˋ
低調,1,ㄉㄧ ㄉㄧㄠˋ
低點,1,ㄉㄧ ㄉㄧㄢˇ
低度,1,ㄉㄧ ㄉㄨˋ
低頭,1,ㄉㄧ ㄊㄡˊ
低能,1,ㄉㄧ ㄋㄥˊ
低年級,1,ㄉㄧ ㄋㄧㄢˊ ㄐㄧˊ
低利,1,ㄉㄧ ㄌㄧˋ
低利率,1,ㄉㄧ ㄌㄧˋ ㄌㄩˋ
低劣,1,ㄉㄧ ㄌㄧㄝˋ
低廉,1,ㄉㄧ ㄌㄧㄢˊ
低落,1,ㄉㄧ ㄌㄨㄛˋ
低估,1,ㄉㄧ ㄍㄨ
低空,1,ㄉㄧ ㄎㄨㄥ
低級,1,ㄉㄧ ㄐㄧˊ
低價,1,ㄉㄧ ㄐㄧㄚˋ
低階,1,ㄉㄧ ㄐㄧㄝ
低賤,1,ㄉㄧ ㄐㄧㄢˋ
低進,1,ㄉㄧ ㄐㄧㄣˋ
低氣壓,1,ㄉㄧ ㄑㄧˋ ㄧㄚ
低下,1,ㄉㄧ ㄒㄧㄚˋ
低血糖,1,ㄉㄧ ㄒㄧㄝˇ ㄊㄤˊ
低薪,1,ㄉㄧ ㄒㄧㄣ
低胸,1,ㄉㄧ ㄒㄩㄥ
低脂,1,ㄉㄧ ㄓ
低潮,1,ㄉㄧ ㄔㄠˊ
低沉,1,ㄉㄧ ㄔㄣˊ
低垂,1,ㄉㄧ ㄔㄨㄟˊ
低溼,1,ㄉㄧ ㄕ
低收入,1,ㄉㄧ ㄕㄡ ㄖㄨˋ
低收入戶,1,ㄉㄧ ㄕㄡ ㄖㄨˋ ㄏㄨˋ
低聲,1,ㄉㄧ ㄕㄥ
低聲下氣,1,ㄉㄧ ㄕㄥ ㄒㄧㄚˋ ㄑㄧˋ
低姿態,1,ㄉㄧ ㄗ ㄊㄞˋ
低姿勢,1,ㄉㄧ ㄗ ㄕˋ
低俗,1,ㄉㄧ ㄙㄨˊ
低速,1,ㄉㄧ ㄙㄨˋ
低速檔,1,ㄉㄧ ㄙㄨˋ ㄉㄤˇ
低矮,1,ㄉㄧ ㄞˇ
低凹,1,ㄉㄧ ㄠ
低壓帶,1,ㄉㄧ ㄧㄚ ㄉㄞˋ
低啞,1,ㄉㄧ ㄧㄚˇ
低音,1,ㄉㄧ ㄧㄣ
低吟,1,ㄉㄧ ㄧㄣˊ
低窪,1,ㄉㄧ ㄨㄚ
低微,1,ㄉㄧ ㄨㄟˊ
低溫,1,ㄉㄧ ㄨㄣ
低語,1,ㄉㄧ ㄩˇ
滴,1,ㄉㄧ
滴答,1,ㄉㄧ ㄉㄚ
滴滴答答,1,ㄉㄧ ㄉㄧ ㄉㄚ ㄉㄚ
滴落,1,ㄉㄧ ㄌㄨㄛˋ
滴管,1,ㄉㄧ ㄍㄨㄢˇ
滴酒不沾,1,ㄉㄧ ㄐㄧㄡˇ ㄅㄨˋ ㄓㄢ
滴下,1,ㄉㄧ ㄒㄧㄚˋ
滴血,1,ㄉㄧ ㄒㄧㄝˇ
滴水,1,ㄉㄧ ㄕㄨㄟˇ
滴水不沾,1,ㄉㄧ ㄕㄨㄟˇ ㄅㄨˋ ㄓㄢ
滴水漏斗,1,ㄉㄧ ㄕㄨㄟˇ ㄌㄡˋ ㄉㄡˇ
滴水穿石,1,ㄉㄧ ㄕㄨㄟˇ ㄔㄨㄢ ㄕˊ
滴水未沾,1,ㄉㄧ ㄕㄨㄟˇ ㄨㄟˋ ㄓㄢ
滴液,1,ㄉㄧ ㄧㄝˋ
狄,1,ㄉㄧˊ
迪士尼樂園,1,ㄉㄧˊ ㄕˋ ㄋㄧˊ ㄌㄜˋ ㄩㄢˊ
迪士尼卡通,1,ㄉㄧˊ ㄕˋ ㄋㄧˊ ㄎㄚˇ ㄊㄨㄥ
荻,1,ㄉㄧˊ
的,1,ㄉㄧˊ
的當,1,ㄉㄧˊ ㄉㄤˋ
的確,1,ㄉㄧˊ ㄑㄩㄝˋ
迪,1,ㄉㄧˊ
迪斯可,1,ㄉㄧˊ ㄙ ㄎㄜˇ
笛,1,ㄉㄧˊ
笛聲,1,ㄉㄧˊ ㄕㄥ
笛子,1,ㄉㄧˊ ㄗ˙
滌,1,ㄉㄧˊ
滌盡,1,ㄉㄧˊ ㄐㄧㄣˋ
嘀,1,ㄉㄧˊ
嘀咕,1,ㄉㄧˊ ㄍㄨ
嘀咕,1,ㄉㄧˊ ㄍㄨ˙
嫡,1,ㄉㄧˊ
嫡母,1,ㄉㄧˊ ㄇㄨˇ
嫡系,1,ㄉㄧˊ ㄒㄧˋ
嫡長子,1,ㄉㄧˊ ㄓㄤˇ ㄗˇ
嫡傳弟子,1,ㄉㄧˊ ㄔㄨㄢˊ ㄉㄧˋ ㄗˇ
敵,1,ㄉㄧˊ
敵方,1,ㄉㄧˊ ㄈㄤ
敵對,1,ㄉㄧˊ ㄉㄨㄟˋ
敵國,1,ㄉㄧˊ ㄍㄨㄛˊ
敵愾同仇,1,ㄉㄧˊ ㄎㄞˋ ㄊㄨㄥˊ ㄔㄡˊ
敵後,1,ㄉㄧˊ ㄏㄡˋ
敵機,1,ㄉㄧˊ ㄐㄧ
敵軍,1,ㄉㄧˊ ㄐㄩㄣ
敵情,1,ㄉㄧˊ ㄑㄧㄥˊ
敵視,1,ㄉㄧˊ ㄕˋ
敵手,1,ㄉㄧˊ ㄕㄡˇ
敵人,1,ㄉㄧˊ ㄖㄣˊ
敵意,1,ㄉㄧˊ ㄧˋ
翟,1,ㄉㄧˊ
糴,1,ㄉㄧˊ
底,1,ㄉㄧˇ
底本,1,ㄉㄧˇ ㄅㄣˇ
底部,1,ㄉㄧˇ ㄅㄨˋ
底牌,1,ㄉㄧˇ ㄆㄞˊ
底盤,1,ㄉㄧˇ ㄆㄢˊ
底片,1,ㄉㄧˇ ㄆㄧㄢˋ
底面,1,ㄉㄧˇ ㄇㄧㄢˋ
底定,1,ㄉㄧˇ ㄉㄧㄥˋ
底稿,1,ㄉㄧˇ ㄍㄠˇ
底價,1,ㄉㄧˇ ㄐㄧㄚˋ
底細,1,ㄉㄧˇ ㄒㄧˋ
底下,1,ㄉㄧˇ ㄒㄧㄚ˙
底限,1,ㄉㄧˇ ㄒㄧㄢˋ
底線,1,ㄉㄧˇ ㄒㄧㄢˋ
底線抽球,1,ㄉㄧˇ ㄒㄧㄢˋ ㄔㄡ ㄑㄧㄡˊ
底薪,1,ㄉㄧˇ ㄒㄧㄣ
底子,1,ㄉㄧˇ ㄗ˙
底層,1,ㄉㄧˇ ㄘㄥˊ
底色,1,ㄉㄧˇ ㄙㄜˋ
底案,1,ㄉㄧˇ ㄢˋ
抵,1,ㄉㄧˇ
抵不過,1,ㄉㄧˇ ㄅㄨˋ ㄍㄨㄛˋ
抵不過,1,ㄉㄧˇ ㄅㄨˊ ㄍㄨㄛˋ
抵免,1,ㄉㄧˇ ㄇㄧㄢˇ
抵命,1,ㄉㄧˇ ㄇㄧㄥˋ
抵達,1,ㄉㄧˇ ㄉㄚˊ
抵擋,1,ㄉㄧˇ ㄉㄤˇ
抵賴,1,ㄉㄧˇ ㄌㄞˋ
抵扣,1,ㄉㄧˇ ㄎㄡˋ
抵抗,1,ㄉㄧˇ ㄎㄤˋ
抵抗力,1,ㄉㄧˇ ㄎㄤˋ ㄌㄧˋ
抵減,1,ㄉㄧˇ ㄐㄧㄢˇ
抵消,1,ㄉㄧˇ ㄒㄧㄠ
抵制,1,ㄉㄧˇ ㄓˋ
抵債,1,ㄉㄧˇ ㄓㄞˋ
抵住,1,ㄉㄧˇ ㄓㄨˋ
抵償,1,ㄉㄧˇ ㄔㄤˊ
抵稅,1,ㄉㄧˇ ㄕㄨㄟˋ
抵罪,1,ㄉㄧˇ ㄗㄨㄟˋ
抵死,1,ㄉㄧˇ ㄙˇ
抵押,1,ㄉㄧˇ ㄧㄚ
抵押品,1,ㄉㄧˇ ㄧㄚ ㄆㄧㄣˇ
抵押放款,1,ㄉㄧˇ ㄧㄚ ㄈㄤˋ ㄎㄨㄢˇ
抵押權,1,ㄉㄧˇ ㄧㄚ ㄑㄩㄢˊ
抵禦,1,ㄉㄧˇ ㄩˋ
抵用,1,ㄉㄧˇ ㄩㄥˋ
邸,1,ㄉㄧˇ
柢,1,ㄉㄧˇ
牴,1,ㄉㄧˇ
牴觸,1,ㄉㄧˇ ㄔㄨˋ
砥,1,ㄉㄧˇ
砥礪,1,ㄉㄧˇ ㄌㄧˋ
詆,1,ㄉㄧˇ
詆毀,1,ㄉㄧˇ ㄏㄨㄟˇ
地,1,ㄉㄧˋ
地板,1,ㄉㄧˋ ㄅㄢˇ
地板操,1,ㄉㄧˋ ㄅㄢˇ ㄘㄠ
地磅,1,ㄉㄧˋ ㄅㄤˋ
地標,1,ㄉㄧˋ ㄅㄧㄠ
地表,1,ㄉㄧˋ ㄅㄧㄠˇ
地步,1,ㄉㄧˋ ㄅㄨˋ
地盤,1,ㄉㄧˋ ㄆㄢˊ
地盤下陷,1,ㄉㄧˋ ㄆㄢˊ ㄒㄧㄚˋ ㄒㄧㄢˋ
地皮,1,ㄉㄧˋ ㄆㄧˊ
地痞,1,ㄉㄧˋ ㄆㄧˇ
地平線,1,ㄉㄧˋ ㄆㄧㄥˊ ㄒㄧㄢˋ
地坪,1,ㄉㄧˋ ㄆㄧㄥˊ
地貌,1,ㄉㄧˋ ㄇㄠˋ
地面,1,ㄉㄧˋ ㄇㄧㄢˋ
地目,1,ㄉㄧˋ ㄇㄨˋ
地方,1,ㄉㄧˋ ㄈㄤ
地方法院,1,ㄉㄧˋ ㄈㄤ ㄈㄚˇ ㄩㄢˋ
地方官,1,ㄉㄧˋ ㄈㄤ ㄍㄨㄢ
地方戲,1,ㄉㄧˋ ㄈㄤ ㄒㄧˋ
地方戲曲,1,ㄉㄧˋ ㄈㄤ ㄒㄧˋ ㄑㄩˇ
地方政府,1,ㄉㄧˋ ㄈㄤ ㄓㄥˋ ㄈㄨˇ
地方稅,1,ㄉㄧˋ ㄈㄤ ㄕㄨㄟˋ
地方人士,1,ㄉㄧˋ ㄈㄤ ㄖㄣˊ ㄕˋ
地方自治,1,ㄉㄧˋ ㄈㄤ ㄗˋ ㄓˋ
地方議會,1,ㄉㄧˋ ㄈㄤ ㄧˋ ㄏㄨㄟˋ
地府,1,ㄉㄧˋ ㄈㄨˇ
地大物博,1,ㄉㄧˋ ㄉㄚˋ ㄨˋ ㄅㄛˊ
地帶,1,ㄉㄧˋ ㄉㄞˋ
地道,1,ㄉㄧˋ ㄉㄠˋ
地道,1,ㄉㄧˋ ㄉㄠ˙
地底,1,ㄉㄧˋ ㄉㄧˇ
地點,1,ㄉㄧˋ ㄉㄧㄢˇ
地段,1,ㄉㄧˋ ㄉㄨㄢˋ
地洞,1,ㄉㄧˋ ㄉㄨㄥˋ
地動儀,1,ㄉㄧˋ ㄉㄨㄥˋ ㄧˊ
地頭,1,ㄉㄧˋ ㄊㄡˊ
地頭蛇,1,ㄉㄧˋ ㄊㄡˊ ㄕㄜˊ
地攤,1,ㄉㄧˋ ㄊㄢ
地攤貨,1,ㄉㄧˋ ㄊㄢ ㄏㄨㄛˋ
地毯,1,ㄉㄧˋ ㄊㄢˇ
地毯式,1,ㄉㄧˋ ㄊㄢˇ ㄕˋ
地鐵,1,ㄉㄧˋ ㄊㄧㄝˇ
地圖,1,ㄉㄧˋ ㄊㄨˊ
地牛發威,1,ㄉㄧˋ ㄋㄧㄡˊ ㄈㄚ ㄨㄟ
地牛翻身,1,ㄉㄧˋ ㄋㄧㄡˊ ㄈㄢ ㄕㄣ
地雷,1,ㄉㄧˋ ㄌㄟˊ
地壘,1,ㄉㄧˋ ㄌㄟˇ
地老天荒,1,ㄉㄧˋ ㄌㄠˇ ㄊㄧㄢ ㄏㄨㄤ
地理,1,ㄉㄧˋ ㄌㄧˇ
地理環境,1,ㄉㄧˋ ㄌㄧˇ ㄏㄨㄢˊ ㄐㄧㄥˋ
地理師,1,ㄉㄧˋ ㄌㄧˇ ㄕ
地理位置,1,ㄉㄧˋ ㄌㄧˇ ㄨㄟˋ ㄓˋ
地力,1,ㄉㄧˋ ㄌㄧˋ
地利,1,ㄉㄧˋ ㄌㄧˋ
地利之便,1,ㄉㄧˋ ㄌㄧˋ ㄓ ㄅㄧㄢˋ
地靈人傑,1,ㄉㄧˋ ㄌㄧㄥˊ ㄖㄣˊ ㄐㄧㄝˊ
地瓜,1,ㄉㄧˋ ㄍㄨㄚ
地廣人稀,1,ㄉㄧˋ ㄍㄨㄤˇ ㄖㄣˊ ㄒㄧ
地殼,1,ㄉㄧˋ ㄎㄜˊ
地黃,1,ㄉㄧˋ ㄏㄨㄤˊ
地基,1,ㄉㄧˋ ㄐㄧ
地瘠人稀,1,ㄉㄧˋ ㄐㄧˊ ㄖㄣˊ ㄒㄧ
地籍圖,1,ㄉㄧˋ ㄐㄧˊ ㄊㄨˊ
地價,1,ㄉㄧˋ ㄐㄧㄚˋ
地價稅,1,ㄉㄧˋ ㄐㄧㄚˋ ㄕㄨㄟˋ
地界,1,ㄉㄧˋ ㄐㄧㄝˋ
地窖,1,ㄉㄧˋ ㄐㄧㄠˋ
地久天長,1,ㄉㄧˋ ㄐㄧㄡˇ ㄊㄧㄢ ㄔㄤˊ
地祇,1,ㄉㄧˋ ㄑㄧˊ
地契,1,ㄉㄧˋ ㄑㄧˋ
地球,1,ㄉㄧˋ ㄑㄧㄡˊ
地球科學,1,ㄉㄧˋ ㄑㄧㄡˊ ㄎㄜ ㄒㄩㄝˊ
地球史,1,ㄉㄧˋ ㄑㄧㄡˊ ㄕˇ
地球日,1,ㄉㄧˋ ㄑㄧㄡˊ ㄖˋ
地球村,1,ㄉㄧˋ ㄑㄧㄡˊ ㄘㄨㄣ
地球儀,1,ㄉㄧˋ ㄑㄧㄡˊ ㄧˊ
地塹,1,ㄉㄧˋ ㄑㄧㄢˋ
地勤,1,ㄉㄧˋ ㄑㄧㄣˊ
地區,1,ㄉㄧˋ ㄑㄩ
地權,1,ㄉㄧˋ ㄑㄩㄢˊ
地下,1,ㄉㄧˋ ㄒㄧㄚˋ
地下道,1,ㄉㄧˋ ㄒㄧㄚˋ ㄉㄠˋ
地下投資,1,ㄉㄧˋ ㄒㄧㄚˋ ㄊㄡˊ ㄗ
地下鐵,1,ㄉㄧˋ ㄒㄧㄚˋ ㄊㄧㄝˇ
地下停車場,1,ㄉㄧˋ ㄒㄧㄚˋ ㄊㄧㄥˊ ㄔㄜ ㄔㄤˇ
地下工廠,1,ㄉㄧˋ ㄒㄧㄚˋ ㄍㄨㄥ ㄔㄤˇ
地下核爆,1,ㄉㄧˋ ㄒㄧㄚˋ ㄏㄜˊ ㄅㄠˋ
地下化,1,ㄉㄧˋ ㄒㄧㄚˋ ㄏㄨㄚˋ
地下街,1,ㄉㄧˋ ㄒㄧㄚˋ ㄐㄧㄝ
地下錢莊,1,ㄉㄧˋ ㄒㄧㄚˋ ㄑㄧㄢˊ ㄓㄨㄤ
地下室,1,ㄉㄧˋ ㄒㄧㄚˋ ㄕˋ
地下水,1,ㄉㄧˋ ㄒㄧㄚˋ ㄕㄨㄟˇ
地下有知,1,ㄉㄧˋ ㄒㄧㄚˋ ㄧㄡˇ ㄓ
地下舞廳,1,ㄉㄧˋ ㄒㄧㄚˋ ㄨˇ ㄊㄧㄥ
地下,1,ㄉㄧˋ ㄒㄧㄚ˙
地心,1,ㄉㄧˋ ㄒㄧㄣ
地球引力,1,ㄉㄧˋ ㄑㄧㄡˊ ㄧㄣˇ ㄌㄧˋ
地形,1,ㄉㄧˋ ㄒㄧㄥˊ
地支,1,ㄉㄧˋ ㄓ
地質,1,ㄉㄧˋ ㄓˊ
地質活動,1,ㄉㄧˋ ㄓˊ ㄏㄨㄛˊ ㄉㄨㄥˋ
地質學,1,ㄉㄧˋ ㄓˊ ㄒㄩㄝˊ
地址,1,ㄉㄧˋ ㄓˇ
地軸,1,ㄉㄧˋ ㄓㄡˊ
地氈,1,ㄉㄧˋ ㄓㄢ
地震,1,ㄉㄧˋ ㄓㄣˋ
地震帶,1,ㄉㄧˋ ㄓㄣˋ ㄉㄞˋ
地震儀,1,ㄉㄧˋ ㄓㄣˋ ㄧˊ
地政,1,ㄉㄧˋ ㄓㄥˋ
地主,1,ㄉㄧˋ ㄓㄨˇ
地主國,1,ㄉㄧˋ ㄓㄨˇ ㄍㄨㄛˊ
地主之誼,1,ㄉㄧˋ ㄓㄨˇ ㄓ ㄧˋ
地磚,1,ㄉㄧˋ ㄓㄨㄢ
地中海,1,ㄉㄧˋ ㄓㄨㄥ ㄏㄞˇ
地中海型貧血,1,ㄉㄧˋ ㄓㄨㄥ ㄏㄞˇ ㄒㄧㄥˊ ㄆㄧㄣˊ ㄒㄧㄝˇ
地產,1,ㄉㄧˋ ㄔㄢˇ
地勢,1,ㄉㄧˋ ㄕˋ
地上權,1,ㄉㄧˋ ㄕㄤˋ ㄑㄩㄢˊ
地上物,1,ㄉㄧˋ ㄕㄤˋ ㄨˋ
地上,1,ㄉㄧˋ ㄕㄤˋ
地熱,1,ㄉㄧˋ ㄖㄜˋ
地藏王菩薩,1,ㄉㄧˋ ㄗㄤˋ ㄨㄤˊ ㄆㄨˊ ㄙㄚˋ
地磁,1,ㄉㄧˋ ㄘˊ
地層,1,ㄉㄧˋ ㄘㄥˊ
地層下陷,1,ㄉㄧˋ ㄘㄥˊ ㄒㄧㄚˋ ㄒㄧㄢˋ
地位,1,ㄉㄧˋ ㄨㄟˋ
地域,1,ㄉㄧˋ ㄩˋ
地域觀念,1,ㄉㄧˋ ㄩˋ ㄍㄨㄢ ㄋㄧㄢˋ
地域性,1,ㄉㄧˋ ㄩˋ ㄒㄧㄥˋ
地獄,1,ㄉㄧˋ ㄩˋ
地緣,1,ㄉㄧˋ ㄩㄢˊ
弟,1,ㄉㄧˋ
弟妹,1,ㄉㄧˋ ㄇㄟˋ
弟婦,1,ㄉㄧˋ ㄈㄨˋ
弟弟,1,ㄉㄧˋ ㄉㄧ˙
弟媳,1,ㄉㄧˋ ㄒㄧˊ
弟兄,1,ㄉㄧˋ ㄒㄩㄥ
弟子,1,ㄉㄧˋ ㄗˇ
娣,1,ㄉㄧˋ
第,1,ㄉㄧˋ
第八藝術,1,ㄉㄧˋ ㄅㄚ ㄧˋ ㄕㄨˋ
第六感,1,ㄉㄧˋ ㄌㄧㄡˋ ㄍㄢˇ
第九藝術,1,ㄉㄧˋ ㄐㄧㄡˇ ㄧˋ ㄕㄨˋ
第四臺,1,ㄉㄧˋ ㄙˋ ㄊㄞˊ
第三地,1,ㄉㄧˋ ㄙㄢ ㄉㄧˋ
第三類接觸,1,ㄉㄧˋ ㄙㄢ ㄌㄟˋ ㄐㄧㄝ ㄔㄨˋ
第三者,1,ㄉㄧˋ ㄙㄢ ㄓㄜˇ
第三世界,1,ㄉㄧˋ ㄙㄢ ㄕˋ ㄐㄧㄝˋ
第二職業,1,ㄉㄧˋ ㄦˋ ㄓˊ ㄧㄝˋ
第二春,1,ㄉㄧˋ ㄦˋ ㄔㄨㄣ
第二次世界大戰,1,ㄉㄧˋ ㄦˋ ㄘˋ ㄕˋ ㄐㄧㄝˋ ㄉㄚˋ ㄓㄢˋ
第一,1,ㄉㄧˋ ㄧ
第一把交椅,1,ㄉㄧˋ ㄧ ㄅㄚˇ ㄐㄧㄠ ㄧˇ
第一把手,1,ㄉㄧˋ ㄧ ㄅㄚˇ ㄕㄡˇ
第一波,1,ㄉㄧˋ ㄧ ㄅㄛ
第一步,1,ㄉㄧˋ ㄧ ㄅㄨˋ
第一名,1,ㄉㄧˋ ㄧ ㄇㄧㄥˊ
第一夫人,1,ㄉㄧˋ ㄧ ㄈㄨ ㄖㄣˊ
第一類接觸,1,ㄉㄧˋ ㄧ ㄌㄟˋ ㄐㄧㄝ ㄔㄨˋ
第一流,1,ㄉㄧˋ ㄧ ㄌㄧㄡˊ
第一現場,1,ㄉㄧˋ ㄧ ㄒㄧㄢˋ ㄔㄤˇ
第一線,1,ㄉㄧˋ ㄧ ㄒㄧㄢˋ
第一手,1,ㄉㄧˋ ㄧ ㄕㄡˇ
第一順位,1,ㄉㄧˋ ㄧ ㄕㄨㄣˋ ㄨㄟˋ
第一人,1,ㄉㄧˋ ㄧ ㄖㄣˊ
第一人稱,1,ㄉㄧˋ ㄧ ㄖㄣˊ ㄔㄥ
第一次世界大戰,1,ㄉㄧˋ ㄧ ㄘˋ ㄕˋ ㄐㄧㄝˋ ㄉㄚˋ ㄓㄢˋ
第一眼,1,ㄉㄧˋ ㄧ ㄧㄢˇ
睇,1,ㄉㄧˋ
的,1,ㄉㄧˋ
帝,1,ㄉㄧˋ
帝都,1,ㄉㄧˋ ㄉㄨ
帝國,1,ㄉㄧˋ ㄍㄨㄛˊ
帝國大廈,1,ㄉㄧˋ ㄍㄨㄛˊ ㄉㄚˋ ㄒㄧㄚˋ
帝國主義,1,ㄉㄧˋ ㄍㄨㄛˊ ㄓㄨˇ ㄧˋ
帝雉,1,ㄉㄧˋ ㄓˋ
帝王,1,ㄉㄧˋ ㄨㄤˊ
帝王條款,1,ㄉㄧˋ ㄨㄤˊ ㄊㄧㄠˊ ㄎㄨㄢˇ
蒂,1,ㄉㄧˋ
締,1,ㄉㄧˋ
締盟,1,ㄉㄧˋ ㄇㄥˊ
締結,1,ㄉㄧˋ ㄐㄧㄝˊ
締交,1,ㄉㄧˋ ㄐㄧㄠ
締造,1,ㄉㄧˋ ㄗㄠˋ
締約,1,ㄉㄧˋ ㄩㄝ
締約國,1,ㄉㄧˋ ㄩㄝ ㄍㄨㄛˊ
諦,1,ㄉㄧˋ
諦聽,1,ㄉㄧˋ ㄊㄧㄥ
棣,1,ㄉㄧˋ
遞,1,ㄉㄧˋ
遞變,1,ㄉㄧˋ ㄅㄧㄢˋ
遞補,1,ㄉㄧˋ ㄅㄨˇ
遞解,1,ㄉㄧˋ ㄐㄧㄝˋ
遞交,1,ㄉㄧˋ ㄐㄧㄠ
遞減,1,ㄉㄧˋ ㄐㄧㄢˇ
遞增,1,ㄉㄧˋ ㄗㄥ
遞送,1,ㄉㄧˋ ㄙㄨㄥˋ
爹,1,ㄉㄧㄝ
爹地,1,ㄉㄧㄝ ㄉㄧˋ
嗲,1,ㄉㄧㄝ
迭,1,ㄉㄧㄝˊ
迭起,1,ㄉㄧㄝˊ ㄑㄧˇ
迭次,1,ㄉㄧㄝˊ ㄘˋ
瓞,1,ㄉㄧㄝˊ
跌,1,ㄉㄧㄝˊ
跌破,1,ㄉㄧㄝˊ ㄆㄛˋ
跌破眼鏡,1,ㄉㄧㄝˊ ㄆㄛˋ ㄧㄢˇ ㄐㄧㄥˋ
跌幅,1,ㄉㄧㄝˊ ㄈㄨˊ
跌打損傷,1,ㄉㄧㄝˊ ㄉㄚˇ ㄙㄨㄣˇ ㄕㄤ
跌倒,1,ㄉㄧㄝˊ ㄉㄠˇ
跌宕,1,ㄉㄧㄝˊ ㄉㄤˋ
跌跌撞撞,1,ㄉㄧㄝˊ ㄉㄧㄝˊ ㄓㄨㄤˋ ㄓㄨㄤˋ
跌停板,1,ㄉㄧㄝˊ ㄊㄧㄥˊ ㄅㄢˇ
跌落,1,ㄉㄧㄝˊ ㄌㄨㄛˋ
跌價,1,ㄉㄧㄝˊ ㄐㄧㄚˋ
跌跤,1,ㄉㄧㄝˊ ㄐㄧㄠ
跌至谷底,1,ㄉㄧㄝˊ ㄓˋ ㄍㄨˇ ㄉㄧˇ
跌足,1,ㄉㄧㄝˊ ㄗㄨˊ
堞,1,ㄉㄧㄝˊ
喋,1,ㄉㄧㄝˊ
喋喋,1,ㄉㄧㄝˊ ㄉㄧㄝˊ
喋喋不休,1,ㄉㄧㄝˊ ㄉㄧㄝˊ ㄅㄨˋ ㄒㄧㄡ
喋血,1,ㄉㄧㄝˊ ㄒㄧㄝˇ
牒,1,ㄉㄧㄝˊ
碟,1,ㄉㄧㄝˊ
碟片,1,ㄉㄧㄝˊ ㄆㄧㄢˋ
碟仙,1,ㄉㄧㄝˊ ㄒㄧㄢ
碟型天線,1,ㄉㄧㄝˊ ㄒㄧㄥˊ ㄊㄧㄢ ㄒㄧㄢˋ
碟式相機,1,ㄉㄧㄝˊ ㄕˋ ㄒㄧㄤˋ ㄐㄧ
碟式煞車,1,ㄉㄧㄝˊ ㄕˋ ㄕㄚ ㄔㄜ
碟煞,1,ㄉㄧㄝˊ ㄕㄚ
碟子,1,ㄉㄧㄝˊ ㄗ˙
碟影機,1,ㄉㄧㄝˊ ㄧㄥˇ ㄐㄧ
蝶,1,ㄉㄧㄝˊ
蝶式,1,ㄉㄧㄝˊ ㄕˋ
蝶蛹,1,ㄉㄧㄝˊ ㄩㄥˇ
諜,1,ㄉㄧㄝˊ
諜報人員,1,ㄉㄧㄝˊ ㄅㄠˋ ㄖㄣˊ ㄩㄢˊ
鰈,1,ㄉㄧㄝˊ
耋,1,ㄉㄧㄝˊ
褶,1,ㄉㄧㄝˊ
疊,1,ㄉㄧㄝˊ
疊被,1,ㄉㄧㄝˊ ㄅㄟˋ
疊羅漢,1,ㄉㄧㄝˊ ㄌㄨㄛˊ ㄏㄢˋ
疊嶂,1,ㄉㄧㄝˊ ㄓㄤˋ
疊床架屋,1,ㄉㄧㄝˊ ㄔㄨㄤˊ ㄐㄧㄚˋ ㄨ
疊字,1,ㄉㄧㄝˊ ㄗˋ
疊詞,1,ㄉㄧㄝˊ ㄘˊ
疊映,1,ㄉㄧㄝˊ ㄧㄥˋ
疊韻,1,ㄉㄧㄝˊ ㄩㄣˋ
刁,1,ㄉㄧㄠ
刁蠻,1,ㄉㄧㄠ ㄇㄢˊ
刁民,1,ㄉㄧㄠ ㄇㄧㄣˊ
刁難,1,ㄉㄧㄠ ㄋㄢˊ
刁鑽,1,ㄉㄧㄠ ㄗㄨㄢ
刁鑽古怪,1,ㄉㄧㄠ ㄗㄨㄢ ㄍㄨˇ ㄍㄨㄞˋ
刁頑,1,ㄉㄧㄠ ㄨㄢˊ
叼,1,ㄉㄧㄠ
凋,1,ㄉㄧㄠ
凋敝,1,ㄉㄧㄠ ㄅㄧˋ
凋零,1,ㄉㄧㄠ ㄌㄧㄥˊ
凋落,1,ㄉㄧㄠ ㄌㄨㄛˋ
凋謝,1,ㄉㄧㄠ ㄒㄧㄝˋ
凋萎,1,ㄉㄧㄠ ㄨㄟ
彫,1,ㄉㄧㄠ
琱,1,ㄉㄧㄠ
碉,1,ㄉㄧㄠ
碉堡,1,ㄉㄧㄠ ㄅㄠˇ
碉房,1,ㄉㄧㄠ ㄈㄤˊ
雕,1,ㄉㄧㄠ
雕梁畫棟,1,ㄉㄧㄠ ㄌㄧㄤˊ ㄏㄨㄚˋ ㄉㄨㄥˋ
雕龍,1,ㄉㄧㄠ ㄌㄨㄥˊ
雕刻,1,ㄉㄧㄠ ㄎㄜˋ
雕刻家,1,ㄉㄧㄠ ㄎㄜˋ ㄐㄧㄚ
雕刻匠,1,ㄉㄧㄠ ㄎㄜˋ ㄐㄧㄤˋ
雕花,1,ㄉㄧㄠ ㄏㄨㄚ
雕漆,1,ㄉㄧㄠ ㄑㄧ
雕像,1,ㄉㄧㄠ ㄒㄧㄤˋ
雕琢,1,ㄉㄧㄠ ㄓㄨㄛˊ
雕蟲小技,1,ㄉㄧㄠ ㄔㄨㄥˊ ㄒㄧㄠˇ ㄐㄧˋ
雕飾,1,ㄉㄧㄠ ㄕˋ
雕塑,1,ㄉㄧㄠ ㄙㄨˋ
雕塑家,1,ㄉㄧㄠ ㄙㄨˋ ㄐㄧㄚ
鵰,1,ㄉㄧㄠ
鯛,1,ㄉㄧㄠ
貂,1,ㄉㄧㄠ
屌,1,ㄉㄧㄠˇ
弔,1,ㄉㄧㄠˋ
弔膀子,1,ㄉㄧㄠˋ ㄅㄤˋ ㄗ˙
弔民伐罪,1,ㄉㄧㄠˋ ㄇㄧㄣˊ ㄈㄚ ㄗㄨㄟˋ
弔詭,1,ㄉㄧㄠˋ ㄍㄨㄟˇ
弔死,1,ㄉㄧㄠˋ ㄙˇ
弔喪,1,ㄉㄧㄠˋ ㄙㄤ
弔唁,1,ㄉㄧㄠˋ ㄧㄢˋ
弔慰,1,ㄉㄧㄠˋ ㄨㄟˋ
弔問,1,ㄉㄧㄠˋ ㄨㄣˋ
吊,1,ㄉㄧㄠˋ
吊帶,1,ㄉㄧㄠˋ ㄉㄞˋ
吊燈,1,ㄉㄧㄠˋ ㄉㄥ
吊鉤,1,ㄉㄧㄠˋ ㄍㄡ
吊鋼絲,1,ㄉㄧㄠˋ ㄍㄤ ㄙ
吊掛,1,ㄉㄧㄠˋ ㄍㄨㄚˋ
吊環,1,ㄉㄧㄠˋ ㄏㄨㄢˊ
吊橋,1,ㄉㄧㄠˋ ㄑㄧㄠˊ
吊飾,1,ㄉㄧㄠˋ ㄕˋ
吊車,1,ㄉㄧㄠˋ ㄔㄜ
吊車尾,1,ㄉㄧㄠˋ ㄔㄜ ㄨㄟˇ
吊床,1,ㄉㄧㄠˋ ㄔㄨㄤˊ
吊嗓,1,ㄉㄧㄠˋ ㄙㄤˇ
吊嗓子,1,ㄉㄧㄠˋ ㄙㄤˇ ㄗ˙
吊衣架,1,ㄉㄧㄠˋ ㄧ ㄐㄧㄚˋ
掉,1,ㄉㄧㄠˋ
掉包,1,ㄉㄧㄠˋ ㄅㄠ
掉隊,1,ㄉㄧㄠˋ ㄉㄨㄟˋ
掉頭,1,ㄉㄧㄠˋ ㄊㄡˊ
掉落,1,ㄉㄧㄠˋ ㄌㄨㄛˋ
掉換,1,ㄉㄧㄠˋ ㄏㄨㄢˋ
掉下,1,ㄉㄧㄠˋ ㄒㄧㄚˋ
掉轉,1,ㄉㄧㄠˋ ㄓㄨㄢˇ
掉書袋,1,ㄉㄧㄠˋ ㄕㄨ ㄉㄞˋ
掉以輕心,1,ㄉㄧㄠˋ ㄧˇ ㄑㄧㄥ ㄒㄧㄣ
釣,1,ㄉㄧㄠˋ
釣竿,1,ㄉㄧㄠˋ ㄍㄢ
釣客,1,ㄉㄧㄠˋ ㄎㄜˋ
釣蝦場,1,ㄉㄧㄠˋ ㄒㄧㄚ ㄔㄤˇ
釣線,1,ㄉㄧㄠˋ ㄒㄧㄢˋ
釣船,1,ㄉㄧㄠˋ ㄔㄨㄢˊ
釣餌,1,ㄉㄧㄠˋ ㄦˇ
釣友,1,ㄉㄧㄠˋ ㄧㄡˇ
釣魚,1,ㄉㄧㄠˋ ㄩˊ
釣魚臺,1,ㄉㄧㄠˋ ㄩˊ ㄊㄞˊ
釣魚竿,1,ㄉㄧㄠˋ ㄩˊ ㄍㄢ
調,1,ㄉㄧㄠˋ
調撥,1,ㄉㄧㄠˋ ㄅㄛ
調撥車道,1,ㄉㄧㄠˋ ㄅㄛ ㄔㄜ ㄉㄠˋ
調包,1,ㄉㄧㄠˋ ㄅㄠ
調兵遣將,1,ㄉㄧㄠˋ ㄅㄧㄥ ㄑㄧㄢˇ ㄐㄧㄤˋ
調派,1,ㄉㄧㄠˋ ㄆㄞˋ
調配,1,ㄉㄧㄠˋ ㄆㄟˋ
調調,1,ㄉㄧㄠˋ ㄉㄧㄠˋ
調度,1,ㄉㄧㄠˋ ㄉㄨˋ
調度室,1,ㄉㄧㄠˋ ㄉㄨˋ ㄕˋ
調動,1,ㄉㄧㄠˋ ㄉㄨㄥˋ
調頭寸,1,ㄉㄧㄠˋ ㄊㄡˊ ㄘㄨㄣˋ
調課,1,ㄉㄧㄠˋ ㄎㄜˋ
調開,1,ㄉㄧㄠˋ ㄎㄞ
調號,1,ㄉㄧㄠˋ ㄏㄠˋ
調虎離山,1,ㄉㄧㄠˋ ㄏㄨˇ ㄌㄧˊ ㄕㄢ
調換,1,ㄉㄧㄠˋ ㄏㄨㄢˋ
調集,1,ㄉㄧㄠˋ ㄐㄧˊ
調遣,1,ㄉㄧㄠˋ ㄑㄧㄢˇ
調校,1,ㄉㄧㄠˋ ㄒㄧㄠˋ
調職,1,ㄉㄧㄠˋ ㄓˊ
調駐,1,ㄉㄧㄠˋ ㄓㄨˋ
調轉,1,ㄉㄧㄠˋ ㄓㄨㄢˇ
調查,1,ㄉㄧㄠˋ ㄔㄚˊ
調查表,1,ㄉㄧㄠˋ ㄔㄚˊ ㄅㄧㄠˇ
調查員,1,ㄉㄧㄠˋ ㄔㄚˊ ㄩㄢˊ
調車場,1,ㄉㄧㄠˋ ㄔㄜ ㄔㄤˇ
調差,1,ㄉㄧㄠˋ ㄔㄞ
調人,1,ㄉㄧㄠˋ ㄖㄣˊ
調任,1,ㄉㄧㄠˋ ㄖㄣˋ
調子,1,ㄉㄧㄠˋ ㄗ˙
調閱,1,ㄉㄧㄠˋ ㄩㄝˋ
調用,1,ㄉㄧㄠˋ ㄩㄥˋ
蓧,1,ㄉㄧㄠˋ
丟,1,ㄉㄧㄡ
丟不掉,1,ㄉㄧㄡ ㄅㄨˋ ㄉㄧㄠˋ
丟不掉,1,ㄉㄧㄡ ㄅㄨˊ ㄉㄧㄠˋ
丟掉,1,ㄉㄧㄡ ㄉㄧㄠˋ
丟臉,1,ㄉㄧㄡ ㄌㄧㄢˇ
丟棄,1,ㄉㄧㄡ ㄑㄧˋ
丟人,1,ㄉㄧㄡ ㄖㄣˊ
丟人現眼,1,ㄉㄧㄡ ㄖㄣˊ ㄒㄧㄢˋ ㄧㄢˇ
丟三落四,1,ㄉㄧㄡ ㄙㄢ ㄌㄚˋ ㄙˋ
掂,1,ㄉㄧㄢ
滇,1,ㄉㄧㄢ
滇緬,1,ㄉㄧㄢ ㄇㄧㄢˇ
顛,1,ㄉㄧㄢ
顛簸,1,ㄉㄧㄢ ㄅㄛˇ
顛沛,1,ㄉㄧㄢ ㄆㄟˋ
顛沛流離,1,ㄉㄧㄢ ㄆㄟˋ ㄌㄧㄡˊ ㄌㄧˊ
顛仆,1,ㄉㄧㄢ ㄆㄨ
顛撲不破,1,ㄉㄧㄢ ㄆㄨ ㄅㄨˋ ㄆㄛˋ
顛撲不破,1,ㄉㄧㄢ ㄆㄨ ㄅㄨˊ ㄆㄛˋ
顛峰,1,ㄉㄧㄢ ㄈㄥ
顛覆,1,ㄉㄧㄢ ㄈㄨˋ
顛倒,1,ㄉㄧㄢ ㄉㄠˇ
顛倒是非,1,ㄉㄧㄢ ㄉㄠˇ ㄕˋ ㄈㄟ
顛顛倒倒,1,ㄉㄧㄢ ㄉㄧㄢ ㄉㄠˇ ㄉㄠˇ
顛三倒四,1,ㄉㄧㄢ ㄙㄢ ㄉㄠˇ ㄙˋ
巔,1,ㄉㄧㄢ
巔峰,1,ㄉㄧㄢ ㄈㄥ
癲,1,ㄉㄧㄢ
癲狂,1,ㄉㄧㄢ ㄎㄨㄤˊ
癲癇,1,ㄉㄧㄢ ㄒㄧㄢˊ
典,1,ㄉㄧㄢˇ
典範,1,ㄉㄧㄢˇ ㄈㄢˋ
典範長存,1,ㄉㄧㄢˇ ㄈㄢˋ ㄔㄤˊ ㄘㄨㄣˊ
典當,1,ㄉㄧㄢˇ ㄉㄤˋ
典禮,1,ㄉㄧㄢˇ ㄌㄧˇ
典故,1,ㄉㄧㄢˇ ㄍㄨˋ
典籍,1,ㄉㄧㄢˇ ㄐㄧˊ
典型,1,ㄉㄧㄢˇ ㄒㄧㄥˊ
典章,1,ㄉㄧㄢˇ ㄓㄤ
典章制度,1,ㄉㄧㄢˇ ㄓㄤ ㄓˋ ㄉㄨˋ
典試,1,ㄉㄧㄢˇ ㄕˋ
典藏,1,ㄉㄧㄢˇ ㄘㄤˊ
典藏本,1,ㄉㄧㄢˇ ㄘㄤˊ ㄅㄣˇ
典押,1,ㄉㄧㄢˇ ㄧㄚ
典雅,1,ㄉㄧㄢˇ ㄧㄚˇ
典獄長,1,ㄉㄧㄢˇ ㄩˋ ㄓㄤˇ
碘,1,ㄉㄧㄢˇ
碘酒,1,ㄉㄧㄢˇ ㄐㄧㄡˇ
點,1,ㄉㄧㄢˇ
點播,1,ㄉㄧㄢˇ ㄅㄛˋ
點破,1,ㄉㄧㄢˇ ㄆㄛˋ
點名,1,ㄉㄧㄢˇ ㄇㄧㄥˊ
點到為止,1,ㄉㄧㄢˇ ㄉㄠˋ ㄨㄟˊ ㄓˇ
點燈,1,ㄉㄧㄢˇ ㄉㄥ
點滴,1,ㄉㄧㄢˇ ㄉㄧ
點頭,1,ㄉㄧㄢˇ ㄊㄡˊ
點頭之交,1,ㄉㄧㄢˇ ㄊㄡˊ ㄓ ㄐㄧㄠ
點鐵成金,1,ㄉㄧㄢˇ ㄊㄧㄝˇ ㄔㄥˊ ㄐㄧㄣ
點土成金,1,ㄉㄧㄢˇ ㄊㄨˇ ㄔㄥˊ ㄐㄧㄣ
點歌,1,ㄉㄧㄢˇ ㄍㄜ
點化,1,ㄉㄧㄢˇ ㄏㄨㄚˋ
點火,1,ㄉㄧㄢˇ ㄏㄨㄛˇ
點將錄,1,ㄉㄧㄢˇ ㄐㄧㄤˋ ㄌㄨˋ
點睛,1,ㄉㄧㄢˇ ㄐㄧㄥ
點券,1,ㄉㄧㄢˇ ㄑㄩㄢˋ
點心,1,ㄉㄧㄢˇ ㄒㄧㄣ
點醒,1,ㄉㄧㄢˇ ㄒㄧㄥˇ
點穴,1,ㄉㄧㄢˇ ㄒㄩㄝˋ
點著,1,ㄉㄧㄢˇ ㄓㄠˊ
點召,1,ㄉㄧㄢˇ ㄓㄠˋ
點召令,1,ㄉㄧㄢˇ ㄓㄠˋ ㄌㄧㄥˋ
點綴,1,ㄉㄧㄢˇ ㄓㄨㄟˋ
點鐘,1,ㄉㄧㄢˇ ㄓㄨㄥ
點唱,1,ㄉㄧㄢˇ ㄔㄤˋ
點出,1,ㄉㄧㄢˇ ㄔㄨ
點石成金,1,ㄉㄧㄢˇ ㄕˊ ㄔㄥˊ ㄐㄧㄣ
點收,1,ㄉㄧㄢˇ ㄕㄡ
點燃,1,ㄉㄧㄢˇ ㄖㄢˊ
點字,1,ㄉㄧㄢˇ ㄗˋ
點子,1,ㄉㄧㄢˇ ㄗ˙
點菜,1,ㄉㄧㄢˇ ㄘㄞˋ
點閱,1,ㄉㄧㄢˇ ㄩㄝˋ
佃,1,ㄉㄧㄢˋ
佃農,1,ㄉㄧㄢˋ ㄋㄨㄥˊ
甸,1,ㄉㄧㄢˋ
鈿,1,ㄉㄧㄢˋ
店,1,ㄉㄧㄢˋ
店鋪,1,ㄉㄧㄢˋ ㄆㄨˋ
店面,1,ㄉㄧㄢˋ ㄇㄧㄢˋ
店名,1,ㄉㄧㄢˋ ㄇㄧㄥˊ
店東,1,ㄉㄧㄢˋ ㄉㄨㄥ
店頭,1,ㄉㄧㄢˋ ㄊㄡˊ
店頭市場,1,ㄉㄧㄢˋ ㄊㄡˊ ㄕˋ ㄔㄤˇ
店家,1,ㄉㄧㄢˋ ㄐㄧㄚ
店小二,1,ㄉㄧㄢˋ ㄒㄧㄠˇ ㄦˋ
店章,1,ㄉㄧㄢˋ ㄓㄤ
店長,1,ㄉㄧㄢˋ ㄓㄤˇ
店主,1,ㄉㄧㄢˋ ㄓㄨˇ
店員,1,ㄉㄧㄢˋ ㄩㄢˊ
玷,1,ㄉㄧㄢˋ
玷辱,1,ㄉㄧㄢˋ ㄖㄨˋ
玷汙,1,ㄉㄧㄢˋ ㄨ
惦,1,ㄉㄧㄢˋ
惦念,1,ㄉㄧㄢˋ ㄋㄧㄢˋ
惦記,1,ㄉㄧㄢˋ ㄐㄧˋ
踮,1,ㄉㄧㄢˋ
奠,1,ㄉㄧㄢˋ
奠定,1,ㄉㄧㄢˋ ㄉㄧㄥˋ
奠立,1,ㄉㄧㄢˋ ㄌㄧˋ
奠基,1,ㄉㄧㄢˋ ㄐㄧ
奠儀,1,ㄉㄧㄢˋ ㄧˊ
電,1,ㄉㄧㄢˋ
電波,1,ㄉㄧㄢˋ ㄅㄛ
電報,1,ㄉㄧㄢˋ ㄅㄠˋ
電表,1,ㄉㄧㄢˋ ㄅㄧㄠˇ
電冰箱,1,ㄉㄧㄢˋ ㄅㄧㄥ ㄒㄧㄤ
電瓶,1,ㄉㄧㄢˋ ㄆㄧㄥˊ
電門,1,ㄉㄧㄢˋ ㄇㄣˊ
電母,1,ㄉㄧㄢˋ ㄇㄨˇ
電費,1,ㄉㄧㄢˋ ㄈㄟˋ
電風扇,1,ㄉㄧㄢˋ ㄈㄥ ㄕㄢˋ
電燈,1,ㄉㄧㄢˋ ㄉㄥ
電燈泡,1,ㄉㄧㄢˋ ㄉㄥ ㄆㄠˋ
電鍍,1,ㄉㄧㄢˋ ㄉㄨˋ
電動,1,ㄉㄧㄢˋ ㄉㄨㄥˋ
電動機,1,ㄉㄧㄢˋ ㄉㄨㄥˋ ㄐㄧ
電動車,1,ㄉㄧㄢˋ ㄉㄨㄥˋ ㄔㄜ
電動玩具,1,ㄉㄧㄢˋ ㄉㄨㄥˋ ㄨㄢˊ ㄐㄩˋ
電臺,1,ㄉㄧㄢˋ ㄊㄞˊ
電毯,1,ㄉㄧㄢˋ ㄊㄢˇ
電梯,1,ㄉㄧㄢˋ ㄊㄧ
電腦,1,ㄉㄧㄢˋ ㄋㄠˇ
電腦病毒,1,ㄉㄧㄢˋ ㄋㄠˇ ㄅㄧㄥˋ ㄉㄨˊ
電腦排版,1,ㄉㄧㄢˋ ㄋㄠˇ ㄆㄞˊ ㄅㄢˇ
電腦輔助教學,1,ㄉㄧㄢˋ ㄋㄠˇ ㄈㄨˇ ㄓㄨˋ ㄐㄧㄠˋ ㄒㄩㄝˊ
電腦斷層攝影,1,ㄉㄧㄢˋ ㄋㄠˇ ㄉㄨㄢˋ ㄘㄥˊ ㄕㄜˋ ㄧㄥˇ
電腦看板,1,ㄉㄧㄢˋ ㄋㄠˇ ㄎㄢˋ ㄅㄢˇ
電腦合成樂,1,ㄉㄧㄢˋ ㄋㄠˇ ㄏㄜˊ ㄔㄥˊ ㄩㄝˋ
電腦化,1,ㄉㄧㄢˋ ㄋㄠˇ ㄏㄨㄚˋ
電腦程式,1,ㄉㄧㄢˋ ㄋㄠˇ ㄔㄥˊ ㄕˋ
電腦鼠,1,ㄉㄧㄢˋ ㄋㄠˇ ㄕㄨˇ
電腦軟體,1,ㄉㄧㄢˋ ㄋㄠˇ ㄖㄨㄢˇ ㄊㄧˇ
電腦擇友,1,ㄉㄧㄢˋ ㄋㄠˇ ㄗㄜˊ ㄧㄡˇ
電腦辭典,1,ㄉㄧㄢˋ ㄋㄠˇ ㄘˊ ㄉㄧㄢˇ
電腦音樂,1,ㄉㄧㄢˋ ㄋㄠˇ ㄧㄣ ㄩㄝˋ
電腦網路,1,ㄉㄧㄢˋ ㄋㄠˇ ㄨㄤˇ ㄌㄨˋ
電腦語音處理,1,ㄉㄧㄢˋ ㄋㄠˇ ㄩˇ ㄧㄣ ㄔㄨˇ ㄌㄧˇ
電能,1,ㄉㄧㄢˋ ㄋㄥˊ
電鈕,1,ㄉㄧㄢˋ ㄋㄧㄡˇ
電暖器,1,ㄉㄧㄢˋ ㄋㄨㄢˇ ㄑㄧˋ
電纜,1,ㄉㄧㄢˋ ㄌㄢˇ
電纜車,1,ㄉㄧㄢˋ ㄌㄢˇ ㄔㄜ
電力,1,ㄉㄧㄢˋ ㄌㄧˋ
電療,1,ㄉㄧㄢˋ ㄌㄧㄠˊ
電料,1,ㄉㄧㄢˋ ㄌㄧㄠˋ
電流,1,ㄉㄧㄢˋ ㄌㄧㄡˊ
電聯車,1,ㄉㄧㄢˋ ㄌㄧㄢˊ ㄔㄜ
電量,1,ㄉㄧㄢˋ ㄌㄧㄤˋ
電鈴,1,ㄉㄧㄢˋ ㄌㄧㄥˊ
電爐,1,ㄉㄧㄢˋ ㄌㄨˊ
電路,1,ㄉㄧㄢˋ ㄌㄨˋ
電路板,1,ㄉㄧㄢˋ ㄌㄨˋ ㄅㄢˇ
電桿,1,ㄉㄧㄢˋ ㄍㄢˇ
電鍋,1,ㄉㄧㄢˋ ㄍㄨㄛ
電光,1,ㄉㄧㄢˋ ㄍㄨㄤ
電光石火,1,ㄉㄧㄢˋ ㄍㄨㄤ ㄕˊ ㄏㄨㄛˇ
電工,1,ㄉㄧㄢˋ ㄍㄨㄥ
電荷,1,ㄉㄧㄢˋ ㄏㄜˋ
電賀,1,ㄉㄧㄢˋ ㄏㄜˋ
電銲,1,ㄉㄧㄢˋ ㄏㄢˋ
電化,1,ㄉㄧㄢˋ ㄏㄨㄚˋ
電化設備,1,ㄉㄧㄢˋ ㄏㄨㄚˋ ㄕㄜˋ ㄅㄟˋ
電話,1,ㄉㄧㄢˋ ㄏㄨㄚˋ
電話本,1,ㄉㄧㄢˋ ㄏㄨㄚˋ ㄅㄣˇ
電話簿,1,ㄉㄧㄢˋ ㄏㄨㄚˋ ㄅㄨˋ
電話費,1,ㄉㄧㄢˋ ㄏㄨㄚˋ ㄈㄟˋ
電話訪問,1,ㄉㄧㄢˋ ㄏㄨㄚˋ ㄈㄤˇ ㄨㄣˋ
電話答錄機,1,ㄉㄧㄢˋ ㄏㄨㄚˋ ㄉㄚˊ ㄌㄨˋ ㄐㄧ
電話亭,1,ㄉㄧㄢˋ ㄏㄨㄚˋ ㄊㄧㄥˊ
電話筒,1,ㄉㄧㄢˋ ㄏㄨㄚˋ ㄊㄨㄥˇ
電話卡,1,ㄉㄧㄢˋ ㄏㄨㄚˋ ㄎㄚˇ
電話號碼,1,ㄉㄧㄢˋ ㄏㄨㄚˋ ㄏㄠˋ ㄇㄚˇ
電話機,1,ㄉㄧㄢˋ ㄏㄨㄚˋ ㄐㄧ
電話線,1,ㄉㄧㄢˋ ㄏㄨㄚˋ ㄒㄧㄢˋ
電話傳真,1,ㄉㄧㄢˋ ㄏㄨㄚˋ ㄔㄨㄢˊ ㄓㄣ
電匯,1,ㄉㄧㄢˋ ㄏㄨㄟˋ
電機,1,ㄉㄧㄢˋ ㄐㄧ
電吉他,1,ㄉㄧㄢˋ ㄐㄧˊ ㄊㄚ
電極,1,ㄉㄧㄢˋ ㄐㄧˊ
電擊,1,ㄉㄧㄢˋ ㄐㄧˊ
電擊法,1,ㄉㄧㄢˋ ㄐㄧˊ ㄈㄚˇ
電價,1,ㄉㄧㄢˋ ㄐㄧㄚˋ
電解,1,ㄉㄧㄢˋ ㄐㄧㄝˇ
電解質,1,ㄉㄧㄢˋ ㄐㄧㄝˇ ㄓˊ
電檢,1,ㄉㄧㄢˋ ㄐㄧㄢˇ
電檢法,1,ㄉㄧㄢˋ ㄐㄧㄢˇ ㄈㄚˇ
電檢制,1,ㄉㄧㄢˋ ㄐㄧㄢˇ ㄓˋ
電晶體,1,ㄉㄧㄢˋ ㄐㄧㄥ ㄊㄧˇ
電鋸,1,ㄉㄧㄢˋ ㄐㄩˋ
電氣,1,ㄉㄧㄢˋ ㄑㄧˋ
電氣化,1,ㄉㄧㄢˋ ㄑㄧˋ ㄏㄨㄚˋ
電器,1,ㄉㄧㄢˋ ㄑㄧˋ
電線,1,ㄉㄧㄢˋ ㄒㄧㄢˋ
電線桿,1,ㄉㄧㄢˋ ㄒㄧㄢˋ ㄍㄢˇ
電線走火,1,ㄉㄧㄢˋ ㄒㄧㄢˋ ㄗㄡˇ ㄏㄨㄛˇ
電信,1,ㄉㄧㄢˋ ㄒㄧㄣˋ
電信局,1,ㄉㄧㄢˋ ㄒㄧㄣˋ ㄐㄩˊ
電訊,1,ㄉㄧㄢˋ ㄒㄩㄣˋ
電池,1,ㄉㄧㄢˋ ㄔˊ
電車,1,ㄉㄧㄢˋ ㄔㄜ
電掣,1,ㄉㄧㄢˋ ㄔㄜˋ
電唱機,1,ㄉㄧㄢˋ ㄔㄤˋ ㄐㄧ
電傳,1,ㄉㄧㄢˋ ㄔㄨㄢˊ
電傳視訊,1,ㄉㄧㄢˋ ㄔㄨㄢˊ ㄕˋ ㄒㄩㄣˋ
電石,1,ㄉㄧㄢˋ ㄕˊ
電視,1,ㄉㄧㄢˋ ㄕˋ
電視臺,1,ㄉㄧㄢˋ ㄕˋ ㄊㄞˊ
電視歌仔戲,1,ㄉㄧㄢˋ ㄕˋ ㄍㄜ ㄗˇ ㄒㄧˋ
電視機,1,ㄉㄧㄢˋ ㄕˋ ㄐㄧ
電視節目,1,ㄉㄧㄢˋ ㄕˋ ㄐㄧㄝˊ ㄇㄨˋ
電視劇,1,ㄉㄧㄢˋ ㄕˋ ㄐㄩˋ
電視牆,1,ㄉㄧㄢˋ ㄕˋ ㄑㄧㄤˊ
電視新聞,1,ㄉㄧㄢˋ ㄕˋ ㄒㄧㄣ ㄨㄣˊ
電視遊樂器,1,ㄉㄧㄢˋ ㄕˋ ㄧㄡˊ ㄌㄜˋ ㄑㄧˋ
電視網,1,ㄉㄧㄢˋ ㄕˋ ㄨㄤˇ
電扇,1,ㄉㄧㄢˋ ㄕㄢˋ
電熱器,1,ㄉㄧㄢˋ ㄖㄜˋ ㄑㄧˋ
電容,1,ㄉㄧㄢˋ ㄖㄨㄥˊ
電容器,1,ㄉㄧㄢˋ ㄖㄨㄥˊ ㄑㄧˋ
電子,1,ㄉㄧㄢˋ ㄗˇ
電子錶,1,ㄉㄧㄢˋ ㄗˇ ㄅㄧㄠˇ
電子布告欄,1,ㄉㄧㄢˋ ㄗˇ ㄅㄨˋ ㄍㄠˋ ㄌㄢˊ
電子媒體,1,ㄉㄧㄢˋ ㄗˇ ㄇㄟˊ ㄊㄧˇ
電子祕書,1,ㄉㄧㄢˋ ㄗˇ ㄇㄧˋ ㄕㄨ
電子通勤,1,ㄉㄧㄢˋ ㄗˇ ㄊㄨㄥ ㄑㄧㄣˊ
電子鍋,1,ㄉㄧㄢˋ ㄗˇ ㄍㄨㄛ
電子看板,1,ㄉㄧㄢˋ ㄗˇ ㄎㄢˋ ㄅㄢˇ
電子計算機,1,ㄉㄧㄢˋ ㄗˇ ㄐㄧˋ ㄙㄨㄢˋ ㄐㄧ
電子琴,1,ㄉㄧㄢˋ ㄗˇ ㄑㄧㄣˊ
電子琴花車,1,ㄉㄧㄢˋ ㄗˇ ㄑㄧㄣˊ ㄏㄨㄚ ㄔㄜ
電子鐘,1,ㄉㄧㄢˋ ㄗˇ ㄓㄨㄥ
電子書,1,ㄉㄧㄢˋ ㄗˇ ㄕㄨ
電子字典,1,ㄉㄧㄢˋ ㄗˇ ㄗˋ ㄉㄧㄢˇ
電子業,1,ㄉㄧㄢˋ ㄗˇ ㄧㄝˋ
電子郵遞,1,ㄉㄧㄢˋ ㄗˇ ㄧㄡˊ ㄉㄧˋ
電子郵件地址,1,ㄉㄧㄢˋ ㄗˇ ㄧㄡˊ ㄐㄧㄢˋ ㄉㄧˋ ㄓˇ
電子郵件系統,1,ㄉㄧㄢˋ ㄗˇ ㄧㄡˊ ㄐㄧㄢˋ ㄒㄧˋ ㄊㄨㄥˇ
電宰豬肉,1,ㄉㄧㄢˋ ㄗㄞˇ ㄓㄨ ㄖㄡˋ
電宰廠,1,ㄉㄧㄢˋ ㄗㄞˇ ㄔㄤˇ
電阻,1,ㄉㄧㄢˋ ㄗㄨˇ
電鑽,1,ㄉㄧㄢˋ ㄗㄨㄢˋ
電磁,1,ㄉㄧㄢˋ ㄘˊ
電磁波,1,ㄉㄧㄢˋ ㄘˊ ㄅㄛ
電磁爐,1,ㄉㄧㄢˋ ㄘˊ ㄌㄨˊ
電椅,1,ㄉㄧㄢˋ ㄧˇ
電壓,1,ㄉㄧㄢˋ ㄧㄚ
電影,1,ㄉㄧㄢˋ ㄧㄥˇ
電影票,1,ㄉㄧㄢˋ ㄧㄥˇ ㄆㄧㄠˋ
電影明星,1,ㄉㄧㄢˋ ㄧㄥˇ ㄇㄧㄥˊ ㄒㄧㄥ
電影分級制度,1,ㄉㄧㄢˋ ㄧㄥˇ ㄈㄣ ㄐㄧˊ ㄓˋ ㄉㄨˋ
電影圈,1,ㄉㄧㄢˋ ㄧㄥˇ ㄑㄩㄢ
電影藝術,1,ㄉㄧㄢˋ ㄧㄥˇ ㄧˋ ㄕㄨˋ
電影業,1,ㄉㄧㄢˋ ㄧㄥˇ ㄧㄝˋ
電影院,1,ㄉㄧㄢˋ ㄧㄥˇ ㄩㄢˋ
電玩,1,ㄉㄧㄢˋ ㄨㄢˊ
電玩軟體,1,ㄉㄧㄢˋ ㄨㄢˊ ㄖㄨㄢˇ ㄊㄧˇ
電碗,1,ㄉㄧㄢˋ ㄨㄢˇ
電文,1,ㄉㄧㄢˋ ㄨㄣˊ
電蚊香,1,ㄉㄧㄢˋ ㄨㄣˊ ㄒㄧㄤ
電魚,1,ㄉㄧㄢˋ ㄩˊ
電源,1,ㄉㄧㄢˋ ㄩㄢˊ
電熨斗,1,ㄉㄧㄢˋ ㄩㄣˋ ㄉㄡˇ
殿,1,ㄉㄧㄢˋ
殿堂,1,ㄉㄧㄢˋ ㄊㄤˊ
殿後,1,ㄉㄧㄢˋ ㄏㄡˋ
殿軍,1,ㄉㄧㄢˋ ㄐㄩㄣ
殿下,1,ㄉㄧㄢˋ ㄒㄧㄚˋ
澱,1,ㄉㄧㄢˋ
澱粉,1,ㄉㄧㄢˋ ㄈㄣˇ
墊,1,ㄉㄧㄢˋ
墊背,1,ㄉㄧㄢˋ ㄅㄟˋ
墊被,1,ㄉㄧㄢˋ ㄅㄟˋ
墊板,1,ㄉㄧㄢˋ ㄅㄢˇ
墊付,1,ㄉㄧㄢˋ ㄈㄨˋ
墊檔,1,ㄉㄧㄢˋ ㄉㄤˇ
墊底,1,ㄉㄧㄢˋ ㄉㄧˇ
墊款,1,ㄉㄧㄢˋ ㄎㄨㄢˇ
墊腳石,1,ㄉㄧㄢˋ ㄐㄧㄠˇ ㄕˊ
墊肩,1,ㄉㄧㄢˋ ㄐㄧㄢ
墊上運動,1,ㄉㄧㄢˋ ㄕㄤˋ ㄩㄣˋ ㄉㄨㄥˋ
墊子,1,ㄉㄧㄢˋ ㄗ˙
靛,1,ㄉㄧㄢˋ
簟,1,ㄉㄧㄢˋ
丁,1,ㄉㄧㄥ
丁香,1,ㄉㄧㄥ ㄒㄧㄤ
丁壯,1,ㄉㄧㄥ ㄓㄨㄤˋ
丁字褲,1,ㄉㄧㄥ ㄗˋ ㄎㄨˋ
丁字尺,1,ㄉㄧㄥ ㄗˋ ㄔˇ
丁憂,1,ㄉㄧㄥ ㄧㄡ
仃,1,ㄉㄧㄥ
叮,1,ㄉㄧㄥ
叮噹,1,ㄉㄧㄥ ㄉㄤ
叮叮噹噹,1,ㄉㄧㄥ ㄉㄧㄥ ㄉㄤ ㄉㄤ
叮嚀,1,ㄉㄧㄥ ㄋㄧㄥˊ
叮囑,1,ㄉㄧㄥ ㄓㄨˇ
疔,1,ㄉㄧㄥ
盯,1,ㄉㄧㄥ
盯梢,1,ㄉㄧㄥ ㄕㄠ
盯人,1,ㄉㄧㄥ ㄖㄣˊ
盯人防守,1,ㄉㄧㄥ ㄖㄣˊ ㄈㄤˊ ㄕㄡˇ
町,1,ㄉㄧㄥ
釘,1,ㄉㄧㄥ
釘耙,1,ㄉㄧㄥ ㄆㄚˊ
釘鞋,1,ㄉㄧㄥ ㄒㄧㄝˊ
釘錘,1,ㄉㄧㄥ ㄔㄨㄟˊ
釘子,1,ㄉㄧㄥ ㄗ˙
耵,1,ㄉㄧㄥˇ
耵聹,1,ㄉㄧㄥˇ ㄋㄧㄥˊ
酊,1,ㄉㄧㄥˇ
頂,1,ㄉㄧㄥˇ
頂峰,1,ㄉㄧㄥˇ ㄈㄥ
頂點,1,ㄉㄧㄥˇ ㄉㄧㄢˇ
頂多,1,ㄉㄧㄥˇ ㄉㄨㄛ
頂端,1,ㄉㄧㄥˇ ㄉㄨㄢ
頂頭上司,1,ㄉㄧㄥˇ ㄊㄡˊ ㄕㄤˋ ㄙ
頂替,1,ㄉㄧㄥˇ ㄊㄧˋ
頂天立地,1,ㄉㄧㄥˇ ㄊㄧㄢ ㄌㄧˋ ㄉㄧˋ
頂樓,1,ㄉㄧㄥˇ ㄌㄡˊ
頂禮,1,ㄉㄧㄥˇ ㄌㄧˇ
頂呱呱,1,ㄉㄧㄥˇ ㄍㄨㄚ ㄍㄨㄚ
頂客族,1,ㄉㄧㄥˇ ㄎㄜˋ ㄗㄨˊ
頂夸克,1,ㄉㄧㄥˇ ㄎㄨㄚ ㄎㄜˋ
頂好,1,ㄉㄧㄥˇ ㄏㄠˇ
頂尖,1,ㄉㄧㄥˇ ㄐㄧㄢ
頂尖好手,1,ㄉㄧㄥˇ ㄐㄧㄢ ㄏㄠˇ ㄕㄡˇ
頂下,1,ㄉㄧㄥˇ ㄒㄧㄚˋ
頂真,1,ㄉㄧㄥˇ ㄓㄣ
頂撞,1,ㄉㄧㄥˇ ㄓㄨㄤˋ
頂上功夫,1,ㄉㄧㄥˇ ㄕㄤˋ ㄍㄨㄥ ㄈㄨ˙
頂讓,1,ㄉㄧㄥˇ ㄖㄤˋ
頂嘴,1,ㄉㄧㄥˇ ㄗㄨㄟˇ
頂罪,1,ㄉㄧㄥˇ ㄗㄨㄟˋ
鼎,1,ㄉㄧㄥˇ
鼎邊趖,1,ㄉㄧㄥˇ ㄅㄧㄢ ㄙㄨㄛ
鼎沸,1,ㄉㄧㄥˇ ㄈㄟˋ
鼎鼎大名,1,ㄉㄧㄥˇ ㄉㄧㄥˇ ㄉㄚˋ ㄇㄧㄥˊ
鼎鼎有名,1,ㄉㄧㄥˇ ㄉㄧㄥˇ ㄧㄡˇ ㄇㄧㄥˊ
鼎力,1,ㄉㄧㄥˇ ㄌㄧˋ
鼎力相助,1,ㄉㄧㄥˇ ㄌㄧˋ ㄒㄧㄤ ㄓㄨˋ
鼎盛,1,ㄉㄧㄥˇ ㄕㄥˋ
鼎足而立,1,ㄉㄧㄥˇ ㄗㄨˊ ㄦˊ ㄌㄧˋ
定,1,ㄉㄧㄥˋ
定名,1,ㄉㄧㄥˋ ㄇㄧㄥˊ
定點,1,ㄉㄧㄥˋ ㄉㄧㄢˇ
定都,1,ㄉㄧㄥˋ ㄉㄨ
定奪,1,ㄉㄧㄥˋ ㄉㄨㄛˊ
定理,1,ㄉㄧㄥˋ ㄌㄧˇ
定力,1,ㄉㄧㄥˋ ㄌㄧˋ
定例,1,ㄉㄧㄥˋ ㄌㄧˋ
定量,1,ㄉㄧㄥˋ ㄌㄧㄤˋ
定論,1,ㄉㄧㄥˋ ㄌㄨㄣˋ
定律,1,ㄉㄧㄥˋ ㄌㄩˋ
定規,1,ㄉㄧㄥˋ ㄍㄨㄟ
定價,1,ㄉㄧㄥˋ ㄐㄧㄚˋ
定見,1,ㄉㄧㄥˋ ㄐㄧㄢˋ
定居,1,ㄉㄧㄥˋ ㄐㄩ
定局,1,ㄉㄧㄥˋ ㄐㄩˊ
定期,1,ㄉㄧㄥˋ ㄑㄧˊ
定期存款,1,ㄉㄧㄥˋ ㄑㄧˊ ㄘㄨㄣˊ ㄎㄨㄢˇ
定錢,1,ㄉㄧㄥˋ ㄑㄧㄢˊ
定情,1,ㄉㄧㄥˋ ㄑㄧㄥˊ
定心,1,ㄉㄧㄥˋ ㄒㄧㄣ
定心丸,1,ㄉㄧㄥˋ ㄒㄧㄣ ㄨㄢˊ
定向,1,ㄉㄧㄥˋ ㄒㄧㄤˋ
定型,1,ㄉㄧㄥˋ ㄒㄧㄥˊ
定型化契約條款,1,ㄉㄧㄥˋ ㄒㄧㄥˊ ㄏㄨㄚˋ ㄑㄧˋ ㄩㄝ ㄊㄧㄠˊ ㄎㄨㄢˇ
定省,1,ㄉㄧㄥˋ ㄒㄧㄥˇ
定裝,1,ㄉㄧㄥˋ ㄓㄨㄤ
定裝照,1,ㄉㄧㄥˋ ㄓㄨㄤ ㄓㄠˋ
定時,1,ㄉㄧㄥˋ ㄕˊ
定時器,1,ㄉㄧㄥˋ ㄕˊ ㄑㄧˋ
定時炸彈,1,ㄉㄧㄥˋ ㄕˊ ㄓㄚˋ ㄉㄢˋ
定神,1,ㄉㄧㄥˋ ㄕㄣˊ
定數,1,ㄉㄧㄥˋ ㄕㄨˋ
定然,1,ㄉㄧㄥˋ ㄖㄢˊ
定則,1,ㄉㄧㄥˋ ㄗㄜˊ
定罪,1,ㄉㄧㄥˋ ㄗㄨㄟˋ
定存,1,ㄉㄧㄥˋ ㄘㄨㄣˊ
定額,1,ㄉㄧㄥˋ ㄜˊ
定案,1,ㄉㄧㄥˋ ㄢˋ
定義,1,ㄉㄧㄥˋ ㄧˋ
定讞,1,ㄉㄧㄥˋ ㄧㄢˋ
定位,1,ㄉㄧㄥˋ ㄨㄟˋ
定約,1,ㄉㄧㄥˋ ㄩㄝ
碇,1,ㄉㄧㄥˋ
錠,1,ㄉㄧㄥˋ
訂,1,ㄉㄧㄥˋ
訂票,1,ㄉㄧㄥˋ ㄆㄧㄠˋ
訂費,1,ㄉㄧㄥˋ ㄈㄟˋ
訂單,1,ㄉㄧㄥˋ ㄉㄢ
訂定,1,ㄉㄧㄥˋ ㄉㄧㄥˋ
訂立,1,ㄉㄧㄥˋ ㄌㄧˋ
訂購,1,ㄉㄧㄥˋ ㄍㄡˋ
訂戶,1,ㄉㄧㄥˋ ㄏㄨˋ
訂婚,1,ㄉㄧㄥˋ ㄏㄨㄣ
訂金,1,ㄉㄧㄥˋ ㄐㄧㄣ
訂製,1,ㄉㄧㄥˋ ㄓˋ
訂正,1,ㄉㄧㄥˋ ㄓㄥˋ
訂造,1,ㄉㄧㄥˋ ㄗㄠˋ
訂做,1,ㄉㄧㄥˋ ㄗㄨㄛˋ
訂位,1,ㄉㄧㄥˋ ㄨㄟˋ
訂約,1,ㄉㄧㄥˋ ㄩㄝ
訂閱,1,ㄉㄧㄥˋ ㄩㄝˋ
釘,1,ㄉㄧㄥˋ
釘書機,1,ㄉㄧㄥˋ ㄕㄨ ㄐㄧ
都,1,ㄉㄨ
都馬調,1,ㄉㄨ ㄇㄚˇ ㄉㄧㄠˋ
都會,1,ㄉㄨ ㄏㄨㄟˋ
都城,1,ㄉㄨ ㄔㄥˊ
都市,1,ㄉㄨ ㄕˋ
都市病,1,ㄉㄨ ㄕˋ ㄅㄧㄥˋ
都市化,1,ㄉㄨ ㄕˋ ㄏㄨㄚˋ
都市計畫,1,ㄉㄨ ㄕˋ ㄐㄧˋ ㄏㄨㄚˋ
嘟,1,ㄉㄨ
嘟嘟,1,ㄉㄨ ㄉㄨ
嘟囔,1,ㄉㄨ ㄋㄤ
嘟囔,1,ㄉㄨ ㄋㄤ˙
督,1,ㄉㄨ
督導,1,ㄉㄨ ㄉㄠˇ
督工,1,ㄉㄨ ㄍㄨㄥ
督軍,1,ㄉㄨ ㄐㄩㄣ
督學,1,ㄉㄨ ㄒㄩㄝˊ
督飭,1,ㄉㄨ ㄔˋ
督察,1,ㄉㄨ ㄔㄚˊ
督策,1,ㄉㄨ ㄘㄜˋ
督促,1,ㄉㄨ ㄘㄨˋ
毒,1,ㄉㄨˊ
毒品,1,ㄉㄨˊ ㄆㄧㄣˇ
毒打,1,ㄉㄨˊ ㄉㄚˇ
毒瘤,1,ㄉㄨˊ ㄌㄧㄡˊ
毒害,1,ㄉㄨˊ ㄏㄞˋ
毒計,1,ㄉㄨˊ ㄐㄧˋ
毒氣,1,ㄉㄨˊ ㄑㄧˋ
毒梟,1,ㄉㄨˊ ㄒㄧㄠ
毒性,1,ㄉㄨˊ ㄒㄧㄥˋ
毒蟲,1,ㄉㄨˊ ㄔㄨㄥˊ
毒殺,1,ㄉㄨˊ ㄕㄚ
毒手,1,ㄉㄨˊ ㄕㄡˇ
毒刺,1,ㄉㄨˊ ㄘˋ
毒素,1,ㄉㄨˊ ㄙㄨˋ
毒液,1,ㄉㄨˊ ㄧㄝˋ
毒藥,1,ㄉㄨˊ ㄧㄠˋ
毒癮,1,ㄉㄨˊ ㄧㄣˇ
毒物,1,ㄉㄨˊ ㄨˋ
頓,1,ㄉㄨˊ
獨,1,ㄉㄨˊ
獨霸,1,ㄉㄨˊ ㄅㄚˋ
獨白,1,ㄉㄨˊ ㄅㄞˊ
獨步,1,ㄉㄨˊ ㄅㄨˋ
獨排眾議,1,ㄉㄨˊ ㄆㄞˊ ㄓㄨㄥˋ ㄧˋ
獨門,1,ㄉㄨˊ ㄇㄣˊ
獨木橋,1,ㄉㄨˊ ㄇㄨˋ ㄑㄧㄠˊ
獨木舟,1,ㄉㄨˊ ㄇㄨˋ ㄓㄡ
獨幕劇,1,ㄉㄨˊ ㄇㄨˋ ㄐㄩˋ
獨夫,1,ㄉㄨˊ ㄈㄨ
獨大,1,ㄉㄨˊ ㄉㄚˋ
獨到,1,ㄉㄨˊ ㄉㄠˋ
獨當一面,1,ㄉㄨˊ ㄉㄤ ㄧ ㄇㄧㄢˋ
獨斷,1,ㄉㄨˊ ㄉㄨㄢˋ
獨斷獨行,1,ㄉㄨˊ ㄉㄨㄢˋ ㄉㄨˊ ㄒㄧㄥˊ
獨斷專行,1,ㄉㄨˊ ㄉㄨㄢˋ ㄓㄨㄢ ㄒㄧㄥˊ
獨特,1,ㄉㄨˊ ㄊㄜˋ
獨吞,1,ㄉㄨˊ ㄊㄨㄣ
獨來獨往,1,ㄉㄨˊ ㄌㄞˊ ㄉㄨˊ ㄨㄤˇ
獨攬,1,ㄉㄨˊ ㄌㄢˇ
獨力,1,ㄉㄨˊ ㄌㄧˋ
獨立,1,ㄉㄨˊ ㄌㄧˋ
獨立國,1,ㄉㄨˊ ㄌㄧˋ ㄍㄨㄛˊ
獨立懸吊系統,1,ㄉㄨˊ ㄌㄧˋ ㄒㄩㄢˊ ㄉㄧㄠˋ ㄒㄧˋ ㄊㄨㄥˇ
獨領風騷,1,ㄉㄨˊ ㄌㄧㄥˇ ㄈㄥ ㄙㄠ
獨家,1,ㄉㄨˊ ㄐㄧㄚ
獨家報導,1,ㄉㄨˊ ㄐㄧㄚ ㄅㄠˋ ㄉㄠˇ
獨家新聞,1,ㄉㄨˊ ㄐㄧㄚ ㄒㄧㄣ ㄨㄣˊ
獨腳戲,1,ㄉㄨˊ ㄐㄧㄠˇ ㄒㄧˋ
獨見,1,ㄉㄨˊ ㄐㄧㄢˋ
獨居,1,ㄉㄨˊ ㄐㄩ
獨具慧眼,1,ㄉㄨˊ ㄐㄩˋ ㄏㄨㄟˋ ㄧㄢˇ
獨具一格,1,ㄉㄨˊ ㄐㄩˋ ㄧ ㄍㄜˊ
獨具一格,1,ㄉㄨˊ ㄐㄩˋ ㄧˋ ㄍㄜˊ
獨享,1,ㄉㄨˊ ㄒㄧㄤˇ
獨行,1,ㄉㄨˊ ㄒㄧㄥˊ
獨行俠,1,ㄉㄨˊ ㄒㄧㄥˊ ㄒㄧㄚˊ
獨占,1,ㄉㄨˊ ㄓㄢˋ
獨占鰲頭,1,ㄉㄨˊ ㄓㄢˋ ㄠˊ ㄊㄡˊ
獨鍾,1,ㄉㄨˊ ㄓㄨㄥ
獨唱,1,ㄉㄨˊ ㄔㄤˋ
獨處,1,ㄉㄨˊ ㄔㄨˇ
獨創,1,ㄉㄨˊ ㄔㄨㄤˋ
獨善其身,1,ㄉㄨˊ ㄕㄢˋ ㄑㄧˊ ㄕㄣ
獨身,1,ㄉㄨˊ ㄕㄣ
獨生女,1,ㄉㄨˊ ㄕㄥ ㄋㄩˇ
獨生子,1,ㄉㄨˊ ㄕㄥ ㄗˇ
獨樹一格,1,ㄉㄨˊ ㄕㄨˋ ㄧ ㄍㄜˊ
獨樹一格,1,ㄉㄨˊ ㄕㄨˋ ㄧˋ ㄍㄜˊ
獨樹一幟,1,ㄉㄨˊ ㄕㄨˋ ㄧ ㄓˋ
獨樹一幟,1,ㄉㄨˊ ㄕㄨˋ ㄧˊ ㄓˋ
獨資,1,ㄉㄨˊ ㄗ
獨子,1,ㄉㄨˊ ㄗˇ
獨自,1,ㄉㄨˊ ㄗˋ
獨奏,1,ㄉㄨˊ ㄗㄡˋ
獨裁,1,ㄉㄨˊ ㄘㄞˊ
獨一無二,1,ㄉㄨˊ ㄧ ㄨˊ ㄦˋ
獨眼龍,1,ㄉㄨˊ ㄧㄢˇ ㄌㄨㄥˊ
瀆,1,ㄉㄨˊ
瀆職,1,ㄉㄨˊ ㄓˊ
櫝,1,ㄉㄨˊ
犢,1,ㄉㄨˊ
牘,1,ㄉㄨˊ
讀,1,ㄉㄨˊ
讀本,1,ㄉㄨˊ ㄅㄣˇ
讀秒,1,ㄉㄨˊ ㄇㄧㄠˇ
讀後感,1,ㄉㄨˊ ㄏㄡˋ ㄍㄢˇ
讀取,1,ㄉㄨˊ ㄑㄩˇ
讀寫,1,ㄉㄨˊ ㄒㄧㄝˇ
讀者,1,ㄉㄨˊ ㄓㄜˇ
讀者投書,1,ㄉㄨˊ ㄓㄜˇ ㄊㄡˊ ㄕㄨ
讀書,1,ㄉㄨˊ ㄕㄨ
讀書人,1,ㄉㄨˊ ㄕㄨ ㄖㄣˊ
讀數,1,ㄉㄨˊ ㄕㄨˋ
讀死書,1,ㄉㄨˊ ㄙˇ ㄕㄨ
讀友,1,ㄉㄨˊ ㄧㄡˇ
讀音,1,ㄉㄨˊ ㄧㄣ
讀物,1,ㄉㄨˊ ㄨˋ
黷,1,ㄉㄨˊ
肚,1,ㄉㄨˇ
肚子,1,ㄉㄨˇ ㄗ˙
堵,1,ㄉㄨˇ
堵塞,1,ㄉㄨˇ ㄙㄜˋ
睹,1,ㄉㄨˇ
賭,1,ㄉㄨˇ
賭博,1,ㄉㄨˇ ㄅㄛˊ
賭馬,1,ㄉㄨˇ ㄇㄚˇ
賭風,1,ㄉㄨˇ ㄈㄥ
賭徒,1,ㄉㄨˇ ㄊㄨˊ
賭棍,1,ㄉㄨˇ ㄍㄨㄣˋ
賭局,1,ㄉㄨˇ ㄐㄩˊ
賭具,1,ㄉㄨˇ ㄐㄩˋ
賭氣,1,ㄉㄨˇ ㄑㄧˋ
賭錢,1,ㄉㄨˇ ㄑㄧㄢˊ
賭咒,1,ㄉㄨˇ ㄓㄡˋ
賭注,1,ㄉㄨˇ ㄓㄨˋ
賭場,1,ㄉㄨˇ ㄔㄤˇ
賭城,1,ㄉㄨˇ ㄔㄥˊ
賭資,1,ㄉㄨˇ ㄗ
篤,1,ㄉㄨˇ
篤定,1,ㄉㄨˇ ㄉㄧㄥˋ
篤念,1,ㄉㄨˇ ㄋㄧㄢˋ
篤信,1,ㄉㄨˇ ㄒㄧㄣˋ
篤行,1,ㄉㄨˇ ㄒㄧㄥˊ
篤志,1,ㄉㄨˇ ㄓˋ
篤實,1,ㄉㄨˇ ㄕˊ
杜,1,ㄉㄨˋ
杜門謝客,1,ㄉㄨˋ ㄇㄣˊ ㄒㄧㄝˋ ㄎㄜˋ
杜漸防微,1,ㄉㄨˋ ㄐㄧㄢˋ ㄈㄤˊ ㄨㄟˊ
杜絕,1,ㄉㄨˋ ㄐㄩㄝˊ
杜鵑,1,ㄉㄨˋ ㄐㄩㄢ
杜鵑花,1,ㄉㄨˋ ㄐㄩㄢ ㄏㄨㄚ
杜撰,1,ㄉㄨˋ ㄓㄨㄢˋ
杜塞,1,ㄉㄨˋ ㄙㄜˋ
杜威十進位分類法,1,ㄉㄨˋ ㄨㄟ ㄕˊ ㄐㄧㄣˋ ㄨㄟˋ ㄈㄣ ㄌㄟˋ ㄈㄚˇ
肚,1,ㄉㄨˋ
肚皮,1,ㄉㄨˋ ㄆㄧˊ
肚兜,1,ㄉㄨˋ ㄉㄡ
肚量,1,ㄉㄨˋ ㄌㄧㄤˋ
肚臍,1,ㄉㄨˋ ㄑㄧˊ
肚子,1,ㄉㄨˋ ㄗ˙
妒,1,ㄉㄨˋ
妒嫉,1,ㄉㄨˋ ㄐㄧˊ
妒忌,1,ㄉㄨˋ ㄐㄧˋ
度,1,ㄉㄨˋ
度蜜月,1,ㄉㄨˋ ㄇㄧˋ ㄩㄝˋ
度量,1,ㄉㄨˋ ㄌㄧㄤˋ
度量衡,1,ㄉㄨˋ ㄌㄧㄤˋ ㄏㄥˊ
度小月,1,ㄉㄨˋ ㄒㄧㄠˇ ㄩㄝˋ
度數,1,ㄉㄨˋ ㄕㄨˋ
度日,1,ㄉㄨˋ ㄖˋ
度日如年,1,ㄉㄨˋ ㄖˋ ㄖㄨˊ ㄋㄧㄢˊ
渡,1,ㄉㄨˋ
渡輪,1,ㄉㄨˋ ㄌㄨㄣˊ
渡口,1,ㄉㄨˋ ㄎㄡˇ
渡河,1,ㄉㄨˋ ㄏㄜˊ
渡海,1,ㄉㄨˋ ㄏㄞˇ
度假,1,ㄉㄨˋ ㄐㄧㄚˋ
度假勝地,1,ㄉㄨˋ ㄐㄧㄚˋ ㄕㄥˋ ㄉㄧˋ
度假村,1,ㄉㄨˋ ㄐㄧㄚˋ ㄘㄨㄣ
渡船,1,ㄉㄨˋ ㄔㄨㄢˊ
鍍,1,ㄉㄨˋ
鍍金,1,ㄉㄨˋ ㄐㄧㄣ
蠹,1,ㄉㄨˋ
蠹書蟲,1,ㄉㄨˋ ㄕㄨ ㄔㄨㄥˊ
多,1,ㄉㄨㄛ
多胞胎,1,ㄉㄨㄛ ㄅㄠ ㄊㄞ
多半,1,ㄉㄨㄛ ㄅㄢˋ
多邊,1,ㄉㄨㄛ ㄅㄧㄢ
多邊形,1,ㄉㄨㄛ ㄅㄧㄢ ㄒㄧㄥˊ
多變,1,ㄉㄨㄛ ㄅㄧㄢˋ
多麼,1,ㄉㄨㄛ ㄇㄜ˙
多媒體,1,ㄉㄨㄛ ㄇㄟˊ ㄊㄧˇ
多發性,1,ㄉㄨㄛ ㄈㄚ ㄒㄧㄥˋ
多方,1,ㄉㄨㄛ ㄈㄤ
多福多壽,1,ㄉㄨㄛ ㄈㄨˊ ㄉㄨㄛ ㄕㄡˋ
多多少少,1,ㄉㄨㄛ ㄉㄨㄛ ㄕㄠˇ ㄕㄠˇ
多多益善,1,ㄉㄨㄛ ㄉㄨㄛ ㄧˋ ㄕㄢˋ
多頭,1,ㄉㄨㄛ ㄊㄡˊ
多頭馬車,1,ㄉㄨㄛ ㄊㄡˊ ㄇㄚˇ ㄔㄜ
多糖,1,ㄉㄨㄛ ㄊㄤˊ
多退少補,1,ㄉㄨㄛ ㄊㄨㄟˋ ㄕㄠˇ ㄅㄨˇ
多難,1,ㄉㄨㄛ ㄋㄢˋ
多難興邦,1,ㄉㄨㄛ ㄋㄢˋ ㄒㄧㄥ ㄅㄤ
多禮,1,ㄉㄨㄛ ㄌㄧˇ
多量,1,ㄉㄨㄛ ㄌㄧㄤˋ
多氯聯苯,1,ㄉㄨㄛ ㄌㄩˋ ㄌㄧㄢˊ ㄅㄣˇ
多寡,1,ㄉㄨㄛ ㄍㄨㄚˇ
多國企業,1,ㄉㄨㄛ ㄍㄨㄛˊ ㄑㄧˋ ㄧㄝˋ
多軌錄音,1,ㄉㄨㄛ ㄍㄨㄟˇ ㄌㄨˋ ㄧㄣ
多管閒事,1,ㄉㄨㄛ ㄍㄨㄢˇ ㄒㄧㄢˊ ㄕˋ
多虧,1,ㄉㄨㄛ ㄎㄨㄟ
多角化,1,ㄉㄨㄛ ㄐㄧㄠˇ ㄏㄨㄚˋ
多角形,1,ㄉㄨㄛ ㄐㄧㄠˇ ㄒㄧㄥˊ
多久,1,ㄉㄨㄛ ㄐㄧㄡˇ
多情,1,ㄉㄨㄛ ㄑㄧㄥˊ
多謝,1,ㄉㄨㄛ ㄒㄧㄝˋ
多心,1,ㄉㄨㄛ ㄒㄧㄣ
多指症,1,ㄉㄨㄛ ㄓˇ ㄓㄥˋ
多愁善感,1,ㄉㄨㄛ ㄔㄡˊ ㄕㄢˋ ㄍㄢˇ
多重,1,ㄉㄨㄛ ㄔㄨㄥˊ
多重性格,1,ㄉㄨㄛ ㄔㄨㄥˊ ㄒㄧㄥˋ ㄍㄜˊ
多重人格,1,ㄉㄨㄛ ㄔㄨㄥˊ ㄖㄣˊ ㄍㄜˊ
多事,1,ㄉㄨㄛ ㄕˋ
多事之秋,1,ㄉㄨㄛ ㄕˋ ㄓ ㄑㄧㄡ
多少,1,ㄉㄨㄛ ㄕㄠˇ
多數,1,ㄉㄨㄛ ㄕㄨˋ
多數決,1,ㄉㄨㄛ ㄕㄨˋ ㄐㄩㄝˊ
多人聊天系統,1,ㄉㄨㄛ ㄖㄣˊ ㄌㄧㄠˊ ㄊㄧㄢ ㄒㄧˋ ㄊㄨㄥˇ
多姿多采,1,ㄉㄨㄛ ㄗ ㄉㄨㄛ ㄘㄞˇ
多子多孫,1,ㄉㄨㄛ ㄗˇ ㄉㄨㄛ ㄙㄨㄣ
多災多難,1,ㄉㄨㄛ ㄗㄞ ㄉㄨㄛ ㄋㄢˋ
多嘴,1,ㄉㄨㄛ ㄗㄨㄟˇ
多此一舉,1,ㄉㄨㄛ ㄘˇ ㄧ ㄐㄩˇ
多此一舉,1,ㄉㄨㄛ ㄘˇ ㄧˋ ㄐㄩˇ
多才多藝,1,ㄉㄨㄛ ㄘㄞˊ ㄉㄨㄛ ㄧˋ
多采多姿,1,ㄉㄨㄛ ㄘㄞˇ ㄉㄨㄛ ㄗ
多彩多姿,1,ㄉㄨㄛ ㄘㄞˇ ㄉㄨㄛ ㄗ
多一事不如少一事,1,ㄉㄨㄛ ㄧ ㄕˋ ㄅㄨˋ ㄖㄨˊ ㄕㄠˇ ㄧ ㄕˋ
多一事不如少一事,1,ㄉㄨㄛ ㄧˊ ㄕˋ ㄅㄨˋ ㄖㄨˊ ㄕㄠˇ ㄧˊ ㄕˋ
多疑,1,ㄉㄨㄛ ㄧˊ
多言,1,ㄉㄨㄛ ㄧㄢˊ
多音字,1,ㄉㄨㄛ ㄧㄣ ㄗˋ
多樣化,1,ㄉㄨㄛ ㄧㄤˋ ㄏㄨㄚˋ
多樣性,1,ㄉㄨㄛ ㄧㄤˋ ㄒㄧㄥˋ
多餘,1,ㄉㄨㄛ ㄩˊ
多語教育,1,ㄉㄨㄛ ㄩˇ ㄐㄧㄠˋ ㄩˋ
多元化,1,ㄉㄨㄛ ㄩㄢˊ ㄏㄨㄚˋ
多元性,1,ㄉㄨㄛ ㄩㄢˊ ㄒㄧㄥˋ
哆,1,ㄉㄨㄛ
哆嗦,1,ㄉㄨㄛ ㄙㄨㄛ
哆嗦,1,ㄉㄨㄛ ㄙㄨㄛ˙
掇,1,ㄉㄨㄛˊ
奪,1,ㄉㄨㄛˊ
奪標,1,ㄉㄨㄛˊ ㄅㄧㄠ
奪門而出,1,ㄉㄨㄛˊ ㄇㄣˊ ㄦˊ ㄔㄨ
奪命,1,ㄉㄨㄛˊ ㄇㄧㄥˋ
奪目,1,ㄉㄨㄛˊ ㄇㄨˋ
奪冠,1,ㄉㄨㄛˊ ㄍㄨㄢˋ
奪魁,1,ㄉㄨㄛˊ ㄎㄨㄟˊ
奪眶而出,1,ㄉㄨㄛˊ ㄎㄨㄤ ㄦˊ ㄔㄨ
奪魂,1,ㄉㄨㄛˊ ㄏㄨㄣˊ
奪取,1,ㄉㄨㄛˊ ㄑㄩˇ
奪權,1,ㄉㄨㄛˊ ㄑㄩㄢˊ
鐸,1,ㄉㄨㄛˊ
朵,1,ㄉㄨㄛˇ
朵頤,1,ㄉㄨㄛˇ ㄧˊ
垛,1,ㄉㄨㄛˇ
躲,1,ㄉㄨㄛˇ
躲避,1,ㄉㄨㄛˇ ㄅㄧˋ
躲避球,1,ㄉㄨㄛˇ ㄅㄧˋ ㄑㄧㄡˊ
躲不掉,1,ㄉㄨㄛˇ ㄅㄨˋ ㄉㄧㄠˋ
躲不掉,1,ㄉㄨㄛˇ ㄅㄨˊ ㄉㄧㄠˋ
躲不了,1,ㄉㄨㄛˇ ㄅㄨˋ ㄌㄧㄠˇ
躲貓貓,1,ㄉㄨㄛˇ ㄇㄠ ㄇㄠ
躲躲藏藏,1,ㄉㄨㄛˇ ㄉㄨㄛˇ ㄘㄤˊ ㄘㄤˊ
躲閃,1,ㄉㄨㄛˇ ㄕㄢˇ
躲藏,1,ㄉㄨㄛˇ ㄘㄤˊ
咄,1,ㄉㄨㄛˋ
咄咄,1,ㄉㄨㄛˋ ㄉㄨㄛˋ
咄咄逼人,1,ㄉㄨㄛˋ ㄉㄨㄛˋ ㄅㄧ ㄖㄣˊ
剁,1,ㄉㄨㄛˋ
垛,1,ㄉㄨㄛˋ
跺,1,ㄉㄨㄛˋ
跺跺腳,1,ㄉㄨㄛˋ ㄉㄨㄛˋ ㄐㄧㄠˇ
跺腳,1,ㄉㄨㄛˋ ㄐㄧㄠˇ
度,1,ㄉㄨㄛˋ
度量,1,ㄉㄨㄛˋ ㄌㄧㄤˊ
踱,1,ㄉㄨㄛˋ
踱步,1,ㄉㄨㄛˋ ㄅㄨˋ
踱方步,1,ㄉㄨㄛˋ ㄈㄤ ㄅㄨˋ
舵,1,ㄉㄨㄛˋ
舵手,1,ㄉㄨㄛˋ ㄕㄡˇ
惰,1,ㄉㄨㄛˋ
惰性,1,ㄉㄨㄛˋ ㄒㄧㄥˋ
墮,1,ㄉㄨㄛˋ
墮胎,1,ㄉㄨㄛˋ ㄊㄞ
墮落,1,ㄉㄨㄛˋ ㄌㄨㄛˋ
墮崖,1,ㄉㄨㄛˋ ㄧㄞˊ
馱,1,ㄉㄨㄛˋ
堆,1,ㄉㄨㄟ
堆肥,1,ㄉㄨㄟ ㄈㄟˊ
堆疊,1,ㄉㄨㄟ ㄉㄧㄝˊ
堆積,1,ㄉㄨㄟ ㄐㄧ
堆積如山,1,ㄉㄨㄟ ㄐㄧ ㄖㄨˊ ㄕㄢ
堆砌,1,ㄉㄨㄟ ㄑㄧˋ
堆置,1,ㄉㄨㄟ ㄓˋ
堆棧,1,ㄉㄨㄟ ㄓㄢˋ
兌,1,ㄉㄨㄟˋ
兌付,1,ㄉㄨㄟˋ ㄈㄨˋ
兌款,1,ㄉㄨㄟˋ ㄎㄨㄢˇ
兌換,1,ㄉㄨㄟˋ ㄏㄨㄢˋ
兌獎,1,ㄉㄨㄟˋ ㄐㄧㄤˇ
兌現,1,ㄉㄨㄟˋ ㄒㄧㄢˋ
敦,1,ㄉㄨㄟˋ
隊,1,ㄉㄨㄟˋ
隊部,1,ㄉㄨㄟˋ ㄅㄨˋ
隊形,1,ㄉㄨㄟˋ ㄒㄧㄥˊ
隊長,1,ㄉㄨㄟˋ ㄓㄤˇ
隊友,1,ㄉㄨㄟˋ ㄧㄡˇ
隊伍,1,ㄉㄨㄟˋ ㄨˇ
隊員,1,ㄉㄨㄟˋ ㄩㄢˊ
碓,1,ㄉㄨㄟˋ
對,1,ㄉㄨㄟˋ
對白,1,ㄉㄨㄟˋ ㄅㄞˊ
對保,1,ㄉㄨㄟˋ ㄅㄠˇ
對半,1,ㄉㄨㄟˋ ㄅㄢˋ
對比,1,ㄉㄨㄟˋ ㄅㄧˇ
對邊,1,ㄉㄨㄟˋ ㄅㄧㄢ
對簿,1,ㄉㄨㄟˋ ㄅㄨˋ
對簿公堂,1,ㄉㄨㄟˋ ㄅㄨˋ ㄍㄨㄥ ㄊㄤˊ
對不起,1,ㄉㄨㄟˋ ㄅㄨˋ ㄑㄧˇ
對門,1,ㄉㄨㄟˋ ㄇㄣˊ
對面,1,ㄉㄨㄟˋ ㄇㄧㄢˋ
對分,1,ㄉㄨㄟˋ ㄈㄣ
對方,1,ㄉㄨㄟˋ ㄈㄤ
對付,1,ㄉㄨㄟˋ ㄈㄨˋ
對答,1,ㄉㄨㄟˋ ㄉㄚˊ
對答如流,1,ㄉㄨㄟˋ ㄉㄚˊ ㄖㄨˊ ㄌㄧㄡˊ
對打,1,ㄉㄨㄟˋ ㄉㄚˇ
對待,1,ㄉㄨㄟˋ ㄉㄞˋ
對等,1,ㄉㄨㄟˋ ㄉㄥˇ
對調,1,ㄉㄨㄟˋ ㄉㄧㄠˋ
對頭,1,ㄉㄨㄟˋ ㄊㄡˊ
對頭,1,ㄉㄨㄟˋ ㄊㄡ˙
對談,1,ㄉㄨㄟˋ ㄊㄢˊ
對牛彈琴,1,ㄉㄨㄟˋ ㄋㄧㄡˊ ㄊㄢˊ ㄑㄧㄣˊ
對壘,1,ㄉㄨㄟˋ ㄌㄟˇ
對立,1,ㄉㄨㄟˋ ㄌㄧˋ
對流,1,ㄉㄨㄟˋ ㄌㄧㄡˊ
對聯,1,ㄉㄨㄟˋ ㄌㄧㄢˊ
對開,1,ㄉㄨㄟˋ ㄎㄞ
對口相聲,1,ㄉㄨㄟˋ ㄎㄡˇ ㄒㄧㄤˋ ㄕㄥ
對抗,1,ㄉㄨㄟˋ ㄎㄤˋ
對號快車,1,ㄉㄨㄟˋ ㄏㄠˋ ㄎㄨㄞˋ ㄔㄜ
對號入座,1,ㄉㄨㄟˋ ㄏㄠˋ ㄖㄨˋ ㄗㄨㄛˋ
對話,1,ㄉㄨㄟˋ ㄏㄨㄚˋ
對街,1,ㄉㄨㄟˋ ㄐㄧㄝ
對焦,1,ㄉㄨㄟˋ ㄐㄧㄠ
對角線,1,ㄉㄨㄟˋ ㄐㄧㄠˇ ㄒㄧㄢˋ
對襟,1,ㄉㄨㄟˋ ㄐㄧㄣ
對獎,1,ㄉㄨㄟˋ ㄐㄧㄤˇ
對講機,1,ㄉㄨㄟˋ ㄐㄧㄤˇ ㄐㄧ
對句,1,ㄉㄨㄟˋ ㄐㄩˋ
對決,1,ㄉㄨㄟˋ ㄐㄩㄝˊ
對象,1,ㄉㄨㄟˋ ㄒㄧㄤˋ
對質,1,ㄉㄨㄟˋ ㄓˊ
對峙,1,ㄉㄨㄟˋ ㄓˋ
對折,1,ㄉㄨㄟˋ ㄓㄜˊ
對照,1,ㄉㄨㄟˋ ㄓㄠˋ
對陣,1,ㄉㄨㄟˋ ㄓㄣˋ
對仗,1,ㄉㄨㄟˋ ㄓㄤˋ
對帳,1,ㄉㄨㄟˋ ㄓㄤˋ
對症下藥,1,ㄉㄨㄟˋ ㄓㄥˋ ㄒㄧㄚˋ ㄧㄠˋ
對證,1,ㄉㄨㄟˋ ㄓㄥˋ
對準,1,ㄉㄨㄟˋ ㄓㄨㄣˇ
對唱,1,ㄉㄨㄟˋ ㄔㄤˋ
對稱,1,ㄉㄨㄟˋ ㄔㄥˋ
對視,1,ㄉㄨㄟˋ ㄕˋ
對手,1,ㄉㄨㄟˋ ㄕㄡˇ
對上,1,ㄉㄨㄟˋ ㄕㄤˋ
對數,1,ㄉㄨㄟˋ ㄕㄨˋ
對子,1,ㄉㄨㄟˋ ㄗ˙
對造,1,ㄉㄨㄟˋ ㄗㄠˋ
對坐,1,ㄉㄨㄟˋ ㄗㄨㄛˋ
對嘴,1,ㄉㄨㄟˋ ㄗㄨㄟˇ
對策,1,ㄉㄨㄟˋ ㄘㄜˋ
對錯,1,ㄉㄨㄟˋ ㄘㄨㄛˋ
對偶,1,ㄉㄨㄟˋ ㄡˇ
對岸,1,ㄉㄨㄟˋ ㄢˋ
對弈,1,ㄉㄨㄟˋ ㄧˋ
對應,1,ㄉㄨㄟˋ ㄧㄥˋ
對味,1,ㄉㄨㄟˋ ㄨㄟˋ
對於,1,ㄉㄨㄟˋ ㄩˊ
懟,1,ㄉㄨㄟˋ
端,1,ㄉㄨㄢ
端盤子,1,ㄉㄨㄢ ㄆㄢˊ ㄗ˙
端的,1,ㄉㄨㄢ ㄉㄧˋ
端倪,1,ㄉㄨㄢ ㄋㄧˊ
端賴,1,ㄉㄨㄢ ㄌㄞˋ
端架子,1,ㄉㄨㄢ ㄐㄧㄚˋ ㄗ˙
端詳,1,ㄉㄨㄢ ㄒㄧㄤˊ
端正,1,ㄉㄨㄢ ㄓㄥˋ
端莊,1,ㄉㄨㄢ ㄓㄨㄤ
端坐,1,ㄉㄨㄢ ㄗㄨㄛˋ
端陽,1,ㄉㄨㄢ ㄧㄤˊ
端午,1,ㄉㄨㄢ ㄨˇ
端午節,1,ㄉㄨㄢ ㄨˇ ㄐㄧㄝˊ
短,1,ㄉㄨㄢˇ
短波,1,ㄉㄨㄢˇ ㄅㄛ
短兵相接,1,ㄉㄨㄢˇ ㄅㄧㄥ ㄒㄧㄤ ㄐㄧㄝ
短跑,1,ㄉㄨㄢˇ ㄆㄠˇ
短篇,1,ㄉㄨㄢˇ ㄆㄧㄢ
短篇小說,1,ㄉㄨㄢˇ ㄆㄧㄢ ㄒㄧㄠˇ ㄕㄨㄛ
短片,1,ㄉㄨㄢˇ ㄆㄧㄢˋ
短評,1,ㄉㄨㄢˇ ㄆㄧㄥˊ
短命,1,ㄉㄨㄢˇ ㄇㄧㄥˋ
短命鬼,1,ㄉㄨㄢˇ ㄇㄧㄥˋ ㄍㄨㄟˇ
短髮,1,ㄉㄨㄢˇ ㄈㄚˇ
短打,1,ㄉㄨㄢˇ ㄉㄚˇ
短漏,1,ㄉㄨㄢˇ ㄌㄡˋ
短路,1,ㄉㄨㄢˇ ㄌㄨˋ
短褲,1,ㄉㄨㄢˇ ㄎㄨˋ
短簡,1,ㄉㄨㄢˇ ㄐㄧㄢˇ
短見,1,ㄉㄨㄢˇ ㄐㄧㄢˋ
短句,1,ㄉㄨㄢˇ ㄐㄩˋ
短劇,1,ㄉㄨㄢˇ ㄐㄩˋ
短期,1,ㄉㄨㄢˇ ㄑㄧˊ
短淺,1,ㄉㄨㄢˇ ㄑㄧㄢˇ
短缺,1,ㄉㄨㄢˇ ㄑㄩㄝ
短裙,1,ㄉㄨㄢˇ ㄑㄩㄣˊ
短小,1,ㄉㄨㄢˇ ㄒㄧㄠˇ
短小精悍,1,ㄉㄨㄢˇ ㄒㄧㄠˇ ㄐㄧㄥ ㄏㄢˋ
短袖,1,ㄉㄨㄢˇ ㄒㄧㄡˋ
短線,1,ㄉㄨㄢˇ ㄒㄧㄢˋ
短訊,1,ㄉㄨㄢˇ ㄒㄩㄣˋ
短暫,1,ㄉㄨㄢˇ ㄓㄢˋ
短程,1,ㄉㄨㄢˇ ㄔㄥˊ
短絀,1,ㄉㄨㄢˇ ㄔㄨˋ
短處,1,ㄉㄨㄢˇ ㄔㄨˋ
短視,1,ㄉㄨㄢˇ ㄕˋ
短視近利,1,ㄉㄨㄢˇ ㄕˋ ㄐㄧㄣˋ ㄌㄧˋ
短少,1,ㄉㄨㄢˇ ㄕㄠˇ
短促,1,ㄉㄨㄢˇ ㄘㄨˋ
短音,1,ㄉㄨㄢˇ ㄧㄣ
短文,1,ㄉㄨㄢˇ ㄨㄣˊ
短語,1,ㄉㄨㄢˇ ㄩˇ
段,1,ㄉㄨㄢˋ
段落,1,ㄉㄨㄢˋ ㄌㄨㄛˋ
段考,1,ㄉㄨㄢˋ ㄎㄠˇ
段數,1,ㄉㄨㄢˋ ㄕㄨˋ
緞,1,ㄉㄨㄢˋ
緞帶,1,ㄉㄨㄢˋ ㄉㄞˋ
鍛,1,ㄉㄨㄢˋ
鍛鍊,1,ㄉㄨㄢˋ ㄌㄧㄢˋ
鍛造,1,ㄉㄨㄢˋ ㄗㄠˋ
斷,1,ㄉㄨㄢˋ
斷壁殘垣,1,ㄉㄨㄢˋ ㄅㄧˋ ㄘㄢˊ ㄩㄢˊ
斷面,1,ㄉㄨㄢˋ ㄇㄧㄢˋ
斷電,1,ㄉㄨㄢˋ ㄉㄧㄢˋ
斷定,1,ㄉㄨㄢˋ ㄉㄧㄥˋ
斷斷續續,1,ㄉㄨㄢˋ ㄉㄨㄢˋ ㄒㄩˋ ㄒㄩˋ
斷頭臺,1,ㄉㄨㄢˋ ㄊㄡˊ ㄊㄞˊ
斷奶,1,ㄉㄨㄢˋ ㄋㄞˇ
斷念,1,ㄉㄨㄢˋ ㄋㄧㄢˋ
斷裂,1,ㄉㄨㄢˋ ㄌㄧㄝˋ
斷糧,1,ㄉㄨㄢˋ ㄌㄧㄤˊ
斷路,1,ㄉㄨㄢˋ ㄌㄨˋ
斷落,1,ㄉㄨㄢˋ ㄌㄨㄛˋ
斷根,1,ㄉㄨㄢˋ ㄍㄣ
斷後,1,ㄉㄨㄢˋ ㄏㄡˋ
斷魂,1,ㄉㄨㄢˋ ㄏㄨㄣˊ
斷交,1,ㄉㄨㄢˋ ㄐㄧㄠ
斷簡殘編,1,ㄉㄨㄢˋ ㄐㄧㄢˇ ㄘㄢˊ ㄅㄧㄢ
斷簡殘篇,1,ㄉㄨㄢˋ ㄐㄧㄢˇ ㄘㄢˊ ㄆㄧㄢ
斷絕,1,ㄉㄨㄢˋ ㄐㄩㄝˊ
斷氣,1,ㄉㄨㄢˋ ㄑㄧˋ
斷袖,1,ㄉㄨㄢˋ ㄒㄧㄡˋ
斷線,1,ㄉㄨㄢˋ ㄒㄧㄢˋ
斷線風箏,1,ㄉㄨㄢˋ ㄒㄧㄢˋ ㄈㄥ ㄓㄥ
斷續,1,ㄉㄨㄢˋ ㄒㄩˋ
斷章取義,1,ㄉㄨㄢˋ ㄓㄤ ㄑㄩˇ ㄧˋ
斷腸,1,ㄉㄨㄢˋ ㄔㄤˊ
斷炊,1,ㄉㄨㄢˋ ㄔㄨㄟ
斷水,1,ㄉㄨㄢˋ ㄕㄨㄟˇ
斷然,1,ㄉㄨㄢˋ ㄖㄢˊ
斷層,1,ㄉㄨㄢˋ ㄘㄥˊ
斷層掃描,1,ㄉㄨㄢˋ ㄘㄥˊ ㄙㄠˇ ㄇㄧㄠˊ
斷送,1,ㄉㄨㄢˋ ㄙㄨㄥˋ
斷案,1,ㄉㄨㄢˋ ㄢˋ
斷崖,1,ㄉㄨㄢˋ ㄧㄞˊ
斷言,1,ㄉㄨㄢˋ ㄧㄢˊ
斷語,1,ㄉㄨㄢˋ ㄩˇ
斷垣殘壁,1,ㄉㄨㄢˋ ㄩㄢˊ ㄘㄢˊ ㄅㄧˋ
敦,1,ㄉㄨㄣ
敦品勵學,1,ㄉㄨㄣ ㄆㄧㄣˇ ㄌㄧˋ ㄒㄩㄝˊ
敦聘,1,ㄉㄨㄣ ㄆㄧㄥˋ
敦樸,1,ㄉㄨㄣ ㄆㄨˊ
敦睦,1,ㄉㄨㄣ ㄇㄨˋ
敦倫,1,ㄉㄨㄣ ㄌㄨㄣˊ
敦厚,1,ㄉㄨㄣ ㄏㄡˋ
敦煌石窟,1,ㄉㄨㄣ ㄏㄨㄤˊ ㄕˊ ㄎㄨ
敦親睦鄰,1,ㄉㄨㄣ ㄑㄧㄣ ㄇㄨˋ ㄌㄧㄣˊ
敦請,1,ㄉㄨㄣ ㄑㄧㄥˇ
敦促,1,ㄉㄨㄣ ㄘㄨˋ
墩,1,ㄉㄨㄣ
燉,1,ㄉㄨㄣ
燉煌,1,ㄉㄨㄣ ㄏㄨㄤˊ
蹲,1,ㄉㄨㄣ
蹲俯,1,ㄉㄨㄣ ㄈㄨˇ
蹲坐,1,ㄉㄨㄣ ㄗㄨㄛˋ
盹,1,ㄉㄨㄣˇ
躉,1,ㄉㄨㄣˇ
沌,1,ㄉㄨㄣˋ
囤,1,ㄉㄨㄣˋ
飩,1,ㄉㄨㄣˋ
鈍,1,ㄉㄨㄣˋ
鈍頭,1,ㄉㄨㄣˋ ㄊㄡˊ
鈍角,1,ㄉㄨㄣˋ ㄐㄧㄠˇ
頓,1,ㄉㄨㄣˋ
頓筆,1,ㄉㄨㄣˋ ㄅㄧˇ
頓號,1,ㄉㄨㄣˋ ㄏㄠˋ
頓失所依,1,ㄉㄨㄣˋ ㄕ ㄙㄨㄛˇ ㄧ
頓時,1,ㄉㄨㄣˋ ㄕˊ
頓首,1,ㄉㄨㄣˋ ㄕㄡˇ
頓然,1,ㄉㄨㄣˋ ㄖㄢˊ
頓足,1,ㄉㄨㄣˋ ㄗㄨˊ
頓挫,1,ㄉㄨㄣˋ ㄘㄨㄛˋ
頓悟,1,ㄉㄨㄣˋ ㄨˋ
噸,1,ㄉㄨㄣˋ
噸位,1,ㄉㄨㄣˋ ㄨㄟˋ
盾,1,ㄉㄨㄣˋ
盾牌,1,ㄉㄨㄣˋ ㄆㄞˊ
遁,1,ㄉㄨㄣˋ
遁逃,1,ㄉㄨㄣˋ ㄊㄠˊ
遁跡銷聲,1,ㄉㄨㄣˋ ㄐㄧ ㄒㄧㄠ ㄕㄥ
遁形,1,ㄉㄨㄣˋ ㄒㄧㄥˊ
遁世,1,ㄉㄨㄣˋ ㄕˋ
遁辭,1,ㄉㄨㄣˋ ㄘˊ
遯,1,ㄉㄨㄣˋ
燉,1,ㄉㄨㄣˋ
燉補,1,ㄉㄨㄣˋ ㄅㄨˇ
燉鍋,1,ㄉㄨㄣˋ ㄍㄨㄛ
燉煮,1,ㄉㄨㄣˋ ㄓㄨˇ
冬,1,ㄉㄨㄥ
冬眠,1,ㄉㄨㄥ ㄇㄧㄢˊ
冬粉,1,ㄉㄨㄥ ㄈㄣˇ
冬防,1,ㄉㄨㄥ ㄈㄤˊ
冬天,1,ㄉㄨㄥ ㄊㄧㄢ
冬暖夏涼,1,ㄉㄨㄥ ㄋㄨㄢˇ ㄒㄧㄚˋ ㄌㄧㄤˊ
冬令,1,ㄉㄨㄥ ㄌㄧㄥˋ
冬令進補,1,ㄉㄨㄥ ㄌㄧㄥˋ ㄐㄧㄣˋ ㄅㄨˇ
冬菇,1,ㄉㄨㄥ ㄍㄨ
冬瓜,1,ㄉㄨㄥ ㄍㄨㄚ
冬烘,1,ㄉㄨㄥ ㄏㄨㄥ
冬季,1,ㄉㄨㄥ ㄐㄧˋ
冬至,1,ㄉㄨㄥ ㄓˋ
冬裝,1,ㄉㄨㄥ ㄓㄨㄤ
冬蟲夏草,1,ㄉㄨㄥ ㄔㄨㄥˊ ㄒㄧㄚˋ ㄘㄠˇ
冬日,1,ㄉㄨㄥ ㄖˋ
冬藏,1,ㄉㄨㄥ ㄘㄤˊ
冬筍,1,ㄉㄨㄥ ㄙㄨㄣˇ
冬衣,1,ㄉㄨㄥ ㄧ
咚,1,ㄉㄨㄥ
咚咚,1,ㄉㄨㄥ ㄉㄨㄥ
氡,1,ㄉㄨㄥ
氡氣,1,ㄉㄨㄥ ㄑㄧˋ
鼕,1,ㄉㄨㄥ
東,1,ㄉㄨㄥ
東北,1,ㄉㄨㄥ ㄅㄟˇ
東北方,1,ㄉㄨㄥ ㄅㄟˇ ㄈㄤ
東北風,1,ㄉㄨㄥ ㄅㄟˇ ㄈㄥ
東北角,1,ㄉㄨㄥ ㄅㄟˇ ㄐㄧㄠˇ
東北亞,1,ㄉㄨㄥ ㄅㄟˇ ㄧㄚˋ
東奔西跑,1,ㄉㄨㄥ ㄅㄣ ㄒㄧ ㄆㄠˇ
東奔西跳,1,ㄉㄨㄥ ㄅㄣ ㄒㄧ ㄊㄧㄠˋ
東邊,1,ㄉㄨㄥ ㄅㄧㄢ
東部,1,ㄉㄨㄥ ㄅㄨˋ
東坡肉,1,ㄉㄨㄥ ㄆㄛ ㄖㄡˋ
東拼西湊,1,ㄉㄨㄥ ㄆㄧㄣ ㄒㄧ ㄘㄡˋ
東面,1,ㄉㄨㄥ ㄇㄧㄢˋ
東非,1,ㄉㄨㄥ ㄈㄟ
東非大地塹,1,ㄉㄨㄥ ㄈㄟ ㄉㄚˋ ㄉㄧˋ ㄑㄧㄢˋ
東方,1,ㄉㄨㄥ ㄈㄤ
東方快車,1,ㄉㄨㄥ ㄈㄤ ㄎㄨㄞˋ ㄔㄜ
東風,1,ㄉㄨㄥ ㄈㄥ
東倒西歪,1,ㄉㄨㄥ ㄉㄠˇ ㄒㄧ ㄨㄞ
東道主,1,ㄉㄨㄥ ㄉㄠˋ ㄓㄨˇ
東都,1,ㄉㄨㄥ ㄉㄨ
東渡,1,ㄉㄨㄥ ㄉㄨˋ
東南,1,ㄉㄨㄥ ㄋㄢˊ
東南部,1,ㄉㄨㄥ ㄋㄢˊ ㄅㄨˋ
東南方,1,ㄉㄨㄥ ㄋㄢˊ ㄈㄤ
東南風,1,ㄉㄨㄥ ㄋㄢˊ ㄈㄥ
東南歐,1,ㄉㄨㄥ ㄋㄢˊ ㄡ
東南亞,1,ㄉㄨㄥ ㄋㄢˊ ㄧㄚˋ
東鱗西爪,1,ㄉㄨㄥ ㄌㄧㄣˊ ㄒㄧ ㄓㄠˇ
東鱗西爪,1,ㄉㄨㄥ ㄌㄧㄣˊ ㄒㄧ ㄓㄨㄚˇ
東莞縣,1,ㄉㄨㄥ ㄍㄨㄢˇ ㄒㄧㄢˋ
東宮,1,ㄉㄨㄥ ㄍㄨㄥ
東海岸,1,ㄉㄨㄥ ㄏㄞˇ ㄢˋ
東家長西家短,1,ㄉㄨㄥ ㄐㄧㄚ ㄔㄤˊ ㄒㄧ ㄐㄧㄚ ㄉㄨㄢˇ
東家,1,ㄉㄨㄥ ㄐㄧㄚ˙
東郊,1,ㄉㄨㄥ ㄐㄧㄠ
東進,1,ㄉㄨㄥ ㄐㄧㄣˋ
東區,1,ㄉㄨㄥ ㄑㄩ
東西,1,ㄉㄨㄥ ㄒㄧ
東西南北,1,ㄉㄨㄥ ㄒㄧ ㄋㄢˊ ㄅㄟˇ
東西,1,ㄉㄨㄥ ㄒㄧ˙
東行,1,ㄉㄨㄥ ㄒㄧㄥˊ
東折西繞,1,ㄉㄨㄥ ㄓㄜˊ ㄒㄧ ㄖㄠˋ
東張西望,1,ㄉㄨㄥ ㄓㄤ ㄒㄧ ㄨㄤˋ
東正教,1,ㄉㄨㄥ ㄓㄥˋ ㄐㄧㄠˋ
東主,1,ㄉㄨㄥ ㄓㄨˇ
東轉西晃,1,ㄉㄨㄥ ㄓㄨㄢˋ ㄒㄧ ㄏㄨㄤˋ
東廠,1,ㄉㄨㄥ ㄔㄤˇ
東窗事發,1,ㄉㄨㄥ ㄔㄨㄤ ㄕˋ ㄈㄚ
東床快婿,1,ㄉㄨㄥ ㄔㄨㄤˊ ㄎㄨㄞˋ ㄒㄩˋ
東施效顰,1,ㄉㄨㄥ ㄕ ㄒㄧㄠˋ ㄆㄧㄣˊ
東沙群島,1,ㄉㄨㄥ ㄕㄚ ㄑㄩㄣˊ ㄉㄠˇ
東山再起,1,ㄉㄨㄥ ㄕㄢ ㄗㄞˋ ㄑㄧˇ
東昇,1,ㄉㄨㄥ ㄕㄥ
東側,1,ㄉㄨㄥ ㄘㄜˋ
東岸,1,ㄉㄨㄥ ㄢˋ
東印度,1,ㄉㄨㄥ ㄧㄣˋ ㄉㄨˋ
東洋,1,ㄉㄨㄥ ㄧㄤˊ
東洋劍,1,ㄉㄨㄥ ㄧㄤˊ ㄐㄧㄢˋ
東瀛,1,ㄉㄨㄥ ㄧㄥˊ
董,1,ㄉㄨㄥˇ
董監事,1,ㄉㄨㄥˇ ㄐㄧㄢ ㄕˋ
董事,1,ㄉㄨㄥˇ ㄕˋ
董事會,1,ㄉㄨㄥˇ ㄕˋ ㄏㄨㄟˋ
董事長,1,ㄉㄨㄥˇ ㄕˋ ㄓㄤˇ
懂,1,ㄉㄨㄥˇ
懂事,1,ㄉㄨㄥˇ ㄕˋ
侗,1,ㄉㄨㄥˋ
洞,1,ㄉㄨㄥˋ
洞房,1,ㄉㄨㄥˋ ㄈㄤˊ
洞房花燭夜,1,ㄉㄨㄥˋ ㄈㄤˊ ㄏㄨㄚ ㄓㄨˊ ㄧㄝˋ
洞天,1,ㄉㄨㄥˋ ㄊㄧㄢ
洞天福地,1,ㄉㄨㄥˋ ㄊㄧㄢ ㄈㄨˊ ㄉㄧˋ
洞開,1,ㄉㄨㄥˋ ㄎㄞ
洞窟,1,ㄉㄨㄥˋ ㄎㄨ
洞見,1,ㄉㄨㄥˋ ㄐㄧㄢˋ
洞悉,1,ㄉㄨㄥˋ ㄒㄧ
洞簫,1,ㄉㄨㄥˋ ㄒㄧㄠ
洞曉,1,ㄉㄨㄥˋ ㄒㄧㄠˇ
洞穴,1,ㄉㄨㄥˋ ㄒㄩㄝˋ
洞燭,1,ㄉㄨㄥˋ ㄓㄨˊ
洞燭機先,1,ㄉㄨㄥˋ ㄓㄨˊ ㄐㄧ ㄒㄧㄢ
洞察,1,ㄉㄨㄥˋ ㄔㄚˊ
洞察機先,1,ㄉㄨㄥˋ ㄔㄚˊ ㄐㄧ ㄒㄧㄢ
洞徹,1,ㄉㄨㄥˋ ㄔㄜˋ
洞穿,1,ㄉㄨㄥˋ ㄔㄨㄢ
恫,1,ㄉㄨㄥˋ
恫嚇,1,ㄉㄨㄥˋ ㄏㄜˋ
垌,1,ㄉㄨㄥˋ
胴,1,ㄉㄨㄥˋ
胴體,1,ㄉㄨㄥˋ ㄊㄧˇ
凍,1,ㄉㄨㄥˋ
凍斃,1,ㄉㄨㄥˋ ㄅㄧˋ
凍寒,1,ㄉㄨㄥˋ ㄏㄢˊ
凍結,1,ㄉㄨㄥˋ ㄐㄧㄝˊ
凍僵,1,ㄉㄨㄥˋ ㄐㄧㄤ
凍瘡,1,ㄉㄨㄥˋ ㄔㄨㄤ
棟,1,ㄉㄨㄥˋ
棟梁,1,ㄉㄨㄥˋ ㄌㄧㄤˊ
動,1,ㄉㄨㄥˋ
動筆,1,ㄉㄨㄥˋ ㄅㄧˇ
動不動,1,ㄉㄨㄥˋ ㄅㄨˋ ㄉㄨㄥˋ
動不動,1,ㄉㄨㄥˋ ㄅㄨˊ ㄉㄨㄥˋ
動脈,1,ㄉㄨㄥˋ ㄇㄞˋ
動脈瘤,1,ㄉㄨㄥˋ ㄇㄞˋ ㄌㄧㄡˊ
動盪,1,ㄉㄨㄥˋ ㄉㄤˋ
動盪不安,1,ㄉㄨㄥˋ ㄉㄤˋ ㄅㄨˋ ㄢ
動態,1,ㄉㄨㄥˋ ㄊㄞˋ
動彈不得,1,ㄉㄨㄥˋ ㄊㄢˊ ㄅㄨˋ ㄉㄜˊ
動聽,1,ㄉㄨㄥˋ ㄊㄧㄥ
動土,1,ㄉㄨㄥˋ ㄊㄨˇ
動腦,1,ㄉㄨㄥˋ ㄋㄠˇ
動腦筋,1,ㄉㄨㄥˋ ㄋㄠˇ ㄐㄧㄣ
動能,1,ㄉㄨㄥˋ ㄋㄥˊ
動怒,1,ㄉㄨㄥˋ ㄋㄨˋ
動力,1,ㄉㄨㄥˋ ㄌㄧˋ
動亂,1,ㄉㄨㄥˋ ㄌㄨㄢˋ
動干戈,1,ㄉㄨㄥˋ ㄍㄢ ㄍㄜ
動感,1,ㄉㄨㄥˋ ㄍㄢˇ
動工,1,ㄉㄨㄥˋ ㄍㄨㄥ
動口,1,ㄉㄨㄥˋ ㄎㄡˇ
動畫,1,ㄉㄨㄥˋ ㄏㄨㄚˋ
動畫片,1,ㄉㄨㄥˋ ㄏㄨㄚˋ ㄆㄧㄢˋ
動機,1,ㄉㄨㄥˋ ㄐㄧ
動靜,1,ㄉㄨㄥˋ ㄐㄧㄥˋ
動氣,1,ㄉㄨㄥˋ ㄑㄧˋ
動情,1,ㄉㄨㄥˋ ㄑㄧㄥˊ
動心,1,ㄉㄨㄥˋ ㄒㄧㄣ
動向,1,ㄉㄨㄥˋ ㄒㄧㄤˋ
動支,1,ㄉㄨㄥˋ ㄓ
動植物,1,ㄉㄨㄥˋ ㄓˊ ㄨˋ
動輒得咎,1,ㄉㄨㄥˋ ㄓㄜˊ ㄉㄜˊ ㄐㄧㄡˋ
動產,1,ㄉㄨㄥˋ ㄔㄢˇ
動手,1,ㄉㄨㄥˋ ㄕㄡˇ
動手腳,1,ㄉㄨㄥˋ ㄕㄡˇ ㄐㄧㄠˇ
動手術,1,ㄉㄨㄥˋ ㄕㄡˇ ㄕㄨˋ
動身,1,ㄉㄨㄥˋ ㄕㄣ
動人,1,ㄉㄨㄥˋ ㄖㄣˊ
動如脫兔,1,ㄉㄨㄥˋ ㄖㄨˊ ㄊㄨㄛ ㄊㄨˋ
動容,1,ㄉㄨㄥˋ ㄖㄨㄥˊ
動作,1,ㄉㄨㄥˋ ㄗㄨㄛˋ
動作片,1,ㄉㄨㄥˋ ㄗㄨㄛˋ ㄆㄧㄢˋ
動作演員,1,ㄉㄨㄥˋ ㄗㄨㄛˋ ㄧㄢˇ ㄩㄢˊ
動嘴,1,ㄉㄨㄥˋ ㄗㄨㄟˇ
動詞,1,ㄉㄨㄥˋ ㄘˊ
動粗,1,ㄉㄨㄥˋ ㄘㄨ
動議,1,ㄉㄨㄥˋ ㄧˋ
動搖,1,ㄉㄨㄥˋ ㄧㄠˊ
動因,1,ㄉㄨㄥˋ ㄧㄣ
動武,1,ㄉㄨㄥˋ ㄨˇ
動物,1,ㄉㄨㄥˋ ㄨˋ
動物園,1,ㄉㄨㄥˋ ㄨˋ ㄩㄢˊ
動員,1,ㄉㄨㄥˋ ㄩㄢˊ
動員令,1,ㄉㄨㄥˋ ㄩㄢˊ ㄌㄧㄥˋ
動員戡亂,1,ㄉㄨㄥˋ ㄩㄢˊ ㄎㄢ ㄌㄨㄢˋ
動用,1,ㄉㄨㄥˋ ㄩㄥˋ
它,1,ㄊㄚ
它們,1,ㄊㄚ ㄇㄣ˙
他,1,ㄊㄚ
他們,1,ㄊㄚ ㄇㄣ˙
他方,1,ㄊㄚ ㄈㄤ
他力,1,ㄊㄚ ㄌㄧˋ
他倆,1,ㄊㄚ ㄌㄧㄚˇ
他國,1,ㄊㄚ ㄍㄨㄛˊ
他鄉,1,ㄊㄚ ㄒㄧㄤ
他鄉遇故知,1,ㄊㄚ ㄒㄧㄤ ㄩˋ ㄍㄨˋ ㄓ
他處,1,ㄊㄚ ㄔㄨˋ
他殺,1,ㄊㄚ ㄕㄚ
他山之石,1,ㄊㄚ ㄕㄢ ㄓ ㄕˊ
他說,1,ㄊㄚ ㄕㄨㄛ
他日,1,ㄊㄚ ㄖˋ
他人,1,ㄊㄚ ㄖㄣˊ
她,1,ㄊㄚ
她們,1,ㄊㄚ ㄇㄣ˙
祂,1,ㄊㄚ
牠,1,ㄊㄚ
牠們,1,ㄊㄚ ㄇㄣ˙
趿,1,ㄊㄚ
塌,1,ㄊㄚ
塌臺,1,ㄊㄚ ㄊㄞˊ
塌陷,1,ㄊㄚ ㄒㄧㄢˋ
塔,1,ㄊㄚˇ
塔臺,1,ㄊㄚˇ ㄊㄞˊ
塔斯社,1,ㄊㄚˇ ㄙ ㄕㄜˋ
拓,1,ㄊㄚˋ
拓碑,1,ㄊㄚˋ ㄅㄟ
拓本,1,ㄊㄚˋ ㄅㄣˇ
拓片,1,ㄊㄚˋ ㄆㄧㄢˋ
拓印,1,ㄊㄚˋ ㄧㄣˋ
沓,1,ㄊㄚˋ
踏,1,ㄊㄚˋ
踏板,1,ㄊㄚˋ ㄅㄢˇ
踏步,1,ㄊㄚˋ ㄅㄨˋ
踏破鐵鞋,1,ㄊㄚˋ ㄆㄛˋ ㄊㄧㄝˇ ㄒㄧㄝˊ
踏勘,1,ㄊㄚˋ ㄎㄢ
踏腳,1,ㄊㄚˋ ㄐㄧㄠˇ
踏腳石,1,ㄊㄚˋ ㄐㄧㄠˇ ㄕˊ
踏青,1,ㄊㄚˋ ㄑㄧㄥ
踏實,1,ㄊㄚˋ ㄕˊ
漯,1,ㄊㄚˋ
漯水,1,ㄊㄚˋ ㄕㄨㄟˇ
榻,1,ㄊㄚˋ
榻榻米,1,ㄊㄚˋ ㄊㄚˋ ㄇㄧˇ
遢,1,ㄊㄚˋ
蹋,1,ㄊㄚˋ
遝,1,ㄊㄚˋ
撻,1,ㄊㄚˋ
撻伐,1,ㄊㄚˋ ㄈㄚ
躂,1,ㄊㄚˋ
闥,1,ㄊㄚˋ
獺,1,ㄊㄚˋ
忒,1,ㄊㄜˋ
忑,1,ㄊㄜˋ
特,1,ㄊㄜˋ
特報,1,ㄊㄜˋ ㄅㄠˋ
特別,1,ㄊㄜˋ ㄅㄧㄝˊ
特別報導,1,ㄊㄜˋ ㄅㄧㄝˊ ㄅㄠˋ ㄉㄠˇ
特別門診,1,ㄊㄜˋ ㄅㄧㄝˊ ㄇㄣˊ ㄓㄣˇ
特別法,1,ㄊㄜˋ ㄅㄧㄝˊ ㄈㄚˇ
特別來賓,1,ㄊㄜˋ ㄅㄧㄝˊ ㄌㄞˊ ㄅㄧㄣ
特別扣除額,1,ㄊㄜˋ ㄅㄧㄝˊ ㄎㄡˋ ㄔㄨˊ ㄜˊ
特別護士,1,ㄊㄜˋ ㄅㄧㄝˊ ㄏㄨˋ ㄕˋ
特別節目,1,ㄊㄜˋ ㄅㄧㄝˊ ㄐㄧㄝˊ ㄇㄨˋ
特別助理,1,ㄊㄜˋ ㄅㄧㄝˊ ㄓㄨˋ ㄌㄧˇ
特別三○一條款,1,ㄊㄜˋ ㄅㄧㄝˊ ㄙㄢ ㄌㄧㄥˊ ㄧ ㄊㄧㄠˊ ㄎㄨㄢˇ
特派,1,ㄊㄜˋ ㄆㄞˋ
特派員,1,ㄊㄜˋ ㄆㄞˋ ㄩㄢˊ
特賣,1,ㄊㄜˋ ㄇㄞˋ
特大,1,ㄊㄜˋ ㄉㄚˋ
特等,1,ㄊㄜˋ ㄉㄥˇ
特地,1,ㄊㄜˋ ㄉㄧˋ
特點,1,ㄊㄜˋ ㄉㄧㄢˇ
特定,1,ㄊㄜˋ ㄉㄧㄥˋ
特立獨行,1,ㄊㄜˋ ㄌㄧˋ ㄉㄨˊ ㄒㄧㄥˊ
特例,1,ㄊㄜˋ ㄌㄧˋ
特洛伊城,1,ㄊㄜˋ ㄌㄨㄛˋ ㄧ ㄔㄥˊ
特稿,1,ㄊㄜˋ ㄍㄠˇ
特工,1,ㄊㄜˋ ㄍㄨㄥ
特攻隊,1,ㄊㄜˋ ㄍㄨㄥ ㄉㄨㄟˋ
特考,1,ㄊㄜˋ ㄎㄠˇ
特刊,1,ㄊㄜˋ ㄎㄢ
特惠,1,ㄊㄜˋ ㄏㄨㄟˋ
特級,1,ㄊㄜˋ ㄐㄧˊ
特輯,1,ㄊㄜˋ ㄐㄧˊ
特技,1,ㄊㄜˋ ㄐㄧˋ
特價,1,ㄊㄜˋ ㄐㄧㄚˋ
特價品,1,ㄊㄜˋ ㄐㄧㄚˋ ㄆㄧㄣˇ
特教,1,ㄊㄜˋ ㄐㄧㄠˋ
特獎,1,ㄊㄜˋ ㄐㄧㄤˇ
特遣,1,ㄊㄜˋ ㄑㄧㄢˇ
特勤,1,ㄊㄜˋ ㄑㄧㄣˊ
特強,1,ㄊㄜˋ ㄑㄧㄤˊ
特區,1,ㄊㄜˋ ㄑㄩ
特權,1,ㄊㄜˋ ㄑㄩㄢˊ
特寫,1,ㄊㄜˋ ㄒㄧㄝˇ
特效,1,ㄊㄜˋ ㄒㄧㄠˋ
特效藥,1,ㄊㄜˋ ㄒㄧㄠˋ ㄧㄠˋ
特性,1,ㄊㄜˋ ㄒㄧㄥˋ
特許,1,ㄊㄜˋ ㄒㄩˇ
特許費,1,ㄊㄜˋ ㄒㄩˇ ㄈㄟˋ
特選,1,ㄊㄜˋ ㄒㄩㄢˇ
特支,1,ㄊㄜˋ ㄓ
特質,1,ㄊㄜˋ ㄓˊ
特製,1,ㄊㄜˋ ㄓˋ
特展,1,ㄊㄜˋ ㄓㄢˇ
特徵,1,ㄊㄜˋ ㄓㄥ
特准,1,ㄊㄜˋ ㄓㄨㄣˇ
特種,1,ㄊㄜˋ ㄓㄨㄥˇ
特種部隊,1,ㄊㄜˋ ㄓㄨㄥˇ ㄅㄨˋ ㄉㄨㄟˋ
特種考試,1,ㄊㄜˋ ㄓㄨㄥˇ ㄎㄠˇ ㄕˋ
特產,1,ㄊㄜˋ ㄔㄢˇ
特長,1,ㄊㄜˋ ㄔㄤˊ
特出,1,ㄊㄜˋ ㄔㄨ
特使,1,ㄊㄜˋ ㄕˇ
特赦,1,ㄊㄜˋ ㄕㄜˋ
特殊,1,ㄊㄜˋ ㄕㄨ
特殊教育,1,ㄊㄜˋ ㄕㄨ ㄐㄧㄠˋ ㄩˋ
特餐,1,ㄊㄜˋ ㄘㄢ
特色,1,ㄊㄜˋ ㄙㄜˋ
特異,1,ㄊㄜˋ ㄧˋ
特異功能,1,ㄊㄜˋ ㄧˋ ㄍㄨㄥ ㄋㄥˊ
特意,1,ㄊㄜˋ ㄧˋ
特優,1,ㄊㄜˋ ㄧㄡ
特有,1,ㄊㄜˋ ㄧㄡˇ
特務,1,ㄊㄜˋ ㄨˋ
特約,1,ㄊㄜˋ ㄩㄝ
慝,1,ㄊㄜˋ
胎,1,ㄊㄞ
胎盤,1,ㄊㄞ ㄆㄢˊ
胎記,1,ㄊㄞ ㄐㄧˋ
胎教,1,ㄊㄞ ㄐㄧㄠˋ
胎生,1,ㄊㄞ ㄕㄥ
胎死腹中,1,ㄊㄞ ㄙˇ ㄈㄨˋ ㄓㄨㄥ
胎兒,1,ㄊㄞ ㄦˊ
抬,1,ㄊㄞˊ
抬頭,1,ㄊㄞˊ ㄊㄡˊ
抬頭挺胸,1,ㄊㄞˊ ㄊㄡˊ ㄊㄧㄥˇ ㄒㄩㄥ
抬高,1,ㄊㄞˊ ㄍㄠ
抬槓,1,ㄊㄞˊ ㄍㄤˋ
抬價,1,ㄊㄞˊ ㄐㄧㄚˋ
抬轎,1,ㄊㄞˊ ㄐㄧㄠˋ
抬愛,1,ㄊㄞˊ ㄞˋ
邰,1,ㄊㄞˊ
苔,1,ㄊㄞˊ
跆,1,ㄊㄞˊ
跆拳道,1,ㄊㄞˊ ㄑㄩㄢˊ ㄉㄠˋ
颱,1,ㄊㄞˊ
颱風,1,ㄊㄞˊ ㄈㄥ
颱風眼,1,ㄊㄞˊ ㄈㄥ ㄧㄢˇ
駘,1,ㄊㄞˊ
臺,1,ㄊㄞˊ
臺風,1,ㄊㄞˊ ㄈㄥ
臺甫,1,ㄊㄞˊ ㄈㄨˇ
臺地,1,ㄊㄞˊ ㄉㄧˋ
臺端,1,ㄊㄞˊ ㄉㄨㄢ
臺兩,1,ㄊㄞˊ ㄌㄧㄤˇ
臺基,1,ㄊㄞˊ ㄐㄧ
臺階,1,ㄊㄞˊ ㄐㄧㄝ
臺錢,1,ㄊㄞˊ ㄑㄧㄢˊ
臺柱,1,ㄊㄞˊ ㄓㄨˋ
臺省,1,ㄊㄞˊ ㄕㄥˇ
臺詞,1,ㄊㄞˊ ㄘˊ
臺灣,1,ㄊㄞˊ ㄨㄢ
臺灣光復節,1,ㄊㄞˊ ㄨㄢ ㄍㄨㄤ ㄈㄨˋ ㄐㄧㄝˊ
臺灣海峽,1,ㄊㄞˊ ㄨㄢ ㄏㄞˇ ㄒㄧㄚˊ
臺灣黑熊,1,ㄊㄞˊ ㄨㄢ ㄏㄟ ㄒㄩㄥˊ
臺灣精品,1,ㄊㄞˊ ㄨㄢ ㄐㄧㄥ ㄆㄧㄣˇ
臺灣學術網路,1,ㄊㄞˊ ㄨㄢ ㄒㄩㄝˊ ㄕㄨˋ ㄨㄤˇ ㄌㄨˋ
檯,1,ㄊㄞˊ
檯面,1,ㄊㄞˊ ㄇㄧㄢˋ
檯子,1,ㄊㄞˊ ㄗ˙
太,1,ㄊㄞˋ
太白粉,1,ㄊㄞˋ ㄅㄞˊ ㄈㄣˇ
太白金星,1,ㄊㄞˋ ㄅㄞˊ ㄐㄧㄣ ㄒㄧㄥ
太保,1,ㄊㄞˋ ㄅㄠˇ
太平,1,ㄊㄞˋ ㄆㄧㄥˊ
太平門,1,ㄊㄞˋ ㄆㄧㄥˊ ㄇㄣˊ
太平梯,1,ㄊㄞˋ ㄆㄧㄥˊ ㄊㄧ
太平間,1,ㄊㄞˋ ㄆㄧㄥˊ ㄐㄧㄢ
太平盛世,1,ㄊㄞˋ ㄆㄧㄥˊ ㄕㄥˋ ㄕˋ
太平洋,1,ㄊㄞˋ ㄆㄧㄥˊ ㄧㄤˊ
太妹,1,ㄊㄞˋ ㄇㄟˋ
太夫人,1,ㄊㄞˋ ㄈㄨ ㄖㄣˊ
太太,1,ㄊㄞˋ ㄊㄞ˙
太空,1,ㄊㄞˋ ㄎㄨㄥ
太空漫步,1,ㄊㄞˋ ㄎㄨㄥ ㄇㄢˋ ㄅㄨˋ
太空科學,1,ㄊㄞˋ ㄎㄨㄥ ㄎㄜ ㄒㄩㄝˊ
太空劇場,1,ㄊㄞˋ ㄎㄨㄥ ㄐㄩˋ ㄔㄤˇ
太空站,1,ㄊㄞˋ ㄎㄨㄥ ㄓㄢˋ
太空船,1,ㄊㄞˋ ㄎㄨㄥ ㄔㄨㄢˊ
太空人,1,ㄊㄞˋ ㄎㄨㄥ ㄖㄣˊ
太空總署,1,ㄊㄞˋ ㄎㄨㄥ ㄗㄨㄥˇ ㄕㄨˇ
太空艙,1,ㄊㄞˋ ㄎㄨㄥ ㄘㄤ
太空梭,1,ㄊㄞˋ ㄎㄨㄥ ㄙㄨㄛ
太空衣,1,ㄊㄞˋ ㄎㄨㄥ ㄧ
太后,1,ㄊㄞˋ ㄏㄡˋ
太極,1,ㄊㄞˋ ㄐㄧˊ
太極拳,1,ㄊㄞˋ ㄐㄧˊ ㄑㄩㄢˊ
太監,1,ㄊㄞˋ ㄐㄧㄢˋ
太虛,1,ㄊㄞˋ ㄒㄩ
太師椅,1,ㄊㄞˋ ㄕ ㄧˇ
太守,1,ㄊㄞˋ ㄕㄡˇ
太上皇,1,ㄊㄞˋ ㄕㄤˋ ㄏㄨㄤˊ
太子,1,ㄊㄞˋ ㄗˇ
太宰,1,ㄊㄞˋ ㄗㄞˇ
太祖,1,ㄊㄞˋ ㄗㄨˇ
太座,1,ㄊㄞˋ ㄗㄨㄛˋ
太宗,1,ㄊㄞˋ ㄗㄨㄥ
太歲,1,ㄊㄞˋ ㄙㄨㄟˋ
太醫,1,ㄊㄞˋ ㄧ
太陰,1,ㄊㄞˋ ㄧㄣ
太陽,1,ㄊㄞˋ ㄧㄤˊ
太陽能,1,ㄊㄞˋ ㄧㄤˊ ㄋㄥˊ
太陽黑子,1,ㄊㄞˋ ㄧㄤˊ ㄏㄟ ㄗˇ
太陽系,1,ㄊㄞˋ ㄧㄤˊ ㄒㄧˋ
太陽穴,1,ㄊㄞˋ ㄧㄤˊ ㄒㄩㄝˋ
太陽眼鏡,1,ㄊㄞˋ ㄧㄤˊ ㄧㄢˇ ㄐㄧㄥˋ
汰,1,ㄊㄞˋ
汰換,1,ㄊㄞˋ ㄏㄨㄢˋ
汰舊換新,1,ㄊㄞˋ ㄐㄧㄡˋ ㄏㄨㄢˋ ㄒㄧㄣ
肽,1,ㄊㄞˋ
鈦,1,ㄊㄞˋ
泰,1,ㄊㄞˋ
泰斗,1,ㄊㄞˋ ㄉㄡˇ
泰山,1,ㄊㄞˋ ㄕㄢ
泰山北斗,1,ㄊㄞˋ ㄕㄢ ㄅㄟˇ ㄉㄡˇ
泰山壓頂,1,ㄊㄞˋ ㄕㄢ ㄧㄚ ㄉㄧㄥˇ
泰然,1,ㄊㄞˋ ㄖㄢˊ
泰然自若,1,ㄊㄞˋ ㄖㄢˊ ㄗˋ ㄖㄨㄛˋ
態,1,ㄊㄞˋ
態度,1,ㄊㄞˋ ㄉㄨˋ
態勢,1,ㄊㄞˋ ㄕˋ
叨,1,ㄊㄠ
叨光,1,ㄊㄠ ㄍㄨㄤ
叨擾,1,ㄊㄠ ㄖㄠˇ
掏,1,ㄊㄠ
掏空,1,ㄊㄠ ㄎㄨㄥ
掏錢,1,ㄊㄠ ㄑㄧㄢˊ
掏腰包,1,ㄊㄠ ㄧㄠ ㄅㄠ
滔,1,ㄊㄠ
滔滔,1,ㄊㄠ ㄊㄠ
滔滔不絕,1,ㄊㄠ ㄊㄠ ㄅㄨˋ ㄐㄩㄝˊ
滔滔雄辯,1,ㄊㄠ ㄊㄠ ㄒㄩㄥˊ ㄅㄧㄢˋ
滔天,1,ㄊㄠ ㄊㄧㄢ
滔天大罪,1,ㄊㄠ ㄊㄧㄢ ㄉㄚˋ ㄗㄨㄟˋ
搯,1,ㄊㄠ
韜,1,ㄊㄠ
韜光,1,ㄊㄠ ㄍㄨㄤ
韜光養晦,1,ㄊㄠ ㄍㄨㄤ ㄧㄤˇ ㄏㄨㄟˋ
絛,1,ㄊㄠ
饕,1,ㄊㄠ
饕餮,1,ㄊㄠ ㄊㄧㄝˋ
桃,1,ㄊㄠˊ
桃符,1,ㄊㄠˊ ㄈㄨˊ
桃太郎,1,ㄊㄠˊ ㄊㄞˋ ㄌㄤˊ
桃李,1,ㄊㄠˊ ㄌㄧˇ
桃李不言下自成蹊,1,ㄊㄠˊ ㄌㄧˇ ㄅㄨˋ ㄧㄢˊ ㄒㄧㄚˋ ㄗˋ ㄔㄥˊ ㄒㄧ
桃李滿天下,1,ㄊㄠˊ ㄌㄧˇ ㄇㄢˇ ㄊㄧㄢ ㄒㄧㄚˋ
桃花,1,ㄊㄠˊ ㄏㄨㄚ
桃花劫,1,ㄊㄠˊ ㄏㄨㄚ ㄐㄧㄝˊ
桃花眼,1,ㄊㄠˊ ㄏㄨㄚ ㄧㄢˇ
桃花源,1,ㄊㄠˊ ㄏㄨㄚ ㄩㄢˊ
桃花運,1,ㄊㄠˊ ㄏㄨㄚ ㄩㄣˋ
桃紅,1,ㄊㄠˊ ㄏㄨㄥˊ
桃紅柳綠,1,ㄊㄠˊ ㄏㄨㄥˊ ㄌㄧㄡˇ ㄌㄩˋ
桃子,1,ㄊㄠˊ ㄗ˙
桃色,1,ㄊㄠˊ ㄙㄜˋ
桃色糾紛,1,ㄊㄠˊ ㄙㄜˋ ㄐㄧㄡ ㄈㄣ
桃源,1,ㄊㄠˊ ㄩㄢˊ
桃園結義,1,ㄊㄠˊ ㄩㄢˊ ㄐㄧㄝˊ ㄧˋ
逃,1,ㄊㄠˊ
逃避,1,ㄊㄠˊ ㄅㄧˋ
逃兵,1,ㄊㄠˊ ㄅㄧㄥ
逃跑,1,ㄊㄠˊ ㄆㄠˇ
逃命,1,ㄊㄠˊ ㄇㄧㄥˋ
逃犯,1,ㄊㄠˊ ㄈㄢˋ
逃脫,1,ㄊㄠˊ ㄊㄨㄛ
逃難,1,ㄊㄠˊ ㄋㄢˋ
逃匿,1,ㄊㄠˊ ㄋㄧˋ
逃漏,1,ㄊㄠˊ ㄌㄡˋ
逃漏稅,1,ㄊㄠˊ ㄌㄡˋ ㄕㄨㄟˋ
逃離,1,ㄊㄠˊ ㄌㄧˊ
逃荒,1,ㄊㄠˊ ㄏㄨㄤ
逃家,1,ㄊㄠˊ ㄐㄧㄚ
逃學,1,ㄊㄠˊ ㄒㄩㄝˊ
逃之夭夭,1,ㄊㄠˊ ㄓ ㄧㄠ ㄧㄠ
逃生,1,ㄊㄠˊ ㄕㄥ
逃稅,1,ㄊㄠˊ ㄕㄨㄟˋ
逃走,1,ㄊㄠˊ ㄗㄡˇ
逃罪,1,ㄊㄠˊ ㄗㄨㄟˋ
逃竄,1,ㄊㄠˊ ㄘㄨㄢˋ
逃逸,1,ㄊㄠˊ ㄧˋ
逃亡,1,ㄊㄠˊ ㄨㄤˊ
逃獄,1,ㄊㄠˊ ㄩˋ
淘,1,ㄊㄠˊ
淘汰,1,ㄊㄠˊ ㄊㄞˋ
淘汰賽,1,ㄊㄠˊ ㄊㄞˋ ㄙㄞˋ
淘空,1,ㄊㄠˊ ㄎㄨㄥ
淘金,1,ㄊㄠˊ ㄐㄧㄣ
淘金夢,1,ㄊㄠˊ ㄐㄧㄣ ㄇㄥˋ
淘金客,1,ㄊㄠˊ ㄐㄧㄣ ㄎㄜˋ
淘氣,1,ㄊㄠˊ ㄑㄧˋ
啕,1,ㄊㄠˊ
陶,1,ㄊㄠˊ
陶土,1,ㄊㄠˊ ㄊㄨˇ
陶器,1,ㄊㄠˊ ㄑㄧˋ
陶鑄,1,ㄊㄠˊ ㄓㄨˋ
陶然,1,ㄊㄠˊ ㄖㄢˊ
陶醉,1,ㄊㄠˊ ㄗㄨㄟˋ
陶偶,1,ㄊㄠˊ ㄡˇ
陶藝,1,ㄊㄠˊ ㄧˋ
陶冶,1,ㄊㄠˊ ㄧㄝˇ
萄,1,ㄊㄠˊ
濤,1,ㄊㄠˊ
燾,1,ㄊㄠˊ
討,1,ㄊㄠˇ
討便宜,1,ㄊㄠˇ ㄆㄧㄢˊ ㄧˊ
討伐,1,ㄊㄠˇ ㄈㄚ
討飯,1,ㄊㄠˇ ㄈㄢˋ
討論,1,ㄊㄠˇ ㄌㄨㄣˋ
討海人,1,ㄊㄠˇ ㄏㄞˇ ㄖㄣˊ
討好,1,ㄊㄠˇ ㄏㄠˇ
討價還價,1,ㄊㄠˇ ㄐㄧㄚˋ ㄏㄨㄢˊ ㄐㄧㄚˋ
討教,1,ㄊㄠˇ ㄐㄧㄠˋ
討救兵,1,ㄊㄠˇ ㄐㄧㄡˋ ㄅㄧㄥ
討債,1,ㄊㄠˇ ㄓㄞˋ
討生活,1,ㄊㄠˇ ㄕㄥ ㄏㄨㄛˊ
討人情,1,ㄊㄠˇ ㄖㄣˊ ㄑㄧㄥˊ
討厭,1,ㄊㄠˇ ㄧㄢˋ
套,1,ㄊㄠˋ
套房,1,ㄊㄠˋ ㄈㄤˊ
套頭,1,ㄊㄠˋ ㄊㄡˊ
套牢,1,ㄊㄠˋ ㄌㄠˊ
套利,1,ㄊㄠˋ ㄌㄧˋ
套匯,1,ㄊㄠˋ ㄏㄨㄟˋ
套交情,1,ㄊㄠˋ ㄐㄧㄠ ㄑㄧㄥˊ
套間,1,ㄊㄠˋ ㄐㄧㄢ
套招,1,ㄊㄠˋ ㄓㄠ
套裝,1,ㄊㄠˋ ㄓㄨㄤ
套裝旅遊,1,ㄊㄠˋ ㄓㄨㄤ ㄌㄩˇ ㄧㄡˊ
套裝軟體,1,ㄊㄠˋ ㄓㄨㄤ ㄖㄨㄢˇ ㄊㄧˇ
套餐,1,ㄊㄠˋ ㄘㄢ
套色,1,ㄊㄠˋ ㄙㄜˋ
套印,1,ㄊㄠˋ ㄧㄣˋ
套用,1,ㄊㄠˋ ㄩㄥˋ
偷,1,ㄊㄡ
偷跑,1,ㄊㄡ ㄆㄠˇ
偷得浮生半日閒,1,ㄊㄡ ㄉㄜˊ ㄈㄨˊ ㄕㄥ ㄅㄢˋ ㄖˋ ㄒㄧㄢˊ
偷盜,1,ㄊㄡ ㄉㄠˋ
偷渡,1,ㄊㄡ ㄉㄨˋ
偷渡客,1,ㄊㄡ ㄉㄨˋ ㄎㄜˋ
偷偷的,1,ㄊㄡ ㄊㄡ ㄉㄜ˙
偷偷摸摸,1,ㄊㄡ ㄊㄡ ㄇㄛ ㄇㄛ
偷天換日,1,ㄊㄡ ㄊㄧㄢ ㄏㄨㄢˋ ㄖˋ
竊聽器,1,ㄑㄧㄝˋ ㄊㄧㄥ ㄑㄧˋ
偷懶,1,ㄊㄡ ㄌㄢˇ
偷工減料,1,ㄊㄡ ㄍㄨㄥ ㄐㄧㄢˇ ㄌㄧㄠˋ
偷空,1,ㄊㄡ ㄎㄨㄥˋ
偷雞不著蝕把米,1,ㄊㄡ ㄐㄧ ㄅㄨˋ ㄓㄠˊ ㄕˊ ㄅㄚˇ ㄇㄧˇ
偷雞摸狗,1,ㄊㄡ ㄐㄧ ㄇㄛ ㄍㄡˇ
偷竊,1,ㄊㄡ ㄑㄧㄝˋ
偷情,1,ㄊㄡ ㄑㄧㄥˊ
偷襲,1,ㄊㄡ ㄒㄧˊ
偷笑,1,ㄊㄡ ㄒㄧㄠˋ
偷閒,1,ㄊㄡ ㄒㄧㄢˊ
偷嚐禁果,1,ㄊㄡ ㄔㄤˊ ㄐㄧㄣˋ ㄍㄨㄛˇ
偷生,1,ㄊㄡ ㄕㄥ
偷兒,1,ㄊㄡ ㄦ
投,1,ㄊㄡˊ
投保,1,ㄊㄡˊ ㄅㄠˇ
投奔,1,ㄊㄡˊ ㄅㄣ
投筆從戎,1,ㄊㄡˊ ㄅㄧˇ ㄘㄨㄥˊ ㄖㄨㄥˊ
投標,1,ㄊㄡˊ ㄅㄧㄠ
投鞭斷流,1,ㄊㄡˊ ㄅㄧㄢ ㄉㄨㄢˋ ㄌㄧㄡˊ
投票,1,ㄊㄡˊ ㄆㄧㄠˋ
投票權,1,ㄊㄡˊ ㄆㄧㄠˋ ㄑㄩㄢˊ
投彈,1,ㄊㄡˊ ㄉㄢˋ
投遞,1,ㄊㄡˊ ㄉㄧˋ
投胎,1,ㄊㄡˊ ㄊㄞ
投桃報李,1,ㄊㄡˊ ㄊㄠˊ ㄅㄠˋ ㄌㄧˇ
投稿,1,ㄊㄡˊ ㄍㄠˇ
投考,1,ㄊㄡˊ ㄎㄠˇ
投靠,1,ㄊㄡˊ ㄎㄠˋ
投合,1,ㄊㄡˊ ㄏㄜˊ
投懷送抱,1,ㄊㄡˊ ㄏㄨㄞˊ ㄙㄨㄥˋ ㄅㄠˋ
投機,1,ㄊㄡˊ ㄐㄧ
投機分子,1,ㄊㄡˊ ㄐㄧ ㄈㄣˋ ㄗˇ
投機取巧,1,ㄊㄡˊ ㄐㄧ ㄑㄩˇ ㄑㄧㄠˇ
投寄,1,ㄊㄡˊ ㄐㄧˋ
投江,1,ㄊㄡˊ ㄐㄧㄤ
投其所好,1,ㄊㄡˊ ㄑㄧˊ ㄙㄨㄛˇ ㄏㄠˋ
投契,1,ㄊㄡˊ ㄑㄧˋ
投效,1,ㄊㄡˊ ㄒㄧㄠˋ
投現,1,ㄊㄡˊ ㄒㄧㄢˋ
投降,1,ㄊㄡˊ ㄒㄧㄤˊ
投擲,1,ㄊㄡˊ ㄓˊ
投注,1,ㄊㄡˊ ㄓㄨˋ
投誠,1,ㄊㄡˊ ㄔㄥˊ
投石問路,1,ㄊㄡˊ ㄕˊ ㄨㄣˋ ㄌㄨˋ
投射,1,ㄊㄡˊ ㄕㄜˋ
投手,1,ㄊㄡˊ ㄕㄡˇ
投手犯規,1,ㄊㄡˊ ㄕㄡˇ ㄈㄢˋ ㄍㄨㄟ
投手防禦率,1,ㄊㄡˊ ㄕㄡˇ ㄈㄤˊ ㄩˋ ㄌㄩˋ
投身,1,ㄊㄡˊ ㄕㄣ
投生,1,ㄊㄡˊ ㄕㄥ
投書,1,ㄊㄡˊ ㄕㄨ
投鼠忌器,1,ㄊㄡˊ ㄕㄨˇ ㄐㄧˋ ㄑㄧˋ
投水,1,ㄊㄡˊ ㄕㄨㄟˇ
投入,1,ㄊㄡˊ ㄖㄨˋ
投資,1,ㄊㄡˊ ㄗ
投資報酬率,1,ㄊㄡˊ ㄗ ㄅㄠˋ ㄔㄡˊ ㄌㄩˋ
投資公司,1,ㄊㄡˊ ㄗ ㄍㄨㄥ ㄙ
投資人,1,ㄊㄡˊ ㄗ ㄖㄣˊ
投資額,1,ㄊㄡˊ ㄗ ㄜˊ
投宿,1,ㄊㄡˊ ㄙㄨˋ
投訴,1,ㄊㄡˊ ㄙㄨˋ
投訴無門,1,ㄊㄡˊ ㄙㄨˋ ㄨˊ ㄇㄣˊ
投案,1,ㄊㄡˊ ㄢˋ
投藥,1,ㄊㄡˊ ㄧㄠˋ
投影,1,ㄊㄡˊ ㄧㄥˇ
投影片,1,ㄊㄡˊ ㄧㄥˇ ㄆㄧㄢˋ
投影機,1,ㄊㄡˊ ㄧㄥˇ ㄐㄧ
投緣,1,ㄊㄡˊ ㄩㄢˊ
骰,1,ㄊㄡˊ
骰子,1,ㄊㄡˊ ㄗ˙
頭,1,ㄊㄡˊ
頭版,1,ㄊㄡˊ ㄅㄢˇ
頭部,1,ㄊㄡˊ ㄅㄨˋ
頭破血流,1,ㄊㄡˊ ㄆㄛˋ ㄒㄧㄝˇ ㄌㄧㄡˊ
頭皮,1,ㄊㄡˊ ㄆㄧˊ
頭皮屑,1,ㄊㄡˊ ㄆㄧˊ ㄒㄧㄝˋ
頭目,1,ㄊㄡˊ ㄇㄨˋ
頭髮,1,ㄊㄡˊ ㄈㄚˇ
頭大,1,ㄊㄡˊ ㄉㄚˋ
頭等,1,ㄊㄡˊ ㄉㄥˇ
頭等艙,1,ㄊㄡˊ ㄉㄥˇ ㄘㄤ
頭頂,1,ㄊㄡˊ ㄉㄧㄥˇ
頭套,1,ㄊㄡˊ ㄊㄠˋ
頭頭是道,1,ㄊㄡˊ ㄊㄡˊ ㄕˋ ㄉㄠˋ
頭疼,1,ㄊㄡˊ ㄊㄥˊ
頭條新聞,1,ㄊㄡˊ ㄊㄧㄠˊ ㄒㄧㄣ ㄨㄣˊ
頭痛,1,ㄊㄡˊ ㄊㄨㄥˋ
頭腦,1,ㄊㄡˊ ㄋㄠˇ
頭腦體操,1,ㄊㄡˊ ㄋㄠˇ ㄊㄧˇ ㄘㄠ
頭腦簡單,1,ㄊㄡˊ ㄋㄠˇ ㄐㄧㄢˇ ㄉㄢ
頭領,1,ㄊㄡˊ ㄌㄧㄥˇ
頭顱,1,ㄊㄡˊ ㄌㄨˊ
頭路,1,ㄊㄡˊ ㄌㄨˋ
頭蓋骨,1,ㄊㄡˊ ㄍㄞˋ ㄍㄨˇ
頭骨,1,ㄊㄡˊ ㄍㄨˇ
頭盔,1,ㄊㄡˊ ㄎㄨㄟ
頭號,1,ㄊㄡˊ ㄏㄠˋ
頭昏,1,ㄊㄡˊ ㄏㄨㄣ
頭昏腦脹,1,ㄊㄡˊ ㄏㄨㄣ ㄋㄠˇ ㄓㄤˋ
頭昏眼花,1,ㄊㄡˊ ㄏㄨㄣ ㄧㄢˇ ㄏㄨㄚ
頭家,1,ㄊㄡˊ ㄐㄧㄚ
頭角,1,ㄊㄡˊ ㄐㄧㄠˇ
頭角崢嶸,1,ㄊㄡˊ ㄐㄧㄠˇ ㄓㄥ ㄖㄨㄥˊ
頭巾,1,ㄊㄡˊ ㄐㄧㄣ
頭獎,1,ㄊㄡˊ ㄐㄧㄤˇ
頭七,1,ㄊㄡˊ ㄑㄧ
頭銜,1,ㄊㄡˊ ㄒㄧㄢˊ
頭緒,1,ㄊㄡˊ ㄒㄩˋ
頭罩,1,ㄊㄡˊ ㄓㄠˋ
頭重腳輕,1,ㄊㄡˊ ㄓㄨㄥˋ ㄐㄧㄠˇ ㄑㄧㄥ
頭籌,1,ㄊㄡˊ ㄔㄡˊ
頭蝨,1,ㄊㄡˊ ㄕ
頭飾,1,ㄊㄡˊ ㄕˋ
頭紗,1,ㄊㄡˊ ㄕㄚ
頭子,1,ㄊㄡˊ ㄗ˙
頭彩,1,ㄊㄡˊ ㄘㄞˇ
頭寸,1,ㄊㄡˊ ㄘㄨㄣˋ
頭兒,1,ㄊㄡˊ ㄦ
頭尾,1,ㄊㄡˊ ㄨㄟˇ
頭暈,1,ㄊㄡˊ ㄩㄣ
頭暈目眩,1,ㄊㄡˊ ㄩㄣ ㄇㄨˋ ㄒㄩㄢˋ
頭暈眼花,1,ㄊㄡˊ ㄩㄣ ㄧㄢˇ ㄏㄨㄚ
透,1,ㄊㄡˋ
透明,1,ㄊㄡˋ ㄇㄧㄥˊ
透明化,1,ㄊㄡˋ ㄇㄧㄥˊ ㄏㄨㄚˋ
透風,1,ㄊㄡˋ ㄈㄥ
透頂,1,ㄊㄡˋ ㄉㄧㄥˇ
透天厝,1,ㄊㄡˋ ㄊㄧㄢ ㄘㄨㄛˋ
透露,1,ㄊㄡˋ ㄌㄨˋ
透過,1,ㄊㄡˋ ㄍㄨㄛˋ
透光,1,ㄊㄡˋ ㄍㄨㄤ
透鏡,1,ㄊㄡˋ ㄐㄧㄥˋ
透氣,1,ㄊㄡˋ ㄑㄧˋ
透析,1,ㄊㄡˋ ㄒㄧ
透支,1,ㄊㄡˋ ㄓ
透澈,1,ㄊㄡˋ ㄔㄜˋ
透視,1,ㄊㄡˋ ㄕˋ
透視圖,1,ㄊㄡˋ ㄕˋ ㄊㄨˊ
坍,1,ㄊㄢ
坍方,1,ㄊㄢ ㄈㄤ
坍塌,1,ㄊㄢ ㄊㄚ
坍臺,1,ㄊㄢ ㄊㄞˊ
坍落,1,ㄊㄢ ㄌㄨㄛˋ
貪,1,ㄊㄢ
貪杯,1,ㄊㄢ ㄅㄟ
貪便宜,1,ㄊㄢ ㄆㄧㄢˊ ㄧˊ
貪得無厭,1,ㄊㄢ ㄉㄜˊ ㄨˊ ㄧㄢˋ
貪瀆,1,ㄊㄢ ㄉㄨˊ
貪多務得,1,ㄊㄢ ㄉㄨㄛ ㄨˋ ㄉㄜˊ
貪圖,1,ㄊㄢ ㄊㄨˊ
貪婪,1,ㄊㄢ ㄌㄢˊ
貪戀,1,ㄊㄢ ㄌㄧㄢˋ
貪官,1,ㄊㄢ ㄍㄨㄢ
貪官汙吏,1,ㄊㄢ ㄍㄨㄢ ㄨ ㄌㄧˋ
貪求,1,ㄊㄢ ㄑㄧㄡˊ
貪求無饜,1,ㄊㄢ ㄑㄧㄡˊ ㄨˊ ㄧㄢˋ
貪小便宜,1,ㄊㄢ ㄒㄧㄠˇ ㄆㄧㄢˊ ㄧˊ
貪小失大,1,ㄊㄢ ㄒㄧㄠˇ ㄕ ㄉㄚˋ
貪心,1,ㄊㄢ ㄒㄧㄣ
貪心不足,1,ㄊㄢ ㄒㄧㄣ ㄅㄨˋ ㄗㄨˊ
貪生怕死,1,ㄊㄢ ㄕㄥ ㄆㄚˋ ㄙˇ
貪贓枉法,1,ㄊㄢ ㄗㄤ ㄨㄤˇ ㄈㄚˇ
貪財,1,ㄊㄢ ㄘㄞˊ
貪汙,1,ㄊㄢ ㄨ
貪玩,1,ㄊㄢ ㄨㄢˊ
貪欲,1,ㄊㄢ ㄩˋ
灘,1,ㄊㄢ
灘頭,1,ㄊㄢ ㄊㄡˊ
攤,1,ㄊㄢ
攤牌,1,ㄊㄢ ㄆㄞˊ
攤派,1,ㄊㄢ ㄆㄞˋ
攤販,1,ㄊㄢ ㄈㄢˋ
攤開,1,ㄊㄢ ㄎㄞ
攤還,1,ㄊㄢ ㄏㄨㄢˊ
攤子,1,ㄊㄢ ㄗ˙
攤位,1,ㄊㄢ ㄨㄟˋ
癱,1,ㄊㄢ
癱倒,1,ㄊㄢ ㄉㄠˇ
癱瘓,1,ㄊㄢ ㄏㄨㄢˋ
癱軟,1,ㄊㄢ ㄖㄨㄢˇ
覃,1,ㄊㄢˊ
潭,1,ㄊㄢˊ
罈,1,ㄊㄢˊ
罈子,1,ㄊㄢˊ ㄗ˙
譚,1,ㄊㄢˊ
醰,1,ㄊㄢˊ
痰,1,ㄊㄢˊ
痰盂,1,ㄊㄢˊ ㄩˊ
談,1,ㄊㄢˊ
談不上,1,ㄊㄢˊ ㄅㄨˋ ㄕㄤˋ
談不上,1,ㄊㄢˊ ㄅㄨˊ ㄕㄤˋ
談判,1,ㄊㄢˊ ㄆㄢˋ
談天,1,ㄊㄢˊ ㄊㄧㄢ
談天說地,1,ㄊㄢˊ ㄊㄧㄢ ㄕㄨㄛ ㄉㄧˋ
談吐,1,ㄊㄢˊ ㄊㄨˇ
談妥,1,ㄊㄢˊ ㄊㄨㄛˇ
談戀愛,1,ㄊㄢˊ ㄌㄧㄢˋ ㄞˋ
談論,1,ㄊㄢˊ ㄌㄨㄣˋ
談攏,1,ㄊㄢˊ ㄌㄨㄥˇ
談何容易,1,ㄊㄢˊ ㄏㄜˊ ㄖㄨㄥˊ ㄧˋ
談和,1,ㄊㄢˊ ㄏㄜˊ
談虎色變,1,ㄊㄢˊ ㄏㄨˇ ㄙㄜˋ ㄅㄧㄢˋ
談話,1,ㄊㄢˊ ㄏㄨㄚˋ
談話會,1,ㄊㄢˊ ㄏㄨㄚˋ ㄏㄨㄟˋ
談情說愛,1,ㄊㄢˊ ㄑㄧㄥˊ ㄕㄨㄛ ㄞˋ
談笑,1,ㄊㄢˊ ㄒㄧㄠˋ
談笑風生,1,ㄊㄢˊ ㄒㄧㄠˋ ㄈㄥ ㄕㄥ
談笑自如,1,ㄊㄢˊ ㄒㄧㄠˋ ㄗˋ ㄖㄨˊ
談心,1,ㄊㄢˊ ㄒㄧㄣ
談生意,1,ㄊㄢˊ ㄕㄥ ㄧ˙
談文論藝,1,ㄊㄢˊ ㄨㄣˊ ㄌㄨㄣˋ ㄧˋ
彈,1,ㄊㄢˊ
彈跳,1,ㄊㄢˊ ㄊㄧㄠˋ
彈塗魚,1,ㄊㄢˊ ㄊㄨˊ ㄩˊ
彈腿,1,ㄊㄢˊ ㄊㄨㄟˇ
彈力,1,ㄊㄢˊ ㄌㄧˋ
彈劾,1,ㄊㄢˊ ㄏㄜˊ
彈簧,1,ㄊㄢˊ ㄏㄨㄤˊ
彈簧床,1,ㄊㄢˊ ㄏㄨㄤˊ ㄔㄨㄤˊ
彈性,1,ㄊㄢˊ ㄒㄧㄥˋ
彈性疲乏,1,ㄊㄢˊ ㄒㄧㄥˋ ㄆㄧˊ ㄈㄚˊ
彈性放假,1,ㄊㄢˊ ㄒㄧㄥˋ ㄈㄤˋ ㄐㄧㄚˋ
彈性工時,1,ㄊㄢˊ ㄒㄧㄥˋ ㄍㄨㄥ ㄕˊ
彈性上班,1,ㄊㄢˊ ㄒㄧㄥˋ ㄕㄤˋ ㄅㄢ
彈指,1,ㄊㄢˊ ㄓˇ
彈唱,1,ㄊㄢˊ ㄔㄤˋ
彈奏,1,ㄊㄢˊ ㄗㄡˋ
彈詞,1,ㄊㄢˊ ㄘˊ
澹,1,ㄊㄢˊ
壇,1,ㄊㄢˊ
檀,1,ㄊㄢˊ
檀香,1,ㄊㄢˊ ㄒㄧㄤ
曇,1,ㄊㄢˊ
曇花,1,ㄊㄢˊ ㄏㄨㄚ
曇花一現,1,ㄊㄢˊ ㄏㄨㄚ ㄧ ㄒㄧㄢˋ
曇花一現,1,ㄊㄢˊ ㄏㄨㄚ ㄧˊ ㄒㄧㄢˋ
忐,1,ㄊㄢˇ
忐忑,1,ㄊㄢˇ ㄊㄜˋ
忐忑不安,1,ㄊㄢˇ ㄊㄜˋ ㄅㄨˋ ㄢ
坦,1,ㄊㄢˇ
坦白,1,ㄊㄢˇ ㄅㄞˊ
坦腹東床,1,ㄊㄢˇ ㄈㄨˋ ㄉㄨㄥ ㄔㄨㄤˊ
坦蕩,1,ㄊㄢˇ ㄉㄤˋ
坦蕩蕩,1,ㄊㄢˇ ㄉㄤˋ ㄉㄤˋ
坦途,1,ㄊㄢˇ ㄊㄨˊ
坦克,1,ㄊㄢˇ ㄎㄜˋ
坦克車,1,ㄊㄢˇ ㄎㄜˋ ㄔㄜ
坦誠,1,ㄊㄢˇ ㄔㄥˊ
坦承,1,ㄊㄢˇ ㄔㄥˊ
坦率,1,ㄊㄢˇ ㄕㄨㄞˋ
坦然,1,ㄊㄢˇ ㄖㄢˊ
坦言,1,ㄊㄢˇ ㄧㄢˊ
袒,1,ㄊㄢˇ
袒護,1,ㄊㄢˇ ㄏㄨˋ
毯,1,ㄊㄢˇ
毯子,1,ㄊㄢˇ ㄗ˙
炭,1,ㄊㄢˋ
炭筆,1,ㄊㄢˋ ㄅㄧˇ
炭烤,1,ㄊㄢˋ ㄎㄠˇ
炭化,1,ㄊㄢˋ ㄏㄨㄚˋ
炭火,1,ㄊㄢˋ ㄏㄨㄛˇ
碳,1,ㄊㄢˋ
碳化,1,ㄊㄢˋ ㄏㄨㄚˋ
碳化物,1,ㄊㄢˋ ㄏㄨㄚˋ ㄨˋ
碳氫化合物,1,ㄊㄢˋ ㄑㄧㄥ ㄏㄨㄚˋ ㄏㄜˊ ㄨˋ
碳纖維,1,ㄊㄢˋ ㄒㄧㄢ ㄨㄟˊ
碳水化合物,1,ㄊㄢˋ ㄕㄨㄟˇ ㄏㄨㄚˋ ㄏㄜˊ ㄨˋ
碳酸,1,ㄊㄢˋ ㄙㄨㄢ
碳酸鈣,1,ㄊㄢˋ ㄙㄨㄢ ㄍㄞˋ
探,1,ㄊㄢˋ
探班,1,ㄊㄢˋ ㄅㄢ
探病,1,ㄊㄢˋ ㄅㄧㄥˋ
探訪,1,ㄊㄢˋ ㄈㄤˇ
探底,1,ㄊㄢˋ ㄉㄧˇ
探討,1,ㄊㄢˋ ㄊㄠˇ
探頭,1,ㄊㄢˋ ㄊㄡˊ
探頭探腦,1,ㄊㄢˋ ㄊㄡˊ ㄊㄢˋ ㄋㄠˇ
探聽,1,ㄊㄢˋ ㄊㄧㄥ
探囊取物,1,ㄊㄢˋ ㄋㄤˊ ㄑㄩˇ ㄨˋ
探路,1,ㄊㄢˋ ㄌㄨˋ
探戈,1,ㄊㄢˋ ㄍㄜ
探勘,1,ㄊㄢˋ ㄎㄢ
探看,1,ㄊㄢˋ ㄎㄢˋ
探花,1,ㄊㄢˋ ㄏㄨㄚ
探究,1,ㄊㄢˋ ㄐㄧㄡˋ
探監,1,ㄊㄢˋ ㄐㄧㄢ
探求,1,ㄊㄢˋ ㄑㄧㄡˊ
探親,1,ㄊㄢˋ ㄑㄧㄣ
探悉,1,ㄊㄢˋ ㄒㄧ
探險,1,ㄊㄢˋ ㄒㄧㄢˇ
探尋,1,ㄊㄢˋ ㄒㄩㄣˊ
探詢,1,ㄊㄢˋ ㄒㄩㄣˊ
探知,1,ㄊㄢˋ ㄓ
探照燈,1,ㄊㄢˋ ㄓㄠˋ ㄉㄥ
探查,1,ㄊㄢˋ ㄔㄚˊ
探視,1,ㄊㄢˋ ㄕˋ
探身,1,ㄊㄢˋ ㄕㄣ
探子,1,ㄊㄢˋ ㄗ˙
探測,1,ㄊㄢˋ ㄘㄜˋ
探測船,1,ㄊㄢˋ ㄘㄜˋ ㄔㄨㄢˊ
探索,1,ㄊㄢˋ ㄙㄨㄛˇ
探問,1,ㄊㄢˋ ㄨㄣˋ
探望,1,ㄊㄢˋ ㄨㄤˋ
探員,1,ㄊㄢˋ ㄩㄢˊ
探源,1,ㄊㄢˋ ㄩㄢˊ
嘆,1,ㄊㄢˋ
嘆服,1,ㄊㄢˋ ㄈㄨˊ
嘆氣,1,ㄊㄢˋ ㄑㄧˋ
嘆息,1,ㄊㄢˋ ㄒㄧˊ
嘆為觀止,1,ㄊㄢˋ ㄨㄟˊ ㄍㄨㄢ ㄓˇ
歎,1,ㄊㄢˋ
湯,1,ㄊㄤ
湯湯水水,1,ㄊㄤ ㄊㄤ ㄕㄨㄟˇ ㄕㄨㄟˇ
湯糰,1,ㄊㄤ ㄊㄨㄢˊ
湯劑,1,ㄊㄤ ㄐㄧˋ
湯匙,1,ㄊㄤ ㄔˊ
湯藥,1,ㄊㄤ ㄧㄠˋ
湯圓,1,ㄊㄤ ㄩㄢˊ
蹚,1,ㄊㄤ
鏜,1,ㄊㄤ
唐,1,ㄊㄤˊ
唐突,1,ㄊㄤˊ ㄊㄨˊ
唐裝,1,ㄊㄤˊ ㄓㄨㄤ
唐菖蒲,1,ㄊㄤˊ ㄔㄤ ㄆㄨˊ
唐詩,1,ㄊㄤˊ ㄕ
唐氏症,1,ㄊㄤˊ ㄕˋ ㄓㄥˋ
唐山大地震,1,ㄊㄤˊ ㄕㄢ ㄉㄚˋ ㄉㄧˋ ㄓㄣˋ
唐人,1,ㄊㄤˊ ㄖㄣˊ
唐三藏,1,ㄊㄤˊ ㄙㄢ ㄗㄤˋ
塘,1,ㄊㄤˊ
搪,1,ㄊㄤˊ
搪缸,1,ㄊㄤˊ ㄍㄤ
搪塞,1,ㄊㄤˊ ㄙㄜˋ
糖,1,ㄊㄤˊ
糖蜜,1,ㄊㄤˊ ㄇㄧˋ
糖分,1,ㄊㄤˊ ㄈㄣˋ
糖尿病,1,ㄊㄤˊ ㄋㄧㄠˋ ㄅㄧㄥˋ
糖果,1,ㄊㄤˊ ㄍㄨㄛˇ
糖葫蘆,1,ㄊㄤˊ ㄏㄨˊ ㄌㄨˊ
糖葫蘆,1,ㄊㄤˊ ㄏㄨˊ ㄌㄨ˙
糖漿,1,ㄊㄤˊ ㄐㄧㄤ
糖廠,1,ㄊㄤˊ ㄔㄤˇ
糖水,1,ㄊㄤˊ ㄕㄨㄟˇ
糖衣,1,ㄊㄤˊ ㄧ
螗,1,ㄊㄤˊ
醣,1,ㄊㄤˊ
醣類,1,ㄊㄤˊ ㄌㄟˋ
堂,1,ㄊㄤˊ
堂妹,1,ㄊㄤˊ ㄇㄟˋ
堂弟,1,ㄊㄤˊ ㄉㄧˋ
堂堂,1,ㄊㄤˊ ㄊㄤˊ
堂堂正正,1,ㄊㄤˊ ㄊㄤˊ ㄓㄥˋ ㄓㄥˋ
堂哥,1,ㄊㄤˊ ㄍㄜ
堂皇,1,ㄊㄤˊ ㄏㄨㄤˊ
堂兄,1,ㄊㄤˊ ㄒㄩㄥ
堂上,1,ㄊㄤˊ ㄕㄤˋ
堂姊,1,ㄊㄤˊ ㄐㄧㄝˇ
堂奧,1,ㄊㄤˊ ㄠˋ
堂而皇之,1,ㄊㄤˊ ㄦˊ ㄏㄨㄤˊ ㄓ
堂屋,1,ㄊㄤˊ ㄨ
棠,1,ㄊㄤˊ
膛,1,ㄊㄤˊ
螳,1,ㄊㄤˊ
螳臂當車,1,ㄊㄤˊ ㄅㄧˋ ㄉㄤˇ ㄔㄜ
螳螂,1,ㄊㄤˊ ㄌㄤˊ
螳螂捕蟬黃雀在後,1,ㄊㄤˊ ㄌㄤˊ ㄅㄨˇ ㄔㄢˊ ㄏㄨㄤˊ ㄑㄩㄝˋ ㄗㄞˋ ㄏㄡˋ
帑,1,ㄊㄤˇ
倘,1,ㄊㄤˇ
倘使,1,ㄊㄤˇ ㄕˇ
倘若,1,ㄊㄤˇ ㄖㄨㄛˋ
淌,1,ㄊㄤˇ
躺,1,ㄊㄤˇ
躺平,1,ㄊㄤˇ ㄆㄧㄥˊ
躺下,1,ㄊㄤˇ ㄒㄧㄚˋ
躺椅,1,ㄊㄤˇ ㄧˇ
儻,1,ㄊㄤˇ
趟,1,ㄊㄤˋ
燙,1,ㄊㄤˋ
燙髮,1,ㄊㄤˋ ㄈㄚˇ
燙金,1,ㄊㄤˋ ㄐㄧㄣ
燙手,1,ㄊㄤˋ ㄕㄡˇ
燙手山芋,1,ㄊㄤˋ ㄕㄡˇ ㄕㄢ ㄩˋ
燙傷,1,ㄊㄤˋ ㄕㄤ
疼,1,ㄊㄥˊ
疼痛,1,ㄊㄥˊ ㄊㄨㄥˋ
疼惜,1,ㄊㄥˊ ㄒㄧˊ
疼愛,1,ㄊㄥˊ ㄞˋ
滕,1,ㄊㄥˊ
謄,1,ㄊㄥˊ
謄本,1,ㄊㄥˊ ㄅㄣˇ
謄錄,1,ㄊㄥˊ ㄌㄨˋ
謄寫,1,ㄊㄥˊ ㄒㄧㄝˇ
藤,1,ㄊㄥˊ
藤蔓,1,ㄊㄥˊ ㄇㄢˋ
藤條,1,ㄊㄥˊ ㄊㄧㄠˊ
藤球運動,1,ㄊㄥˊ ㄑㄧㄡˊ ㄩㄣˋ ㄉㄨㄥˋ
藤椅,1,ㄊㄥˊ ㄧˇ
騰,1,ㄊㄥˊ
騰飛,1,ㄊㄥˊ ㄈㄟ
騰騰,1,ㄊㄥˊ ㄊㄥˊ
騰空,1,ㄊㄥˊ ㄎㄨㄥ
騰出,1,ㄊㄥˊ ㄔㄨ
騰躍,1,ㄊㄥˊ ㄩㄝˋ
騰雲駕霧,1,ㄊㄥˊ ㄩㄣˊ ㄐㄧㄚˋ ㄨˋ
籐,1,ㄊㄥˊ
剔,1,ㄊㄧ
剔透,1,ㄊㄧ ㄊㄡˋ
剔除,1,ㄊㄧ ㄔㄨˊ
剔牙,1,ㄊㄧ ㄧㄚˊ
踢,1,ㄊㄧ
踢皮球,1,ㄊㄧ ㄆㄧˊ ㄑㄧㄡˊ
踢到鐵板,1,ㄊㄧ ㄉㄠˋ ㄊㄧㄝˇ ㄅㄢˇ
踢踏舞,1,ㄊㄧ ㄊㄚˋ ㄨˇ
踢腿,1,ㄊㄧ ㄊㄨㄟˇ
踢毽子,1,ㄊㄧ ㄐㄧㄢˋ ㄗ˙
踢球,1,ㄊㄧ ㄑㄧㄡˊ
梯,1,ㄊㄧ
梯田,1,ㄊㄧ ㄊㄧㄢˊ
梯形,1,ㄊㄧ ㄒㄧㄥˊ
梯子,1,ㄊㄧ ㄗ˙
梯次,1,ㄊㄧ ㄘˋ
堤,1,ㄊㄧˊ
堤壩,1,ㄊㄧˊ ㄅㄚˋ
堤防,1,ㄊㄧˊ ㄈㄤˊ
堤岸,1,ㄊㄧˊ ㄢˋ
提,1,ㄊㄧˊ
提拔,1,ㄊㄧˊ ㄅㄚˊ
提撥,1,ㄊㄧˊ ㄅㄛ
提報,1,ㄊㄧˊ ㄅㄠˋ
提筆,1,ㄊㄧˊ ㄅㄧˇ
提名,1,ㄊㄧˊ ㄇㄧㄥˊ
提防,1,ㄊㄧˊ ㄈㄤˊ
提得起放得下,1,ㄊㄧˊ ㄉㄜ˙ ㄑㄧˇ ㄈㄤˋ ㄉㄜ˙ ㄒㄧㄚˋ
提單,1,ㄊㄧˊ ㄉㄢ
提督,1,ㄊㄧˊ ㄉㄨ
提煉,1,ㄊㄧˊ ㄌㄧㄢˋ
提高,1,ㄊㄧˊ ㄍㄠ
提綱,1,ㄊㄧˊ ㄍㄤ
提綱挈領,1,ㄊㄧˊ ㄍㄤ ㄑㄧㄝˋ ㄌㄧㄥˇ
提過,1,ㄊㄧˊ ㄍㄨㄛˋ
提供,1,ㄊㄧˊ ㄍㄨㄥ
提款,1,ㄊㄧˊ ㄎㄨㄢˇ
提款卡,1,ㄊㄧˊ ㄎㄨㄢˇ ㄎㄚˇ
提款機,1,ㄊㄧˊ ㄎㄨㄢˇ ㄐㄧ
提貨單,1,ㄊㄧˊ ㄏㄨㄛˋ ㄉㄢ
提交,1,ㄊㄧˊ ㄐㄧㄠ
提起,1,ㄊㄧˊ ㄑㄧˇ
提起公訴,1,ㄊㄧˊ ㄑㄧˇ ㄍㄨㄥ ㄙㄨˋ
提前,1,ㄊㄧˊ ㄑㄧㄢˊ
提親,1,ㄊㄧˊ ㄑㄧㄣ
提琴,1,ㄊㄧˊ ㄑㄧㄣˊ
提請,1,ㄊㄧˊ ㄑㄧㄥˇ
提取,1,ㄊㄧˊ ㄑㄩˇ
提攜,1,ㄊㄧˊ ㄒㄧ
提線,1,ㄊㄧˊ ㄒㄧㄢˋ
提心吊膽,1,ㄊㄧˊ ㄒㄧㄣ ㄉㄧㄠˋ ㄉㄢˇ
提醒,1,ㄊㄧˊ ㄒㄧㄥˇ
提振,1,ㄊㄧˊ ㄓㄣˋ
提倡,1,ㄊㄧˊ ㄔㄤˋ
提稱語,1,ㄊㄧˊ ㄔㄥ ㄩˇ
提示,1,ㄊㄧˊ ㄕˋ
提神,1,ㄊㄧˊ ㄕㄣˊ
提審,1,ㄊㄧˊ ㄕㄣˇ
提升,1,ㄊㄧˊ ㄕㄥ
提早,1,ㄊㄧˊ ㄗㄠˇ
提存,1,ㄊㄧˊ ㄘㄨㄣˊ
提案,1,ㄊㄧˊ ㄢˋ
提議,1,ㄊㄧˊ ㄧˋ
提要,1,ㄊㄧˊ ㄧㄠˋ
隄,1,ㄊㄧˊ
緹,1,ㄊㄧˊ
醍,1,ㄊㄧˊ
醍醐,1,ㄊㄧˊ ㄏㄨˊ
醍醐灌頂,1,ㄊㄧˊ ㄏㄨˊ ㄍㄨㄢˋ ㄉㄧㄥˇ
題,1,ㄊㄧˊ
題跋,1,ㄊㄧˊ ㄅㄚˊ
題名,1,ㄊㄧˊ ㄇㄧㄥˊ
題目,1,ㄊㄧˊ ㄇㄨˋ
題庫,1,ㄊㄧˊ ㄎㄨˋ
題款,1,ㄊㄧˊ ㄎㄨㄢˇ
題解,1,ㄊㄧˊ ㄐㄧㄝˇ
題型,1,ㄊㄧˊ ㄒㄧㄥˊ
題署,1,ㄊㄧˊ ㄕㄨˋ
題字,1,ㄊㄧˊ ㄗˋ
題詞,1,ㄊㄧˊ ㄘˊ
題辭,1,ㄊㄧˊ ㄘˊ
題材,1,ㄊㄧˊ ㄘㄞˊ
題外話,1,ㄊㄧˊ ㄨㄞˋ ㄏㄨㄚˋ
啼,1,ㄊㄧˊ
啼哭,1,ㄊㄧˊ ㄎㄨ
啼飢號寒,1,ㄊㄧˊ ㄐㄧ ㄏㄠˊ ㄏㄢˊ
啼叫,1,ㄊㄧˊ ㄐㄧㄠˋ
啼笑皆非,1,ㄊㄧˊ ㄒㄧㄠˋ ㄐㄧㄝ ㄈㄟ
啼聲,1,ㄊㄧˊ ㄕㄥ
蹄,1,ㄊㄧˊ
鵜,1,ㄊㄧˊ
鵜鶘,1,ㄊㄧˊ ㄏㄨˊ
體,1,ㄊㄧˇ
體魄,1,ㄊㄧˇ ㄆㄛˋ
體毛,1,ㄊㄧˇ ㄇㄠˊ
體面,1,ㄊㄧˇ ㄇㄧㄢˋ
體罰,1,ㄊㄧˇ ㄈㄚˊ
體法,1,ㄊㄧˇ ㄈㄚˇ
體態,1,ㄊㄧˇ ㄊㄞˋ
體壇,1,ㄊㄧˇ ㄊㄢˊ
體貼,1,ㄊㄧˇ ㄊㄧㄝ
體貼入微,1,ㄊㄧˇ ㄊㄧㄝ ㄖㄨˋ ㄨㄟˊ
體統,1,ㄊㄧˇ ㄊㄨㄥˇ
體內美容,1,ㄊㄧˇ ㄋㄟˋ ㄇㄟˇ ㄖㄨㄥˊ
體能,1,ㄊㄧˇ ㄋㄥˊ
體念,1,ㄊㄧˇ ㄋㄧㄢˋ
體力,1,ㄊㄧˇ ㄌㄧˋ
體例,1,ㄊㄧˇ ㄌㄧˋ
體諒,1,ㄊㄧˇ ㄌㄧㄤˋ
體格,1,ㄊㄧˇ ㄍㄜˊ
體會,1,ㄊㄧˇ ㄏㄨㄟˋ
體積,1,ㄊㄧˇ ㄐㄧ
體己,1,ㄊㄧˇ ㄐㄧˇ
體己,1,ㄊㄧˇ ㄐㄧ˙
體檢,1,ㄊㄧˇ ㄐㄧㄢˇ
體腔,1,ㄊㄧˇ ㄑㄧㄤ
體系,1,ㄊㄧˇ ㄒㄧˋ
體臭,1,ㄊㄧˇ ㄒㄧㄡˋ
體現,1,ㄊㄧˇ ㄒㄧㄢˋ
體型,1,ㄊㄧˇ ㄒㄧㄥˊ
體恤,1,ㄊㄧˇ ㄒㄩˋ
體質,1,ㄊㄧˇ ㄓˊ
體制,1,ㄊㄧˇ ㄓˋ
體重,1,ㄊㄧˇ ㄓㄨㄥˋ
體重計,1,ㄊㄧˇ ㄓㄨㄥˋ ㄐㄧˋ
體察,1,ㄊㄧˇ ㄔㄚˊ
體臭,1,ㄊㄧˇ ㄔㄡˋ
體認,1,ㄊㄧˇ ㄖㄣˋ
體裁,1,ㄊㄧˇ ㄘㄞˊ
體操,1,ㄊㄧˇ ㄘㄠ
體色,1,ㄊㄧˇ ㄙㄜˋ
體液,1,ㄊㄧˇ ㄧㄝˋ
體驗,1,ㄊㄧˇ ㄧㄢˋ
體無完膚,1,ㄊㄧˇ ㄨˊ ㄨㄢˊ ㄈㄨ
體位,1,ㄊㄧˇ ㄨㄟˋ
體味,1,ㄊㄧˇ ㄨㄟˋ
體溫,1,ㄊㄧˇ ㄨㄣ
體溫計,1,ㄊㄧˇ ㄨㄣ ㄐㄧˋ
體育,1,ㄊㄧˇ ㄩˋ
體育館,1,ㄊㄧˇ ㄩˋ ㄍㄨㄢˇ
體育場,1,ㄊㄧˇ ㄩˋ ㄔㄤˇ
體用,1,ㄊㄧˇ ㄩㄥˋ
弟,1,ㄊㄧˋ
剃,1,ㄊㄧˋ
剃刀,1,ㄊㄧˋ ㄉㄠ
剃頭,1,ㄊㄧˋ ㄊㄡˊ
剃頭刀,1,ㄊㄧˋ ㄊㄡˊ ㄉㄠ
剃頭擔子,1,ㄊㄧˋ ㄊㄡˊ ㄉㄢˋ ㄗ˙
剃頭匠,1,ㄊㄧˋ ㄊㄡˊ ㄐㄧㄤˋ
剃鬚刀,1,ㄊㄧˋ ㄒㄩ ㄉㄠ
涕,1,ㄊㄧˋ
涕淚,1,ㄊㄧˋ ㄌㄟˋ
涕淚俱下,1,ㄊㄧˋ ㄌㄟˋ ㄐㄩˋ ㄒㄧㄚˋ
涕零,1,ㄊㄧˋ ㄌㄧㄥˊ
涕泣,1,ㄊㄧˋ ㄑㄧˋ
涕泗縱橫,1,ㄊㄧˋ ㄙˋ ㄗㄨㄥ ㄏㄥˊ
悌,1,ㄊㄧˋ
倜,1,ㄊㄧˋ
倜儻,1,ㄊㄧˋ ㄊㄤˇ
惕,1,ㄊㄧˋ
惕勵,1,ㄊㄧˋ ㄌㄧˋ
裼,1,ㄊㄧˋ
逖,1,ㄊㄧˋ
屜,1,ㄊㄧˋ
屜子,1,ㄊㄧˋ ㄗ˙
替,1,ㄊㄧˋ
替補,1,ㄊㄧˋ ㄅㄨˇ
替代,1,ㄊㄧˋ ㄉㄞˋ
替代品,1,ㄊㄧˋ ㄉㄞˋ ㄆㄧㄣˇ
替換,1,ㄊㄧˋ ㄏㄨㄢˋ
替身,1,ㄊㄧˋ ㄕㄣ
替罪羔羊,1,ㄊㄧˋ ㄗㄨㄟˋ ㄍㄠ ㄧㄤˊ
替死鬼,1,ㄊㄧˋ ㄙˇ ㄍㄨㄟˇ
薙,1,ㄊㄧˋ
嚏,1,ㄊㄧˋ
帖,1,ㄊㄧㄝ
貼,1,ㄊㄧㄝ
貼補,1,ㄊㄧㄝ ㄅㄨˇ
貼花,1,ㄊㄧㄝ ㄏㄨㄚ
貼畫,1,ㄊㄧㄝ ㄏㄨㄚˋ
貼近,1,ㄊㄧㄝ ㄐㄧㄣˋ
貼切,1,ㄊㄧㄝ ㄑㄧㄝˋ
貼現,1,ㄊㄧㄝ ㄒㄧㄢˋ
貼現率,1,ㄊㄧㄝ ㄒㄧㄢˋ ㄌㄩˋ
貼現窗口,1,ㄊㄧㄝ ㄒㄧㄢˋ ㄔㄨㄤ ㄎㄡˇ
貼心,1,ㄊㄧㄝ ㄒㄧㄣ
貼紙,1,ㄊㄧㄝ ㄓˇ
貼身,1,ㄊㄧㄝ ㄕㄣ
帖,1,ㄊㄧㄝˇ
帖子,1,ㄊㄧㄝˇ ㄗ˙
鐵,1,ㄊㄧㄝˇ
鐵板,1,ㄊㄧㄝˇ ㄅㄢˇ
鐵板燒,1,ㄊㄧㄝˇ ㄅㄢˇ ㄕㄠ
鐵棒,1,ㄊㄧㄝˇ ㄅㄤˋ
鐵餅,1,ㄊㄧㄝˇ ㄅㄧㄥˇ
鐵皮,1,ㄊㄧㄝˇ ㄆㄧˊ
鐵票,1,ㄊㄧㄝˇ ㄆㄧㄠˋ
鐵片,1,ㄊㄧㄝˇ ㄆㄧㄢˋ
鐵馬,1,ㄊㄧㄝˇ ㄇㄚˇ
鐵門,1,ㄊㄧㄝˇ ㄇㄣˊ
鐵面,1,ㄊㄧㄝˇ ㄇㄧㄢˋ
鐵面無私,1,ㄊㄧㄝˇ ㄇㄧㄢˋ ㄨˊ ㄙ
鐵幕,1,ㄊㄧㄝˇ ㄇㄨˋ
鐵飯碗,1,ㄊㄧㄝˇ ㄈㄢˋ ㄨㄢˇ
鐵氟龍,1,ㄊㄧㄝˇ ㄈㄨˊ ㄌㄨㄥˊ
鐵達尼號,1,ㄊㄧㄝˇ ㄉㄚˊ ㄋㄧˊ ㄏㄠˋ
鐵道,1,ㄊㄧㄝˇ ㄉㄠˋ
鐵釘,1,ㄊㄧㄝˇ ㄉㄧㄥ
鐵定,1,ㄊㄧㄝˇ ㄉㄧㄥˋ
鐵塔,1,ㄊㄧㄝˇ ㄊㄚˇ
鐵頭功,1,ㄊㄧㄝˇ ㄊㄡˊ ㄍㄨㄥ
鐵蹄,1,ㄊㄧㄝˇ ㄊㄧˊ
鐵桶,1,ㄊㄧㄝˇ ㄊㄨㄥˇ
鐵牛,1,ㄊㄧㄝˇ ㄋㄧㄡˊ
鐵娘子,1,ㄊㄧㄝˇ ㄋㄧㄤˊ ㄗˇ
鐵欄杆,1,ㄊㄧㄝˇ ㄌㄢˊ ㄍㄢ
鐵鍊,1,ㄊㄧㄝˇ ㄌㄧㄢˋ
鐵路,1,ㄊㄧㄝˇ ㄌㄨˋ
鐵籠,1,ㄊㄧㄝˇ ㄌㄨㄥˊ
鐵鉤,1,ㄊㄧㄝˇ ㄍㄡ
鐵骨柔情,1,ㄊㄧㄝˇ ㄍㄨˇ ㄖㄡˊ ㄑㄧㄥˊ
鐵鍋,1,ㄊㄧㄝˇ ㄍㄨㄛ
鐵拐李,1,ㄊㄧㄝˇ ㄍㄨㄞˇ ㄌㄧˇ
鐵軌,1,ㄊㄧㄝˇ ㄍㄨㄟˇ
鐵櫃,1,ㄊㄧㄝˇ ㄍㄨㄟˋ
鐵觀音,1,ㄊㄧㄝˇ ㄍㄨㄢ ㄧㄣ
鐵罐,1,ㄊㄧㄝˇ ㄍㄨㄢˋ
鐵棍,1,ㄊㄧㄝˇ ㄍㄨㄣˋ
鐵工,1,ㄊㄧㄝˇ ㄍㄨㄥ
鐵工廠,1,ㄊㄧㄝˇ ㄍㄨㄥ ㄔㄤˇ
鐵公雞,1,ㄊㄧㄝˇ ㄍㄨㄥ ㄐㄧ
鐵口,1,ㄊㄧㄝˇ ㄎㄡˇ
鐵口直斷,1,ㄊㄧㄝˇ ㄎㄡˇ ㄓˊ ㄉㄨㄢˋ
鐵礦,1,ㄊㄧㄝˇ ㄎㄨㄤˋ
鐵漢,1,ㄊㄧㄝˇ ㄏㄢˋ
鐵灰色,1,ㄊㄧㄝˇ ㄏㄨㄟ ㄙㄜˋ
鐵環,1,ㄊㄧㄝˇ ㄏㄨㄢˊ
鐵騎,1,ㄊㄧㄝˇ ㄑㄧˊ
鐵甲,1,ㄊㄧㄝˇ ㄐㄧㄚˇ
鐵架,1,ㄊㄧㄝˇ ㄐㄧㄚˋ
鐵漿,1,ㄊㄧㄝˇ ㄐㄧㄤ
鐵匠,1,ㄊㄧㄝˇ ㄐㄧㄤˋ
鐵器,1,ㄊㄧㄝˇ ㄑㄧˋ
鐵橋,1,ㄊㄧㄝˇ ㄑㄧㄠˊ
鐵鉗,1,ㄊㄧㄝˇ ㄑㄧㄢˊ
鐵琴,1,ㄊㄧㄝˇ ㄑㄧㄣˊ
鐵青,1,ㄊㄧㄝˇ ㄑㄧㄥ
鐵血宰相,1,ㄊㄧㄝˇ ㄒㄧㄝˇ ㄗㄞˇ ㄒㄧㄤˋ
鐵線,1,ㄊㄧㄝˇ ㄒㄧㄢˋ
鐵質,1,ㄊㄧㄝˇ ㄓˊ
鐵證,1,ㄊㄧㄝˇ ㄓㄥˋ
鐵齒,1,ㄊㄧㄝˇ ㄔˇ
鐵杵磨成針,1,ㄊㄧㄝˇ ㄔㄨˇ ㄇㄛˊ ㄔㄥˊ ㄓㄣ
鐵鎚,1,ㄊㄧㄝˇ ㄔㄨㄟˊ
鐵窗,1,ㄊㄧㄝˇ ㄔㄨㄤ
鐵石心腸,1,ㄊㄧㄝˇ ㄕˊ ㄒㄧㄣ ㄔㄤˊ
鐵沙掌,1,ㄊㄧㄝˇ ㄕㄚ ㄓㄤˇ
鐵砂,1,ㄊㄧㄝˇ ㄕㄚ
鐵樹,1,ㄊㄧㄝˇ ㄕㄨˋ
鐵樹開花,1,ㄊㄧㄝˇ ㄕㄨˋ ㄎㄞ ㄏㄨㄚ
鐵人,1,ㄊㄧㄝˇ ㄖㄣˊ
鐵嘴直斷,1,ㄊㄧㄝˇ ㄗㄨㄟˇ ㄓˊ ㄉㄨㄢˋ
鐵絲,1,ㄊㄧㄝˇ ㄙ
鐵絲網,1,ㄊㄧㄝˇ ㄙ ㄨㄤˇ
鐵三角,1,ㄊㄧㄝˇ ㄙㄢ ㄐㄧㄠˇ
鐵算盤,1,ㄊㄧㄝˇ ㄙㄨㄢˋ ㄆㄢˊ
鐵案如山,1,ㄊㄧㄝˇ ㄢˋ ㄖㄨˊ ㄕㄢ
鐵腕,1,ㄊㄧㄝˇ ㄨㄢˋ
餮,1,ㄊㄧㄝˋ
挑,1,ㄊㄧㄠ
挑肥揀瘦,1,ㄊㄧㄠ ㄈㄟˊ ㄐㄧㄢˇ ㄕㄡˋ
挑夫,1,ㄊㄧㄠ ㄈㄨ
挑大梁,1,ㄊㄧㄠ ㄉㄚˋ ㄌㄧㄤˊ
挑剔,1,ㄊㄧㄠ ㄊㄧ
挑高,1,ㄊㄧㄠ ㄍㄠ
挑空,1,ㄊㄧㄠ ㄎㄨㄥ
挑揀,1,ㄊㄧㄠ ㄐㄧㄢˇ
挑選,1,ㄊㄧㄠ ㄒㄩㄢˇ
挑食,1,ㄊㄧㄠ ㄕˊ
挑嘴,1,ㄊㄧㄠ ㄗㄨㄟˇ
挑三揀四,1,ㄊㄧㄠ ㄙㄢ ㄐㄧㄢˇ ㄙˋ
祧,1,ㄊㄧㄠ
佻,1,ㄊㄧㄠˊ
苕,1,ㄊㄧㄠˊ
迢,1,ㄊㄧㄠˊ
迢迢,1,ㄊㄧㄠˊ ㄊㄧㄠˊ
髫,1,ㄊㄧㄠˊ
條,1,ㄊㄧㄠˊ
條目,1,ㄊㄧㄠˊ ㄇㄨˋ
條理,1,ㄊㄧㄠˊ ㄌㄧˇ
條例,1,ㄊㄧㄠˊ ㄌㄧˋ
條列,1,ㄊㄧㄠˊ ㄌㄧㄝˋ
條規,1,ㄊㄧㄠˊ ㄍㄨㄟ
條款,1,ㄊㄧㄠˊ ㄎㄨㄢˇ
條件,1,ㄊㄧㄠˊ ㄐㄧㄢˋ
條金,1,ㄊㄧㄠˊ ㄐㄧㄣ
條子,1,ㄊㄧㄠˊ ㄗ˙
條文,1,ㄊㄧㄠˊ ㄨㄣˊ
條紋,1,ㄊㄧㄠˊ ㄨㄣˊ
條約,1,ㄊㄧㄠˊ ㄩㄝ
蜩,1,ㄊㄧㄠˊ
調,1,ㄊㄧㄠˊ
調配,1,ㄊㄧㄠˊ ㄆㄟˋ
調皮,1,ㄊㄧㄠˊ ㄆㄧˊ
調皮搗蛋,1,ㄊㄧㄠˊ ㄆㄧˊ ㄉㄠˇ ㄉㄢˋ
調頻,1,ㄊㄧㄠˊ ㄆㄧㄣˊ
調幅,1,ㄊㄧㄠˊ ㄈㄨˊ
調停,1,ㄊㄧㄠˊ ㄊㄧㄥˊ
調理,1,ㄊㄧㄠˊ ㄌㄧˇ
調理室,1,ㄊㄧㄠˊ ㄌㄧˇ ㄕˋ
調高,1,ㄊㄧㄠˊ ㄍㄠ
調羹,1,ㄊㄧㄠˊ ㄍㄥ
調侃,1,ㄊㄧㄠˊ ㄎㄢˇ
調合,1,ㄊㄧㄠˊ ㄏㄜˊ
調和,1,ㄊㄧㄠˊ ㄏㄜˊ
調劑,1,ㄊㄧㄠˊ ㄐㄧˋ
調價,1,ㄊㄧㄠˊ ㄐㄧㄚˋ
調節,1,ㄊㄧㄠˊ ㄐㄧㄝˊ
調解,1,ㄊㄧㄠˊ ㄐㄧㄝˇ
調教,1,ㄊㄧㄠˊ ㄐㄧㄠˋ
調酒,1,ㄊㄧㄠˊ ㄐㄧㄡˇ
調降,1,ㄊㄧㄠˊ ㄐㄧㄤˋ
調氣,1,ㄊㄧㄠˊ ㄑㄧˋ
調情,1,ㄊㄧㄠˊ ㄑㄧㄥˊ
調諧器,1,ㄊㄧㄠˊ ㄒㄧㄝˊ ㄑㄧˋ
調薪,1,ㄊㄧㄠˊ ㄒㄧㄣ
調製,1,ㄊㄧㄠˊ ㄓˋ
調漲,1,ㄊㄧㄠˊ ㄓㄤˇ
調整,1,ㄊㄧㄠˊ ㄓㄥˇ
調處,1,ㄊㄧㄠˊ ㄔㄨˇ
調適,1,ㄊㄧㄠˊ ㄕˋ
調攝,1,ㄊㄧㄠˊ ㄕㄜˋ
調升,1,ㄊㄧㄠˊ ㄕㄥ
調色盤,1,ㄊㄧㄠˊ ㄙㄜˋ ㄆㄢˊ
調音,1,ㄊㄧㄠˊ ㄧㄣ
調養,1,ㄊㄧㄠˊ ㄧㄤˇ
調養生息,1,ㄊㄧㄠˊ ㄧㄤˇ ㄕㄥ ㄒㄧˊ
調味,1,ㄊㄧㄠˊ ㄨㄟˋ
調味品,1,ㄊㄧㄠˊ ㄨㄟˋ ㄆㄧㄣˇ
調味料,1,ㄊㄧㄠˊ ㄨㄟˋ ㄌㄧㄠˋ
調味乳,1,ㄊㄧㄠˊ ㄨㄟˋ ㄖㄨˇ
挑,1,ㄊㄧㄠˇ
挑撥,1,ㄊㄧㄠˇ ㄅㄛ
挑撥離間,1,ㄊㄧㄠˇ ㄅㄛ ㄌㄧˊ ㄐㄧㄢˋ
挑明,1,ㄊㄧㄠˇ ㄇㄧㄥˊ
挑逗,1,ㄊㄧㄠˇ ㄉㄡˋ
挑燈,1,ㄊㄧㄠˇ ㄉㄥ
挑燈夜戰,1,ㄊㄧㄠˇ ㄉㄥ ㄧㄝˋ ㄓㄢˋ
挑釁,1,ㄊㄧㄠˇ ㄒㄧㄣˋ
挑戰,1,ㄊㄧㄠˇ ㄓㄢˋ
挑戰書,1,ㄊㄧㄠˇ ㄓㄢˋ ㄕㄨ
窕,1,ㄊㄧㄠˇ
䠷,1,ㄊㄧㄠˇ
眺,1,ㄊㄧㄠˋ
眺望,1,ㄊㄧㄠˋ ㄨㄤˋ
眺望臺,1,ㄊㄧㄠˋ ㄨㄤˋ ㄊㄞˊ
跳,1,ㄊㄧㄠˋ
跳板,1,ㄊㄧㄠˋ ㄅㄢˇ
跳表,1,ㄊㄧㄠˋ ㄅㄧㄠˇ
跳票,1,ㄊㄧㄠˋ ㄆㄧㄠˋ
跳馬,1,ㄊㄧㄠˋ ㄇㄚˇ
跳房子,1,ㄊㄧㄠˋ ㄈㄤˊ ㄗ˙
跳豆,1,ㄊㄧㄠˋ ㄉㄡˋ
跳電,1,ㄊㄧㄠˋ ㄉㄧㄢˋ
跳動,1,ㄊㄧㄠˋ ㄉㄨㄥˋ
跳脫,1,ㄊㄧㄠˋ ㄊㄨㄛ
跳踉,1,ㄊㄧㄠˋ ㄌㄧㄤˊ
跳梁小丑,1,ㄊㄧㄠˋ ㄌㄧㄤˊ ㄒㄧㄠˇ ㄔㄡˇ
跳高,1,ㄊㄧㄠˋ ㄍㄠ
跳號,1,ㄊㄧㄠˋ ㄏㄠˋ
跳行,1,ㄊㄧㄠˋ ㄏㄤˊ
跳機,1,ㄊㄧㄠˋ ㄐㄧ
跳級,1,ㄊㄧㄠˋ ㄐㄧˊ
跳加官,1,ㄊㄧㄠˋ ㄐㄧㄚ ㄍㄨㄢ
跳腳,1,ㄊㄧㄠˋ ㄐㄧㄠˇ
跳棋,1,ㄊㄧㄠˋ ㄑㄧˊ
跳箱,1,ㄊㄧㄠˋ ㄒㄧㄤ
跳船,1,ㄊㄧㄠˋ ㄔㄨㄢˊ
跳神,1,ㄊㄧㄠˋ ㄕㄣˊ
跳繩,1,ㄊㄧㄠˋ ㄕㄥˊ
跳水,1,ㄊㄧㄠˋ ㄕㄨㄟˇ
跳蚤,1,ㄊㄧㄠˋ ㄗㄠˇ
跳蚤市場,1,ㄊㄧㄠˋ ㄗㄠˇ ㄕˋ ㄔㄤˇ
跳槽,1,ㄊㄧㄠˋ ㄘㄠˊ
跳傘,1,ㄊㄧㄠˋ ㄙㄢˇ
跳舞,1,ㄊㄧㄠˋ ㄨˇ
跳躍,1,ㄊㄧㄠˋ ㄩㄝˋ
跳遠,1,ㄊㄧㄠˋ ㄩㄢˇ
糶,1,ㄊㄧㄠˋ
天,1,ㄊㄧㄢ
天崩地裂,1,ㄊㄧㄢ ㄅㄥ ㄉㄧˋ ㄌㄧㄝˋ
天邊,1,ㄊㄧㄢ ㄅㄧㄢ
天兵,1,ㄊㄧㄢ ㄅㄧㄥ
天不怕地不怕,1,ㄊㄧㄢ ㄅㄨˋ ㄆㄚˋ ㄉㄧˋ ㄅㄨˋ ㄆㄚˋ
天不怕地不怕,1,ㄊㄧㄢ ㄅㄨˊ ㄆㄚˋ ㄉㄧˋ ㄅㄨˊ ㄆㄚˋ
天不從人願,1,ㄊㄧㄢ ㄅㄨˋ ㄘㄨㄥˊ ㄖㄣˊ ㄩㄢˋ
天平,1,ㄊㄧㄢ ㄆㄧㄥˊ
天平座,1,ㄊㄧㄢ ㄆㄧㄥˊ ㄗㄨㄛˋ
天馬行空,1,ㄊㄧㄢ ㄇㄚˇ ㄒㄧㄥˊ ㄎㄨㄥ
天命,1,ㄊㄧㄢ ㄇㄧㄥˋ
天幕,1,ㄊㄧㄢ ㄇㄨˋ
天翻地覆,1,ㄊㄧㄢ ㄈㄢ ㄉㄧˋ ㄈㄨˋ
天分,1,ㄊㄧㄢ ㄈㄣˋ
天方夜譚,1,ㄊㄧㄢ ㄈㄤ ㄧㄝˋ ㄊㄢˊ
天府之國,1,ㄊㄧㄢ ㄈㄨˇ ㄓ ㄍㄨㄛˊ
天父,1,ㄊㄧㄢ ㄈㄨˋ
天婦羅,1,ㄊㄧㄢ ㄈㄨˋ ㄌㄨㄛˊ
天賦,1,ㄊㄧㄢ ㄈㄨˋ
天道,1,ㄊㄧㄢ ㄉㄠˋ
天道,1,ㄊㄧㄢ ㄉㄠ˙
天燈,1,ㄊㄧㄢ ㄉㄥ
天敵,1,ㄊㄧㄢ ㄉㄧˊ
天地,1,ㄊㄧㄢ ㄉㄧˋ
天臺,1,ㄊㄧㄢ ㄊㄞˊ
天壇,1,ㄊㄧㄢ ㄊㄢˊ
天堂,1,ㄊㄧㄢ ㄊㄤˊ
天堂鳥,1,ㄊㄧㄢ ㄊㄤˊ ㄋㄧㄠˇ
天體望遠鏡,1,ㄊㄧㄢ ㄊㄧˇ ㄨㄤˋ ㄩㄢˇ ㄐㄧㄥˋ
天天,1,ㄊㄧㄢ ㄊㄧㄢ
天庭,1,ㄊㄧㄢ ㄊㄧㄥˊ
天南地北,1,ㄊㄧㄢ ㄋㄢˊ ㄉㄧˋ ㄅㄟˇ
天牛,1,ㄊㄧㄢ ㄋㄧㄡˊ
天年,1,ㄊㄧㄢ ㄋㄧㄢˊ
天籟,1,ㄊㄧㄢ ㄌㄞˋ
天狼星,1,ㄊㄧㄢ ㄌㄤˊ ㄒㄧㄥ
天朗氣清,1,ㄊㄧㄢ ㄌㄤˇ ㄑㄧˋ ㄑㄧㄥ
天理,1,ㄊㄧㄢ ㄌㄧˇ
天理教,1,ㄊㄧㄢ ㄌㄧˇ ㄐㄧㄠˋ
天理昭彰,1,ㄊㄧㄢ ㄌㄧˇ ㄓㄠ ㄓㄤ
天良,1,ㄊㄧㄢ ㄌㄧㄤˊ
天亮,1,ㄊㄧㄢ ㄌㄧㄤˋ
天靈蓋,1,ㄊㄧㄢ ㄌㄧㄥˊ ㄍㄞˋ
天羅地網,1,ㄊㄧㄢ ㄌㄨㄛˊ ㄉㄧˋ ㄨㄤˇ
天倫,1,ㄊㄧㄢ ㄌㄨㄣˊ
天倫之樂,1,ㄊㄧㄢ ㄌㄨㄣˊ ㄓ ㄌㄜˋ
天龍八部,1,ㄊㄧㄢ ㄌㄨㄥˊ ㄅㄚ ㄅㄨˋ
天高地厚,1,ㄊㄧㄢ ㄍㄠ ㄉㄧˋ ㄏㄡˋ
天狗,1,ㄊㄧㄢ ㄍㄡˇ
天狗吃月,1,ㄊㄧㄢ ㄍㄡˇ ㄔ ㄩㄝˋ
天乾物燥,1,ㄊㄧㄢ ㄍㄢ ㄨˋ ㄗㄠˋ
天罡,1,ㄊㄧㄢ ㄍㄤ
天國,1,ㄊㄧㄢ ㄍㄨㄛˊ
天官賜福,1,ㄊㄧㄢ ㄍㄨㄢ ㄙˋ ㄈㄨˊ
天光,1,ㄊㄧㄢ ㄍㄨㄤ
天公,1,ㄊㄧㄢ ㄍㄨㄥ
天公不作美,1,ㄊㄧㄢ ㄍㄨㄥ ㄅㄨˋ ㄗㄨㄛˋ ㄇㄟˇ
天公不作美,1,ㄊㄧㄢ ㄍㄨㄥ ㄅㄨˊ ㄗㄨㄛˋ ㄇㄟˇ
天宮,1,ㄊㄧㄢ ㄍㄨㄥ
天可憐見,1,ㄊㄧㄢ ㄎㄜˇ ㄌㄧㄢˊ ㄐㄧㄢˋ
天空,1,ㄊㄧㄢ ㄎㄨㄥ
天河,1,ㄊㄧㄢ ㄏㄜˊ
天后,1,ㄊㄧㄢ ㄏㄡˋ
天候,1,ㄊㄧㄢ ㄏㄡˋ
天寒地凍,1,ㄊㄧㄢ ㄏㄢˊ ㄉㄧˋ ㄉㄨㄥˋ
天花,1,ㄊㄧㄢ ㄏㄨㄚ
天花板,1,ㄊㄧㄢ ㄏㄨㄚ ㄅㄢˇ
天花亂墜,1,ㄊㄧㄢ ㄏㄨㄚ ㄌㄨㄢˋ ㄓㄨㄟˋ
天皇,1,ㄊㄧㄢ ㄏㄨㄤˊ
天機,1,ㄊㄧㄢ ㄐㄧ
天機不可洩漏,1,ㄊㄧㄢ ㄐㄧ ㄅㄨˋ ㄎㄜˇ ㄒㄧㄝˋ ㄌㄡˋ
天璣,1,ㄊㄧㄢ ㄐㄧ
天價,1,ㄊㄧㄢ ㄐㄧㄚˋ
天經地義,1,ㄊㄧㄢ ㄐㄧㄥ ㄉㄧˋ ㄧˋ
天井,1,ㄊㄧㄢ ㄐㄧㄥˇ
天氣,1,ㄊㄧㄢ ㄑㄧˋ
天橋,1,ㄊㄧㄢ ㄑㄧㄠˊ
天譴,1,ㄊㄧㄢ ㄑㄧㄢˇ
天塹,1,ㄊㄧㄢ ㄑㄧㄢˋ
天權,1,ㄊㄧㄢ ㄑㄩㄢˊ
天下,1,ㄊㄧㄢ ㄒㄧㄚˋ
天下沒有白吃的午餐,1,ㄊㄧㄢ ㄒㄧㄚˋ ㄇㄟˊ ㄧㄡˇ ㄅㄞˊ ㄔ ㄉㄜ˙ ㄨˇ ㄘㄢ
天下沒有不散的筵席,1,ㄊㄧㄢ ㄒㄧㄚˋ ㄇㄟˊ ㄧㄡˇ ㄅㄨˋ ㄙㄢˋ ㄉㄜ˙ ㄧㄢˊ ㄒㄧˊ
天下沒有不散的筵席,1,ㄊㄧㄢ ㄒㄧㄚˋ ㄇㄟˊ ㄧㄡˇ ㄅㄨˊ ㄙㄢˋ ㄉㄜ˙ ㄧㄢˊ ㄒㄧˊ
天下父母心,1,ㄊㄧㄢ ㄒㄧㄚˋ ㄈㄨˋ ㄇㄨˇ ㄒㄧㄣ
天下大亂,1,ㄊㄧㄢ ㄒㄧㄚˋ ㄉㄚˋ ㄌㄨㄢˋ
天下太平,1,ㄊㄧㄢ ㄒㄧㄚˋ ㄊㄞˋ ㄆㄧㄥˊ
天下蒼生,1,ㄊㄧㄢ ㄒㄧㄚˋ ㄘㄤ ㄕㄥ
天下烏鴉一般黑,1,ㄊㄧㄢ ㄒㄧㄚˋ ㄨ ㄧㄚ ㄧ ㄅㄢ ㄏㄟ
天下烏鴉一般黑,1,ㄊㄧㄢ ㄒㄧㄚˋ ㄨ ㄧㄚ ㄧˋ ㄅㄢ ㄏㄟ
天下無難事只怕有心人,1,ㄊㄧㄢ ㄒㄧㄚˋ ㄨˊ ㄋㄢˊ ㄕˋ ㄓˇ ㄆㄚˋ ㄧㄡˇ ㄒㄧㄣ ㄖㄣˊ
天下無雙,1,ㄊㄧㄢ ㄒㄧㄚˋ ㄨˊ ㄕㄨㄤ
天下為公,1,ㄊㄧㄢ ㄒㄧㄚˋ ㄨㄟˊ ㄍㄨㄥ
天蠍座,1,ㄊㄧㄢ ㄒㄧㄝ ㄗㄨㄛˋ
天仙,1,ㄊㄧㄢ ㄒㄧㄢ
天險,1,ㄊㄧㄢ ㄒㄧㄢˇ
天線,1,ㄊㄧㄢ ㄒㄧㄢˋ
天象,1,ㄊㄧㄢ ㄒㄧㄤˋ
天性,1,ㄊㄧㄢ ㄒㄧㄥˋ
天旋地轉,1,ㄊㄧㄢ ㄒㄩㄢˊ ㄉㄧˋ ㄓㄨㄢˇ
天璇,1,ㄊㄧㄢ ㄒㄩㄢˊ
天之驕子,1,ㄊㄧㄢ ㄓ ㄐㄧㄠ ㄗˇ
天職,1,ㄊㄧㄢ ㄓˊ
天真,1,ㄊㄧㄢ ㄓㄣ
天真爛漫,1,ㄊㄧㄢ ㄓㄣ ㄌㄢˋ ㄇㄢˋ
天真無邪,1,ㄊㄧㄢ ㄓㄣ ㄨˊ ㄒㄧㄝˊ
天誅地滅,1,ㄊㄧㄢ ㄓㄨ ㄉㄧˋ ㄇㄧㄝˋ
天竺鼠,1,ㄊㄧㄢ ㄓㄨˊ ㄕㄨˇ
天主,1,ㄊㄧㄢ ㄓㄨˇ
天主堂,1,ㄊㄧㄢ ㄓㄨˇ ㄊㄤˊ
天主教,1,ㄊㄧㄢ ㄓㄨˇ ㄐㄧㄠˋ
天助自助,1,ㄊㄧㄢ ㄓㄨˋ ㄗˋ ㄓㄨˋ
天長地久,1,ㄊㄧㄢ ㄔㄤˊ ㄉㄧˋ ㄐㄧㄡˇ
天秤,1,ㄊㄧㄢ ㄆㄧㄥˊ
天秤座,1,ㄊㄧㄢ ㄆㄧㄥˊ ㄗㄨㄛˋ
天窗,1,ㄊㄧㄢ ㄔㄨㄤ
天時,1,ㄊㄧㄢ ㄕˊ
天使,1,ㄊㄧㄢ ㄕˇ
天神,1,ㄊㄧㄢ ㄕㄣˊ
天上聖母,1,ㄊㄧㄢ ㄕㄤˋ ㄕㄥˋ ㄇㄨˇ
天生,1,ㄊㄧㄢ ㄕㄥ
天生我才必有用,1,ㄊㄧㄢ ㄕㄥ ㄨㄛˇ ㄘㄞˊ ㄅㄧˋ ㄧㄡˇ ㄩㄥˋ
天書,1,ㄊㄧㄢ ㄕㄨ
天樞,1,ㄊㄧㄢ ㄕㄨ
天日,1,ㄊㄧㄢ ㄖˋ
天然,1,ㄊㄧㄢ ㄖㄢˊ
天然氣,1,ㄊㄧㄢ ㄖㄢˊ ㄑㄧˋ
天然資源,1,ㄊㄧㄢ ㄖㄢˊ ㄗ ㄩㄢˊ
天然瓦斯,1,ㄊㄧㄢ ㄖㄢˊ ㄨㄚˇ ㄙ
天人,1,ㄊㄧㄢ ㄖㄣˊ
天人合一,1,ㄊㄧㄢ ㄖㄣˊ ㄏㄜˊ ㄧ
天人交戰,1,ㄊㄧㄢ ㄖㄣˊ ㄐㄧㄠ ㄓㄢˋ
天壤之別,1,ㄊㄧㄢ ㄖㄤˇ ㄓ ㄅㄧㄝˊ
天資,1,ㄊㄧㄢ ㄗ
天子,1,ㄊㄧㄢ ㄗˇ
天字第一號,1,ㄊㄧㄢ ㄗˋ ㄉㄧˋ ㄧ ㄏㄠˋ
天擇,1,ㄊㄧㄢ ㄗㄜˊ
天災,1,ㄊㄧㄢ ㄗㄞ
天災人禍,1,ㄊㄧㄢ ㄗㄞ ㄖㄣˊ ㄏㄨㄛˋ
天造地設,1,ㄊㄧㄢ ㄗㄠˋ ㄉㄧˋ ㄕㄜˋ
天葬,1,ㄊㄧㄢ ㄗㄤˋ
天作之合,1,ㄊㄧㄢ ㄗㄨㄛˋ ㄓ ㄏㄜˊ
天縱英明,1,ㄊㄧㄢ ㄗㄨㄥˋ ㄧㄥ ㄇㄧㄥˊ
天才,1,ㄊㄧㄢ ㄘㄞˊ
天才兒童,1,ㄊㄧㄢ ㄘㄞˊ ㄦˊ ㄊㄨㄥˊ
天賜,1,ㄊㄧㄢ ㄙˋ
天色,1,ㄊㄧㄢ ㄙㄜˋ
天鵝,1,ㄊㄧㄢ ㄜˊ
天鵝湖,1,ㄊㄧㄢ ㄜˊ ㄏㄨˊ
天鵝絨,1,ㄊㄧㄢ ㄜˊ ㄖㄨㄥˊ
天衣無縫,1,ㄊㄧㄢ ㄧ ㄨˊ ㄈㄥˋ
天意,1,ㄊㄧㄢ ㄧˋ
天涯,1,ㄊㄧㄢ ㄧㄚˊ
天涯海角,1,ㄊㄧㄢ ㄧㄚˊ ㄏㄞˇ ㄐㄧㄠˇ
天涯若比鄰,1,ㄊㄧㄢ ㄧㄚˊ ㄖㄨㄛˋ ㄅㄧˋ ㄌㄧㄣˊ
天搖地動,1,ㄊㄧㄢ ㄧㄠˊ ㄉㄧˋ ㄉㄨㄥˋ
天有不測風雲,1,ㄊㄧㄢ ㄧㄡˇ ㄅㄨˋ ㄘㄜˋ ㄈㄥ ㄩㄣˊ
天有不測風雲,1,ㄊㄧㄢ ㄧㄡˇ ㄅㄨˊ ㄘㄜˋ ㄈㄥ ㄩㄣˊ
天眼,1,ㄊㄧㄢ ㄧㄢˇ
天無絕人之路,1,ㄊㄧㄢ ㄨˊ ㄐㄩㄝˊ ㄖㄣˊ ㄓ ㄌㄨˋ
天外飛來一筆,1,ㄊㄧㄢ ㄨㄞˋ ㄈㄟ ㄌㄞˊ ㄧ ㄅㄧˇ
天外飛來一筆,1,ㄊㄧㄢ ㄨㄞˋ ㄈㄟ ㄌㄞˊ ㄧˋ ㄅㄧˇ
天文,1,ㄊㄧㄢ ㄨㄣˊ
天文臺,1,ㄊㄧㄢ ㄨㄣˊ ㄊㄞˊ
天文學,1,ㄊㄧㄢ ㄨㄣˊ ㄒㄩㄝˊ
天文數字,1,ㄊㄧㄢ ㄨㄣˊ ㄕㄨˋ ㄗˋ
天文望遠鏡,1,ㄊㄧㄢ ㄨㄣˊ ㄨㄤˋ ㄩㄢˇ ㄐㄧㄥˋ
天王,1,ㄊㄧㄢ ㄨㄤˊ
天王巨星,1,ㄊㄧㄢ ㄨㄤˊ ㄐㄩˋ ㄒㄧㄥ
天王星,1,ㄊㄧㄢ ㄨㄤˊ ㄒㄧㄥ
天網恢恢,1,ㄊㄧㄢ ㄨㄤˇ ㄏㄨㄟ ㄏㄨㄟ
天淵之別,1,ㄊㄧㄢ ㄩㄢ ㄓ ㄅㄧㄝˊ
添,1,ㄊㄧㄢ
添丁,1,ㄊㄧㄢ ㄉㄧㄥ
添購,1,ㄊㄧㄢ ㄍㄡˋ
添加,1,ㄊㄧㄢ ㄐㄧㄚ
添加物,1,ㄊㄧㄢ ㄐㄧㄚ ㄨˋ
添置,1,ㄊㄧㄢ ㄓˋ
添增,1,ㄊㄧㄢ ㄗㄥ
田,1,ㄊㄧㄢˊ
田賦,1,ㄊㄧㄢˊ ㄈㄨˋ
田地,1,ㄊㄧㄢˊ ㄉㄧˋ
田螺,1,ㄊㄧㄢˊ ㄌㄨㄛˊ
田埂,1,ㄊㄧㄢˊ ㄍㄥˇ
田黃,1,ㄊㄧㄢˊ ㄏㄨㄤˊ
田雞,1,ㄊㄧㄢˊ ㄐㄧ
田家,1,ㄊㄧㄢˊ ㄐㄧㄚ
田徑,1,ㄊㄧㄢˊ ㄐㄧㄥˋ
田徑場,1,ㄊㄧㄢˊ ㄐㄧㄥˋ ㄔㄤˇ
田徑賽,1,ㄊㄧㄢˊ ㄐㄧㄥˋ ㄙㄞˋ
田畦,1,ㄊㄧㄢˊ ㄑㄧˊ
田莊,1,ㄊㄧㄢˊ ㄓㄨㄤ
田賽,1,ㄊㄧㄢˊ ㄙㄞˋ
田野,1,ㄊㄧㄢˊ ㄧㄝˇ
田園,1,ㄊㄧㄢˊ ㄩㄢˊ
恬,1,ㄊㄧㄢˊ
恬不知恥,1,ㄊㄧㄢˊ ㄅㄨˋ ㄓ ㄔˇ
恬淡,1,ㄊㄧㄢˊ ㄉㄢˋ
恬靜,1,ㄊㄧㄢˊ ㄐㄧㄥˋ
恬適,1,ㄊㄧㄢˊ ㄕˋ
甜,1,ㄊㄧㄢˊ
甜八寶,1,ㄊㄧㄢˊ ㄅㄚ ㄅㄠˇ
甜不辣,1,ㄊㄧㄢˊ ㄅㄨˋ ㄌㄚˋ
甜美,1,ㄊㄧㄢˊ ㄇㄟˇ
甜蜜,1,ㄊㄧㄢˊ ㄇㄧˋ
甜點,1,ㄊㄧㄢˊ ㄉㄧㄢˇ
甜頭,1,ㄊㄧㄢˊ ㄊㄡ˙
甜甜圈,1,ㄊㄧㄢˊ ㄊㄧㄢˊ ㄑㄩㄢ
甜膩,1,ㄊㄧㄢˊ ㄋㄧˋ
甜辣醬,1,ㄊㄧㄢˊ ㄌㄚˋ ㄐㄧㄤˋ
甜瓜,1,ㄊㄧㄢˊ ㄍㄨㄚ
甜心,1,ㄊㄧㄢˊ ㄒㄧㄣ
甜食,1,ㄊㄧㄢˊ ㄕˊ
甜菜,1,ㄊㄧㄢˊ ㄘㄞˋ
甜言蜜語,1,ㄊㄧㄢˊ ㄧㄢˊ ㄇㄧˋ ㄩˇ
填,1,ㄊㄧㄢˊ
填報,1,ㄊㄧㄢˊ ㄅㄠˋ
填表,1,ㄊㄧㄢˊ ㄅㄧㄠˇ
填補,1,ㄊㄧㄢˊ ㄅㄨˇ
填平,1,ㄊㄧㄢˊ ㄆㄧㄥˊ
填滿,1,ㄊㄧㄢˊ ㄇㄢˇ
填空,1,ㄊㄧㄢˊ ㄎㄨㄥˋ
填海,1,ㄊㄧㄢˊ ㄏㄞˇ
填海造地,1,ㄊㄧㄢˊ ㄏㄞˇ ㄗㄠˋ ㄉㄧˋ
填寫,1,ㄊㄧㄢˊ ㄒㄧㄝˇ
填充,1,ㄊㄧㄢˊ ㄔㄨㄥ
填充玩具,1,ㄊㄧㄢˊ ㄔㄨㄥ ㄨㄢˊ ㄐㄩˋ
填詞,1,ㄊㄧㄢˊ ㄘˊ
填塞,1,ㄊㄧㄢˊ ㄙㄜˋ
填鴨,1,ㄊㄧㄢˊ ㄧㄚ
闐,1,ㄊㄧㄢˊ
忝,1,ㄊㄧㄢˇ
舔,1,ㄊㄧㄢˇ
舔拭,1,ㄊㄧㄢˇ ㄕˋ
舔吮,1,ㄊㄧㄢˇ ㄕㄨㄣˇ
殄,1,ㄊㄧㄢˇ
腆,1,ㄊㄧㄢˇ
靦,1,ㄊㄧㄢˇ
靦顏事仇,1,ㄊㄧㄢˇ ㄧㄢˊ ㄕˋ ㄔㄡˊ
汀,1,ㄊㄧㄥ
聽,1,ㄊㄧㄥ
聽筒,1,ㄊㄧㄥ ㄊㄨㄥˇ
聽力,1,ㄊㄧㄥ ㄌㄧˋ
聽課,1,ㄊㄧㄥ ㄎㄜˋ
聽候,1,ㄊㄧㄥ ㄏㄡˋ
聽話,1,ㄊㄧㄥ ㄏㄨㄚˋ
聽講,1,ㄊㄧㄥ ㄐㄧㄤˇ
聽覺,1,ㄊㄧㄥ ㄐㄩㄝˊ
聽取,1,ㄊㄧㄥ ㄑㄩˇ
聽信,1,ㄊㄧㄥ ㄒㄧㄣˋ
聽訓,1,ㄊㄧㄥ ㄒㄩㄣˋ
聽診,1,ㄊㄧㄥ ㄓㄣˇ
聽診器,1,ㄊㄧㄥ ㄓㄣˇ ㄑㄧˋ
聽障,1,ㄊㄧㄥ ㄓㄤˋ
聽證,1,ㄊㄧㄥ ㄓㄥˋ
聽證會,1,ㄊㄧㄥ ㄓㄥˋ ㄏㄨㄟˋ
聽眾,1,ㄊㄧㄥ ㄓㄨㄥˋ
聽差,1,ㄊㄧㄥ ㄔㄞ
聽審,1,ㄊㄧㄥ ㄕㄣˇ
聽說,1,ㄊㄧㄥ ㄕㄨㄛ
聽從,1,ㄊㄧㄥ ㄘㄨㄥˊ
聽友,1,ㄊㄧㄥ ㄧㄡˇ
聽聞,1,ㄊㄧㄥ ㄨㄣˊ
廳,1,ㄊㄧㄥ
廳堂,1,ㄊㄧㄥ ㄊㄤˊ
廳舍,1,ㄊㄧㄥ ㄕㄜˋ
廷,1,ㄊㄧㄥˊ
廷杖,1,ㄊㄧㄥˊ ㄓㄤˋ
廷試,1,ㄊㄧㄥˊ ㄕˋ
庭,1,ㄊㄧㄥˊ
庭訊,1,ㄊㄧㄥˊ ㄒㄩㄣˋ
庭訓,1,ㄊㄧㄥˊ ㄒㄩㄣˋ
庭上,1,ㄊㄧㄥˊ ㄕㄤˋ
庭園,1,ㄊㄧㄥˊ ㄩㄢˊ
庭院,1,ㄊㄧㄥˊ ㄩㄢˋ
蜓,1,ㄊㄧㄥˊ
霆,1,ㄊㄧㄥˊ
亭,1,ㄊㄧㄥˊ
亭臺,1,ㄊㄧㄥˊ ㄊㄞˊ
亭亭玉立,1,ㄊㄧㄥˊ ㄊㄧㄥˊ ㄩˋ ㄌㄧˋ
停,1,ㄊㄧㄥˊ
停泊,1,ㄊㄧㄥˊ ㄅㄛˊ
停擺,1,ㄊㄧㄥˊ ㄅㄞˇ
停辦,1,ㄊㄧㄥˊ ㄅㄢˋ
停放,1,ㄊㄧㄥˊ ㄈㄤˋ
停電,1,ㄊㄧㄥˊ ㄉㄧㄢˋ
停頓,1,ㄊㄧㄥˊ ㄉㄨㄣˋ
停留,1,ㄊㄧㄥˊ ㄌㄧㄡˊ
停工,1,ㄊㄧㄥˊ ㄍㄨㄥ
停課,1,ㄊㄧㄥˊ ㄎㄜˋ
停靠,1,ㄊㄧㄥˊ ㄎㄠˋ
停話,1,ㄊㄧㄥˊ ㄏㄨㄚˋ
停火,1,ㄊㄧㄥˊ ㄏㄨㄛˇ
停機坪,1,ㄊㄧㄥˊ ㄐㄧ ㄆㄧㄥˊ
停經,1,ㄊㄧㄥˊ ㄐㄧㄥ
停職,1,ㄊㄧㄥˊ ㄓˊ
停止,1,ㄊㄧㄥˊ ㄓˇ
停滯,1,ㄊㄧㄥˊ ㄓˋ
停戰,1,ㄊㄧㄥˊ ㄓㄢˋ
停徵,1,ㄊㄧㄥˊ ㄓㄥ
停住,1,ㄊㄧㄥˊ ㄓㄨˋ
停駐,1,ㄊㄧㄥˊ ㄓㄨˋ
停車,1,ㄊㄧㄥˊ ㄔㄜ
停車場,1,ㄊㄧㄥˊ ㄔㄜ ㄔㄤˇ
停產,1,ㄊㄧㄥˊ ㄔㄢˇ
停屍,1,ㄊㄧㄥˊ ㄕ
停駛,1,ㄊㄧㄥˊ ㄕˇ
停水,1,ㄊㄧㄥˊ ㄕㄨㄟˇ
停業,1,ㄊㄧㄥˊ ㄧㄝˋ
停用,1,ㄊㄧㄥˊ ㄩㄥˋ
婷,1,ㄊㄧㄥˊ
挺,1,ㄊㄧㄥˇ
挺拔,1,ㄊㄧㄥˇ ㄅㄚˊ
挺立,1,ㄊㄧㄥˇ ㄌㄧˋ
挺進,1,ㄊㄧㄥˇ ㄐㄧㄣˋ
挺舉,1,ㄊㄧㄥˇ ㄐㄩˇ
挺胸,1,ㄊㄧㄥˇ ㄒㄩㄥ
挺直,1,ㄊㄧㄥˇ ㄓˊ
挺住,1,ㄊㄧㄥˇ ㄓㄨˋ
挺身而出,1,ㄊㄧㄥˇ ㄕㄣ ㄦˊ ㄔㄨ
梃,1,ㄊㄧㄥˇ
艇,1,ㄊㄧㄥˇ
鋌,1,ㄊㄧㄥˇ
鋌而走險,1,ㄊㄧㄥˇ ㄦˊ ㄗㄡˇ ㄒㄧㄢˇ
聽,1,ㄊㄧㄥˋ
聽憑,1,ㄊㄧㄥˋ ㄆㄧㄥˊ
聽命,1,ㄊㄧㄥ ㄇㄧㄥˋ
聽天由命,1,ㄊㄧㄥˋ ㄊㄧㄢ ㄧㄡˊ ㄇㄧㄥˋ
聽其自然,1,ㄊㄧㄥˋ ㄑㄧˊ ㄗˋ ㄖㄢˊ
聽任,1,ㄊㄧㄥˋ ㄖㄣˋ
禿,1,ㄊㄨ
禿髮,1,ㄊㄨ ㄈㄚˇ
禿頂,1,ㄊㄨ ㄉㄧㄥˇ
禿頭,1,ㄊㄨ ㄊㄡˊ
禿鷲,1,ㄊㄨ ㄐㄧㄡˋ
禿鷹,1,ㄊㄨ ㄧㄥ
凸,1,ㄊㄨˊ
凸透鏡,1,ㄊㄨˊ ㄊㄡˋ ㄐㄧㄥˋ
凸顯,1,ㄊㄨˊ ㄒㄧㄢˇ
凸出,1,ㄊㄨˊ ㄔㄨ
突,1,ㄊㄨˊ
突變,1,ㄊㄨˊ ㄅㄧㄢˋ
突破,1,ㄊㄨˊ ㄆㄛˋ
突發,1,ㄊㄨˊ ㄈㄚ
突發奇想,1,ㄊㄨˊ ㄈㄚ ㄑㄧˊ ㄒㄧㄤˇ
突飛猛進,1,ㄊㄨˊ ㄈㄟ ㄇㄥˇ ㄐㄧㄣˋ
突地,1,ㄊㄨˊ ㄉㄧˋ
突擊,1,ㄊㄨˊ ㄐㄧˊ
突擊檢查,1,ㄊㄨˊ ㄐㄧˊ ㄐㄧㄢˇ ㄔㄚˊ
突襲,1,ㄊㄨˊ ㄒㄧˊ
突顯,1,ㄊㄨˊ ㄒㄧㄢˇ
突出,1,ㄊㄨˊ ㄔㄨ
突然,1,ㄊㄨˊ ㄖㄢˊ
突如其來,1,ㄊㄨˊ ㄖㄨˊ ㄑㄧˊ ㄌㄞˊ
突兀,1,ㄊㄨˊ ㄨˋ
突圍,1,ㄊㄨˊ ㄨㄟˊ
涂,1,ㄊㄨˊ
荼,1,ㄊㄨˊ
荼毒,1,ㄊㄨˊ ㄉㄨˊ
途,1,ㄊㄨˊ
途經,1,ㄊㄨˊ ㄐㄧㄥ
途徑,1,ㄊㄨˊ ㄐㄧㄥˋ
途中,1,ㄊㄨˊ ㄓㄨㄥ
塗,1,ㄊㄨˊ
塗抹,1,ㄊㄨˊ ㄇㄛˇ
塗地,1,ㄊㄨˊ ㄉㄧˋ
塗料,1,ㄊㄨˊ ㄌㄧㄠˋ
塗改,1,ㄊㄨˊ ㄍㄞˇ
塗寫,1,ㄊㄨˊ ㄒㄧㄝˇ
塗鴉,1,ㄊㄨˊ ㄧㄚ
徒,1,ㄊㄨˊ
徒步,1,ㄊㄨˊ ㄅㄨˋ
徒步旅行,1,ㄊㄨˊ ㄅㄨˋ ㄌㄩˇ ㄒㄧㄥˊ
徒弟,1,ㄊㄨˊ ㄉㄧˋ
徒勞,1,ㄊㄨˊ ㄌㄠˊ
徒勞無功,1,ㄊㄨˊ ㄌㄠˊ ㄨˊ ㄍㄨㄥ
徒勞往返,1,ㄊㄨˊ ㄌㄠˊ ㄨㄤˇ ㄈㄢˇ
徒具,1,ㄊㄨˊ ㄐㄩˋ
徒刑,1,ㄊㄨˊ ㄒㄧㄥˊ
徒手,1,ㄊㄨˊ ㄕㄡˇ
徒然,1,ㄊㄨˊ ㄖㄢˊ
徒子徒孫,1,ㄊㄨˊ ㄗˇ ㄊㄨˊ ㄙㄨㄣ
徒有虛名,1,ㄊㄨˊ ㄧㄡˇ ㄒㄩ ㄇㄧㄥˊ
屠,1,ㄊㄨˊ
屠刀,1,ㄊㄨˊ ㄉㄠ
屠戶,1,ㄊㄨˊ ㄏㄨˋ
屠場,1,ㄊㄨˊ ㄔㄤˇ
屠城,1,ㄊㄨˊ ㄔㄥˊ
屠殺,1,ㄊㄨˊ ㄕㄚ
屠宰,1,ㄊㄨˊ ㄗㄞˇ
屠宰稅,1,ㄊㄨˊ ㄗㄞˇ ㄕㄨㄟˋ
屠蘇酒,1,ㄊㄨˊ ㄙㄨ ㄐㄧㄡˇ
菟,1,ㄊㄨˊ
圖,1,ㄊㄨˊ
圖表,1,ㄊㄨˊ ㄅㄧㄠˇ
圖片,1,ㄊㄨˊ ㄆㄧㄢˋ
圖譜,1,ㄊㄨˊ ㄆㄨˇ
圖謀,1,ㄊㄨˊ ㄇㄡˊ
圖謀不軌,1,ㄊㄨˊ ㄇㄡˊ ㄅㄨˋ ㄍㄨㄟˇ
圖們江,1,ㄊㄨˊ ㄇㄣˊ ㄐㄧㄤ
圖利,1,ㄊㄨˊ ㄌㄧˋ
圖畫,1,ㄊㄨˊ ㄏㄨㄚˋ
圖畫書,1,ㄊㄨˊ ㄏㄨㄚˋ ㄕㄨ
圖繪,1,ㄊㄨˊ ㄏㄨㄟˋ
圖記,1,ㄊㄨˊ ㄐㄧˋ
圖解,1,ㄊㄨˊ ㄐㄧㄝˇ
圖窮匕見,1,ㄊㄨˊ ㄑㄩㄥˊ ㄅㄧˇ ㄒㄧㄢˋ
圖像,1,ㄊㄨˊ ㄒㄧㄤˋ
圖形,1,ㄊㄨˊ ㄒㄧㄥˊ
圖紙,1,ㄊㄨˊ ㄓˇ
圖章,1,ㄊㄨˊ ㄓㄤ
圖示,1,ㄊㄨˊ ㄕˋ
圖書,1,ㄊㄨˊ ㄕㄨ
圖書館,1,ㄊㄨˊ ㄕㄨ ㄍㄨㄢˇ
圖說,1,ㄊㄨˊ ㄕㄨㄛ
圖存,1,ㄊㄨˊ ㄘㄨㄣˊ
圖案,1,ㄊㄨˊ ㄢˋ
圖樣,1,ㄊㄨˊ ㄧㄤˋ
圖文,1,ㄊㄨˊ ㄨㄣˊ
圖文並茂,1,ㄊㄨˊ ㄨㄣˊ ㄅㄧㄥˋ ㄇㄠˋ
圖紋,1,ㄊㄨˊ ㄨㄣˊ
土,1,ㄊㄨˇ
土撥鼠,1,ㄊㄨˇ ㄅㄛ ㄕㄨˇ
土包子,1,ㄊㄨˇ ㄅㄠ ㄗ˙
土崩瓦解,1,ㄊㄨˇ ㄅㄥ ㄨㄚˇ ㄐㄧㄝˇ
土黴素,1,ㄊㄨˇ ㄇㄟˊ ㄙㄨˋ
土木,1,ㄊㄨˇ ㄇㄨˋ
土木工程,1,ㄊㄨˇ ㄇㄨˋ ㄍㄨㄥ ㄔㄥˊ
土法,1,ㄊㄨˇ ㄈㄚˇ
土法煉鋼,1,ㄊㄨˇ ㄈㄚˇ ㄌㄧㄢˋ ㄍㄤ
土匪,1,ㄊㄨˇ ㄈㄟˇ
土方,1,ㄊㄨˇ ㄈㄤ
土風舞,1,ㄊㄨˇ ㄈㄥ ㄨˇ
土豆,1,ㄊㄨˇ ㄉㄡˋ
土地,1,ㄊㄨˇ ㄉㄧˋ
土地婆,1,ㄊㄨˇ ㄉㄧˋ ㄆㄛˊ
土地廟,1,ㄊㄨˇ ㄉㄧˋ ㄇㄧㄠˋ
土地公,1,ㄊㄨˇ ㄉㄧˋ ㄍㄨㄥ
土地信託,1,ㄊㄨˇ ㄉㄧˋ ㄒㄧㄣˋ ㄊㄨㄛ
土地重劃,1,ㄊㄨˇ ㄉㄧˋ ㄔㄨㄥˊ ㄏㄨㄚˋ
土地稅,1,ㄊㄨˇ ㄉㄧˋ ㄕㄨㄟˋ
土地資源,1,ㄊㄨˇ ㄉㄧˋ ㄗ ㄩㄢˊ
土地增值稅,1,ㄊㄨˇ ㄉㄧˋ ㄗㄥ ㄓˊ ㄕㄨㄟˋ
土堆,1,ㄊㄨˇ ㄉㄨㄟ
土堤,1,ㄊㄨˇ ㄊㄧˊ
土托魚,1,ㄊㄨˇ ㄊㄨㄛ ㄩˊ
土魠魚羹,1,ㄊㄨˇ ㄊㄨㄛ ㄩˊ ㄍㄥ
土魠魚,1,ㄊㄨˇ ㄊㄨㄛ ㄩˊ
土狼,1,ㄊㄨˇ ㄌㄤˊ
土改,1,ㄊㄨˇ ㄍㄞˇ
土狗,1,ㄊㄨˇ ㄍㄡˇ
土塊,1,ㄊㄨˇ ㄎㄨㄞˋ
土豪劣紳,1,ㄊㄨˇ ㄏㄠˊ ㄌㄧㄝˋ ㄕㄣ
土話,1,ㄊㄨˇ ㄏㄨㄚˋ
土皇帝,1,ㄊㄨˇ ㄏㄨㄤˊ ㄉㄧˋ
土黃色,1,ㄊㄨˇ ㄏㄨㄤˊ ㄙㄜˋ
土雞,1,ㄊㄨˇ ㄐㄧ
土氣,1,ㄊㄨˇ ㄑㄧˋ
土丘,1,ㄊㄨˇ ㄑㄧㄡ
土牆,1,ㄊㄨˇ ㄑㄧㄤˊ
土星,1,ㄊㄨˇ ㄒㄧㄥ
土質,1,ㄊㄨˇ ㄓˊ
土壤液化,1,ㄊㄨˇ ㄖㄤˇ ㄧㄝˋ ㄏㄨㄚˋ
土製,1,ㄊㄨˇ ㄓˋ
土著,1,ㄊㄨˇ ㄓㄨˋ
土產,1,ㄊㄨˇ ㄔㄢˇ
土石流,1,ㄊㄨˇ ㄕˊ ㄌㄧㄡˊ
土紳,1,ㄊㄨˇ ㄕㄣ
土生土長,1,ㄊㄨˇ ㄕㄥ ㄊㄨˇ ㄓㄤˇ
土人,1,ㄊㄨˇ ㄖㄣˊ
土壤,1,ㄊㄨˇ ㄖㄤˇ
土葬,1,ㄊㄨˇ ㄗㄤˋ
土財主,1,ㄊㄨˇ ㄘㄞˊ ㄓㄨˇ
土層,1,ㄊㄨˇ ㄘㄥˊ
土司,1,ㄊㄨˇ ㄙ
土耳其浴,1,ㄊㄨˇ ㄦˇ ㄑㄧˊ ㄩˋ
土窯,1,ㄊㄨˇ ㄧㄠˊ
土味,1,ㄊㄨˇ ㄨㄟˋ
土甕,1,ㄊㄨˇ ㄨㄥˋ
土語,1,ㄊㄨˇ ㄩˇ
吐,1,ㄊㄨˇ
吐蕃,1,ㄊㄨˇ ㄈㄢ
吐痰,1,ㄊㄨˇ ㄊㄢˊ
吐納,1,ㄊㄨˇ ㄋㄚˋ
吐露,1,ㄊㄨˇ ㄌㄨˋ
吐苦水,1,ㄊㄨˇ ㄎㄨˇ ㄕㄨㄟˇ
吐氣,1,ㄊㄨˇ ㄑㄧˋ
吐,1,ㄊㄨˋ
吐血,1,ㄊㄨˋ ㄒㄧㄝˇ
兔,1,ㄊㄨˋ
兔跳,1,ㄊㄨˋ ㄊㄧㄠˋ
兔脫,1,ㄊㄨˋ ㄊㄨㄛ
兔毫,1,ㄊㄨˋ ㄏㄠˊ
兔脣,1,ㄊㄨˋ ㄔㄨㄣˊ
兔子,1,ㄊㄨˋ ㄗ˙
兔崽子,1,ㄊㄨˋ ㄗㄞˇ ㄗ˙
兔死狗烹,1,ㄊㄨˋ ㄙˇ ㄍㄡˇ ㄆㄥ
兔死狐悲,1,ㄊㄨˋ ㄙˇ ㄏㄨˊ ㄅㄟ
菟,1,ㄊㄨˋ
菟絲,1,ㄊㄨˋ ㄙ
托,1,ㄊㄨㄛ
托缽,1,ㄊㄨㄛ ㄅㄛ
托福,1,ㄊㄨㄛ ㄈㄨˊ
托辣斯,1,ㄊㄨㄛ ㄌㄚˋ ㄙ
托老中心,1,ㄊㄨㄛ ㄌㄠˇ ㄓㄨㄥ ㄒㄧㄣ
托詞,1,ㄊㄨㄛ ㄘˊ
托腮,1,ㄊㄨㄛ ㄙㄞ
托兒所,1,ㄊㄨㄛ ㄦˊ ㄙㄨㄛˇ
托育,1,ㄊㄨㄛ ㄩˋ
託,1,ㄊㄨㄛ
託夢,1,ㄊㄨㄛ ㄇㄥˋ
託福,1,ㄊㄨㄛ ㄈㄨˊ
託付,1,ㄊㄨㄛ ㄈㄨˋ
託孤,1,ㄊㄨㄛ ㄍㄨ
託管,1,ㄊㄨㄛ ㄍㄨㄢˇ
託詞,1,ㄊㄨㄛ ㄘˊ
魠,1,ㄊㄨㄛ
拖,1,ㄊㄨㄛ
拖班,1,ㄊㄨㄛ ㄅㄢ
拖地,1,ㄊㄨㄛ ㄉㄧˋ
拖吊,1,ㄊㄨㄛ ㄉㄧㄠˋ
拖吊車,1,ㄊㄨㄛ ㄉㄧㄠˋ ㄔㄜ
拖沓,1,ㄊㄨㄛ ㄊㄚˋ
拖拖拉拉,1,ㄊㄨㄛ ㄊㄨㄛ ㄌㄚ ㄌㄚ
拖泥帶水,1,ㄊㄨㄛ ㄋㄧˊ ㄉㄞˋ ㄕㄨㄟˇ
拖拉,1,ㄊㄨㄛ ㄌㄚ
拖拉機,1,ㄊㄨㄛ ㄌㄚ ㄐㄧ
拖累,1,ㄊㄨㄛ ㄌㄟˋ
拖垮,1,ㄊㄨㄛ ㄎㄨㄚˇ
拖欠,1,ㄊㄨㄛ ㄑㄧㄢˋ
拖下水,1,ㄊㄨㄛ ㄒㄧㄚˋ ㄕㄨㄟˇ
拖鞋,1,ㄊㄨㄛ ㄒㄧㄝˊ
拖車,1,ㄊㄨㄛ ㄔㄜ
拖船,1,ㄊㄨㄛ ㄔㄨㄢˊ
拖曳,1,ㄊㄨㄛ ㄧˋ
拖曳傘,1,ㄊㄨㄛ ㄧˋ ㄙㄢˇ
拖油瓶,1,ㄊㄨㄛ ㄧㄡˊ ㄆㄧㄥˊ
拖延,1,ㄊㄨㄛ ㄧㄢˊ
拖網,1,ㄊㄨㄛ ㄨㄤˇ
脫,1,ㄊㄨㄛ
脫班,1,ㄊㄨㄛ ㄅㄢ
脫皮,1,ㄊㄨㄛ ㄆㄧˊ
脫毛,1,ㄊㄨㄛ ㄇㄠˊ
脫黨,1,ㄊㄨㄛ ㄉㄤˇ
脫胎,1,ㄊㄨㄛ ㄊㄞ
脫胎換骨,1,ㄊㄨㄛ ㄊㄞ ㄏㄨㄢˋ ㄍㄨˇ
脫逃,1,ㄊㄨㄛ ㄊㄠˊ
脫兔,1,ㄊㄨㄛ ㄊㄨˋ
脫離,1,ㄊㄨㄛ ㄌㄧˊ
脫落,1,ㄊㄨㄛ ㄌㄨㄛˋ
脫稿,1,ㄊㄨㄛ ㄍㄠˇ
脫口秀,1,ㄊㄨㄛ ㄎㄡˇ ㄒㄧㄡˋ
脫口而出,1,ㄊㄨㄛ ㄎㄡˇ ㄦˊ ㄔㄨ
脫困,1,ㄊㄨㄛ ㄎㄨㄣˋ
脫節,1,ㄊㄨㄛ ㄐㄧㄝˊ
脫臼,1,ㄊㄨㄛ ㄐㄧㄡˋ
脫韁之馬,1,ㄊㄨㄛ ㄐㄧㄤ ㄓ ㄇㄚˇ
脫險,1,ㄊㄨㄛ ㄒㄧㄢˇ
脫序,1,ㄊㄨㄛ ㄒㄩˋ
脫脂,1,ㄊㄨㄛ ㄓ
脫臭,1,ㄊㄨㄛ ㄔㄡˋ
脫產,1,ㄊㄨㄛ ㄔㄢˇ
脫腸,1,ㄊㄨㄛ ㄔㄤˊ
脫手,1,ㄊㄨㄛ ㄕㄡˇ
脫售,1,ㄊㄨㄛ ㄕㄡˋ
脫身,1,ㄊㄨㄛ ㄕㄣ
脫水,1,ㄊㄨㄛ ㄕㄨㄟˇ
脫水機,1,ㄊㄨㄛ ㄕㄨㄟˇ ㄐㄧ
脫水食品,1,ㄊㄨㄛ ㄕㄨㄟˇ ㄕˊ ㄆㄧㄣˇ
脫罪,1,ㄊㄨㄛ ㄗㄨㄟˋ
脫俗,1,ㄊㄨㄛ ㄙㄨˊ
脫氧,1,ㄊㄨㄛ ㄧㄤˇ
脫穎而出,1,ㄊㄨㄛ ㄧㄥˇ ㄦˊ ㄔㄨ
脫位,1,ㄊㄨㄛ ㄨㄟˋ
佗,1,ㄊㄨㄛˊ
沱,1,ㄊㄨㄛˊ
陀,1,ㄊㄨㄛˊ
陀螺,1,ㄊㄨㄛˊ ㄌㄨㄛˊ
酡,1,ㄊㄨㄛˊ
跎,1,ㄊㄨㄛˊ
駝,1,ㄊㄨㄛˊ
駝背,1,ㄊㄨㄛˊ ㄅㄟˋ
駝峰,1,ㄊㄨㄛˊ ㄈㄥ
駝鳥,1,ㄊㄨㄛˊ ㄋㄧㄠˇ
駝子,1,ㄊㄨㄛˊ ㄗ˙
鴕,1,ㄊㄨㄛˊ
鴕鳥,1,ㄊㄨㄛˊ ㄋㄧㄠˇ
鴕鳥蛋,1,ㄊㄨㄛˊ ㄋㄧㄠˇ ㄉㄢˋ
馱,1,ㄊㄨㄛˊ
妥,1,ㄊㄨㄛˇ
妥當,1,ㄊㄨㄛˇ ㄉㄤˋ
妥貼,1,ㄊㄨㄛˇ ㄊㄧㄝ
妥協,1,ㄊㄨㄛˇ ㄒㄧㄝˊ
妥善,1,ㄊㄨㄛˇ ㄕㄢˋ
橢,1,ㄊㄨㄛˇ
橢圓形,1,ㄊㄨㄛˇ ㄩㄢˊ ㄒㄧㄥˊ
拓,1,ㄊㄨㄛˋ
拓地,1,ㄊㄨㄛˋ ㄉㄧˋ
拓寬,1,ㄊㄨㄛˋ ㄎㄨㄢ
拓荒,1,ㄊㄨㄛˋ ㄏㄨㄤ
拓荒者,1,ㄊㄨㄛˋ ㄏㄨㄤ ㄓㄜˇ
拓銷,1,ㄊㄨㄛˋ ㄒㄧㄠ
拓展,1,ㄊㄨㄛˋ ㄓㄢˇ
柝,1,ㄊㄨㄛˋ
唾,1,ㄊㄨㄛˋ
唾罵,1,ㄊㄨㄛˋ ㄇㄚˋ
唾沫直嚥,1,ㄊㄨㄛˋ ㄇㄛˋ ㄓˊ ㄧㄢˋ
唾面自乾,1,ㄊㄨㄛˋ ㄇㄧㄢˋ ㄗˋ ㄍㄢ
唾棄,1,ㄊㄨㄛˋ ㄑㄧˋ
唾腺,1,ㄊㄨㄛˋ ㄒㄧㄢˋ
唾手可得,1,ㄊㄨㄛˋ ㄕㄡˇ ㄎㄜˇ ㄉㄜˊ
唾液,1,ㄊㄨㄛˋ ㄧㄝˋ
魄,1,ㄊㄨㄛˋ
籜,1,ㄊㄨㄛˋ
推,1,ㄊㄨㄟ
推波助瀾,1,ㄊㄨㄟ ㄅㄛ ㄓㄨˋ ㄌㄢˊ
推派,1,ㄊㄨㄟ ㄆㄞˋ
推磨,1,ㄊㄨㄟ ㄇㄛˋ
推翻,1,ㄊㄨㄟ ㄈㄢ
推定,1,ㄊㄨㄟ ㄉㄧㄥˋ
推斷,1,ㄊㄨㄟ ㄉㄨㄢˋ
推動,1,ㄊㄨㄟ ㄉㄨㄥˋ
推土機,1,ㄊㄨㄟ ㄊㄨˇ ㄐㄧ
推託,1,ㄊㄨㄟ ㄊㄨㄛ
推拿,1,ㄊㄨㄟ ㄋㄚˊ
推理,1,ㄊㄨㄟ ㄌㄧˇ
推力,1,ㄊㄨㄟ ㄌㄧˋ
推論,1,ㄊㄨㄟ ㄌㄨㄣˋ
推桿,1,ㄊㄨㄟ ㄍㄢˇ
推估,1,ㄊㄨㄟ ㄍㄨ
推廣,1,ㄊㄨㄟ ㄍㄨㄤˇ
推開,1,ㄊㄨㄟ ㄎㄞ
推己及人,1,ㄊㄨㄟ ㄐㄧˇ ㄐㄧˊ ㄖㄣˊ
推擠,1,ㄊㄨㄟ ㄐㄧˇ
推介,1,ㄊㄨㄟ ㄐㄧㄝˋ
推究,1,ㄊㄨㄟ ㄐㄧㄡˋ
推薦,1,ㄊㄨㄟ ㄐㄧㄢˋ
推薦甄選,1,ㄊㄨㄟ ㄐㄧㄢˋ ㄓㄣ ㄒㄩㄢˇ
推進,1,ㄊㄨㄟ ㄐㄧㄣˋ
推進器,1,ㄊㄨㄟ ㄐㄧㄣˋ ㄑㄧˋ
推舉,1,ㄊㄨㄟ ㄐㄩˇ
推敲,1,ㄊㄨㄟ ㄑㄧㄠ
推球,1,ㄊㄨㄟ ㄑㄧㄡˊ
推卻,1,ㄊㄨㄟ ㄑㄩㄝˋ
推卸,1,ㄊㄨㄟ ㄒㄧㄝˋ
推銷,1,ㄊㄨㄟ ㄒㄧㄠ
推銷員,1,ㄊㄨㄟ ㄒㄧㄠ ㄩㄢˊ
推心置腹,1,ㄊㄨㄟ ㄒㄧㄣ ㄓˋ ㄈㄨˋ
推想,1,ㄊㄨㄟ ㄒㄧㄤˇ
推行,1,ㄊㄨㄟ ㄒㄧㄥˊ
推許,1,ㄊㄨㄟ ㄒㄩˇ
推選,1,ㄊㄨㄟ ㄒㄩㄢˇ
推展,1,ㄊㄨㄟ ㄓㄢˇ
推撞,1,ㄊㄨㄟ ㄓㄨㄤˋ
推重,1,ㄊㄨㄟ ㄓㄨㄥˋ
推車,1,ㄊㄨㄟ ㄔㄜ
推陳出新,1,ㄊㄨㄟ ㄔㄣˊ ㄔㄨ ㄒㄧㄣ
推出,1,ㄊㄨㄟ ㄔㄨ
推窗,1,ㄊㄨㄟ ㄔㄨㄤ
推崇,1,ㄊㄨㄟ ㄔㄨㄥˊ
推崇備至,1,ㄊㄨㄟ ㄔㄨㄥˊ ㄅㄟˋ ㄓˋ
推事,1,ㄊㄨㄟ ㄕˋ
推手,1,ㄊㄨㄟ ㄕㄡˇ
推說,1,ㄊㄨㄟ ㄕㄨㄛ
推辭,1,ㄊㄨㄟ ㄘˊ
推測,1,ㄊㄨㄟ ㄘㄜˋ
推三阻四,1,ㄊㄨㄟ ㄙㄢ ㄗㄨˇ ㄙˋ
推算,1,ㄊㄨㄟ ㄙㄨㄢˋ
推移,1,ㄊㄨㄟ ㄧˊ
推演,1,ㄊㄨㄟ ㄧㄢˇ
推諉,1,ㄊㄨㄟ ㄨㄟˇ
推諉塞責,1,ㄊㄨㄟ ㄨㄟˇ ㄙㄜˋ ㄗㄜˊ
隤,1,ㄊㄨㄟˊ
頹,1,ㄊㄨㄟˊ
頹敗,1,ㄊㄨㄟˊ ㄅㄞˋ
頹圮,1,ㄊㄨㄟˊ ㄆㄧˇ
頹靡不振,1,ㄊㄨㄟˊ ㄇㄧˇ ㄅㄨˋ ㄓㄣˋ
頹靡不振,1,ㄊㄨㄟˊ ㄇㄧˇ ㄅㄨˊ ㄓㄣˋ
頹廢,1,ㄊㄨㄟˊ ㄈㄟˋ
頹唐,1,ㄊㄨㄟˊ ㄊㄤˊ
頹勢,1,ㄊㄨㄟˊ ㄕˋ
頹然,1,ㄊㄨㄟˊ ㄖㄢˊ
頹喪,1,ㄊㄨㄟˊ ㄙㄤˋ
腿,1,ㄊㄨㄟˇ
腿法,1,ㄊㄨㄟˇ ㄈㄚˇ
腿骨,1,ㄊㄨㄟˇ ㄍㄨˇ
退,1,ㄊㄨㄟˋ
退避三舍,1,ㄊㄨㄟˋ ㄅㄧˋ ㄙㄢ ㄕㄜˋ
退冰,1,ㄊㄨㄟˋ ㄅㄧㄥ
退步,1,ㄊㄨㄟˋ ㄅㄨˋ
退票,1,ㄊㄨㄟˋ ㄆㄧㄠˋ
退費,1,ㄊㄨㄟˋ ㄈㄟˋ
退房,1,ㄊㄨㄟˋ ㄈㄤˊ
退敵,1,ㄊㄨㄟˋ ㄉㄧˊ
退堂,1,ㄊㄨㄟˋ ㄊㄤˊ
退庭,1,ㄊㄨㄟˋ ㄊㄧㄥˊ
退路,1,ㄊㄨㄟˋ ㄌㄨˋ
退稿,1,ㄊㄨㄟˋ ㄍㄠˇ
退款,1,ㄊㄨㄟˋ ㄎㄨㄢˇ
退後,1,ㄊㄨㄟˋ ㄏㄡˋ
退化,1,ㄊㄨㄟˋ ㄏㄨㄚˋ
退貨,1,ㄊㄨㄟˋ ㄏㄨㄛˋ
退回,1,ㄊㄨㄟˋ ㄏㄨㄟˊ
退還,1,ㄊㄨㄟˋ ㄏㄨㄢˊ
退換,1,ㄊㄨㄟˋ ㄏㄨㄢˋ
退婚,1,ㄊㄨㄟˋ ㄏㄨㄣ
退件,1,ㄊㄨㄟˋ ㄐㄧㄢˋ
退居,1,ㄊㄨㄟˋ ㄐㄩ
退居幕後,1,ㄊㄨㄟˋ ㄐㄩ ㄇㄨˋ ㄏㄡˋ
退錢,1,ㄊㄨㄟˋ ㄑㄧㄢˊ
退卻,1,ㄊㄨㄟˋ ㄑㄩㄝˋ
退席,1,ㄊㄨㄟˋ ㄒㄧˊ
退休,1,ㄊㄨㄟˋ ㄒㄧㄡ
退休金,1,ㄊㄨㄟˋ ㄒㄧㄡ ㄐㄧㄣ
退現,1,ㄊㄨㄟˋ ㄒㄧㄢˋ
退學,1,ㄊㄨㄟˋ ㄒㄩㄝˊ
退選,1,ㄊㄨㄟˋ ㄒㄩㄢˇ
退職,1,ㄊㄨㄟˋ ㄓˊ
退潮,1,ㄊㄨㄟˋ ㄔㄠˊ
退場,1,ㄊㄨㄟˋ ㄔㄤˇ
退出,1,ㄊㄨㄟˋ ㄔㄨ
退除役,1,ㄊㄨㄟˋ ㄔㄨˊ ㄧˋ
退燒,1,ㄊㄨㄟˋ ㄕㄠ
退守,1,ㄊㄨㄟˋ ㄕㄡˇ
退稅,1,ㄊㄨㄟˋ ㄕㄨㄟˋ
退讓,1,ㄊㄨㄟˋ ㄖㄤˋ
退租,1,ㄊㄨㄟˋ ㄗㄨ
退色,1,ㄊㄨㄟˋ ㄙㄜˋ
退縮,1,ㄊㄨㄟˋ ㄙㄨㄛ
退而求其次,1,ㄊㄨㄟˋ ㄦˊ ㄑㄧㄡˊ ㄑㄧˊ ㄘˋ
退一步,1,ㄊㄨㄟˋ ㄧ ㄅㄨˋ
退一步,1,ㄊㄨㄟˋ ㄧˊ ㄅㄨˋ
退役,1,ㄊㄨㄟˋ ㄧˋ
退隱,1,ㄊㄨㄟˋ ㄧㄣˇ
退伍,1,ㄊㄨㄟˋ ㄨˇ
退位,1,ㄊㄨㄟˋ ㄨㄟˋ
蛻,1,ㄊㄨㄟˋ
蛻變,1,ㄊㄨㄟˋ ㄅㄧㄢˋ
蛻化,1,ㄊㄨㄟˋ ㄏㄨㄚˋ
湍,1,ㄊㄨㄢ
湍流,1,ㄊㄨㄢ ㄌㄧㄡˊ
湍急,1,ㄊㄨㄢ ㄐㄧˊ
摶,1,ㄊㄨㄢˊ
團,1,ㄊㄨㄢˊ
團拜,1,ㄊㄨㄢˊ ㄅㄞˋ
團隊,1,ㄊㄨㄢˊ ㄉㄨㄟˋ
團隊精神,1,ㄊㄨㄢˊ ㄉㄨㄟˋ ㄐㄧㄥ ㄕㄣˊ
團體,1,ㄊㄨㄢˊ ㄊㄧˇ
團團,1,ㄊㄨㄢˊ ㄊㄨㄢˊ
團團轉,1,ㄊㄨㄢˊ ㄊㄨㄢˊ ㄓㄨㄢˋ
團管區,1,ㄊㄨㄢˊ ㄍㄨㄢˇ ㄑㄩ
團康,1,ㄊㄨㄢˊ ㄎㄤ
團結,1,ㄊㄨㄢˊ ㄐㄧㄝˊ
團聚,1,ㄊㄨㄢˊ ㄐㄩˋ
團契,1,ㄊㄨㄢˊ ㄑㄧˋ
團長,1,ㄊㄨㄢˊ ㄓㄤˇ
團扇,1,ㄊㄨㄢˊ ㄕㄢˋ
團員,1,ㄊㄨㄢˊ ㄩㄢˊ
團圓,1,ㄊㄨㄢˊ ㄩㄢˊ
糰,1,ㄊㄨㄢˊ
彖,1,ㄊㄨㄢˋ
吞,1,ㄊㄨㄣ
吞併,1,ㄊㄨㄣ ㄅㄧㄥˋ
吞沒,1,ㄊㄨㄣ ㄇㄛˋ
吞服,1,ㄊㄨㄣ ㄈㄨˊ
吞吐,1,ㄊㄨㄣ ㄊㄨˇ
吞吞吐吐,1,ㄊㄨㄣ ㄊㄨㄣ ㄊㄨˇ ㄊㄨˇ
吞舟之魚,1,ㄊㄨㄣ ㄓㄡ ㄓ ㄩˊ
吞食,1,ㄊㄨㄣ ㄕˊ
吞噬,1,ㄊㄨㄣ ㄕˋ
吞嚥,1,ㄊㄨㄣ ㄧㄢˋ
吞雲吐霧,1,ㄊㄨㄣ ㄩㄣˊ ㄊㄨˇ ㄨˋ
暾,1,ㄊㄨㄣ
屯,1,ㄊㄨㄣˊ
屯田,1,ㄊㄨㄣˊ ㄊㄧㄢˊ
屯墾,1,ㄊㄨㄣˊ ㄎㄣˇ
屯積,1,ㄊㄨㄣˊ ㄐㄧ
囤,1,ㄊㄨㄣˊ
囤積,1,ㄊㄨㄣˊ ㄐㄧ
囤積居奇,1,ㄊㄨㄣˊ ㄐㄧ ㄐㄩ ㄑㄧˊ
魨,1,ㄊㄨㄣˊ
豚,1,ㄊㄨㄣˊ
臀,1,ㄊㄨㄣˊ
臀部,1,ㄊㄨㄣˊ ㄅㄨˋ
臀圍,1,ㄊㄨㄣˊ ㄨㄟˊ
褪,1,ㄊㄨㄣˋ
恫,1,ㄊㄨㄥ
通,1,ㄊㄨㄥ
通報,1,ㄊㄨㄥ ㄅㄠˋ
通病,1,ㄊㄨㄥ ㄅㄧㄥˋ
通盤,1,ㄊㄨㄥ ㄆㄢˊ
通膨,1,ㄊㄨㄥ ㄆㄥˊ
通明,1,ㄊㄨㄥ ㄇㄧㄥˊ
通風,1,ㄊㄨㄥ ㄈㄥ
通風報信,1,ㄊㄨㄥ ㄈㄥ ㄅㄠˋ ㄒㄧㄣˋ
通達,1,ㄊㄨㄥ ㄉㄚˊ
通道,1,ㄊㄨㄥ ㄉㄠˋ
通牒,1,ㄊㄨㄥ ㄉㄧㄝˊ
通電,1,ㄊㄨㄥ ㄉㄧㄢˋ
通體,1,ㄊㄨㄥ ㄊㄧˇ
通天,1,ㄊㄨㄥ ㄊㄧㄢ
通通,1,ㄊㄨㄥ ㄊㄨㄥ
通力,1,ㄊㄨㄥ ㄌㄧˋ
通力合作,1,ㄊㄨㄥ ㄌㄧˋ ㄏㄜˊ ㄗㄨㄛˋ
通例,1,ㄊㄨㄥ ㄌㄧˋ
通靈,1,ㄊㄨㄥ ㄌㄧㄥˊ
通令,1,ㄊㄨㄥ ㄌㄧㄥˋ
通路,1,ㄊㄨㄥ ㄌㄨˋ
通告,1,ㄊㄨㄥ ㄍㄠˋ
通過,1,ㄊㄨㄥ ㄍㄨㄛˋ
通關,1,ㄊㄨㄥ ㄍㄨㄢ
通函,1,ㄊㄨㄥ ㄏㄢˊ
通航,1,ㄊㄨㄥ ㄏㄤˊ
通話,1,ㄊㄨㄥ ㄏㄨㄚˋ
通貨,1,ㄊㄨㄥ ㄏㄨㄛˋ
通貨膨脹,1,ㄊㄨㄥ ㄏㄨㄛˋ ㄆㄥˊ ㄓㄤˋ
通婚,1,ㄊㄨㄥ ㄏㄨㄣ
通紅,1,ㄊㄨㄥ ㄏㄨㄥˊ
通氣,1,ㄊㄨㄥ ㄑㄧˋ
通緝,1,ㄊㄨㄥ ㄑㄧˋ
通緝犯,1,ㄊㄨㄥ ㄑㄧˋ ㄈㄢˋ
通緝令,1,ㄊㄨㄥ ㄑㄧˋ ㄌㄧㄥˋ
通勤,1,ㄊㄨㄥ ㄑㄧㄣˊ
通情達理,1,ㄊㄨㄥ ㄑㄧㄥˊ ㄉㄚˊ ㄌㄧˇ
通衢大道,1,ㄊㄨㄥ ㄑㄩˊ ㄉㄚˋ ㄉㄠˋ
通權達變,1,ㄊㄨㄥ ㄑㄩㄢˊ ㄉㄚˊ ㄅㄧㄢˋ
通宵,1,ㄊㄨㄥ ㄒㄧㄠ
通宵達旦,1,ㄊㄨㄥ ㄒㄧㄠ ㄉㄚˊ ㄉㄢˋ
通曉,1,ㄊㄨㄥ ㄒㄧㄠˇ
通心麵,1,ㄊㄨㄥ ㄒㄧㄣ ㄇㄧㄢˋ
通心粉,1,ㄊㄨㄥ ㄒㄧㄣ ㄈㄣˇ
通信,1,ㄊㄨㄥ ㄒㄧㄣˋ
通行,1,ㄊㄨㄥ ㄒㄧㄥˊ
通行費,1,ㄊㄨㄥ ㄒㄧㄥˊ ㄈㄟˋ
通行證,1,ㄊㄨㄥ ㄒㄧㄥˊ ㄓㄥˋ
通行無阻,1,ㄊㄨㄥ ㄒㄧㄥˊ ㄨˊ ㄗㄨˇ
通性,1,ㄊㄨㄥ ㄒㄧㄥˋ
通學,1,ㄊㄨㄥ ㄒㄩㄝˊ
通訊,1,ㄊㄨㄥ ㄒㄩㄣˋ
通訊錄,1,ㄊㄨㄥ ㄒㄩㄣˋ ㄌㄨˋ
通訊器,1,ㄊㄨㄥ ㄒㄩㄣˋ ㄑㄧˋ
通訊社,1,ㄊㄨㄥ ㄒㄩㄣˋ ㄕㄜˋ
通訊衛星,1,ㄊㄨㄥ ㄒㄩㄣˋ ㄨㄟˋ ㄒㄧㄥ
通知,1,ㄊㄨㄥ ㄓ
通知書,1,ㄊㄨㄥ ㄓ ㄕㄨ
通車,1,ㄊㄨㄥ ㄔㄜ
通常,1,ㄊㄨㄥ ㄔㄤˊ
通暢,1,ㄊㄨㄥ ㄔㄤˋ
通稱,1,ㄊㄨㄥ ㄔㄥ
通史,1,ㄊㄨㄥ ㄕˇ
通事,1,ㄊㄨㄥ ㄕˋ
通識,1,ㄊㄨㄥ ㄕˋ
通識科目,1,ㄊㄨㄥ ㄕˋ ㄎㄜ ㄇㄨˋ
通識教育,1,ㄊㄨㄥ ㄕˋ ㄐㄧㄠˋ ㄩˋ
通商,1,ㄊㄨㄥ ㄕㄤ
通商口岸,1,ㄊㄨㄥ ㄕㄤ ㄎㄡˇ ㄢˋ
通人,1,ㄊㄨㄥ ㄖㄣˊ
通融,1,ㄊㄨㄥ ㄖㄨㄥˊ
通則,1,ㄊㄨㄥ ㄗㄜˊ
通才,1,ㄊㄨㄥ ㄘㄞˊ
通才教育,1,ㄊㄨㄥ ㄘㄞˊ ㄐㄧㄠˋ ㄩˋ
通財,1,ㄊㄨㄥ ㄘㄞˊ
通俗,1,ㄊㄨㄥ ㄙㄨˊ
通譯,1,ㄊㄨㄥ ㄧˋ
通郵,1,ㄊㄨㄥ ㄧㄡˊ
通往,1,ㄊㄨㄥ ㄨㄤˇ
通運,1,ㄊㄨㄥ ㄩㄣˋ
通用,1,ㄊㄨㄥ ㄩㄥˋ
仝,1,ㄊㄨㄥˊ
同,1,ㄊㄨㄥˊ
同輩,1,ㄊㄨㄥˊ ㄅㄟˋ
同胞,1,ㄊㄨㄥˊ ㄅㄠ
同班,1,ㄊㄨㄥˊ ㄅㄢ
同伴,1,ㄊㄨㄥˊ ㄅㄢˋ
同病相憐,1,ㄊㄨㄥˊ ㄅㄧㄥˋ ㄒㄧㄤ ㄌㄧㄢˊ
同步,1,ㄊㄨㄥˊ ㄅㄨˋ
同步錄音,1,ㄊㄨㄥˊ ㄅㄨˋ ㄌㄨˋ ㄧㄣ
同步衛星,1,ㄊㄨㄥˊ ㄅㄨˋ ㄨㄟˋ ㄒㄧㄥ
同袍,1,ㄊㄨㄥˊ ㄆㄠˊ
同謀,1,ㄊㄨㄥˊ ㄇㄡˊ
同門,1,ㄊㄨㄥˊ ㄇㄣˊ
同盟,1,ㄊㄨㄥˊ ㄇㄥˊ
同盟國,1,ㄊㄨㄥˊ ㄇㄥˊ ㄍㄨㄛˊ
同盟會,1,ㄊㄨㄥˊ ㄇㄥˊ ㄏㄨㄟˋ
同名,1,ㄊㄨㄥˊ ㄇㄧㄥˊ
同名之累,1,ㄊㄨㄥˊ ㄇㄧㄥˊ ㄓ ㄌㄟˋ
同命鳥,1,ㄊㄨㄥˊ ㄇㄧㄥˋ ㄋㄧㄠˇ
同房,1,ㄊㄨㄥˊ ㄈㄤˊ
同道,1,ㄊㄨㄥˊ ㄉㄠˋ
同等,1,ㄊㄨㄥˊ ㄉㄥˇ
同等學力,1,ㄊㄨㄥˊ ㄉㄥˇ ㄒㄩㄝˊ ㄌㄧˋ
同堂,1,ㄊㄨㄥˊ ㄊㄤˊ
同年,1,ㄊㄨㄥˊ ㄋㄧㄢˊ
同樂,1,ㄊㄨㄥˊ ㄌㄜˋ
同樂會,1,ㄊㄨㄥˊ ㄌㄜˋ ㄏㄨㄟˋ
同類,1,ㄊㄨㄥˊ ㄌㄟˋ
同類相聚,1,ㄊㄨㄥˊ ㄌㄟˋ ㄒㄧㄤ ㄐㄩˋ
同理,1,ㄊㄨㄥˊ ㄌㄧˇ
同僚,1,ㄊㄨㄥˊ ㄌㄧㄠˊ
同流合汙,1,ㄊㄨㄥˊ ㄌㄧㄡˊ ㄏㄜˊ ㄨ
同路人,1,ㄊㄨㄥˊ ㄌㄨˋ ㄖㄣˊ
同甘共苦,1,ㄊㄨㄥˊ ㄍㄢ ㄍㄨㄥˋ ㄎㄨˇ
同感,1,ㄊㄨㄥˊ ㄍㄢˇ
同工同酬,1,ㄊㄨㄥˊ ㄍㄨㄥ ㄊㄨㄥˊ ㄔㄡˊ
同好,1,ㄊㄨㄥˊ ㄏㄠˋ
同行,1,ㄊㄨㄥˊ ㄏㄤˊ
同化,1,ㄊㄨㄥˊ ㄏㄨㄚˋ
同夥,1,ㄊㄨㄥˊ ㄏㄨㄛˇ
同歡,1,ㄊㄨㄥˊ ㄏㄨㄢ
同級,1,ㄊㄨㄥˊ ㄐㄧˊ
同居,1,ㄊㄨㄥˊ ㄐㄩ
同期,1,ㄊㄨㄥˊ ㄑㄧˊ
同情,1,ㄊㄨㄥˊ ㄑㄧㄥˊ
同校,1,ㄊㄨㄥˊ ㄒㄧㄠˋ
同心,1,ㄊㄨㄥˊ ㄒㄧㄣ
同心同德,1,ㄊㄨㄥˊ ㄒㄧㄣ ㄊㄨㄥˊ ㄉㄜˊ
同心協力,1,ㄊㄨㄥˊ ㄒㄧㄣ ㄒㄧㄝˊ ㄌㄧˋ
同心圓,1,ㄊㄨㄥˊ ㄒㄧㄣ ㄩㄢˊ
同鄉,1,ㄊㄨㄥˊ ㄒㄧㄤ
同鄉會,1,ㄊㄨㄥˊ ㄒㄧㄤ ㄏㄨㄟˋ
同行,1,ㄊㄨㄥˊ ㄒㄧㄥˊ
同性,1,ㄊㄨㄥˊ ㄒㄧㄥˋ
同性戀,1,ㄊㄨㄥˊ ㄒㄧㄥˋ ㄌㄧㄢˋ
同學,1,ㄊㄨㄥˊ ㄒㄩㄝˊ
同學錄,1,ㄊㄨㄥˊ ㄒㄩㄝˊ ㄌㄨˋ
同學會,1,ㄊㄨㄥˊ ㄒㄩㄝˊ ㄏㄨㄟˋ
同志,1,ㄊㄨㄥˊ ㄓˋ
同舟共濟,1,ㄊㄨㄥˊ ㄓㄡ ㄍㄨㄥˋ ㄐㄧˋ
同儕,1,ㄊㄨㄥˊ ㄔㄞˊ
同仇敵愾,1,ㄊㄨㄥˊ ㄔㄡˊ ㄉㄧˊ ㄎㄞˋ
同窗,1,ㄊㄨㄥˊ ㄔㄨㄤ
同床異夢,1,ㄊㄨㄥˊ ㄔㄨㄤˊ ㄧˋ ㄇㄥˋ
同時,1,ㄊㄨㄥˊ ㄕˊ
同事,1,ㄊㄨㄥˊ ㄕˋ
同室操戈,1,ㄊㄨㄥˊ ㄕˋ ㄘㄠ ㄍㄜ
同聲,1,ㄊㄨㄥˊ ㄕㄥ
同日而語,1,ㄊㄨㄥˊ ㄖˋ ㄦˊ ㄩˇ
同仁,1,ㄊㄨㄥˊ ㄖㄣˊ
同一,1,ㄊㄨㄥˊ ㄧ
同意,1,ㄊㄨㄥˊ ㄧˋ
同意權,1,ㄊㄨㄥˊ ㄧˋ ㄑㄩㄢˊ
同業,1,ㄊㄨㄥˊ ㄧㄝˋ
同業公會,1,ㄊㄨㄥˊ ㄧㄝˋ ㄍㄨㄥ ㄏㄨㄟˋ
同樣,1,ㄊㄨㄥˊ ㄧㄤˋ
同位素,1,ㄊㄨㄥˊ ㄨㄟˋ ㄙㄨˋ
洞,1,ㄊㄨㄥˊ
峒,1,ㄊㄨㄥˊ
桐,1,ㄊㄨㄥˊ
桐油,1,ㄊㄨㄥˊ ㄧㄡˊ
茼,1,ㄊㄨㄥˊ
茼蒿,1,ㄊㄨㄥˊ ㄏㄠ
衕,1,ㄊㄨㄥˊ
酮,1,ㄊㄨㄥˊ
銅,1,ㄊㄨㄥˊ
銅板,1,ㄊㄨㄥˊ ㄅㄢˇ
銅版,1,ㄊㄨㄥˊ ㄅㄢˇ
銅版畫,1,ㄊㄨㄥˊ ㄅㄢˇ ㄏㄨㄚˋ
銅牌,1,ㄊㄨㄥˊ ㄆㄞˊ
銅鑼,1,ㄊㄨㄥˊ ㄌㄨㄛˊ
銅鑼燒,1,ㄊㄨㄥˊ ㄌㄨㄛˊ ㄕㄠ
銅綠,1,ㄊㄨㄥˊ ㄌㄩˋ
銅鼓,1,ㄊㄨㄥˊ ㄍㄨˇ
銅管,1,ㄊㄨㄥˊ ㄍㄨㄢˇ
銅礦,1,ㄊㄨㄥˊ ㄎㄨㄤˋ
銅鏡,1,ㄊㄨㄥˊ ㄐㄧㄥˋ
銅器,1,ㄊㄨㄥˊ ㄑㄧˋ
銅錢,1,ㄊㄨㄥˊ ㄑㄧㄢˊ
銅牆鐵壁,1,ㄊㄨㄥˊ ㄑㄧㄤˊ ㄊㄧㄝˇ ㄅㄧˋ
銅臭,1,ㄊㄨㄥˊ ㄒㄧㄡˋ
銅線,1,ㄊㄨㄥˊ ㄒㄧㄢˋ
銅像,1,ㄊㄨㄥˊ ㄒㄧㄤˋ
佟,1,ㄊㄨㄥˊ
彤,1,ㄊㄨㄥˊ
童,1,ㄊㄨㄥˊ
童年,1,ㄊㄨㄥˊ ㄋㄧㄢˊ
童女,1,ㄊㄨㄥˊ ㄋㄩˇ
童工,1,ㄊㄨㄥˊ ㄍㄨㄥ
童話,1,ㄊㄨㄥˊ ㄏㄨㄚˋ
童軍,1,ㄊㄨㄥˊ ㄐㄩㄣ
童趣,1,ㄊㄨㄥˊ ㄑㄩˋ
童心,1,ㄊㄨㄥˊ ㄒㄧㄣ
童心未泯,1,ㄊㄨㄥˊ ㄒㄧㄣ ㄨㄟˋ ㄇㄧㄣˇ
童星,1,ㄊㄨㄥˊ ㄒㄧㄥ
童稚,1,ㄊㄨㄥˊ ㄓˋ
童貞,1,ㄊㄨㄥˊ ㄓㄣ
童裝,1,ㄊㄨㄥˊ ㄓㄨㄤ
童山濯濯,1,ㄊㄨㄥˊ ㄕㄢ ㄓㄨㄛˊ ㄓㄨㄛˊ
童子軍,1,ㄊㄨㄥˊ ㄗˇ ㄐㄩㄣ
童叟無欺,1,ㄊㄨㄥˊ ㄙㄡˇ ㄨˊ ㄑㄧ
童謠,1,ㄊㄨㄥˊ ㄧㄠˊ
童言無忌,1,ㄊㄨㄥˊ ㄧㄢˊ ㄨˊ ㄐㄧˋ
童顏,1,ㄊㄨㄥˊ ㄧㄢˊ
童玩,1,ㄊㄨㄥˊ ㄨㄢˊ
童語,1,ㄊㄨㄥˊ ㄩˇ
僮,1,ㄊㄨㄥˊ
潼,1,ㄊㄨㄥˊ
潼關,1,ㄊㄨㄥˊ ㄍㄨㄢ
瞳,1,ㄊㄨㄥˊ
瞳孔,1,ㄊㄨㄥˊ ㄎㄨㄥˇ
瞳仁,1,ㄊㄨㄥˊ ㄖㄣˊ
捅,1,ㄊㄨㄥˇ
捅漏子,1,ㄊㄨㄥˇ ㄌㄡˋ ㄗ˙
桶,1,ㄊㄨㄥˇ
桶子,1,ㄊㄨㄥˇ ㄗ˙
統,1,ㄊㄨㄥˇ
統統,1,ㄊㄨㄥˇ ㄊㄨㄥˇ
統理,1,ㄊㄨㄥˇ ㄌㄧˇ
統領,1,ㄊㄨㄥˇ ㄌㄧㄥˇ
統共,1,ㄊㄨㄥˇ ㄍㄨㄥˋ
統合,1,ㄊㄨㄥˇ ㄏㄜˊ
統計,1,ㄊㄨㄥˇ ㄐㄧˋ
統轄,1,ㄊㄨㄥˇ ㄒㄧㄚˊ
統治,1,ㄊㄨㄥˇ ㄓˋ
統籌,1,ㄊㄨㄥˇ ㄔㄡˊ
統稱,1,ㄊㄨㄥˇ ㄔㄥ
統收統支,1,ㄊㄨㄥˇ ㄕㄡ ㄊㄨㄥˇ ㄓ
統帥,1,ㄊㄨㄥˇ ㄕㄨㄞˋ
統率,1,ㄊㄨㄥˇ ㄕㄨㄞˋ
統一,1,ㄊㄨㄥˇ ㄧ
統一發票,1,ㄊㄨㄥˇ ㄧ ㄈㄚ ㄆㄧㄠˋ
統馭,1,ㄊㄨㄥˇ ㄩˋ
統御,1,ㄊㄨㄥˇ ㄩˋ
筒,1,ㄊㄨㄥˇ
筒形,1,ㄊㄨㄥˇ ㄒㄧㄥˊ
痛,1,ㄊㄨㄥˋ
痛不欲生,1,ㄊㄨㄥˋ ㄅㄨˋ ㄩˋ ㄕㄥ
痛不欲生,1,ㄊㄨㄥˋ ㄅㄨˊ ㄩˋ ㄕㄥ
痛風,1,ㄊㄨㄥˋ ㄈㄥ
痛打,1,ㄊㄨㄥˋ ㄉㄚˇ
痛定思痛,1,ㄊㄨㄥˋ ㄉㄧㄥˋ ㄙ ㄊㄨㄥˋ
痛痛病,1,ㄊㄨㄥˋ ㄊㄨㄥˋ ㄅㄧㄥˋ
痛改前非,1,ㄊㄨㄥˋ ㄍㄞˇ ㄑㄧㄢˊ ㄈㄟ
痛感,1,ㄊㄨㄥˋ ㄍㄢˇ
痛哭,1,ㄊㄨㄥˋ ㄎㄨ
痛哭流涕,1,ㄊㄨㄥˋ ㄎㄨ ㄌㄧㄡˊ ㄊㄧˋ
痛哭失聲,1,ㄊㄨㄥˋ ㄎㄨ ㄕ ㄕㄥ
痛苦,1,ㄊㄨㄥˋ ㄎㄨˇ
痛快,1,ㄊㄨㄥˋ ㄎㄨㄞˋ
痛恨,1,ㄊㄨㄥˋ ㄏㄣˋ
痛擊,1,ㄊㄨㄥˋ ㄐㄧˊ
痛惜,1,ㄊㄨㄥˋ ㄒㄧˊ
痛心,1,ㄊㄨㄥˋ ㄒㄧㄣ
痛心疾首,1,ㄊㄨㄥˋ ㄒㄧㄣ ㄐㄧˊ ㄕㄡˇ
痛斥,1,ㄊㄨㄥˋ ㄔˋ
痛楚,1,ㄊㄨㄥˋ ㄔㄨˇ
痛處,1,ㄊㄨㄥˋ ㄔㄨˋ
痛失英才,1,ㄊㄨㄥˋ ㄕ ㄧㄥ ㄘㄞˊ
痛飲,1,ㄊㄨㄥˋ ㄧㄣˇ
痛癢,1,ㄊㄨㄥˋ ㄧㄤˇ
痛惡,1,ㄊㄨㄥˋ ㄨˋ
慟,1,ㄊㄨㄥˋ
慟哭,1,ㄊㄨㄥˋ ㄎㄨ
那,1,ㄋㄚ
南,1,ㄋㄚˊ
南無,1,ㄋㄚˊ ㄇㄛˊ
拏,1,ㄋㄚˊ
拿,1,ㄋㄚˊ
拿不定,1,ㄋㄚˊ ㄅㄨˋ ㄉㄧㄥˋ
拿不定,1,ㄋㄚˊ ㄅㄨˊ ㄉㄧㄥˋ
拿大頂,1,ㄋㄚˊ ㄉㄚˋ ㄉㄧㄥˇ
拿捏,1,ㄋㄚˊ ㄋㄧㄝ
拿喬,1,ㄋㄚˊ ㄑㄧㄠˊ
拿翹,1,ㄋㄚˊ ㄑㄧㄠˊ
拿腔拿調,1,ㄋㄚˊ ㄑㄧㄤ ㄋㄚˊ ㄉㄧㄠˋ
拿下,1,ㄋㄚˊ ㄒㄧㄚˋ
拿手,1,ㄋㄚˊ ㄕㄡˇ
拿手絕活,1,ㄋㄚˊ ㄕㄡˇ ㄐㄩㄝˊ ㄏㄨㄛˊ
拿手菜,1,ㄋㄚˊ ㄕㄡˇ ㄘㄞˋ
那,1,ㄋㄚˇ
那般,1,ㄋㄚˇ ㄅㄢ
那怕,1,ㄋㄚˇ ㄆㄚˋ
那裡,1,ㄋㄚˇ ㄌㄧˇ
那些,1,ㄋㄚˇ ㄒㄧㄝ
那樣,1,ㄋㄚˇ ㄧㄤˋ
哪,1,ㄋㄚˇ
哪門子,1,ㄋㄚˇ ㄇㄣˊ ㄗ˙
吶,1,ㄋㄚˋ
吶喊,1,ㄋㄚˋ ㄏㄢˇ
衲,1,ㄋㄚˋ
納,1,ㄋㄚˋ
納悶,1,ㄋㄚˋ ㄇㄣˋ
納命來,1,ㄋㄚˋ ㄇㄧㄥˋ ㄌㄞˊ
納福,1,ㄋㄚˋ ㄈㄨˊ
納涼,1,ㄋㄚˋ ㄌㄧㄤˊ
納骨塔,1,ㄋㄚˋ ㄍㄨˇ ㄊㄚˇ
納貢,1,ㄋㄚˋ ㄍㄨㄥˋ
納吉,1,ㄋㄚˋ ㄐㄧˊ
納稅,1,ㄋㄚˋ ㄕㄨㄟˋ
納稅義務人,1,ㄋㄚˋ ㄕㄨㄟˋ ㄧˋ ㄨˋ ㄖㄣˊ
納采,1,ㄋㄚˋ ㄘㄞˇ
納粹,1,ㄋㄚˋ ㄘㄨㄟˋ
鈉,1,ㄋㄚˋ
鈉離子,1,ㄋㄚˋ ㄌㄧˊ ㄗˇ
那,1,ㄋㄚˋ
那般,1,ㄋㄚˋ ㄅㄢ
那麼,1,ㄋㄚˋ ㄇㄜ˙
那裡,1,ㄋㄚˋ ㄌㄧˇ
那些,1,ㄋㄚˋ ㄒㄧㄝ
那樣,1,ㄋㄚˋ ㄧㄤˋ
娜,1,ㄋㄚˋ
捺,1,ㄋㄚˋ
捺印,1,ㄋㄚˋ ㄧㄣˋ
哪,1,ㄋㄚ˙
訥,1,ㄋㄜˋ
呢,1,ㄋㄜ˙
乃,1,ㄋㄞˇ
乃是,1,ㄋㄞˇ ㄕˋ
奶,1,ㄋㄞˇ
奶瓶,1,ㄋㄞˇ ㄆㄧㄥˊ
奶媽,1,ㄋㄞˇ ㄇㄚ
奶粉,1,ㄋㄞˇ ㄈㄣˇ
奶頭,1,ㄋㄞˇ ㄊㄡˊ
奶奶,1,ㄋㄞˇ ㄋㄞ˙
奶精,1,ㄋㄞˇ ㄐㄧㄥ
奶昔,1,ㄋㄞˇ ㄒㄧˊ
奶茶,1,ㄋㄞˇ ㄔㄚˊ
奶嘴,1,ㄋㄞˇ ㄗㄨㄟˇ
奶油,1,ㄋㄞˇ ㄧㄡˊ
氖,1,ㄋㄞˇ
迺,1,ㄋㄞˇ
奈,1,ㄋㄞˋ
奈何,1,ㄋㄞˋ ㄏㄜˊ
奈何橋,1,ㄋㄞˋ ㄏㄜˊ ㄑㄧㄠˊ
耐,1,ㄋㄞˋ
耐不住,1,ㄋㄞˋ ㄅㄨˋ ㄓㄨˋ
耐不住,1,ㄋㄞˋ ㄅㄨˊ ㄓㄨˋ
耐煩,1,ㄋㄞˋ ㄈㄢˊ
耐勞,1,ㄋㄞˋ ㄌㄠˊ
耐力,1,ㄋㄞˋ ㄌㄧˋ
耐旱,1,ㄋㄞˋ ㄏㄢˋ
耐久,1,ㄋㄞˋ ㄐㄧㄡˇ
耐心,1,ㄋㄞˋ ㄒㄧㄣ
耐性,1,ㄋㄞˋ ㄒㄧㄥˋ
耐著性子,1,ㄋㄞˋ ㄓㄜ˙ ㄒㄧㄥˋ ㄗ˙
耐震,1,ㄋㄞˋ ㄓㄣˋ
耐撞,1,ㄋㄞˋ ㄓㄨㄤˋ
耐熱,1,ㄋㄞˋ ㄖㄜˋ
耐人尋味,1,ㄋㄞˋ ㄖㄣˊ ㄒㄩㄣˊ ㄨㄟˋ
耐用,1,ㄋㄞˋ ㄩㄥˋ
鼐,1,ㄋㄞˋ
餒,1,ㄋㄟˇ
內,1,ㄋㄟˋ
內部,1,ㄋㄟˋ ㄅㄨˋ
內膜,1,ㄋㄟˋ ㄇㄛˊ
內幕,1,ㄋㄟˋ ㄇㄨˋ
內幕消息,1,ㄋㄟˋ ㄇㄨˋ ㄒㄧㄠ ㄒㄧˊ
內分泌,1,ㄋㄟˋ ㄈㄣ ㄇㄧˋ
內服,1,ㄋㄟˋ ㄈㄨˊ
內府,1,ㄋㄟˋ ㄈㄨˇ
內鬥,1,ㄋㄟˋ ㄉㄡˋ
內丹,1,ㄋㄟˋ ㄉㄢ
內丹功,1,ㄋㄟˋ ㄉㄢ ㄍㄨㄥ
內定,1,ㄋㄟˋ ㄉㄧㄥˋ
內斂,1,ㄋㄟˋ ㄌㄧㄢˋ
內陸,1,ㄋㄟˋ ㄌㄨˋ
內亂,1,ㄋㄟˋ ㄌㄨㄢˋ
內閣,1,ㄋㄟˋ ㄍㄜˊ
內閣制,1,ㄋㄟˋ ㄍㄜˊ ㄓˋ
內規,1,ㄋㄟˋ ㄍㄨㄟ
內功,1,ㄋㄟˋ ㄍㄨㄥ
內科,1,ㄋㄟˋ ㄎㄜ
內海,1,ㄋㄟˋ ㄏㄞˇ
內含,1,ㄋㄟˋ ㄏㄢˊ
內涵,1,ㄋㄟˋ ㄏㄢˊ
內行,1,ㄋㄟˋ ㄏㄤˊ
內行看門道外行看熱鬧,1,ㄋㄟˋ ㄏㄤˊ ㄎㄢˋ ㄇㄣˊ ㄉㄠˋ ㄨㄞˋ ㄏㄤˊ ㄎㄢˋ ㄖㄜˋ ㄋㄠˋ
內訌,1,ㄋㄟˋ ㄏㄨㄥˊ
內鬨,1,ㄋㄟˋ ㄏㄨㄥˋ
內急,1,ㄋㄟˋ ㄐㄧˊ
內角,1,ㄋㄟˋ ㄐㄧㄠˇ
內疚,1,ㄋㄟˋ ㄐㄧㄡˋ
內奸,1,ㄋㄟˋ ㄐㄧㄢ
內勤,1,ㄋㄟˋ ㄑㄧㄣˊ
內情,1,ㄋㄟˋ ㄑㄧㄥˊ
內銷,1,ㄋㄟˋ ㄒㄧㄠ
內線,1,ㄋㄟˋ ㄒㄧㄢˋ
內線交易,1,ㄋㄟˋ ㄒㄧㄢˋ ㄐㄧㄠ ㄧˋ
內心,1,ㄋㄟˋ ㄒㄧㄣ
內心戲,1,ㄋㄟˋ ㄒㄧㄣ ㄒㄧˋ
內心深處,1,ㄋㄟˋ ㄒㄧㄣ ㄕㄣ ㄔㄨˋ
內向,1,ㄋㄟˋ ㄒㄧㄤˋ
內省,1,ㄋㄟˋ ㄒㄧㄥˇ
內姪,1,ㄋㄟˋ ㄓˊ
內痔,1,ㄋㄟˋ ㄓˋ
內戰,1,ㄋㄟˋ ㄓㄢˋ
內政,1,ㄋㄟˋ ㄓㄥˋ
內出血,1,ㄋㄟˋ ㄔㄨ ㄒㄧㄝˇ
內室,1,ㄋㄟˋ ㄕˋ
內視鏡,1,ㄋㄟˋ ㄕˋ ㄐㄧㄥˋ
內傷,1,ㄋㄟˋ ㄕㄤ
內人,1,ㄋㄟˋ ㄖㄣˊ
內容,1,ㄋㄟˋ ㄖㄨㄥˊ
內在,1,ㄋㄟˋ ㄗㄞˋ
內在美,1,ㄋㄟˋ ㄗㄞˋ ㄇㄟˇ
內賊,1,ㄋㄟˋ ㄗㄟˊ
內臟,1,ㄋㄟˋ ㄗㄤˋ
內層,1,ㄋㄟˋ ㄘㄥˊ
內孫,1,ㄋㄟˋ ㄙㄨㄣ
內耳,1,ㄋㄟˋ ㄦˇ
內衣,1,ㄋㄟˋ ㄧ
內衣褲,1,ㄋㄟˋ ㄧ ㄎㄨˋ
內野,1,ㄋㄟˋ ㄧㄝˇ
內憂,1,ㄋㄟˋ ㄧㄡ
內憂外患,1,ㄋㄟˋ ㄧㄡ ㄨㄞˋ ㄏㄨㄢˋ
內應,1,ㄋㄟˋ ㄧㄥˋ
內務,1,ㄋㄟˋ ㄨˋ
內外,1,ㄋㄟˋ ㄨㄞˋ
內外交迫,1,ㄋㄟˋ ㄨㄞˋ ㄐㄧㄠ ㄆㄛˋ
孬,1,ㄋㄠ
呶,1,ㄋㄠˊ
撓,1,ㄋㄠˊ
橈,1,ㄋㄠˊ
橈動脈,1,ㄋㄠˊ ㄉㄨㄥˋ ㄇㄞˋ
橈骨,1,ㄋㄠˊ ㄍㄨˇ
鐃,1,ㄋㄠˊ
惱,1,ㄋㄠˇ
惱怒,1,ㄋㄠˇ ㄋㄨˋ
惱恨,1,ㄋㄠˇ ㄏㄣˋ
惱火,1,ㄋㄠˇ ㄏㄨㄛˇ
惱羞成怒,1,ㄋㄠˇ ㄒㄧㄡ ㄔㄥˊ ㄋㄨˋ
惱人,1,ㄋㄠˇ ㄖㄣˊ
瑙,1,ㄋㄠˇ
腦,1,ㄋㄠˇ
腦波,1,ㄋㄠˇ ㄅㄛ
腦部,1,ㄋㄠˇ ㄅㄨˋ
腦膜,1,ㄋㄠˇ ㄇㄛˊ
腦膜炎,1,ㄋㄠˇ ㄇㄛˊ ㄧㄢˊ
腦滿腸肥,1,ㄋㄠˇ ㄇㄢˇ ㄔㄤˊ ㄈㄟˊ
腦袋瓜,1,ㄋㄠˇ ㄉㄞˋ ㄍㄨㄚ
腦袋,1,ㄋㄠˇ ㄉㄞˋ
腦電圖,1,ㄋㄠˇ ㄉㄧㄢˋ ㄊㄨˊ
腦力,1,ㄋㄠˇ ㄌㄧˋ
腦力激盪,1,ㄋㄠˇ ㄌㄧˋ ㄐㄧ ㄉㄤˋ
腦瘤,1,ㄋㄠˇ ㄌㄧㄡˊ
腦幹,1,ㄋㄠˇ ㄍㄢˋ
腦殼,1,ㄋㄠˇ ㄎㄜˊ
腦海,1,ㄋㄠˇ ㄏㄞˇ
腦際,1,ㄋㄠˇ ㄐㄧˋ
腦筋,1,ㄋㄠˇ ㄐㄧㄣ
腦筋急轉彎,1,ㄋㄠˇ ㄐㄧㄣ ㄐㄧˊ ㄓㄨㄢˇ ㄨㄢ
腦漿,1,ㄋㄠˇ ㄐㄧㄤ
腦細胞,1,ㄋㄠˇ ㄒㄧˋ ㄅㄠ
腦下垂體,1,ㄋㄠˇ ㄒㄧㄚˋ ㄔㄨㄟˊ ㄊㄧˇ
腦血管栓塞,1,ㄋㄠˇ ㄒㄧㄝˇ ㄍㄨㄢˇ ㄕㄨㄢ ㄙㄜˋ
腦震盪,1,ㄋㄠˇ ㄓㄣˋ ㄉㄤˋ
腦中樞,1,ㄋㄠˇ ㄓㄨㄥ ㄕㄨ
腦腫瘤,1,ㄋㄠˇ ㄓㄨㄥˇ ㄌㄧㄡˊ
腦出血,1,ㄋㄠˇ ㄔㄨ ㄒㄧㄝˇ
腦神經衰弱,1,ㄋㄠˇ ㄕㄣˊ ㄐㄧㄥ ㄕㄨㄞ ㄖㄨㄛˋ
腦子,1,ㄋㄠˇ ㄗ˙
腦組織,1,ㄋㄠˇ ㄗㄨˇ ㄓ
腦挫傷,1,ㄋㄠˇ ㄘㄨㄛˋ ㄕㄤ
腦死,1,ㄋㄠˇ ㄙˇ
腦溢血,1,ㄋㄠˇ ㄧˋ ㄒㄧㄝˇ
腦壓,1,ㄋㄠˇ ㄧㄚ
腦炎,1,ㄋㄠˇ ㄧㄢˊ
淖,1,ㄋㄠˋ
鬧,1,ㄋㄠˋ
鬧翻,1,ㄋㄠˋ ㄈㄢ
鬧房,1,ㄋㄠˋ ㄈㄤˊ
鬧洞房,1,ㄋㄠˋ ㄉㄨㄥˋ ㄈㄤˊ
鬧哄哄,1,ㄋㄠˋ ㄏㄨㄥ ㄏㄨㄥ
鬧烘烘,1,ㄋㄠˋ ㄏㄨㄥ ㄏㄨㄥ
鬧酒,1,ㄋㄠˋ ㄐㄧㄡˇ
鬧劇,1,ㄋㄠˋ ㄐㄩˋ
鬧情緒,1,ㄋㄠˋ ㄑㄧㄥˊ ㄒㄩˋ
鬧區,1,ㄋㄠˋ ㄑㄩ
鬧笑話,1,ㄋㄠˋ ㄒㄧㄠˋ ㄏㄨㄚˋ
鬧中取靜,1,ㄋㄠˋ ㄓㄨㄥ ㄑㄩˇ ㄐㄧㄥˋ
鬧鐘,1,ㄋㄠˋ ㄓㄨㄥ
鬧場,1,ㄋㄠˋ ㄔㄤˇ
鬧市,1,ㄋㄠˋ ㄕˋ
鬧事,1,ㄋㄠˋ ㄕˋ
鬧聲,1,ㄋㄠˋ ㄕㄥ
鬧熱,1,ㄋㄠˋ ㄖㄜˋ
鬧意見,1,ㄋㄠˋ ㄧˋ ㄐㄧㄢˋ
耨,1,ㄋㄡˋ
男,1,ㄋㄢˊ
男扮女裝,1,ㄋㄢˊ ㄅㄢˋ ㄋㄩˇ ㄓㄨㄤ
男伴,1,ㄋㄢˊ ㄅㄢˋ
男儐相,1,ㄋㄢˊ ㄅㄧㄣ ㄒㄧㄤˋ
男配角,1,ㄋㄢˊ ㄆㄟˋ ㄐㄩㄝˊ
男配角,1,ㄋㄢˊ ㄆㄟˋ ㄐㄧㄠˇ
男朋友,1,ㄋㄢˊ ㄆㄥˊ ㄧㄡˇ
男方,1,ㄋㄢˊ ㄈㄤ
男盜女娼,1,ㄋㄢˊ ㄉㄠˋ ㄋㄩˇ ㄔㄤ
男童,1,ㄋㄢˊ ㄊㄨㄥˊ
男男女女,1,ㄋㄢˊ ㄋㄢˊ ㄋㄩˇ ㄋㄩˇ
男女,1,ㄋㄢˊ ㄋㄩˇ
男女老幼,1,ㄋㄢˊ ㄋㄩˇ ㄌㄠˇ ㄧㄡˋ
男女授受不親,1,ㄋㄢˊ ㄋㄩˇ ㄕㄡˋ ㄕㄡˋ ㄅㄨˋ ㄑㄧㄣ
男女有別,1,ㄋㄢˊ ㄋㄩˇ ㄧㄡˇ ㄅㄧㄝˊ
男耕女織,1,ㄋㄢˊ ㄍㄥ ㄋㄩˇ ㄓ
男孩子,1,ㄋㄢˊ ㄏㄞˊ ㄗ˙
男歡女愛,1,ㄋㄢˊ ㄏㄨㄢ ㄋㄩˇ ㄞˋ
男權,1,ㄋㄢˊ ㄑㄩㄢˊ
男校,1,ㄋㄢˊ ㄒㄧㄠˋ
男星,1,ㄋㄢˊ ㄒㄧㄥ
男性,1,ㄋㄢˊ ㄒㄧㄥˋ
男主角,1,ㄋㄢˊ ㄓㄨˇ ㄐㄩㄝˊ
男主角,1,ㄋㄢˊ ㄓㄨˇ ㄐㄧㄠˇ
男裝,1,ㄋㄢˊ ㄓㄨㄤ
男士,1,ㄋㄢˊ ㄕˋ
男生,1,ㄋㄢˊ ㄕㄥ
男人,1,ㄋㄢˊ ㄖㄣˊ
男子,1,ㄋㄢˊ ㄗˇ
男子漢,1,ㄋㄢˊ ㄗˇ ㄏㄢˋ
男尊女卑,1,ㄋㄢˊ ㄗㄨㄣ ㄋㄩˇ ㄅㄟ
男廁,1,ㄋㄢˊ ㄘㄜˋ
男兒,1,ㄋㄢˊ ㄦˊ
南,1,ㄋㄢˊ
南北,1,ㄋㄢˊ ㄅㄟˇ
南北貨,1,ㄋㄢˊ ㄅㄟˇ ㄏㄨㄛˋ
南半球,1,ㄋㄢˊ ㄅㄢˋ ㄑㄧㄡˊ
南邊,1,ㄋㄢˊ ㄅㄧㄢ
南部,1,ㄋㄢˊ ㄅㄨˋ
南美,1,ㄋㄢˊ ㄇㄟˇ
南美洲,1,ㄋㄢˊ ㄇㄟˇ ㄓㄡ
南面,1,ㄋㄢˊ ㄇㄧㄢˋ
南非,1,ㄋㄢˊ ㄈㄟ
南方,1,ㄋㄢˊ ㄈㄤ
南風,1,ㄋㄢˊ ㄈㄥ
南端,1,ㄋㄢˊ ㄉㄨㄢ
南來北往,1,ㄋㄢˊ ㄌㄞˊ ㄅㄟˇ ㄨㄤˇ
南瓜,1,ㄋㄢˊ ㄍㄨㄚ
南管,1,ㄋㄢˊ ㄍㄨㄢˇ
南柯一夢,1,ㄋㄢˊ ㄎㄜ ㄧ ㄇㄥˋ
南海,1,ㄋㄢˊ ㄏㄞˇ
南橫,1,ㄋㄢˊ ㄏㄥˊ
南胡,1,ㄋㄢˊ ㄏㄨˊ
南迴,1,ㄋㄢˊ ㄏㄨㄟˊ
南迴鐵路,1,ㄋㄢˊ ㄏㄨㄟˊ ㄊㄧㄝˇ ㄌㄨˋ
南迴歸線,1,ㄋㄢˊ ㄏㄨㄟˊ ㄍㄨㄟ ㄒㄧㄢˋ
南極,1,ㄋㄢˊ ㄐㄧˊ
南腔北調,1,ㄋㄢˊ ㄑㄧㄤ ㄅㄟˇ ㄉㄧㄠˋ
南下,1,ㄋㄢˊ ㄒㄧㄚˋ
南行,1,ㄋㄢˊ ㄒㄧㄥˊ
南征北討,1,ㄋㄢˊ ㄓㄥ ㄅㄟˇ ㄊㄠˇ
南沙群島,1,ㄋㄢˊ ㄕㄚ ㄑㄩㄣˊ ㄉㄠˇ
南歐,1,ㄋㄢˊ ㄡ
南岸,1,ㄋㄢˊ ㄢˋ
南洋,1,ㄋㄢˊ ㄧㄤˊ
南越,1,ㄋㄢˊ ㄩㄝˋ
南轅北轍,1,ㄋㄢˊ ㄩㄢˊ ㄅㄟˇ ㄔㄜˋ
喃,1,ㄋㄢˊ
喃喃,1,ㄋㄢˊ ㄋㄢˊ
喃喃自語,1,ㄋㄢˊ ㄋㄢˊ ㄗˋ ㄩˇ
楠,1,ㄋㄢˊ
難,1,ㄋㄢˊ
難保,1,ㄋㄢˊ ㄅㄠˇ
難不倒,1,ㄋㄢˊ ㄅㄨˋ ㄉㄠˇ
難免,1,ㄋㄢˊ ㄇㄧㄢˇ
難分難解,1,ㄋㄢˊ ㄈㄣ ㄋㄢˊ ㄐㄧㄝˇ
難分難捨,1,ㄋㄢˊ ㄈㄣ ㄋㄢˊ ㄕㄜˇ
難分高下,1,ㄋㄢˊ ㄈㄣ ㄍㄠ ㄒㄧㄚˋ
難得,1,ㄋㄢˊ ㄉㄜˊ
難得糊塗,1,ㄋㄢˊ ㄉㄜˊ ㄏㄨˊ ㄊㄨˊ
難道,1,ㄋㄢˊ ㄉㄠˋ
難當,1,ㄋㄢˊ ㄉㄤ
難當重任,1,ㄋㄢˊ ㄉㄤ ㄓㄨㄥˋ ㄖㄣˋ
難點,1,ㄋㄢˊ ㄉㄧㄢˇ
難度,1,ㄋㄢˊ ㄉㄨˋ
難逃法網,1,ㄋㄢˊ ㄊㄠˊ ㄈㄚˇ ㄨㄤˇ
難題,1,ㄋㄢˊ ㄊㄧˊ
難聽,1,ㄋㄢˊ ㄊㄧㄥ
難耐,1,ㄋㄢˊ ㄋㄞˋ
難能可貴,1,ㄋㄢˊ ㄋㄥˊ ㄎㄜˇ ㄍㄨㄟˋ
難過,1,ㄋㄢˊ ㄍㄨㄛˋ
難怪,1,ㄋㄢˊ ㄍㄨㄞˋ
難關,1,ㄋㄢˊ ㄍㄨㄢ
難堪,1,ㄋㄢˊ ㄎㄢ
難看,1,ㄋㄢˊ ㄎㄢˋ
難解難分,1,ㄋㄢˊ ㄐㄧㄝˇ ㄋㄢˊ ㄈㄣ
難竟全功,1,ㄋㄢˊ ㄐㄧㄥˋ ㄑㄩㄢˊ ㄍㄨㄥ
難兄難弟,1,ㄋㄢˊ ㄒㄩㄥ ㄋㄢˊ ㄉㄧˋ
難纏,1,ㄋㄢˊ ㄔㄢˊ
難產,1,ㄋㄢˊ ㄔㄢˇ
難處,1,ㄋㄢˊ ㄔㄨˇ
難處,1,ㄋㄢˊ ㄔㄨˋ
難事,1,ㄋㄢˊ ㄕˋ
難受,1,ㄋㄢˊ ㄕㄡˋ
難上加難,1,ㄋㄢˊ ㄕㄤˋ ㄐㄧㄚ ㄋㄢˊ
難說,1,ㄋㄢˊ ㄕㄨㄛ
難辭其咎,1,ㄋㄢˊ ㄘˊ ㄑㄧˊ ㄐㄧㄡˋ
難測,1,ㄋㄢˊ ㄘㄜˋ
難色,1,ㄋㄢˊ ㄙㄜˋ
難以兩全,1,ㄋㄢˊ ㄧˇ ㄌㄧㄤˇ ㄑㄩㄢˊ
難以估計,1,ㄋㄢˊ ㄧˇ ㄍㄨ ㄐㄧˋ
難以消受,1,ㄋㄢˊ ㄧˇ ㄒㄧㄠ ㄕㄡˋ
難以置信,1,ㄋㄢˊ ㄧˇ ㄓˋ ㄒㄧㄣˋ
難以捉摸,1,ㄋㄢˊ ㄧˇ ㄓㄨㄛ ㄇㄛ
難以忍受,1,ㄋㄢˊ ㄧˇ ㄖㄣˇ ㄕㄡˋ
難以言喻,1,ㄋㄢˊ ㄧˇ ㄧㄢˊ ㄩˋ
難以為繼,1,ㄋㄢˊ ㄧˇ ㄨㄟˊ ㄐㄧˋ
難易,1,ㄋㄢˊ ㄧˋ
難易適中,1,ㄋㄢˊ ㄧˋ ㄕˋ ㄓㄨㄥ
難言之隱,1,ㄋㄢˊ ㄧㄢˊ ㄓ ㄧㄣˇ
難掩,1,ㄋㄢˊ ㄧㄢˇ
難為,1,ㄋㄢˊ ㄨㄟˊ
難為情,1,ㄋㄢˊ ㄨㄟˊ ㄑㄧㄥˊ
難聞,1,ㄋㄢˊ ㄨㄣˊ
難忘,1,ㄋㄢˊ ㄨㄤˋ
難望項背,1,ㄋㄢˊ ㄨㄤˋ ㄒㄧㄤˋ ㄅㄟˋ
赧,1,ㄋㄢˇ
赧顏,1,ㄋㄢˇ ㄧㄢˊ
湳,1,ㄋㄢˇ
湳水,1,ㄋㄢˇ ㄕㄨㄟˇ
腩,1,ㄋㄢˇ
難,1,ㄋㄢˋ
難胞,1,ㄋㄢˋ ㄅㄠ
難民,1,ㄋㄢˋ ㄇㄧㄣˊ
難民營,1,ㄋㄢˋ ㄇㄧㄣˊ ㄧㄥˊ
難兄難弟,1,ㄋㄢˋ ㄒㄩㄥ ㄋㄢˋ ㄉㄧˋ
嫩,1,ㄋㄣˋ
嫩苗,1,ㄋㄣˋ ㄇㄧㄠˊ
嫩綠,1,ㄋㄣˋ ㄌㄩˋ
嫩芽,1,ㄋㄣˋ ㄧㄚˊ
嫩葉,1,ㄋㄣˋ ㄧㄝˋ
囊,1,ㄋㄤˊ
囊袋,1,ㄋㄤˊ ㄉㄞˋ
囊括,1,ㄋㄤˊ ㄍㄨㄚ
囊空如洗,1,ㄋㄤˊ ㄎㄨㄥ ㄖㄨˊ ㄒㄧˇ
囊中物,1,ㄋㄤˊ ㄓㄨㄥ ㄨˋ
曩,1,ㄋㄤˇ
能,1,ㄋㄥˊ
能否,1,ㄋㄥˊ ㄈㄡˇ
能耐,1,ㄋㄥˊ ㄋㄞˋ
能力,1,ㄋㄥˊ ㄌㄧˋ
能力分班,1,ㄋㄥˊ ㄌㄧˋ ㄈㄣ ㄅㄢ
能力測驗,1,ㄋㄥˊ ㄌㄧˋ ㄘㄜˋ ㄧㄢˋ
能量,1,ㄋㄥˊ ㄌㄧㄤˋ
能夠,1,ㄋㄥˊ ㄍㄡˋ
能幹,1,ㄋㄥˊ ㄍㄢˋ
能見度,1,ㄋㄥˊ ㄐㄧㄢˋ ㄉㄨˋ
能劇,1,ㄋㄥˊ ㄐㄩˋ
能屈能伸,1,ㄋㄥˊ ㄑㄩ ㄋㄥˊ ㄕㄣ
能者多勞,1,ㄋㄥˊ ㄓㄜˇ ㄉㄨㄛ ㄌㄠˊ
能事,1,ㄋㄥˊ ㄕˋ
能手,1,ㄋㄥˊ ㄕㄡˇ
能說善道,1,ㄋㄥˊ ㄕㄨㄛ ㄕㄢˋ ㄉㄠˋ
能人,1,ㄋㄥˊ ㄖㄣˊ
能忍自安,1,ㄋㄥˊ ㄖㄣˇ ㄗˋ ㄢ
能言善辯,1,ㄋㄥˊ ㄧㄢˊ ㄕㄢˋ ㄅㄧㄢˋ
能源,1,ㄋㄥˊ ㄩㄢˊ
能源效益,1,ㄋㄥˊ ㄩㄢˊ ㄒㄧㄠˋ ㄧˋ
能源危機,1,ㄋㄥˊ ㄩㄢˊ ㄨㄟˊ ㄐㄧ
尼,1,ㄋㄧˊ
尼羅河,1,ㄋㄧˊ ㄌㄨㄛˊ ㄏㄜˊ
尼龍,1,ㄋㄧˊ ㄌㄨㄥˊ
尼姑,1,ㄋㄧˊ ㄍㄨ
尼姑庵,1,ㄋㄧˊ ㄍㄨ ㄢ
尼古丁,1,ㄋㄧˊ ㄍㄨˇ ㄉㄧㄥ
尼加拉瀑布,1,ㄋㄧˊ ㄐㄧㄚ ㄌㄚ ㄆㄨˋ ㄅㄨˋ
泥,1,ㄋㄧˊ
泥巴,1,ㄋㄧˊ ㄅㄚ
泥盆紀,1,ㄋㄧˊ ㄆㄣˊ ㄐㄧˋ
泥菩薩過江,1,ㄋㄧˊ ㄆㄨˊ ㄙㄚˋ ㄍㄨㄛˋ ㄐㄧㄤ
泥地,1,ㄋㄧˊ ㄉㄧˋ
泥堆,1,ㄋㄧˊ ㄉㄨㄟ
泥土,1,ㄋㄧˊ ㄊㄨˇ
泥淖,1,ㄋㄧˊ ㄋㄠˋ
泥牛入海,1,ㄋㄧˊ ㄋㄧㄡˊ ㄖㄨˋ ㄏㄞˇ
泥濘,1,ㄋㄧˊ ㄋㄧㄥˋ
泥潦,1,ㄋㄧˊ ㄌㄠˋ
泥火山,1,ㄋㄧˊ ㄏㄨㄛˇ ㄕㄢ
泥灰,1,ㄋㄧˊ ㄏㄨㄟ
泥漿,1,ㄋㄧˊ ㄐㄧㄤ
泥鰍,1,ㄋㄧˊ ㄑㄧㄡ
泥沼,1,ㄋㄧˊ ㄓㄠˇ
泥磚,1,ㄋㄧˊ ㄓㄨㄢ
泥沙,1,ㄋㄧˊ ㄕㄚ
泥水工,1,ㄋㄧˊ ㄕㄨㄟˇ ㄍㄨㄥ
泥水匠,1,ㄋㄧˊ ㄕㄨㄟˇ ㄐㄧㄤˋ
泥人,1,ㄋㄧˊ ㄖㄣˊ
怩,1,ㄋㄧˊ
呢,1,ㄋㄧˊ
呢喃,1,ㄋㄧˊ ㄋㄢˊ
呢絨,1,ㄋㄧˊ ㄖㄨㄥˊ
妮,1,ㄋㄧˊ
兒,1,ㄋㄧˊ
倪,1,ㄋㄧˊ
霓,1,ㄋㄧˊ
霓虹,1,ㄋㄧˊ ㄏㄨㄥˊ
霓虹燈,1,ㄋㄧˊ ㄏㄨㄥˊ ㄉㄥ
你,1,ㄋㄧˇ
你們,1,ㄋㄧˇ ㄇㄣ˙
你推我擠,1,ㄋㄧˇ ㄊㄨㄟ ㄨㄛˇ ㄐㄧˇ
你儂我儂,1,ㄋㄧˇ ㄋㄨㄥˊ ㄨㄛˇ ㄋㄨㄥˊ
你來我往,1,ㄋㄧˇ ㄌㄞˊ ㄨㄛˇ ㄨㄤˇ
你爭我奪,1,ㄋㄧˇ ㄓㄥ ㄨㄛˇ ㄉㄨㄛˊ
你死我活,1,ㄋㄧˇ ㄙˇ ㄨㄛˇ ㄏㄨㄛˊ
你我,1,ㄋㄧˇ ㄨㄛˇ
妳,1,ㄋㄧˇ
旎,1,ㄋㄧˇ
擬,1,ㄋㄧˇ
擬辦,1,ㄋㄧˇ ㄅㄢˋ
擬定,1,ㄋㄧˇ ㄉㄧㄥˋ
擬訂,1,ㄋㄧˇ ㄉㄧㄥˋ
擬妥,1,ㄋㄧˇ ㄊㄨㄛˇ
擬就,1,ㄋㄧˇ ㄐㄧㄡˋ
擬具,1,ㄋㄧˇ ㄐㄩˋ
擬請,1,ㄋㄧˇ ㄑㄧㄥˇ
擬設,1,ㄋㄧˇ ㄕㄜˋ
擬人,1,ㄋㄧˇ ㄖㄣˊ
擬人化,1,ㄋㄧˇ ㄖㄣˊ ㄏㄨㄚˋ
擬議,1,ㄋㄧˇ ㄧˋ
泥,1,ㄋㄧˋ
泥古不化,1,ㄋㄧˋ ㄍㄨˇ ㄅㄨˋ ㄏㄨㄚˋ
泥古不化,1,ㄋㄧˋ ㄍㄨˇ ㄅㄨˊ ㄏㄨㄚˋ
昵,1,ㄋㄧˋ
逆,1,ㄋㄧˋ
逆風,1,ㄋㄧˋ ㄈㄥ
逆來順受,1,ㄋㄧˋ ㄌㄞˊ ㄕㄨㄣˋ ㄕㄡˋ
逆料,1,ㄋㄧˋ ㄌㄧㄠˋ
逆流,1,ㄋㄧˋ ㄌㄧㄡˊ
逆境,1,ㄋㄧˋ ㄐㄧㄥˋ
逆向,1,ㄋㄧˋ ㄒㄧㄤˋ
逆向公車,1,ㄋㄧˋ ㄒㄧㄤˋ ㄍㄨㄥ ㄔㄜ
逆轉,1,ㄋㄧˋ ㄓㄨㄢˇ
逆差,1,ㄋㄧˋ ㄔㄚ
逆勢,1,ㄋㄧˋ ㄕˋ
逆水行舟,1,ㄋㄧˋ ㄕㄨㄟˇ ㄒㄧㄥˊ ㄓㄡ
逆子,1,ㄋㄧˋ ㄗˇ
逆溯,1,ㄋㄧˋ ㄙㄨˋ
逆耳,1,ㄋㄧˋ ㄦˇ
逆溫,1,ㄋㄧˋ ㄨㄣ
匿,1,ㄋㄧˋ
匿報,1,ㄋㄧˋ ㄅㄠˋ
匿名,1,ㄋㄧˋ ㄇㄧㄥˊ
匿名信,1,ㄋㄧˋ ㄇㄧㄥˊ ㄒㄧㄣˋ
匿跡,1,ㄋㄧˋ ㄐㄧ
暱,1,ㄋㄧˋ
暱稱,1,ㄋㄧˋ ㄔㄥ
惄,1,ㄋㄧˋ
溺,1,ㄋㄧˋ
溺斃,1,ㄋㄧˋ ㄅㄧˋ
溺水,1,ㄋㄧˋ ㄕㄨㄟˇ
溺死,1,ㄋㄧˋ ㄙˇ
溺愛,1,ㄋㄧˋ ㄞˋ
睨,1,ㄋㄧˋ
膩,1,ㄋㄧˋ
捏,1,ㄋㄧㄝ
捏坏,1,ㄋㄧㄝ ㄆㄟ
捏麵人,1,ㄋㄧㄝ ㄇㄧㄢˋ ㄖㄣˊ
捏造,1,ㄋㄧㄝ ㄗㄠˋ
捏塑,1,ㄋㄧㄝ ㄙㄨˋ
捏一把冷汗,1,ㄋㄧㄝ ㄧ ㄅㄚˇ ㄌㄥˇ ㄏㄢˋ
捏一把冷汗,1,ㄋㄧㄝ ㄧˋ ㄅㄚˇ ㄌㄥˇ ㄏㄢˋ
乜,1,ㄋㄧㄝˋ
涅,1,ㄋㄧㄝˋ
涅槃,1,ㄋㄧㄝˋ ㄆㄢˊ
涅槃經,1,ㄋㄧㄝˋ ㄆㄢˊ ㄐㄧㄥ
臬,1,ㄋㄧㄝˋ
鎳,1,ㄋㄧㄝˋ
隉,1,ㄋㄧㄝˋ
聶,1,ㄋㄧㄝˋ
囁,1,ㄋㄧㄝˋ
囁嚅,1,ㄋㄧㄝˋ ㄖㄨˊ
躡,1,ㄋㄧㄝˋ
躡手躡腳,1,ㄋㄧㄝˋ ㄕㄡˇ ㄋㄧㄝˋ ㄐㄧㄠˇ
躡足,1,ㄋㄧㄝˋ ㄗㄨˊ
鑷,1,ㄋㄧㄝˋ
孽,1,ㄋㄧㄝˋ
孽障,1,ㄋㄧㄝˋ ㄓㄤˋ
孽種,1,ㄋㄧㄝˋ ㄓㄨㄥˇ
孽子,1,ㄋㄧㄝˋ ㄗˇ
齧,1,ㄋㄧㄝˋ
囓,1,ㄋㄧㄝˋ
鳥,1,ㄋㄧㄠˇ
鳥房,1,ㄋㄧㄠˇ ㄈㄤˊ
鳥籠,1,ㄋㄧㄠˇ ㄌㄨㄥˊ
鳥瞰,1,ㄋㄧㄠˇ ㄎㄢˋ
鳥盡弓藏,1,ㄋㄧㄠˇ ㄐㄧㄣˋ ㄍㄨㄥ ㄘㄤˊ
鳥巢,1,ㄋㄧㄠˇ ㄔㄠˊ
鳥獸,1,ㄋㄧㄠˇ ㄕㄡˋ
鳥獸散,1,ㄋㄧㄠˇ ㄕㄡˋ ㄙㄢˋ
鳥窩,1,ㄋㄧㄠˇ ㄨㄛ
鳥語花香,1,ㄋㄧㄠˇ ㄩˇ ㄏㄨㄚ ㄒㄧㄤ
鳥園,1,ㄋㄧㄠˇ ㄩㄢˊ
裊,1,ㄋㄧㄠˇ
裊裊,1,ㄋㄧㄠˇ ㄋㄧㄠˇ
裊裊炊煙,1,ㄋㄧㄠˇ ㄋㄧㄠˇ ㄔㄨㄟ ㄧㄢ
裊裊上升,1,ㄋㄧㄠˇ ㄋㄧㄠˇ ㄕㄤˋ ㄕㄥ
裊娜,1,ㄋㄧㄠˇ ㄋㄨㄛˊ
嬝,1,ㄋㄧㄠˇ
嫋,1,ㄋㄧㄠˇ
嫋嫋,1,ㄋㄧㄠˇ ㄋㄧㄠˇ
嫋娜,1,ㄋㄧㄠˇ ㄋㄨㄛˊ
尿,1,ㄋㄧㄠˋ
尿布,1,ㄋㄧㄠˋ ㄅㄨˋ
尿布疹,1,ㄋㄧㄠˋ ㄅㄨˋ ㄓㄣˇ
尿片,1,ㄋㄧㄠˋ ㄆㄧㄢˋ
尿袋,1,ㄋㄧㄠˋ ㄉㄞˋ
尿道,1,ㄋㄧㄠˋ ㄉㄠˋ
尿道感染,1,ㄋㄧㄠˋ ㄉㄠˋ ㄍㄢˇ ㄖㄢˇ
尿道炎,1,ㄋㄧㄠˋ ㄉㄠˋ ㄧㄢˊ
尿毒症,1,ㄋㄧㄠˋ ㄉㄨˊ ㄓㄥˋ
尿囊,1,ㄋㄧㄠˋ ㄋㄤˊ
尿尿,1,ㄋㄧㄠˋ ㄋㄧㄠˋ
尿壺,1,ㄋㄧㄠˋ ㄏㄨˊ
尿急,1,ㄋㄧㄠˋ ㄐㄧˊ
尿床,1,ㄋㄧㄠˋ ㄔㄨㄤˊ
尿失禁,1,ㄋㄧㄠˋ ㄕ ㄐㄧㄣˋ
尿素,1,ㄋㄧㄠˋ ㄙㄨˋ
尿酸,1,ㄋㄧㄠˋ ㄙㄨㄢ
尿液,1,ㄋㄧㄠˋ ㄧㄝˋ
尿液篩檢,1,ㄋㄧㄠˋ ㄧㄝˋ ㄕㄞ ㄐㄧㄢˇ
溺,1,ㄋㄧㄠˋ
妞,1,ㄋㄧㄡ
牛,1,ㄋㄧㄡˊ
牛蒡,1,ㄋㄧㄡˊ ㄅㄤˋ
牛鼻子,1,ㄋㄧㄡˊ ㄅㄧˊ ㄗ˙
牛步化,1,ㄋㄧㄡˊ ㄅㄨˋ ㄏㄨㄚˋ
牛排,1,ㄋㄧㄡˊ ㄆㄞˊ
牛皮,1,ㄋㄧㄡˊ ㄆㄧˊ
牛皮紙,1,ㄋㄧㄡˊ ㄆㄧˊ ㄓˇ
牛脾氣,1,ㄋㄧㄡˊ ㄆㄧˊ ㄑㄧˋ
牛毛,1,ㄋㄧㄡˊ ㄇㄠˊ
牛刀小試,1,ㄋㄧㄡˊ ㄉㄠ ㄒㄧㄠˇ ㄕˋ
牛痘,1,ㄋㄧㄡˊ ㄉㄡˋ
牛犢,1,ㄋㄧㄡˊ ㄉㄨˊ
牛頓,1,ㄋㄧㄡˊ ㄉㄨㄣˋ
牛頭,1,ㄋㄧㄡˊ ㄊㄡˊ
牛頭不對馬嘴,1,ㄋㄧㄡˊ ㄊㄡˊ ㄅㄨˋ ㄉㄨㄟˋ ㄇㄚˇ ㄗㄨㄟˇ
牛頭不對馬嘴,1,ㄋㄧㄡˊ ㄊㄡˊ ㄅㄨˊ ㄉㄨㄟˋ ㄇㄚˇ ㄗㄨㄟˇ
牛頭馬面,1,ㄋㄧㄡˊ ㄊㄡˊ ㄇㄚˇ ㄇㄧㄢˋ
牛奶,1,ㄋㄧㄡˊ ㄋㄞˇ
牛腩,1,ㄋㄧㄡˊ ㄋㄢˇ
牛欄,1,ㄋㄧㄡˊ ㄌㄢˊ
牛郎,1,ㄋㄧㄡˊ ㄌㄤˊ
牛郎織女,1,ㄋㄧㄡˊ ㄌㄤˊ ㄓ ㄋㄩˇ
牛鬼蛇神,1,ㄋㄧㄡˊ ㄍㄨㄟˇ ㄕㄜˊ ㄕㄣˊ
牛角,1,ㄋㄧㄡˊ ㄐㄧㄠˇ
牛小排,1,ㄋㄧㄡˊ ㄒㄧㄠˇ ㄆㄞˊ
牛車,1,ㄋㄧㄡˊ ㄔㄜ
牛舌餅,1,ㄋㄧㄡˊ ㄕㄜˊ ㄅㄧㄥˇ
牛山濯濯,1,ㄋㄧㄡˊ ㄕㄢ ㄓㄨㄛˊ ㄓㄨㄛˊ
牛肉,1,ㄋㄧㄡˊ ㄖㄡˋ
牛肉場,1,ㄋㄧㄡˊ ㄖㄡˋ ㄔㄤˇ
牛乳,1,ㄋㄧㄡˊ ㄖㄨˇ
牛仔,1,ㄋㄧㄡˊ ㄗㄞˇ
牛仔褲,1,ㄋㄧㄡˊ ㄗㄞˇ ㄎㄨˋ
牛仔裝,1,ㄋㄧㄡˊ ㄗㄞˇ ㄓㄨㄤ
牛耳,1,ㄋㄧㄡˊ ㄦˇ
牛油,1,ㄋㄧㄡˊ ㄧㄡˊ
牛飲,1,ㄋㄧㄡˊ ㄧㄣˇ
牛蛙,1,ㄋㄧㄡˊ ㄨㄚ
忸,1,ㄋㄧㄡˇ
忸怩,1,ㄋㄧㄡˇ ㄋㄧˊ
忸怩作態,1,ㄋㄧㄡˇ ㄋㄧˊ ㄗㄨㄛˋ ㄊㄞˋ
扭,1,ㄋㄧㄡˇ
扭打,1,ㄋㄧㄡˇ ㄉㄚˇ
扭斷,1,ㄋㄧㄡˇ ㄉㄨㄢˋ
扭動,1,ㄋㄧㄡˇ ㄉㄨㄥˋ
扭捏,1,ㄋㄧㄡˇ ㄋㄧㄝ
扭扭捏捏,1,ㄋㄧㄡˇ ㄋㄧㄡˇ ㄋㄧㄝ ㄋㄧㄝ
扭扭舞,1,ㄋㄧㄡˇ ㄋㄧㄡˇ ㄨˇ
扭來扭去,1,ㄋㄧㄡˇ ㄌㄞˊ ㄋㄧㄡˇ ㄑㄩˋ
扭力,1,ㄋㄧㄡˇ ㄌㄧˋ
扭開,1,ㄋㄧㄡˇ ㄎㄞ
扭曲,1,ㄋㄧㄡˇ ㄑㄩ
扭轉,1,ㄋㄧㄡˇ ㄓㄨㄢˇ
扭轉頹勢,1,ㄋㄧㄡˇ ㄓㄨㄢˇ ㄊㄨㄟˊ ㄕˋ
扭轉乾坤,1,ㄋㄧㄡˇ ㄓㄨㄢˇ ㄑㄧㄢˊ ㄎㄨㄣ
扭傷,1,ㄋㄧㄡˇ ㄕㄤ
扭送,1,ㄋㄧㄡˇ ㄙㄨㄥˋ
扭腰,1,ㄋㄧㄡˇ ㄧㄠ
紐,1,ㄋㄧㄡˇ
紐扣,1,ㄋㄧㄡˇ ㄎㄡˋ
鈕,1,ㄋㄧㄡˇ
鈕扣,1,ㄋㄧㄡˇ ㄎㄡˋ
拗,1,ㄋㄧㄡˋ
年,1,ㄋㄧㄢˊ
年報,1,ㄋㄧㄢˊ ㄅㄠˋ
年表,1,ㄋㄧㄢˊ ㄅㄧㄠˇ
年譜,1,ㄋㄧㄢˊ ㄆㄨˇ
年邁,1,ㄋㄧㄢˊ ㄇㄞˋ
年費,1,ㄋㄧㄢˊ ㄈㄟˋ
年分,1,ㄋㄧㄢˊ ㄈㄣˋ
年富力強,1,ㄋㄧㄢˊ ㄈㄨˋ ㄌㄧˋ ㄑㄧㄤˊ
年復一年,1,ㄋㄧㄢˊ ㄈㄨˋ ㄧ ㄋㄧㄢˊ
年復一年,1,ㄋㄧㄢˊ ㄈㄨˋ ㄧˋ ㄋㄧㄢˊ
年代,1,ㄋㄧㄢˊ ㄉㄞˋ
年底,1,ㄋㄧㄢˊ ㄉㄧˇ
年度,1,ㄋㄧㄢˊ ㄉㄨˋ
年度預算,1,ㄋㄧㄢˊ ㄉㄨˋ ㄩˋ ㄙㄨㄢˋ
年頭,1,ㄋㄧㄢˊ ㄊㄡˊ
年年,1,ㄋㄧㄢˊ ㄋㄧㄢˊ
年年有餘,1,ㄋㄧㄢˊ ㄋㄧㄢˊ ㄧㄡˇ ㄩˊ
年來,1,ㄋㄧㄢˊ ㄌㄞˊ
年老,1,ㄋㄧㄢˊ ㄌㄠˇ
年禮,1,ㄋㄧㄢˊ ㄌㄧˇ
年利,1,ㄋㄧㄢˊ ㄌㄧˋ
年利率,1,ㄋㄧㄢˊ ㄌㄧˋ ㄌㄩˋ
年曆,1,ㄋㄧㄢˊ ㄌㄧˋ
年齡,1,ㄋㄧㄢˊ ㄌㄧㄥˊ
年齡層,1,ㄋㄧㄢˊ ㄌㄧㄥˊ ㄘㄥˊ
年輪,1,ㄋㄧㄢˊ ㄌㄨㄣˊ
年高德劭,1,ㄋㄧㄢˊ ㄍㄠ ㄉㄜˊ ㄕㄠˋ
年糕,1,ㄋㄧㄢˊ ㄍㄠ
年關,1,ㄋㄧㄢˊ ㄍㄨㄢ
年刊,1,ㄋㄧㄢˊ ㄎㄢ
年號,1,ㄋㄧㄢˊ ㄏㄠˋ
年華,1,ㄋㄧㄢˊ ㄏㄨㄚˊ
年畫,1,ㄋㄧㄢˊ ㄏㄨㄚˋ
年貨,1,ㄋㄧㄢˊ ㄏㄨㄛˋ
年會,1,ㄋㄧㄢˊ ㄏㄨㄟˋ
年級,1,ㄋㄧㄢˊ ㄐㄧˊ
年紀,1,ㄋㄧㄢˊ ㄐㄧˋ
年假,1,ㄋㄧㄢˊ ㄐㄧㄚˋ
年節,1,ㄋㄧㄢˊ ㄐㄧㄝˊ
年久失修,1,ㄋㄧㄢˊ ㄐㄧㄡˇ ㄕ ㄒㄧㄡ
年間,1,ㄋㄧㄢˊ ㄐㄧㄢ
年鑑,1,ㄋㄧㄢˊ ㄐㄧㄢˋ
年金,1,ㄋㄧㄢˊ ㄐㄧㄣ
年輕,1,ㄋㄧㄢˊ ㄑㄧㄥ
年輕貌美,1,ㄋㄧㄢˊ ㄑㄧㄥ ㄇㄠˋ ㄇㄟˇ
年輕力壯,1,ㄋㄧㄢˊ ㄑㄧㄥ ㄌㄧˋ ㄓㄨㄤˋ
年輕化,1,ㄋㄧㄢˊ ㄑㄧㄥ ㄏㄨㄚˋ
年輕氣盛,1,ㄋㄧㄢˊ ㄑㄧㄥ ㄑㄧˋ ㄕㄥˋ
年息,1,ㄋㄧㄢˊ ㄒㄧˊ
年下,1,ㄋㄧㄢˊ ㄒㄧㄚˋ
年限,1,ㄋㄧㄢˊ ㄒㄧㄢˋ
年薪,1,ㄋㄧㄢˊ ㄒㄧㄣ
年長,1,ㄋㄧㄢˊ ㄓㄤˇ
年終,1,ㄋㄧㄢˊ ㄓㄨㄥ
年終獎金,1,ㄋㄧㄢˊ ㄓㄨㄥ ㄐㄧㄤˇ ㄐㄧㄣ
年產量,1,ㄋㄧㄢˊ ㄔㄢˇ ㄌㄧㄤˋ
年產值,1,ㄋㄧㄢˊ ㄔㄢˇ ㄓˊ
年成,1,ㄋㄧㄢˊ ㄔㄥˊ
年初,1,ㄋㄧㄢˊ ㄔㄨ
年市,1,ㄋㄧㄢˊ ㄕˋ
年事,1,ㄋㄧㄢˊ ㄕˋ
年少,1,ㄋㄧㄢˊ ㄕㄠˋ
年少得志,1,ㄋㄧㄢˊ ㄕㄠˋ ㄉㄜˊ ㄓˋ
年少氣盛,1,ㄋㄧㄢˊ ㄕㄠˋ ㄑㄧˋ ㄕㄥˋ
年資,1,ㄋㄧㄢˊ ㄗ
年增率,1,ㄋㄧㄢˊ ㄗㄥ ㄌㄩˋ
年次,1,ㄋㄧㄢˊ ㄘˋ
年菜,1,ㄋㄧㄢˊ ㄘㄞˋ
年歲,1,ㄋㄧㄢˊ ㄙㄨㄟˋ
年夜飯,1,ㄋㄧㄢˊ ㄧㄝˋ ㄈㄢˋ
年幼,1,ㄋㄧㄢˊ ㄧㄡˋ
年幼無知,1,ㄋㄧㄢˊ ㄧㄡˋ ㄨˊ ㄓ
年尾,1,ㄋㄧㄢˊ ㄨㄟˇ
年月,1,ㄋㄧㄢˊ ㄩㄝˋ
年運,1,ㄋㄧㄢˊ ㄩㄣˋ
拈,1,ㄋㄧㄢˊ
拈花惹草,1,ㄋㄧㄢˊ ㄏㄨㄚ ㄖㄜˇ ㄘㄠˇ
拈香,1,ㄋㄧㄢˊ ㄒㄧㄤ
粘,1,ㄋㄧㄢˊ
黏,1,ㄋㄧㄢˊ
黏膜,1,ㄋㄧㄢˊ ㄇㄛˊ
黏答答,1,ㄋㄧㄢˊ ㄉㄚ ㄉㄚ
黏貼,1,ㄋㄧㄢˊ ㄊㄧㄝ
黏土,1,ㄋㄧㄢˊ ㄊㄨˇ
黏合,1,ㄋㄧㄢˊ ㄏㄜˊ
黏膠,1,ㄋㄧㄢˊ ㄐㄧㄠ
黏性,1,ㄋㄧㄢˊ ㄒㄧㄥˋ
黏質,1,ㄋㄧㄢˊ ㄓˊ
黏住,1,ㄋㄧㄢˊ ㄓㄨˋ
黏著劑,1,ㄋㄧㄢˊ ㄓㄨㄛˊ ㄐㄧˋ
黏稠,1,ㄋㄧㄢˊ ㄔㄡˊ
黏人,1,ㄋㄧㄢˊ ㄖㄣˊ
黏液,1,ㄋㄧㄢˊ ㄧㄝˋ
鯰,1,ㄋㄧㄢˊ
鯰魚,1,ㄋㄧㄢˊ ㄩˊ
拈,1,ㄋㄧㄢˇ
捻,1,ㄋㄧㄢˇ
捻熄,1,ㄋㄧㄢˇ ㄒㄧˊ
輦,1,ㄋㄧㄢˇ
攆,1,ㄋㄧㄢˇ
攆走,1,ㄋㄧㄢˇ ㄗㄡˇ
碾,1,ㄋㄧㄢˇ
碾米,1,ㄋㄧㄢˇ ㄇㄧˇ
碾子,1,ㄋㄧㄢˇ ㄗ˙
輾,1,ㄋㄧㄢˇ
撚,1,ㄋㄧㄢˇ
廿,1,ㄋㄧㄢˋ
念,1,ㄋㄧㄢˋ
念白,1,ㄋㄧㄢˋ ㄅㄞˊ
念佛,1,ㄋㄧㄢˋ ㄈㄛˊ
念頭,1,ㄋㄧㄢˋ ㄊㄡ˙
念念不忘,1,ㄋㄧㄢˋ ㄋㄧㄢˋ ㄅㄨˋ ㄨㄤˋ
念念不忘,1,ㄋㄧㄢˋ ㄋㄧㄢˋ ㄅㄨˊ ㄨㄤˋ
念力,1,ㄋㄧㄢˋ ㄌㄧˋ
念舊,1,ㄋㄧㄢˋ ㄐㄧㄡˋ
念珠,1,ㄋㄧㄢˋ ㄓㄨ
念茲在茲,1,ㄋㄧㄢˋ ㄗ ㄗㄞˋ ㄗ
唸,1,ㄋㄧㄢˋ
唸唸有詞,1,ㄋㄧㄢˋ ㄋㄧㄢˋ ㄧㄡˇ ㄘˊ
唸經,1,ㄋㄧㄢˋ ㄐㄧㄥ
唸書,1,ㄋㄧㄢˋ ㄕㄨ
您,1,ㄋㄧㄣˊ
娘,1,ㄋㄧㄤˊ
娘娘,1,ㄋㄧㄤˊ ㄋㄧㄤ˙
娘家,1,ㄋㄧㄤˊ ㄐㄧㄚ
娘子,1,ㄋㄧㄤˊ ㄗˇ
娘子軍,1,ㄋㄧㄤˊ ㄗˇ ㄐㄩㄣ
孃,1,ㄋㄧㄤˊ
釀,1,ㄋㄧㄤˋ
釀酒,1,ㄋㄧㄤˋ ㄐㄧㄡˇ
釀製,1,ㄋㄧㄤˋ ㄓˋ
釀成,1,ㄋㄧㄤˋ ㄔㄥˊ
釀造,1,ㄋㄧㄤˋ ㄗㄠˋ
寧,1,ㄋㄧㄥˊ
寧謐,1,ㄋㄧㄥˊ ㄇㄧˋ
寧可,1,ㄋㄧㄥˊ ㄎㄜˇ
寧可玉碎不為瓦全,1,ㄋㄧㄥˊ ㄎㄜˇ ㄩˋ ㄙㄨㄟˋ ㄅㄨˋ ㄨㄟˊ ㄨㄚˇ ㄑㄩㄢˊ
寧靜,1,ㄋㄧㄥˊ ㄐㄧㄥˋ
寧缺毋濫,1,ㄋㄧㄥˊ ㄑㄩㄝ ㄨˊ ㄌㄢˋ
寧缺勿濫,1,ㄋㄧㄥˊ ㄑㄩㄝ ㄨˋ ㄌㄢˋ
寧日,1,ㄋㄧㄥˊ ㄖˋ
寧死不屈,1,ㄋㄧㄥˊ ㄙˇ ㄅㄨˋ ㄑㄩ
寧為雞口不為牛後,1,ㄋㄧㄥˊ ㄨㄟˊ ㄐㄧ ㄎㄡˇ ㄅㄨˋ ㄨㄟˊ ㄋㄧㄡˊ ㄏㄡˋ
寧為玉碎不為瓦全,1,ㄋㄧㄥˊ ㄨㄟˊ ㄩˋ ㄙㄨㄟˋ ㄅㄨˋ ㄨㄟˊ ㄨㄚˇ ㄑㄩㄢˊ
寧願,1,ㄋㄧㄥˊ ㄩㄢˋ
嚀,1,ㄋㄧㄥˊ
獰,1,ㄋㄧㄥˊ
檸,1,ㄋㄧㄥˊ
檸檬,1,ㄋㄧㄥˊ ㄇㄥˊ
聹,1,ㄋㄧㄥˊ
凝,1,ㄋㄧㄥˊ
凝鍊,1,ㄋㄧㄥˊ ㄌㄧㄢˋ
凝固,1,ㄋㄧㄥˊ ㄍㄨˋ
凝結,1,ㄋㄧㄥˊ ㄐㄧㄝˊ
凝聚,1,ㄋㄧㄥˊ ㄐㄩˋ
凝聚力,1,ㄋㄧㄥˊ ㄐㄩˋ ㄌㄧˋ
凝脂,1,ㄋㄧㄥˊ ㄓ
凝滯,1,ㄋㄧㄥˊ ㄓˋ
凝重,1,ㄋㄧㄥˊ ㄓㄨㄥˋ
凝視,1,ㄋㄧㄥˊ ㄕˋ
凝神,1,ㄋㄧㄥˊ ㄕㄣˊ
凝思,1,ㄋㄧㄥˊ ㄙ
凝望,1,ㄋㄧㄥˊ ㄨㄤˋ
擰,1,ㄋㄧㄥˇ
佞,1,ㄋㄧㄥˋ
寧,1,ㄋㄧㄥˋ
濘,1,ㄋㄧㄥˋ
擰,1,ㄋㄧㄥˋ
奴,1,ㄋㄨˊ
奴僕,1,ㄋㄨˊ ㄆㄨˊ
奴隸,1,ㄋㄨˊ ㄌㄧˋ
奴工,1,ㄋㄨˊ ㄍㄨㄥ
奴家,1,ㄋㄨˊ ㄐㄧㄚ
奴才,1,ㄋㄨˊ ㄘㄞˊ
奴從,1,ㄋㄨˊ ㄘㄨㄥˊ
奴役,1,ㄋㄨˊ ㄧˋ
奴顏婢膝,1,ㄋㄨˊ ㄧㄢˊ ㄅㄧˋ ㄒㄧ
孥,1,ㄋㄨˊ
駑,1,ㄋㄨˊ
努,1,ㄋㄨˇ
努力,1,ㄋㄨˇ ㄌㄧˋ
弩,1,ㄋㄨˇ
怒,1,ㄋㄨˋ
怒不可遏,1,ㄋㄨˋ ㄅㄨˋ ㄎㄜˇ ㄜˋ
怒罵,1,ㄋㄨˋ ㄇㄚˋ
怒目,1,ㄋㄨˋ ㄇㄨˋ
怒目相向,1,ㄋㄨˋ ㄇㄨˋ ㄒㄧㄤ ㄒㄧㄤˋ
怒髮衝冠,1,ㄋㄨˋ ㄈㄚˇ ㄔㄨㄥ ㄍㄨㄢ
怒放,1,ㄋㄨˋ ㄈㄤˋ
怒濤,1,ㄋㄨˋ ㄊㄠˊ
怒號,1,ㄋㄨˋ ㄏㄠˊ
怒吼,1,ㄋㄨˋ ㄏㄡˇ
怒火,1,ㄋㄨˋ ㄏㄨㄛˇ
怒火中燒,1,ㄋㄨˋ ㄏㄨㄛˇ ㄓㄨㄥ ㄕㄠ
怒氣,1,ㄋㄨˋ ㄑㄧˋ
怒氣沖沖,1,ㄋㄨˋ ㄑㄧˋ ㄔㄨㄥ ㄔㄨㄥ
怒氣衝衝,1,ㄋㄨˋ ㄑㄧˋ ㄔㄨㄥ ㄔㄨㄥ
怒叱,1,ㄋㄨˋ ㄔˋ
怒斥,1,ㄋㄨˋ ㄔˋ
怒視,1,ㄋㄨˋ ㄕˋ
挪,1,ㄋㄨㄛˊ
挪動,1,ㄋㄨㄛˊ ㄉㄨㄥˋ
挪移,1,ㄋㄨㄛˊ ㄧˊ
挪用,1,ㄋㄨㄛˊ ㄩㄥˋ
哪,1,ㄋㄨㄛˊ
哪吒,1,ㄋㄨㄛˊ ㄓㄚˋ
娜,1,ㄋㄨㄛˊ
喏,1,ㄋㄨㄛˋ
諾,1,ㄋㄨㄛˋ
諾貝爾獎,1,ㄋㄨㄛˋ ㄅㄟˋ ㄦˇ ㄐㄧㄤˇ
諾亞,1,ㄋㄨㄛˋ ㄧㄚˋ
諾言,1,ㄋㄨㄛˋ ㄧㄢˊ
搦,1,ㄋㄨㄛˋ
懦,1,ㄋㄨㄛˋ
懦夫,1,ㄋㄨㄛˋ ㄈㄨ
懦弱,1,ㄋㄨㄛˋ ㄖㄨㄛˋ
糯,1,ㄋㄨㄛˋ
糯米,1,ㄋㄨㄛˋ ㄇㄧˇ
暖,1,ㄋㄨㄢˇ
暖房,1,ㄋㄨㄢˇ ㄈㄤˊ
暖風,1,ㄋㄨㄢˇ ㄈㄥ
暖鋒,1,ㄋㄨㄢˇ ㄈㄥ
暖調,1,ㄋㄨㄢˇ ㄉㄧㄠˋ
暖冬,1,ㄋㄨㄢˇ ㄉㄨㄥ
暖流,1,ㄋㄨㄢˇ ㄌㄧㄡˊ
暖爐,1,ㄋㄨㄢˇ ㄌㄨˊ
暖和,1,ㄋㄨㄢˇ ㄏㄨㄛ˙
暖氣,1,ㄋㄨㄢˇ ㄑㄧˋ
暖氣機,1,ㄋㄨㄢˇ ㄑㄧˋ ㄐㄧ
暖壽,1,ㄋㄨㄢˇ ㄕㄡˋ
暖身,1,ㄋㄨㄢˇ ㄕㄣ
暖身運動,1,ㄋㄨㄢˇ ㄕㄣ ㄩㄣˋ ㄉㄨㄥˋ
暖色調,1,ㄋㄨㄢˇ ㄙㄜˋ ㄉㄧㄠˋ
暖意,1,ㄋㄨㄢˇ ㄧˋ
暖洋洋,1,ㄋㄨㄢˇ ㄧㄤˊ ㄧㄤˊ
農,1,ㄋㄨㄥˊ
農保,1,ㄋㄨㄥˊ ㄅㄠˇ
農忙,1,ㄋㄨㄥˊ ㄇㄤˊ
農民,1,ㄋㄨㄥˊ ㄇㄧㄣˊ
農民年金,1,ㄋㄨㄥˊ ㄇㄧㄣˊ ㄋㄧㄢˊ ㄐㄧㄣ
農民曆,1,ㄋㄨㄥˊ ㄇㄧㄣˊ ㄌㄧˋ
農牧,1,ㄋㄨㄥˊ ㄇㄨˋ
農夫,1,ㄋㄨㄥˊ ㄈㄨ
農婦,1,ㄋㄨㄥˊ ㄈㄨˋ
農地,1,ㄋㄨㄥˊ ㄉㄧˋ
農地重劃,1,ㄋㄨㄥˊ ㄉㄧˋ ㄔㄨㄥˊ ㄏㄨㄚˋ
農田,1,ㄋㄨㄥˊ ㄊㄧㄢˊ
農曆年,1,ㄋㄨㄥˊ ㄌㄧˋ ㄋㄧㄢˊ
農林,1,ㄋㄨㄥˊ ㄌㄧㄣˊ
農耕,1,ㄋㄨㄥˊ ㄍㄥ
農耕隊,1,ㄋㄨㄥˊ ㄍㄥ ㄉㄨㄟˋ
農墾,1,ㄋㄨㄥˊ ㄎㄣˇ
農戶,1,ㄋㄨㄥˊ ㄏㄨˋ
農會,1,ㄋㄨㄥˊ ㄏㄨㄟˋ
農機,1,ㄋㄨㄥˊ ㄐㄧ
農技,1,ㄋㄨㄥˊ ㄐㄧˋ
農技團,1,ㄋㄨㄥˊ ㄐㄧˋ ㄊㄨㄢˊ
農家,1,ㄋㄨㄥˊ ㄐㄧㄚ
農家女,1,ㄋㄨㄥˊ ㄐㄧㄚ ㄋㄩˇ
農家子弟,1,ㄋㄨㄥˊ ㄐㄧㄚ ㄗˇ ㄉㄧˋ
農經,1,ㄋㄨㄥˊ ㄐㄧㄥ
農具,1,ㄋㄨㄥˊ ㄐㄩˋ
農閒,1,ㄋㄨㄥˊ ㄒㄧㄢˊ
農學,1,ㄋㄨㄥˊ ㄒㄩㄝˊ
農宅,1,ㄋㄨㄥˊ ㄓㄞˊ
農政,1,ㄋㄨㄥˊ ㄓㄥˋ
農莊,1,ㄋㄨㄥˊ ㄓㄨㄤ
農產,1,ㄋㄨㄥˊ ㄔㄢˇ
農產品,1,ㄋㄨㄥˊ ㄔㄢˇ ㄆㄧㄣˇ
農場,1,ㄋㄨㄥˊ ㄔㄤˇ
農事,1,ㄋㄨㄥˊ ㄕˋ
農舍,1,ㄋㄨㄥˊ ㄕㄜˋ
農神,1,ㄋㄨㄥˊ ㄕㄣˊ
農人,1,ㄋㄨㄥˊ ㄖㄣˊ
農作,1,ㄋㄨㄥˊ ㄗㄨㄛˋ
農作物,1,ㄋㄨㄥˊ ㄗㄨㄛˋ ㄨˋ
農村,1,ㄋㄨㄥˊ ㄘㄨㄣ
農藝,1,ㄋㄨㄥˊ ㄧˋ
農業,1,ㄋㄨㄥˊ ㄧㄝˋ
農業區,1,ㄋㄨㄥˊ ㄧㄝˋ ㄑㄩ
農業社會,1,ㄋㄨㄥˊ ㄧㄝˋ ㄕㄜˋ ㄏㄨㄟˋ
農藥,1,ㄋㄨㄥˊ ㄧㄠˋ
農友,1,ㄋㄨㄥˊ ㄧㄡˇ
農運,1,ㄋㄨㄥˊ ㄩㄣˋ
儂,1,ㄋㄨㄥˊ
濃,1,ㄋㄨㄥˊ
濃眉,1,ㄋㄨㄥˊ ㄇㄟˊ
濃眉大眼,1,ㄋㄨㄥˊ ㄇㄟˊ ㄉㄚˋ ㄧㄢˇ
濃密,1,ㄋㄨㄥˊ ㄇㄧˋ
濃度,1,ㄋㄨㄥˊ ㄉㄨˋ
濃湯,1,ㄋㄨㄥˊ ㄊㄤ
濃烈,1,ㄋㄨㄥˊ ㄌㄧㄝˋ
濃黑,1,ㄋㄨㄥˊ ㄏㄟ
濃厚,1,ㄋㄨㄥˊ ㄏㄡˋ
濃妝豔抹,1,ㄋㄨㄥˊ ㄓㄨㄤ ㄧㄢˋ ㄇㄛˇ
濃重,1,ㄋㄨㄥˊ ㄓㄨㄥˋ
濃茶,1,ㄋㄨㄥˊ ㄔㄚˊ
濃縮,1,ㄋㄨㄥˊ ㄙㄨㄛ
濃縮版,1,ㄋㄨㄥˊ ㄙㄨㄛ ㄅㄢˇ
濃煙,1,ㄋㄨㄥˊ ㄧㄢ
濃豔,1,ㄋㄨㄥˊ ㄧㄢˋ
濃蔭,1,ㄋㄨㄥˊ ㄧㄣˋ
濃霧,1,ㄋㄨㄥˊ ㄨˋ
濃郁,1,ㄋㄨㄥˊ ㄩˋ
噥,1,ㄋㄨㄥˊ
膿,1,ㄋㄨㄥˊ
膿包,1,ㄋㄨㄥˊ ㄅㄠ
穠,1,ㄋㄨㄥˊ
穠纖合度,1,ㄋㄨㄥˊ ㄒㄧㄢ ㄏㄜˊ ㄉㄨˋ
弄,1,ㄋㄨㄥˋ
弄法,1,ㄋㄨㄥˋ ㄈㄚˇ
弄倒,1,ㄋㄨㄥˋ ㄉㄠˇ
弄假成真,1,ㄋㄨㄥˋ ㄐㄧㄚˇ ㄔㄥˊ ㄓㄣ
弄巧成拙,1,ㄋㄨㄥˋ ㄑㄧㄠˇ ㄔㄥˊ ㄓㄨㄛˊ
弄權,1,ㄋㄨㄥˋ ㄑㄩㄢˊ
弄虛作假,1,ㄋㄨㄥˋ ㄒㄩ ㄗㄨㄛˋ ㄐㄧㄚˇ
弄璋,1,ㄋㄨㄥˋ ㄓㄤ
弄車鼓,1,ㄋㄨㄥˋ ㄔㄜ ㄍㄨˇ
弄潮,1,ㄋㄨㄥˋ ㄔㄠˊ
弄臣,1,ㄋㄨㄥˋ ㄔㄣˊ
弄錯,1,ㄋㄨㄥˋ ㄘㄨㄛˋ
弄瓦,1,ㄋㄨㄥˋ ㄨㄚˇ
女,1,ㄋㄩˇ
女伴,1,ㄋㄩˇ ㄅㄢˋ
女儐相,1,ㄋㄩˇ ㄅㄧㄣ ㄒㄧㄤˋ
女兵,1,ㄋㄩˇ ㄅㄧㄥ
女僕,1,ㄋㄩˇ ㄆㄨˊ
女大不中留,1,ㄋㄩˇ ㄉㄚˋ ㄅㄨˋ ㄓㄨㄥˋ ㄌㄧㄡˊ
女大不中留,1,ㄋㄩˇ ㄉㄚˋ ㄅㄨˊ ㄓㄨㄥˋ ㄌㄧㄡˊ
女童,1,ㄋㄩˇ ㄊㄨㄥˊ
女童軍,1,ㄋㄩˇ ㄊㄨㄥˊ ㄐㄩㄣ
女郎,1,ㄋㄩˇ ㄌㄤˊ
女流,1,ㄋㄩˇ ㄌㄧㄡˊ
女聯會,1,ㄋㄩˇ ㄌㄧㄢˊ ㄏㄨㄟˋ
女高,1,ㄋㄩˇ ㄍㄠ
女高音,1,ㄋㄩˇ ㄍㄠ ㄧㄣ
女工,1,ㄋㄩˇ ㄍㄨㄥ
女紅,1,ㄋㄩˇ ㄍㄨㄥ
女孩子,1,ㄋㄩˇ ㄏㄞˊ ㄗ˙
女皇,1,ㄋㄩˇ ㄏㄨㄤˊ
女將,1,ㄋㄩˇ ㄐㄧㄤˋ
女警,1,ㄋㄩˇ ㄐㄧㄥˇ
女眷,1,ㄋㄩˇ ㄐㄩㄢˋ
女強人,1,ㄋㄩˇ ㄑㄧㄤˊ ㄖㄣˊ
女青年會,1,ㄋㄩˇ ㄑㄧㄥ ㄋㄧㄢˊ ㄏㄨㄟˋ
女權,1,ㄋㄩˇ ㄑㄩㄢˊ
女權運動,1,ㄋㄩˇ ㄑㄩㄢˊ ㄩㄣˋ ㄉㄨㄥˋ
女鞋,1,ㄋㄩˇ ㄒㄧㄝˊ
女校,1,ㄋㄩˇ ㄒㄧㄠˋ
女星,1,ㄋㄩˇ ㄒㄧㄥ
女性,1,ㄋㄩˇ ㄒㄧㄥˋ
女性主義,1,ㄋㄩˇ ㄒㄧㄥˋ ㄓㄨˇ ㄧˋ
女婿,1,ㄋㄩˇ ㄒㄩˋ
女主角,1,ㄋㄩˇ ㄓㄨˇ ㄐㄩㄝˊ
女主角,1,ㄋㄩˇ ㄓㄨˇ ㄐㄧㄠˇ
女主人,1,ㄋㄩˇ ㄓㄨˇ ㄖㄣˊ
女裝,1,ㄋㄩˇ ㄓㄨㄤ
女中,1,ㄋㄩˇ ㄓㄨㄥ
女中豪傑,1,ㄋㄩˇ ㄓㄨㄥ ㄏㄠˊ ㄐㄧㄝˊ
女丑,1,ㄋㄩˇ ㄔㄡˇ
女師,1,ㄋㄩˇ ㄕ
女士,1,ㄋㄩˇ ㄕˋ
女侍,1,ㄋㄩˇ ㄕˋ
女神,1,ㄋㄩˇ ㄕㄣˊ
女生,1,ㄋㄩˇ ㄕㄥ
女人,1,ㄋㄩˇ ㄖㄣˊ
女人心海底針,1,ㄋㄩˇ ㄖㄣˊ ㄒㄧㄣ ㄏㄞˇ ㄉㄧˇ ㄓㄣ
女人味,1,ㄋㄩˇ ㄖㄣˊ ㄨㄟˋ
女子,1,ㄋㄩˇ ㄗˇ
女色,1,ㄋㄩˇ ㄙㄜˋ
女兒,1,ㄋㄩˇ ㄦˊ
女兒牆,1,ㄋㄩˇ ㄦˊ ㄑㄧㄤˊ
女兒身,1,ㄋㄩˇ ㄦˊ ㄕㄣ
女友,1,ㄋㄩˇ ㄧㄡˇ
女嬰,1,ㄋㄩˇ ㄧㄥ
女巫,1,ㄋㄩˇ ㄨ
女娃兒,1,ㄋㄩˇ ㄨㄚˊ ㄦ
女王,1,ㄋㄩˇ ㄨㄤˊ
女王蜂,1,ㄋㄩˇ ㄨㄤˊ ㄈㄥ
女,1,ㄋㄩˋ
虐,1,ㄋㄩㄝˋ
虐待,1,ㄋㄩㄝˋ ㄉㄞˋ
虐待狂,1,ㄋㄩㄝˋ ㄉㄞˋ ㄎㄨㄤˊ
瘧,1,ㄋㄩㄝˋ
瘧疾,1,ㄋㄩㄝˋ ㄐㄧˊ
謔,1,ㄋㄩㄝˋ
謔而不虐,1,ㄋㄩㄝˋ ㄦˊ ㄅㄨˋ ㄋㄩㄝˋ
謔而不虐,1,ㄋㄩㄝˋ ㄦˊ ㄅㄨˊ ㄋㄩㄝˋ
拉,1,ㄌㄚ
拉拔,1,ㄌㄚ ㄅㄚˊ
拉保險,1,ㄌㄚ ㄅㄠˇ ㄒㄧㄢˇ
拉胚,1,ㄌㄚ ㄆㄟ
拉皮,1,ㄌㄚ ㄆㄧˊ
拉皮條,1,ㄌㄚ ㄆㄧˊ ㄊㄧㄠˊ
拉票,1,ㄌㄚ ㄆㄧㄠˋ
拉麵,1,ㄌㄚ ㄇㄧㄢˋ
拉風,1,ㄌㄚ ㄈㄥ
拉倒,1,ㄌㄚ ㄉㄠˇ
拉丁民族,1,ㄌㄚ ㄉㄧㄥ ㄇㄧㄣˊ ㄗㄨˊ
拉丁風情,1,ㄌㄚ ㄉㄧㄥ ㄈㄥ ㄑㄧㄥˊ
拉丁文,1,ㄌㄚ ㄉㄧㄥ ㄨㄣˊ
拉肚子,1,ㄌㄚ ㄉㄨˋ ㄗ˙
拉拉扯扯,1,ㄌㄚ ㄌㄚ ㄔㄜˇ ㄔㄜˇ
拉力,1,ㄌㄚ ㄌㄧˋ
拉鍊,1,ㄌㄚ ㄌㄧㄢˋ
拉攏,1,ㄌㄚ ㄌㄨㄥˇ
拉廣告,1,ㄌㄚ ㄍㄨㄤˇ ㄍㄠˋ
拉客,1,ㄌㄚ ㄎㄜˋ
拉環,1,ㄌㄚ ㄏㄨㄢˊ
拉架,1,ㄌㄚ ㄐㄧㄚˋ
拉警報,1,ㄌㄚ ㄐㄧㄥˇ ㄅㄠˋ
拉鋸戰,1,ㄌㄚ ㄐㄩˋ ㄓㄢˋ
拉縴,1,ㄌㄚ ㄑㄧㄢˋ
拉下臉,1,ㄌㄚ ㄒㄧㄚˋ ㄌㄧㄢˇ
拉線,1,ㄌㄚ ㄒㄧㄢˋ
拉扯,1,ㄌㄚ ㄔㄜˇ
拉傷,1,ㄌㄚ ㄕㄤ
拉生意,1,ㄌㄚ ㄕㄥ ㄧ˙
啦,1,ㄌㄚ
啦啦隊,1,ㄌㄚ ㄌㄚ ㄉㄨㄟˋ
邋,1,ㄌㄚ
邋遢,1,ㄌㄚ ㄊㄚˋ
邋遢,1,ㄌㄚ ㄊㄚ˙
旯,1,ㄌㄚˊ
剌,1,ㄌㄚˊ
喇,1,ㄌㄚˇ
喇叭,1,ㄌㄚˇ ㄅㄚ
喇叭褲,1,ㄌㄚˇ ㄅㄚ ㄎㄨˋ
喇叭手,1,ㄌㄚˇ ㄅㄚ ㄕㄡˇ
喇嘛,1,ㄌㄚˇ ㄇㄚ˙
剌,1,ㄌㄚˋ
瘌,1,ㄌㄚˋ
瘌痢,1,ㄌㄚˋ ㄌㄧˋ
落,1,ㄌㄚˋ
辣,1,ㄌㄚˋ
辣椒,1,ㄌㄚˋ ㄐㄧㄠ
辣手摧花,1,ㄌㄚˋ ㄕㄡˇ ㄘㄨㄟ ㄏㄨㄚ
辣味,1,ㄌㄚˋ ㄨㄟˋ
臘,1,ㄌㄚˋ
臘八,1,ㄌㄚˋ ㄅㄚ
臘八粥,1,ㄌㄚˋ ㄅㄚ ㄓㄡ
臘腸,1,ㄌㄚˋ ㄔㄤˊ
臘腸狗,1,ㄌㄚˋ ㄔㄤˊ ㄍㄡˇ
臘腸樹,1,ㄌㄚˋ ㄔㄤˊ ㄕㄨˋ
臘肉,1,ㄌㄚˋ ㄖㄡˋ
臘味,1,ㄌㄚˋ ㄨㄟˋ
臘月,1,ㄌㄚˋ ㄩㄝˋ
蠟,1,ㄌㄚˋ
蠟筆,1,ㄌㄚˋ ㄅㄧˇ
蠟梅,1,ㄌㄚˋ ㄇㄟˊ
蠟像,1,ㄌㄚˋ ㄒㄧㄤˋ
蠟紙,1,ㄌㄚˋ ㄓˇ
蠟燭,1,ㄌㄚˋ ㄓㄨˊ
啦,1,ㄌㄚ˙
咯,1,ㄌㄛ˙
肋,1,ㄌㄜˋ
肋骨,1,ㄌㄜˋ ㄍㄨˇ
肋間肌,1,ㄌㄜˋ ㄐㄧㄢ ㄐㄧ
泐,1,ㄌㄜˋ
勒,1,ㄌㄜˋ
勒令,1,ㄌㄜˋ ㄌㄧㄥˋ
勒戒,1,ㄌㄜˋ ㄐㄧㄝˋ
勒贖,1,ㄌㄜˋ ㄕㄨˊ
勒死,1,ㄌㄟ ㄙˇ
勒索,1,ㄌㄜˋ ㄙㄨㄛˇ
垃,1,ㄌㄜˋ
垃圾,1,ㄌㄜˋ ㄙㄜˋ
垃圾分類,1,ㄌㄜˋ ㄙㄜˋ ㄈㄣ ㄌㄟˋ
垃圾焚化爐,1,ㄌㄜˋ ㄙㄜˋ ㄈㄣˊ ㄏㄨㄚˋ ㄌㄨˊ
垃圾堆,1,ㄌㄜˋ ㄙㄜˋ ㄉㄨㄟ
垃圾桶,1,ㄌㄜˋ ㄙㄜˋ ㄊㄨㄥˇ
垃圾筒,1,ㄌㄜˋ ㄙㄜˋ ㄊㄨㄥˇ
垃圾量,1,ㄌㄜˋ ㄙㄜˋ ㄌㄧㄤˋ
垃圾回收,1,ㄌㄜˋ ㄙㄜˋ ㄏㄨㄟˊ ㄕㄡ
垃圾箱,1,ㄌㄜˋ ㄙㄜˋ ㄒㄧㄤ
垃圾車,1,ㄌㄜˋ ㄙㄜˋ ㄔㄜ
垃圾場,1,ㄌㄜˋ ㄙㄜˋ ㄔㄤˇ
垃圾食物,1,ㄌㄜˋ ㄙㄜˋ ㄕˊ ㄨˋ
垃圾山,1,ㄌㄜˋ ㄙㄜˋ ㄕㄢ
垃圾子母車,1,ㄌㄜˋ ㄙㄜˋ ㄗˇ ㄇㄨˇ ㄔㄜ
埒,1,ㄌㄜˋ
樂,1,ㄌㄜˋ
樂不可支,1,ㄌㄜˋ ㄅㄨˋ ㄎㄜˇ ㄓ
樂不思蜀,1,ㄌㄜˋ ㄅㄨˋ ㄙ ㄕㄨˇ
樂陶陶,1,ㄌㄜˋ ㄊㄠˊ ㄊㄠˊ
樂天,1,ㄌㄜˋ ㄊㄧㄢ
樂天派,1,ㄌㄜˋ ㄊㄧㄢ ㄆㄞˋ
樂天知命,1,ㄌㄜˋ ㄊㄧㄢ ㄓ ㄇㄧㄥˋ
樂土,1,ㄌㄜˋ ㄊㄨˇ
樂利,1,ㄌㄜˋ ㄌㄧˋ
樂觀,1,ㄌㄜˋ ㄍㄨㄢ
樂觀其成,1,ㄌㄜˋ ㄍㄨㄢ ㄑㄧˊ ㄔㄥˊ
樂極生悲,1,ㄌㄜˋ ㄐㄧˊ ㄕㄥ ㄅㄟ
樂捐,1,ㄌㄜˋ ㄐㄩㄢ
樂趣,1,ㄌㄜˋ ㄑㄩˋ
樂事,1,ㄌㄜˋ ㄕˋ
樂善,1,ㄌㄜˋ ㄕㄢˋ
樂善好施,1,ㄌㄜˋ ㄕㄢˋ ㄏㄠˋ ㄕ
樂子,1,ㄌㄜˋ ㄗ˙
樂在其中,1,ㄌㄜˋ ㄗㄞˋ ㄑㄧˊ ㄓㄨㄥ
樂此不疲,1,ㄌㄜˋ ㄘˇ ㄅㄨˋ ㄆㄧˊ
樂而忘返,1,ㄌㄜˋ ㄦˊ ㄨㄤˋ ㄈㄢˇ
樂意,1,ㄌㄜˋ ㄧˋ
樂園,1,ㄌㄜˋ ㄩㄢˊ
了,1,ㄌㄜ˙
來,1,ㄌㄞˊ
來賓,1,ㄌㄞˊ ㄅㄧㄣ
來不及,1,ㄌㄞˊ ㄅㄨˋ ㄐㄧˊ
來犯,1,ㄌㄞˊ ㄈㄢˋ
來訪,1,ㄌㄞˊ ㄈㄤˇ
來福槍,1,ㄌㄞˊ ㄈㄨˊ ㄑㄧㄤ
來得及,1,ㄌㄞˊ ㄉㄜ˙ ㄐㄧˊ
來電,1,ㄌㄞˊ ㄉㄧㄢˋ
來頭,1,ㄌㄞˊ ㄊㄡ˙
來來往往,1,ㄌㄞˊ ㄌㄞˊ ㄨㄤˇ ㄨㄤˇ
來歷,1,ㄌㄞˊ ㄌㄧˋ
來臨,1,ㄌㄞˊ ㄌㄧㄣˊ
來路,1,ㄌㄞˊ ㄌㄨˋ
來龍去脈,1,ㄌㄞˊ ㄌㄨㄥˊ ㄑㄩˋ ㄇㄞˋ
來函,1,ㄌㄞˊ ㄏㄢˊ
來回,1,ㄌㄞˊ ㄏㄨㄟˊ
來回票,1,ㄌㄞˊ ㄏㄨㄟˊ ㄆㄧㄠˋ
來勁,1,ㄌㄞˊ ㄐㄧㄥˋ
來去分明,1,ㄌㄞˊ ㄑㄩˋ ㄈㄣ ㄇㄧㄥˊ
來去自如,1,ㄌㄞˊ ㄑㄩˋ ㄗˋ ㄖㄨˊ
來去匆匆,1,ㄌㄞˊ ㄑㄩˋ ㄘㄨㄥ ㄘㄨㄥ
來襲,1,ㄌㄞˊ ㄒㄧˊ
來信,1,ㄌㄞˊ ㄒㄧㄣˋ
來者不拒,1,ㄌㄞˊ ㄓㄜˇ ㄅㄨˋ ㄐㄩˋ
來者不拒,1,ㄌㄞˊ ㄓㄜˇ ㄅㄨˊ ㄐㄩˋ
來者不善善者不來,1,ㄌㄞˊ ㄓㄜˇ ㄅㄨˋ ㄕㄢˋ ㄕㄢˋ ㄓㄜˇ ㄅㄨˋ ㄌㄞˊ
來者不善善者不來,1,ㄌㄞˊ ㄓㄜˇ ㄅㄨˊ ㄕㄢˋ ㄕㄢˋ ㄓㄜˇ ㄅㄨˋ ㄌㄞˊ
來者可追,1,ㄌㄞˊ ㄓㄜˇ ㄎㄜˇ ㄓㄨㄟ
來處,1,ㄌㄞˊ ㄔㄨˋ
來世,1,ㄌㄞˊ ㄕˋ
來勢,1,ㄌㄞˊ ㄕˋ
來生,1,ㄌㄞˊ ㄕㄥ
來日,1,ㄌㄞˊ ㄖˋ
來日方長,1,ㄌㄞˊ ㄖˋ ㄈㄤ ㄔㄤˊ
來人,1,ㄌㄞˊ ㄖㄣˊ
來意,1,ㄌㄞˊ ㄧˋ
來由,1,ㄌㄞˊ ㄧㄡˊ
來往,1,ㄌㄞˊ ㄨㄤˇ
來源,1,ㄌㄞˊ ㄩㄢˊ
徠,1,ㄌㄞˊ
萊,1,ㄌㄞˊ
徠,1,ㄌㄞˋ
睞,1,ㄌㄞˋ
賴,1,ㄌㄞˋ
賴皮,1,ㄌㄞˋ ㄆㄧˊ
賴債,1,ㄌㄞˋ ㄓㄞˋ
賴帳,1,ㄌㄞˋ ㄓㄤˋ
賴床,1,ㄌㄞˋ ㄔㄨㄤˊ
瀨,1,ㄌㄞˋ
癩,1,ㄌㄞˋ
癩蝦蟆,1,ㄌㄞˋ ㄏㄚˊ ㄇㄚˊ
癩蝦蟆,1,ㄌㄞˋ ㄏㄚˊ ㄇㄚ˙
癩蝦蟆想吃天鵝肉,1,ㄌㄞˋ ㄏㄚˊ ㄇㄚˊ ㄒㄧㄤˇ ㄔ ㄊㄧㄢ ㄜˊ ㄖㄡˋ
癩蝦蟆想吃天鵝肉,1,ㄌㄞˋ ㄏㄚˊ ㄇㄚ˙ ㄒㄧㄤˇ ㄔ ㄊㄧㄢ ㄜˊ ㄖㄡˋ
籟,1,ㄌㄞˋ
勒,1,ㄌㄟ
雷,1,ㄌㄟˊ
雷劈,1,ㄌㄟˊ ㄆㄧ
雷鳴,1,ㄌㄟˊ ㄇㄧㄥˊ
雷達,1,ㄌㄟˊ ㄉㄚˊ
雷達站,1,ㄌㄟˊ ㄉㄚˊ ㄓㄢˋ
雷電,1,ㄌㄟˊ ㄉㄧㄢˋ
雷動,1,ㄌㄟˊ ㄉㄨㄥˋ
雷霆,1,ㄌㄟˊ ㄊㄧㄥˊ
雷霆萬鈞,1,ㄌㄟˊ ㄊㄧㄥˊ ㄨㄢˋ ㄐㄩㄣ
雷同,1,ㄌㄟˊ ㄊㄨㄥˊ
雷鳥,1,ㄌㄟˊ ㄋㄧㄠˇ
雷厲風行,1,ㄌㄟˊ ㄌㄧˋ ㄈㄥ ㄒㄧㄥˊ
雷管,1,ㄌㄟˊ ㄍㄨㄢˇ
雷公,1,ㄌㄟˊ ㄍㄨㄥ
雷擊,1,ㄌㄟˊ ㄐㄧˊ
雷陣雨,1,ㄌㄟˊ ㄓㄣˋ ㄩˇ
雷池,1,ㄌㄟˊ ㄔˊ
雷射,1,ㄌㄟˊ ㄕㄜˋ
雷射刀,1,ㄌㄟˊ ㄕㄜˋ ㄉㄠ
雷射唱片,1,ㄌㄟˊ ㄕㄜˋ ㄔㄤˋ ㄆㄧㄢˋ
雷射印表機,1,ㄌㄟˊ ㄕㄜˋ ㄧㄣˋ ㄅㄧㄠˇ ㄐㄧ
雷神,1,ㄌㄟˊ ㄕㄣˊ
雷聲,1,ㄌㄟˊ ㄕㄥ
雷聲大雨點小,1,ㄌㄟˊ ㄕㄥ ㄉㄚˋ ㄩˇ ㄉㄧㄢˇ ㄒㄧㄠˇ
雷音,1,ㄌㄟˊ ㄧㄣ
雷雨交加,1,ㄌㄟˊ ㄩˇ ㄐㄧㄠ ㄐㄧㄚ
擂,1,ㄌㄟˊ
擂臺,1,ㄌㄟˊ ㄊㄞˊ
擂臺賽,1,ㄌㄟˊ ㄊㄞˊ ㄙㄞˋ
擂鼓,1,ㄌㄟˊ ㄍㄨˇ
鐳,1,ㄌㄟˊ
鐳射,1,ㄌㄟˊ ㄕㄜˋ
鐳射唱片,1,ㄌㄟˊ ㄕㄜˋ ㄔㄤˋ ㄆㄧㄢˋ
嫘,1,ㄌㄟˊ
羸,1,ㄌㄟˊ
羸弱,1,ㄌㄟˊ ㄖㄨㄛˋ
罍,1,ㄌㄟˊ
纍,1,ㄌㄟˊ
纍纍,1,ㄌㄟˊ ㄌㄟˊ
耒,1,ㄌㄟˇ
耒耜,1,ㄌㄟˇ ㄙˋ
誄,1,ㄌㄟˇ
累,1,ㄌㄟˇ
累犯,1,ㄌㄟˇ ㄈㄢˋ
累累,1,ㄌㄟˇ ㄌㄟˇ
累積,1,ㄌㄟˇ ㄐㄧ
累計,1,ㄌㄟˇ ㄐㄧˋ
累加,1,ㄌㄟˇ ㄐㄧㄚ
累進,1,ㄌㄟˇ ㄐㄧㄣˋ
累進稅,1,ㄌㄟˇ ㄐㄧㄣˋ ㄕㄨㄟˋ
累贅,1,ㄌㄟˇ ㄓㄨㄟˋ
累次三番,1,ㄌㄟˇ ㄘˋ ㄙㄢ ㄈㄢ
磊,1,ㄌㄟˇ
磊落,1,ㄌㄟˇ ㄌㄨㄛˋ
蕾,1,ㄌㄟˇ
蕾絲,1,ㄌㄟˇ ㄙ
儡,1,ㄌㄟˇ
壘,1,ㄌㄟˇ
壘包,1,ㄌㄟˇ ㄅㄠ
壘球,1,ㄌㄟˇ ㄑㄧㄡˊ
礨,1,ㄌㄟˇ
礨空,1,ㄌㄟˇ ㄎㄨㄥ
淚,1,ㄌㄟˋ
淚滴,1,ㄌㄟˋ ㄉㄧ
淚流滿面,1,ㄌㄟˋ ㄌㄧㄡˊ ㄇㄢˇ ㄇㄧㄢˋ
淚痕,1,ㄌㄟˋ ㄏㄣˊ
淚腺,1,ㄌㄟˋ ㄒㄧㄢˋ
淚珠,1,ㄌㄟˋ ㄓㄨ
淚珠盈眶,1,ㄌㄟˋ ㄓㄨ ㄧㄥˊ ㄎㄨㄤ
淚水,1,ㄌㄟˋ ㄕㄨㄟˇ
淚人兒,1,ㄌㄟˋ ㄖㄣˊ ㄦ
淚人兒,1,ㄌㄟˋ ㄖㄜˊ ㄦ
淚如泉湧,1,ㄌㄟˋ ㄖㄨˊ ㄑㄩㄢˊ ㄩㄥˇ
淚液,1,ㄌㄟˋ ㄧㄝˋ
淚眼,1,ㄌㄟˋ ㄧㄢˇ
淚眼矇矓,1,ㄌㄟˋ ㄧㄢˇ ㄇㄥˊ ㄌㄨㄥˊ
淚眼汪汪,1,ㄌㄟˋ ㄧㄢˇ ㄨㄤ ㄨㄤ
淚汪汪,1,ㄌㄟˋ ㄨㄤ ㄨㄤ
累,1,ㄌㄟˋ
累垮,1,ㄌㄟˋ ㄎㄨㄚˇ
累壞,1,ㄌㄟˋ ㄏㄨㄞˋ
酹,1,ㄌㄟˋ
類,1,ㄌㄟˋ
類比,1,ㄌㄟˋ ㄅㄧˇ
類比電腦,1,ㄌㄟˋ ㄅㄧˇ ㄉㄧㄢˋ ㄋㄠˇ
類別,1,ㄌㄟˋ ㄅㄧㄝˊ
類風溼性關節炎,1,ㄌㄟˋ ㄈㄥ ㄕ ㄒㄧㄥˋ ㄍㄨㄢ ㄐㄧㄝˊ ㄧㄢˊ
類推,1,ㄌㄟˋ ㄊㄨㄟ
類同,1,ㄌㄟˋ ㄊㄨㄥˊ
類固醇,1,ㄌㄟˋ ㄍㄨˋ ㄔㄨㄣˊ
類型,1,ㄌㄟˋ ㄒㄧㄥˊ
類神經網路,1,ㄌㄟˋ ㄕㄣˊ ㄐㄧㄥ ㄨㄤˇ ㄌㄨˋ
類書,1,ㄌㄟˋ ㄕㄨ
類屬,1,ㄌㄟˋ ㄕㄨˇ
類似,1,ㄌㄟˋ ㄙˋ
撈,1,ㄌㄠ
撈本,1,ㄌㄠ ㄅㄣˇ
撈捕,1,ㄌㄠ ㄅㄨˇ
撈過界,1,ㄌㄠ ㄍㄨㄛˋ ㄐㄧㄝˋ
撈取,1,ㄌㄠ ㄑㄩˇ
撈一票,1,ㄌㄠ ㄧ ㄆㄧㄠˋ
撈一票,1,ㄌㄠ ㄧˊ ㄆㄧㄠˋ
牢,1,ㄌㄠˊ
牢不可破,1,ㄌㄠˊ ㄅㄨˋ ㄎㄜˇ ㄆㄛˋ
牢房,1,ㄌㄠˊ ㄈㄤˊ
牢牢,1,ㄌㄠˊ ㄌㄠˊ
牢籠,1,ㄌㄠˊ ㄌㄨㄥˊ
牢固,1,ㄌㄠˊ ㄍㄨˋ
牢靠,1,ㄌㄠˊ ㄎㄠˋ
牢記,1,ㄌㄠˊ ㄐㄧˋ
牢騷,1,ㄌㄠˊ ㄙㄠ
牢獄,1,ㄌㄠˊ ㄩˋ
牢獄之災,1,ㄌㄠˊ ㄩˋ ㄓ ㄗㄞ
勞,1,ㄌㄠˊ
勞保,1,ㄌㄠˊ ㄅㄠˇ
勞民傷財,1,ㄌㄠˊ ㄇㄧㄣˊ ㄕㄤ ㄘㄞˊ
勞方,1,ㄌㄠˊ ㄈㄤ
勞頓,1,ㄌㄠˊ ㄉㄨㄣˋ
勞動,1,ㄌㄠˊ ㄉㄨㄥˋ
勞動力,1,ㄌㄠˊ ㄉㄨㄥˋ ㄌㄧˋ
勞動基準法,1,ㄌㄠˊ ㄉㄨㄥˋ ㄐㄧ ㄓㄨㄣˇ ㄈㄚˇ
勞累,1,ㄌㄠˊ ㄌㄟˋ
勞力,1,ㄌㄠˊ ㄌㄧˋ
勞碌,1,ㄌㄠˊ ㄌㄨˋ
勞碌命,1,ㄌㄠˊ ㄌㄨˋ ㄇㄧㄥˋ
勞工,1,ㄌㄠˊ ㄍㄨㄥ
勞苦,1,ㄌㄠˊ ㄎㄨˇ
勞苦功高,1,ㄌㄠˊ ㄎㄨˇ ㄍㄨㄥ ㄍㄠ
勞基法,1,ㄌㄠˊ ㄐㄧ ㄈㄚˇ
勞駕,1,ㄌㄠˊ ㄐㄧㄚˋ
勞心,1,ㄌㄠˊ ㄒㄧㄣ
勞師動眾,1,ㄌㄠˊ ㄕ ㄉㄨㄥˋ ㄓㄨㄥˋ
勞神,1,ㄌㄠˊ ㄕㄣˊ
勞資,1,ㄌㄠˊ ㄗ
勞作,1,ㄌㄠˊ ㄗㄨㄛˋ
勞而無功,1,ㄌㄠˊ ㄦˊ ㄨˊ ㄍㄨㄥ
勞役,1,ㄌㄠˊ ㄧˋ
勞逸不均,1,ㄌㄠˊ ㄧˋ ㄅㄨˋ ㄐㄩㄣ
勞燕分飛,1,ㄌㄠˊ ㄧㄢˋ ㄈㄣ ㄈㄟ
勞務,1,ㄌㄠˊ ㄨˋ
撈,1,ㄌㄠˊ
撈什子,1,ㄌㄠˊ ㄕˊ ㄗ˙
嘮,1,ㄌㄠˊ
嘮叨,1,ㄌㄠˊ ㄉㄠ
嶗,1,ㄌㄠˊ
癆,1,ㄌㄠˊ
老,1,ㄌㄠˇ
老爸,1,ㄌㄠˇ ㄅㄚˋ
老伯,1,ㄌㄠˇ ㄅㄛˊ
老百姓,1,ㄌㄠˇ ㄅㄞˇ ㄒㄧㄥˋ
老輩,1,ㄌㄠˇ ㄅㄟˋ
老鴇,1,ㄌㄠˇ ㄅㄠˇ
老板,1,ㄌㄠˇ ㄅㄢˇ
老板娘,1,ㄌㄠˇ ㄅㄢˇ ㄋㄧㄤˊ
老闆,1,ㄌㄠˇ ㄅㄢˇ
老闆娘,1,ㄌㄠˇ ㄅㄢˇ ㄋㄧㄤˊ
老半天,1,ㄌㄠˇ ㄅㄢˋ ㄊㄧㄢ
老伴,1,ㄌㄠˇ ㄅㄢˋ
老本,1,ㄌㄠˇ ㄅㄣˇ
老本行,1,ㄌㄠˇ ㄅㄣˇ ㄏㄤˊ
老蚌生珠,1,ㄌㄠˇ ㄅㄤˋ ㄕㄥ ㄓㄨ
老兵,1,ㄌㄠˇ ㄅㄧㄥ
老婆子,1,ㄌㄠˇ ㄆㄛˊ ㄗ˙
老牌,1,ㄌㄠˇ ㄆㄞˊ
老朋友,1,ㄌㄠˇ ㄆㄥˊ ㄧㄡˇ
老媽,1,ㄌㄠˇ ㄇㄚ
老媽子,1,ㄌㄠˇ ㄇㄚ ㄗ˙
老馬識途,1,ㄌㄠˇ ㄇㄚˇ ㄕˋ ㄊㄨˊ
老邁,1,ㄌㄠˇ ㄇㄞˋ
老毛病,1,ㄌㄠˇ ㄇㄠˊ ㄅㄧㄥˋ
老謀深算,1,ㄌㄠˇ ㄇㄡˊ ㄕㄣ ㄙㄨㄢˋ
老米飯,1,ㄌㄠˇ ㄇㄧˇ ㄈㄢˋ
老命,1,ㄌㄠˇ ㄇㄧㄥˋ
老母,1,ㄌㄠˇ ㄇㄨˇ
老母雞,1,ㄌㄠˇ ㄇㄨˇ ㄐㄧ
老夫,1,ㄌㄠˇ ㄈㄨ
老夫妻,1,ㄌㄠˇ ㄈㄨ ㄑㄧ
老父,1,ㄌㄠˇ ㄈㄨˋ
老大,1,ㄌㄠˇ ㄉㄚˋ
老大哥,1,ㄌㄠˇ ㄉㄚˋ ㄍㄜ
老大姐,1,ㄌㄠˇ ㄉㄚˋ ㄐㄧㄝˇ
老到,1,ㄌㄠˇ ㄉㄠˋ
老道,1,ㄌㄠˇ ㄉㄠˋ
老豆腐,1,ㄌㄠˇ ㄉㄡˋ ㄈㄨˇ
老旦,1,ㄌㄠˇ ㄉㄢˋ
老當益壯,1,ㄌㄠˇ ㄉㄤ ㄧˋ ㄓㄨㄤˋ
老弟,1,ㄌㄠˇ ㄉㄧˋ
老爹,1,ㄌㄠˇ ㄉㄧㄝ
老掉牙,1,ㄌㄠˇ ㄉㄧㄠˋ ㄧㄚˊ
老調重彈,1,ㄌㄠˇ ㄉㄧㄠˋ ㄔㄨㄥˊ ㄊㄢˊ
老店,1,ㄌㄠˇ ㄉㄧㄢˋ
老太婆,1,ㄌㄠˇ ㄊㄞˋ ㄆㄛˊ
老太太,1,ㄌㄠˇ ㄊㄞˋ ㄊㄞ˙
老態,1,ㄌㄠˇ ㄊㄞˋ
老態龍鍾,1,ㄌㄠˇ ㄊㄞˋ ㄌㄨㄥˊ ㄓㄨㄥ
老饕,1,ㄌㄠˇ ㄊㄠ
老套,1,ㄌㄠˇ ㄊㄠˋ
老頭,1,ㄌㄠˇ ㄊㄡˊ
老天,1,ㄌㄠˇ ㄊㄧㄢ
老天爺,1,ㄌㄠˇ ㄊㄧㄢ ㄧㄝˊ
老同學,1,ㄌㄠˇ ㄊㄨㄥˊ ㄒㄩㄝˊ
老衲,1,ㄌㄠˇ ㄋㄚˋ
老奶奶,1,ㄌㄠˇ ㄋㄞˇ ㄋㄞ˙
老鳥,1,ㄌㄠˇ ㄋㄧㄠˇ
老年,1,ㄌㄠˇ ㄋㄧㄢˊ
老年痴呆症,1,ㄌㄠˇ ㄋㄧㄢˊ ㄔ ㄉㄞ ㄓㄥˋ
老年人,1,ㄌㄠˇ ㄋㄧㄢˊ ㄖㄣˊ
老娘,1,ㄌㄠˇ ㄋㄧㄤˊ
老農,1,ㄌㄠˇ ㄋㄨㄥˊ
老淚縱橫,1,ㄌㄠˇ ㄌㄟˋ ㄗㄨㄥ ㄏㄥˊ
老老少少,1,ㄌㄠˇ ㄌㄠˇ ㄕㄠˋ ㄕㄠˋ
老練,1,ㄌㄠˇ ㄌㄧㄢˋ
老路,1,ㄌㄠˇ ㄌㄨˋ
老哥,1,ㄌㄠˇ ㄍㄜ
老歌,1,ㄌㄠˇ ㄍㄜ
老骨頭,1,ㄌㄠˇ ㄍㄨˊ ㄊㄡ˙
老古董,1,ㄌㄠˇ ㄍㄨˇ ㄉㄨㄥˇ
老規矩,1,ㄌㄠˇ ㄍㄨㄟ ㄐㄩˇ
老公,1,ㄌㄠˇ ㄍㄨㄥ
老公公,1,ㄌㄠˇ ㄍㄨㄥ ㄍㄨㄥ˙
老狐狸,1,ㄌㄠˇ ㄏㄨˊ ㄌㄧˊ
老狐狸,1,ㄌㄠˇ ㄏㄨˊ ㄌㄧ˙
老虎,1,ㄌㄠˇ ㄏㄨˇ
老虎鉗,1,ㄌㄠˇ ㄏㄨˇ ㄑㄧㄢˊ
老花眼,1,ㄌㄠˇ ㄏㄨㄚ ㄧㄢˇ
老花眼鏡,1,ㄌㄠˇ ㄏㄨㄚ ㄧㄢˇ ㄐㄧㄥˋ
老化,1,ㄌㄠˇ ㄏㄨㄚˋ
老話,1,ㄌㄠˇ ㄏㄨㄚˋ
老話題,1,ㄌㄠˇ ㄏㄨㄚˋ ㄊㄧˊ
老驥伏櫪,1,ㄌㄠˇ ㄐㄧˋ ㄈㄨˊ ㄌㄧˋ
老家,1,ㄌㄠˇ ㄐㄧㄚ
老街,1,ㄌㄠˇ ㄐㄧㄝ
老交情,1,ㄌㄠˇ ㄐㄧㄠ ㄑㄧㄥˊ
老酒,1,ㄌㄠˇ ㄐㄧㄡˇ
老舊,1,ㄌㄠˇ ㄐㄧㄡˋ
老奸巨猾,1,ㄌㄠˇ ㄐㄧㄢ ㄐㄩˋ ㄏㄨㄚˊ
老江湖,1,ㄌㄠˇ ㄐㄧㄤ ㄏㄨˊ
老將,1,ㄌㄠˇ ㄐㄧㄤˋ
老境,1,ㄌㄠˇ ㄐㄧㄥˋ
老氣,1,ㄌㄠˇ ㄑㄧˋ
老氣橫秋,1,ㄌㄠˇ ㄑㄧˋ ㄏㄥˊ ㄑㄧㄡ
老千,1,ㄌㄠˇ ㄑㄧㄢ
老前輩,1,ㄌㄠˇ ㄑㄧㄢˊ ㄅㄟˋ
老戲迷,1,ㄌㄠˇ ㄒㄧˋ ㄇㄧˊ
老小,1,ㄌㄠˇ ㄒㄧㄠˇ
老羞成怒,1,ㄌㄠˇ ㄒㄧㄡ ㄔㄥˊ ㄋㄨˋ
老朽,1,ㄌㄠˇ ㄒㄧㄡˇ
老先生,1,ㄌㄠˇ ㄒㄧㄢ ㄕㄥ
老鄉,1,ㄌㄠˇ ㄒㄧㄤ
老兄,1,ㄌㄠˇ ㄒㄩㄥ
老丈,1,ㄌㄠˇ ㄓㄤˋ
老丈人,1,ㄌㄠˇ ㄓㄤˋ ㄖㄣˊ
老主顧,1,ㄌㄠˇ ㄓㄨˇ ㄍㄨˋ
老莊哲學,1,ㄌㄠˇ ㄓㄨㄤ ㄓㄜˊ ㄒㄩㄝˊ
老巢,1,ㄌㄠˇ ㄔㄠˊ
老臣,1,ㄌㄠˇ ㄔㄣˊ
老成,1,ㄌㄠˇ ㄔㄥˊ
老成持重,1,ㄌㄠˇ ㄔㄥˊ ㄔˊ ㄓㄨㄥˋ
老師,1,ㄌㄠˇ ㄕ
老師傅,1,ㄌㄠˇ ㄕ ㄈㄨˋ
老實人,1,ㄌㄠˇ ㄕˊ ㄖㄣˊ
老式,1,ㄌㄠˇ ㄕˋ
老實,1,ㄌㄠˇ ㄕˊ
老少咸宜,1,ㄌㄠˇ ㄕㄠˋ ㄒㄧㄢˊ ㄧˊ
老手,1,ㄌㄠˇ ㄕㄡˇ
老身,1,ㄌㄠˇ ㄕㄣ
老神在在,1,ㄌㄠˇ ㄕㄣˊ ㄗㄞˋ ㄗㄞˋ
老生,1,ㄌㄠˇ ㄕㄥ
老生常談,1,ㄌㄠˇ ㄕㄥ ㄔㄤˊ ㄊㄢˊ
老鼠,1,ㄌㄠˇ ㄕㄨˇ
老鼠會,1,ㄌㄠˇ ㄕㄨˇ ㄏㄨㄟˋ
老人,1,ㄌㄠˇ ㄖㄣˊ
老人福利,1,ㄌㄠˇ ㄖㄣˊ ㄈㄨˊ ㄌㄧˋ
老人年金,1,ㄌㄠˇ ㄖㄣˊ ㄋㄧㄢˊ ㄐㄧㄣ
老人住居安養,1,ㄌㄠˇ ㄖㄣˊ ㄓㄨˋ ㄐㄩ ㄢ ㄧㄤˇ
老人痴呆症,1,ㄌㄠˇ ㄖㄣˊ ㄔ ㄉㄞ ㄓㄥˋ
老人茶,1,ㄌㄠˇ ㄖㄣˊ ㄔㄚˊ
老人家,1,ㄌㄠˇ ㄖㄣˊ ㄐㄧㄚ˙
老弱,1,ㄌㄠˇ ㄖㄨㄛˋ
老弱殘兵,1,ㄌㄠˇ ㄖㄨㄛˋ ㄘㄢˊ ㄅㄧㄥ
老字號,1,ㄌㄠˇ ㄗˋ ㄏㄠ˙
老子,1,ㄌㄠˇ ㄗ˙
老賊,1,ㄌㄠˇ ㄗㄟˊ
老早,1,ㄌㄠˇ ㄗㄠˇ
老祖先,1,ㄌㄠˇ ㄗㄨˇ ㄒㄧㄢ
老祖宗,1,ㄌㄠˇ ㄗㄨˇ ㄗㄨㄥ
老總,1,ㄌㄠˇ ㄗㄨㄥˇ
老粗,1,ㄌㄠˇ ㄘㄨ
老死,1,ㄌㄠˇ ㄙˇ
老死不相往來,1,ㄌㄠˇ ㄙˇ ㄅㄨˋ ㄒㄧㄤ ㄨㄤˇ ㄌㄞˊ
老叟,1,ㄌㄠˇ ㄙㄡˇ
老僧,1,ㄌㄠˇ ㄙㄥ
老僧入定,1,ㄌㄠˇ ㄙㄥ ㄖㄨˋ ㄉㄧㄥˋ
老而彌堅,1,ㄌㄠˇ ㄦˊ ㄇㄧˊ ㄐㄧㄢ
老爺車,1,ㄌㄠˇ ㄧㄝˊ ㄔㄜ
老爺爺,1,ㄌㄠˇ ㄧㄝˊ ㄧㄝ˙
老爺,1,ㄌㄠˇ ㄧㄝˊ
老么,1,ㄌㄠˇ ㄧㄠ
老油條,1,ㄌㄠˇ ㄧㄡˊ ㄊㄧㄠˊ
老友,1,ㄌㄠˇ ㄧㄡˇ
老眼昏花,1,ㄌㄠˇ ㄧㄢˇ ㄏㄨㄣ ㄏㄨㄚ
老樣子,1,ㄌㄠˇ ㄧㄤˋ ㄗ˙
老鷹,1,ㄌㄠˇ ㄧㄥ
老外,1,ㄌㄠˇ ㄨㄞˋ
老頑童,1,ㄌㄠˇ ㄨㄢˊ ㄊㄨㄥˊ
老頑固,1,ㄌㄠˇ ㄨㄢˊ ㄍㄨˋ
老翁,1,ㄌㄠˇ ㄨㄥ
老嫗,1,ㄌㄠˇ ㄩˋ
老遠,1,ㄌㄠˇ ㄩㄢˇ
佬,1,ㄌㄠˇ
姥,1,ㄌㄠˇ
姥姥,1,ㄌㄠˇ ㄌㄠ˙
姥姥不疼舅舅不愛,1,ㄌㄠˇ ㄌㄠ˙ ㄅㄨˋ ㄊㄥˊ ㄐㄧㄡˋ ㄐㄧㄡ˙ ㄅㄨˋ ㄞˋ
姥姥不疼舅舅不愛,1,ㄌㄠˇ ㄌㄠ˙ ㄅㄨˋ ㄊㄥˊ ㄐㄧㄡˋ ㄐㄧㄡ˙ ㄅㄨˊ ㄞˋ
潦,1,ㄌㄠˇ
烙,1,ㄌㄠˋ
烙印,1,ㄌㄠˋ ㄧㄣˋ
絡,1,ㄌㄠˋ
絡子,1,ㄌㄠˋ ㄗ˙
落,1,ㄌㄠˋ
落腳,1,ㄌㄨㄛˋ ㄐㄧㄠˇ
落下,1,ㄌㄠˋ ㄒㄧㄚˋ
勞,1,ㄌㄠˋ
勞軍,1,ㄌㄠˋ ㄐㄩㄣ
澇,1,ㄌㄠˋ
摟,1,ㄌㄡ
婁,1,ㄌㄡˊ
僂,1,ㄌㄡˊ
僂儸,1,ㄌㄡˊ ㄌㄨㄛˊ
摟,1,ㄌㄡˊ
嘍,1,ㄌㄡˊ
嘍囉,1,ㄌㄡˊ ㄌㄨㄛˊ
樓,1,ㄌㄡˊ
樓板,1,ㄌㄡˊ ㄅㄢˇ
樓房,1,ㄌㄡˊ ㄈㄤˊ
樓頂,1,ㄌㄡˊ ㄉㄧㄥˇ
樓臺,1,ㄌㄡˊ ㄊㄞˊ
樓梯,1,ㄌㄡˊ ㄊㄧ
樓閣,1,ㄌㄡˊ ㄍㄜˊ
樓下,1,ㄌㄡˊ ㄒㄧㄚˋ
樓中樓,1,ㄌㄡˊ ㄓㄨㄥ ㄌㄡˊ
樓船,1,ㄌㄡˊ ㄔㄨㄢˊ
樓窗,1,ㄌㄡˊ ㄔㄨㄤ
樓上,1,ㄌㄡˊ ㄕㄤˋ
樓層,1,ㄌㄡˊ ㄘㄥˊ
樓宇,1,ㄌㄡˊ ㄩˇ
螻,1,ㄌㄡˊ
螻蛄,1,ㄌㄡˊ ㄍㄨ
螻蟻,1,ㄌㄡˊ ㄧˇ
髏,1,ㄌㄡˊ
摟,1,ㄌㄡˇ
簍,1,ㄌㄡˇ
簍子,1,ㄌㄡˇ ㄗ˙
陋,1,ㄌㄡˋ
陋規,1,ㄌㄡˋ ㄍㄨㄟ
陋見,1,ㄌㄡˋ ㄐㄧㄢˋ
陋習,1,ㄌㄡˋ ㄒㄧˊ
陋巷,1,ㄌㄡˋ ㄒㄧㄤˋ
陋室,1,ㄌㄡˋ ㄕˋ
陋俗,1,ㄌㄡˋ ㄙㄨˊ
漏,1,ㄌㄡˋ
漏風,1,ㄌㄡˋ ㄈㄥ
漏斗,1,ㄌㄡˋ ㄉㄡˇ
漏掉,1,ㄌㄡˋ ㄉㄧㄠˋ
漏電,1,ㄌㄡˋ ㄉㄧㄢˋ
漏洞,1,ㄌㄡˋ ㄉㄨㄥˋ
漏洞百出,1,ㄌㄡˋ ㄉㄨㄥˋ ㄅㄞˇ ㄔㄨ
漏列,1,ㄌㄡˋ ㄌㄧㄝˋ
漏光,1,ㄌㄡˋ ㄍㄨㄤ
漏氣,1,ㄌㄡˋ ㄑㄧˋ
漏失,1,ㄌㄡˋ ㄕ
漏水,1,ㄌㄡˋ ㄕㄨㄟˇ
漏稅,1,ㄌㄡˋ ㄕㄨㄟˋ
漏夜,1,ㄌㄡˋ ㄧㄝˋ
漏網,1,ㄌㄡˋ ㄨㄤˇ
漏網之魚,1,ㄌㄡˋ ㄨㄤˇ ㄓ ㄩˊ
漏雨,1,ㄌㄡˋ ㄩˇ
鏤,1,ㄌㄡˋ
鏤刻,1,ㄌㄡˋ ㄎㄜˋ
露,1,ㄌㄡˋ
露白,1,ㄌㄡˋ ㄅㄞˊ
露馬腳,1,ㄌㄡˋ ㄇㄚˇ ㄐㄧㄠˇ
露面,1,ㄌㄡˋ ㄇㄧㄢˋ
露頭角,1,ㄌㄡˋ ㄊㄡˊ ㄐㄧㄠˇ
露臉,1,ㄌㄡˋ ㄌㄧㄢˇ
露出,1,ㄌㄡˋ ㄔㄨ
露出馬腳,1,ㄌㄡˋ ㄔㄨ ㄇㄚˇ ㄐㄧㄠˇ
露一手,1,ㄌㄡˋ ㄧ ㄕㄡˇ
婪,1,ㄌㄢˊ
嵐,1,ㄌㄢˊ
闌,1,ㄌㄢˊ
闌尾,1,ㄌㄢˊ ㄨㄟˇ
闌尾炎,1,ㄌㄢˊ ㄨㄟˇ ㄧㄢˊ
瀾,1,ㄌㄢˊ
攔,1,ㄌㄢˊ
攔路,1,ㄌㄢˊ ㄌㄨˋ
攔劫,1,ㄌㄢˊ ㄐㄧㄝˊ
攔截,1,ㄌㄢˊ ㄐㄧㄝˊ
攔下,1,ㄌㄢˊ ㄒㄧㄚˋ
攔住,1,ㄌㄢˊ ㄓㄨˋ
攔車,1,ㄌㄢˊ ㄔㄜ
攔沙壩,1,ㄌㄢˊ ㄕㄚ ㄅㄚˋ
攔阻,1,ㄌㄢˊ ㄗㄨˇ
攔腰,1,ㄌㄢˊ ㄧㄠ
斕,1,ㄌㄢˊ
欄,1,ㄌㄢˊ
欄目,1,ㄌㄢˊ ㄇㄨˋ
欄杆,1,ㄌㄢˊ ㄍㄢ
欄架,1,ㄌㄢˊ ㄐㄧㄚˋ
欄柵,1,ㄌㄢˊ ㄓㄚˋ
蘭,1,ㄌㄢˊ
蘭花,1,ㄌㄢˊ ㄏㄨㄚ
蘭草,1,ㄌㄢˊ ㄘㄠˇ
蘭陽平原,1,ㄌㄢˊ ㄧㄤˊ ㄆㄧㄥˊ ㄩㄢˊ
蘭嶼,1,ㄌㄢˊ ㄩˇ
蘭園,1,ㄌㄢˊ ㄩㄢˊ
藍,1,ㄌㄢˊ
藍寶石,1,ㄌㄢˊ ㄅㄠˇ ㄕˊ
藍本,1,ㄌㄢˊ ㄅㄣˇ
藍皮書,1,ㄌㄢˊ ㄆㄧˊ ㄕㄨ
藍調,1,ㄌㄢˊ ㄉㄧㄠˋ
藍天,1,ㄌㄢˊ ㄊㄧㄢ
藍圖,1,ㄌㄢˊ ㄊㄨˊ
藍領,1,ㄌㄢˊ ㄌㄧㄥˇ
藍色,1,ㄌㄢˊ ㄙㄜˋ
襤,1,ㄌㄢˊ
襤褸,1,ㄌㄢˊ ㄌㄩˇ
籃,1,ㄌㄢˊ
籃板球,1,ㄌㄢˊ ㄅㄢˇ ㄑㄧㄡˊ
籃隊,1,ㄌㄢˊ ㄉㄨㄟˋ
籃壇,1,ㄌㄢˊ ㄊㄢˊ
籃框,1,ㄌㄢˊ ㄎㄨㄤ
籃球,1,ㄌㄢˊ ㄑㄧㄡˊ
籃下三秒鐘,1,ㄌㄢˊ ㄒㄧㄚˋ ㄙㄢ ㄇㄧㄠˇ ㄓㄨㄥ
籃協,1,ㄌㄢˊ ㄒㄧㄝˊ
籃子,1,ㄌㄢˊ ㄗ˙
籃賽,1,ㄌㄢˊ ㄙㄞˋ
籃網,1,ㄌㄢˊ ㄨㄤˇ
籃運,1,ㄌㄢˊ ㄩㄣˋ
懶,1,ㄌㄢˇ
懶惰,1,ㄌㄢˇ ㄉㄨㄛˋ
懶骨頭,1,ㄌㄢˇ ㄍㄨˊ ㄊㄡ˙
懶人植物,1,ㄌㄢˇ ㄖㄣˊ ㄓˊ ㄨˋ
懶散,1,ㄌㄢˇ ㄙㄢˇ
懶腰,1,ㄌㄢˇ ㄧㄠ
懶洋洋,1,ㄌㄢˇ ㄧㄤˊ ㄧㄤˊ
覽,1,ㄌㄢˇ
覽勝,1,ㄌㄢˇ ㄕㄥˋ
攬,1,ㄌㄢˇ
攬客,1,ㄌㄢˇ ㄎㄜˋ
攬貨,1,ㄌㄢˇ ㄏㄨㄛˋ
攬鏡,1,ㄌㄢˇ ㄐㄧㄥˋ
攬權,1,ㄌㄢˇ ㄑㄩㄢˊ
攬勝,1,ㄌㄢˇ ㄕㄥˋ
欖,1,ㄌㄢˇ
欖仁樹,1,ㄌㄢˇ ㄖㄣˊ ㄕㄨˋ
纜,1,ㄌㄢˇ
纜線,1,ㄌㄢˇ ㄒㄧㄢˋ
纜車,1,ㄌㄢˇ ㄔㄜ
纜繩,1,ㄌㄢˇ ㄕㄥˊ
濫,1,ㄌㄢˋ
濫伐,1,ㄌㄢˋ ㄈㄚ
濫墾,1,ㄌㄢˋ ㄎㄣˇ
濫交,1,ㄌㄢˋ ㄐㄧㄠ
濫情,1,ㄌㄢˋ ㄑㄧㄥˊ
濫殺無辜,1,ㄌㄢˋ ㄕㄚ ㄨˊ ㄍㄨ
濫觴,1,ㄌㄢˋ ㄕㄤ
濫葬,1,ㄌㄢˋ ㄗㄤˋ
濫竽充數,1,ㄌㄢˋ ㄩˊ ㄔㄨㄥ ㄕㄨˋ
濫用,1,ㄌㄢˋ ㄩㄥˋ
瀾,1,ㄌㄢˋ
爛,1,ㄌㄢˋ
爛片,1,ㄌㄢˋ ㄆㄧㄢˋ
爛攤子,1,ㄌㄢˋ ㄊㄢ ㄗ˙
爛泥,1,ㄌㄢˋ ㄋㄧˊ
爛好人,1,ㄌㄢˋ ㄏㄠˇ ㄖㄣˊ
爛帳,1,ㄌㄢˋ ㄓㄤˋ
爛醉,1,ㄌㄢˋ ㄗㄨㄟˋ
爛醉如泥,1,ㄌㄢˋ ㄗㄨㄟˋ ㄖㄨˊ ㄋㄧˊ
啷,1,ㄌㄤ
啷噹,1,ㄌㄤ ㄉㄤ
郎,1,ㄌㄤˊ
郎君,1,ㄌㄤˊ ㄐㄩㄣ
郎中,1,ㄌㄤˊ ㄓㄨㄥ
郎才女貌,1,ㄌㄤˊ ㄘㄞˊ ㄋㄩˇ ㄇㄠˋ
狼,1,ㄌㄤˊ
狼狽,1,ㄌㄤˊ ㄅㄟˋ
狼狽為奸,1,ㄌㄤˊ ㄅㄟˋ ㄨㄟˊ ㄐㄧㄢ
狼吞虎嚥,1,ㄌㄤˊ ㄊㄨㄣ ㄏㄨˇ ㄧㄢˋ
狼狗,1,ㄌㄤˊ ㄍㄡˇ
狼藉,1,ㄌㄤˊ ㄐㄧˊ
狼犬,1,ㄌㄤˊ ㄑㄩㄢˇ
狼心狗肺,1,ㄌㄤˊ ㄒㄧㄣ ㄍㄡˇ ㄈㄟˋ
狼子野心,1,ㄌㄤˊ ㄗˇ ㄧㄝˇ ㄒㄧㄣ
狼煙,1,ㄌㄤˊ ㄧㄢ
琅,1,ㄌㄤˊ
琅琅,1,ㄌㄤˊ ㄌㄤˊ
琅琅上口,1,ㄌㄤˊ ㄌㄤˊ ㄕㄤˋ ㄎㄡˇ
琅玕,1,ㄌㄤˊ ㄍㄢ
廊,1,ㄌㄤˊ
瑯,1,ㄌㄤˊ
瑯琊,1,ㄌㄤˊ ㄧㄝˊ
榔,1,ㄌㄤˊ
榔頭,1,ㄌㄤˊ ㄊㄡ˙
蜋,1,ㄌㄤˊ
螂,1,ㄌㄤˊ
鋃,1,ㄌㄤˊ
鋃鐺,1,ㄌㄤˊ ㄉㄤ
鋃鐺入獄,1,ㄌㄤˊ ㄉㄤ ㄖㄨˋ ㄩˋ
朗,1,ㄌㄤˇ
朗讀,1,ㄌㄤˇ ㄉㄨˊ
朗朗,1,ㄌㄤˇ ㄌㄤˇ
朗朗上口,1,ㄌㄤˇ ㄌㄤˇ ㄕㄤˋ ㄎㄡˇ
朗聲,1,ㄌㄤˇ ㄕㄥ
朗誦,1,ㄌㄤˇ ㄙㄨㄥˋ
浪,1,ㄌㄤˋ
浪板,1,ㄌㄤˋ ㄅㄢˇ
浪漫,1,ㄌㄤˋ ㄇㄢˋ
浪漫主義,1,ㄌㄤˋ ㄇㄢˋ ㄓㄨˇ ㄧˋ
浪費,1,ㄌㄤˋ ㄈㄟˋ
浪濤,1,ㄌㄤˋ ㄊㄠˊ
浪頭,1,ㄌㄤˋ ㄊㄡ˙
浪花,1,ㄌㄤˋ ㄏㄨㄚ
浪跡天涯,1,ㄌㄤˋ ㄐㄧ ㄊㄧㄢ ㄧㄚˊ
浪潮,1,ㄌㄤˋ ㄔㄠˊ
浪人,1,ㄌㄤˋ ㄖㄣˊ
浪子,1,ㄌㄤˋ ㄗˇ
棱,1,ㄌㄥˊ
稜,1,ㄌㄥˊ
稜角,1,ㄌㄥˊ ㄐㄧㄠˇ
稜線,1,ㄌㄥˊ ㄒㄧㄢˋ
楞,1,ㄌㄥˊ
冷,1,ㄌㄥˇ
冷板凳,1,ㄌㄥˇ ㄅㄢˇ ㄉㄥˋ
冷冰冰,1,ㄌㄥˇ ㄅㄧㄥ ㄅㄧㄥ
冷不防,1,ㄌㄥˇ ㄅㄨˋ ㄈㄤˊ
冷盤,1,ㄌㄥˇ ㄆㄢˊ
冷僻,1,ㄌㄥˇ ㄆㄧˋ
冷漠,1,ㄌㄥˇ ㄇㄛˋ
冷媒,1,ㄌㄥˇ ㄇㄟˊ
冷門,1,ㄌㄥˇ ㄇㄣˊ
冷面,1,ㄌㄥˇ ㄇㄧㄢˋ
冷房,1,ㄌㄥˇ ㄈㄤˊ
冷風,1,ㄌㄥˇ ㄈㄥ
冷鋒,1,ㄌㄥˇ ㄈㄥ
冷敷,1,ㄌㄥˇ ㄈㄨ
冷淡,1,ㄌㄥˇ ㄉㄢˋ
冷度,1,ㄌㄥˇ ㄉㄨˋ
冷凍,1,ㄌㄥˇ ㄉㄨㄥˋ
冷凍食品,1,ㄌㄥˇ ㄉㄨㄥˋ ㄕˊ ㄆㄧㄣˇ
冷凍蔬菜,1,ㄌㄥˇ ㄉㄨㄥˋ ㄕㄨ ㄘㄞˋ
冷凝,1,ㄌㄥˇ ㄋㄧㄥˊ
冷暖,1,ㄌㄥˇ ㄋㄨㄢˇ
冷暖氣機,1,ㄌㄥˇ ㄋㄨㄢˇ ㄑㄧˋ ㄐㄧ
冷暖自知,1,ㄌㄥˇ ㄋㄨㄢˇ ㄗˋ ㄓ
冷冷,1,ㄌㄥˇ ㄌㄥˇ
冷落,1,ㄌㄥˇ ㄌㄨㄛˋ
冷宮,1,ㄌㄥˇ ㄍㄨㄥ
冷酷,1,ㄌㄥˇ ㄎㄨˋ
冷汗,1,ㄌㄥˇ ㄏㄢˋ
冷箭,1,ㄌㄥˇ ㄐㄧㄢˋ
冷靜,1,ㄌㄥˇ ㄐㄧㄥˋ
冷峻,1,ㄌㄥˇ ㄐㄩㄣˋ
冷氣,1,ㄌㄥˇ ㄑㄧˋ
冷氣房,1,ㄌㄥˇ ㄑㄧˋ ㄈㄤˊ
冷氣團,1,ㄌㄥˇ ㄑㄧˋ ㄊㄨㄢˊ
冷氣機,1,ㄌㄥˇ ㄑㄧˋ ㄐㄧ
冷清,1,ㄌㄥˇ ㄑㄧㄥ
冷清清,1,ㄌㄥˇ ㄑㄧㄥ ㄑㄧㄥ
冷卻,1,ㄌㄥˇ ㄑㄩㄝˋ
冷泉,1,ㄌㄥˇ ㄑㄩㄢˊ
冷血,1,ㄌㄥˇ ㄒㄧㄝˇ
冷血動物,1,ㄌㄥˇ ㄒㄧㄝˇ ㄉㄨㄥˋ ㄨˋ
冷笑,1,ㄌㄥˇ ㄒㄧㄠˋ
冷戰,1,ㄌㄥˇ ㄓㄢˋ
冷顫,1,ㄌㄥˇ ㄓㄢˋ
冷嘲熱諷,1,ㄌㄥˇ ㄔㄠˊ ㄖㄜˋ ㄈㄥˋ
冷場,1,ㄌㄥˇ ㄔㄤˇ
冷水,1,ㄌㄥˇ ㄕㄨㄟˇ
冷水澡,1,ㄌㄥˇ ㄕㄨㄟˇ ㄗㄠˇ
冷若冰霜,1,ㄌㄥˇ ㄖㄨㄛˋ ㄅㄧㄥ ㄕㄨㄤ
冷藏,1,ㄌㄥˇ ㄘㄤˊ
冷藏庫,1,ㄌㄥˇ ㄘㄤˊ ㄎㄨˋ
冷藏室,1,ㄌㄥˇ ㄘㄤˊ ㄕˋ
冷澀,1,ㄌㄥˇ ㄙㄜˋ
冷颼颼,1,ㄌㄥˇ ㄙㄡ ㄙㄡ
冷言冷語,1,ㄌㄥˇ ㄧㄢˊ ㄌㄥˇ ㄩˇ
冷眼,1,ㄌㄥˇ ㄧㄢˇ
冷眼旁觀,1,ㄌㄥˇ ㄧㄢˇ ㄆㄤˊ ㄍㄨㄢ
冷飲,1,ㄌㄥˇ ㄧㄣˇ
冷硬,1,ㄌㄥˇ ㄧㄥˋ
怔,1,ㄌㄥˋ
怔住,1,ㄌㄥˋ ㄓㄨˋ
愣,1,ㄌㄥˋ
愣頭愣腦,1,ㄌㄥˋ ㄊㄡˊ ㄌㄥˋ ㄋㄠˇ
愣住,1,ㄌㄥˋ ㄓㄨˋ
楞,1,ㄌㄥˋ
楞住,1,ㄌㄥˋ ㄓㄨˋ
哩,1,ㄌㄧ
哩哩囉囉,1,ㄌㄧ ㄌㄧ ㄌㄨㄛ ㄌㄨㄛ
哩嚕,1,ㄌㄧ ㄌㄨ
狸,1,ㄌㄧˊ
貍,1,ㄌㄧˊ
梨,1,ㄌㄧˊ
梨樹,1,ㄌㄧˊ ㄕㄨˋ
梨子,1,ㄌㄧˊ ㄗ˙
梨渦,1,ㄌㄧˊ ㄨㄛ
梨園,1,ㄌㄧˊ ㄩㄢˊ
犁,1,ㄌㄧˊ
犁庭掃穴,1,ㄌㄧˊ ㄊㄧㄥˊ ㄙㄠˇ ㄒㄩㄝˋ
蜊,1,ㄌㄧˊ
漓,1,ㄌㄧˊ
璃,1,ㄌㄧˊ
離,1,ㄌㄧˊ
離別,1,ㄌㄧˊ ㄅㄧㄝˊ
離譜,1,ㄌㄧˊ ㄆㄨˇ
離島,1,ㄌㄧˊ ㄉㄠˇ
離地,1,ㄌㄧˊ ㄉㄧˋ
離題,1,ㄌㄧˊ ㄊㄧˊ
離開,1,ㄌㄧˊ ㄎㄞ
離合,1,ㄌㄧˊ ㄏㄜˊ
離合器,1,ㄌㄧˊ ㄏㄜˊ ㄑㄧˋ
離婚,1,ㄌㄧˊ ㄏㄨㄣ
離家,1,ㄌㄧˊ ㄐㄧㄚ
離家出走,1,ㄌㄧˊ ㄐㄧㄚ ㄔㄨ ㄗㄡˇ
離間,1,ㄌㄧˊ ㄐㄧㄢˋ
離經叛道,1,ㄌㄧˊ ㄐㄧㄥ ㄆㄢˋ ㄉㄠˋ
離境,1,ㄌㄧˊ ㄐㄧㄥˋ
離奇,1,ㄌㄧˊ ㄑㄧˊ
離棄,1,ㄌㄧˊ ㄑㄧˋ
離情,1,ㄌㄧˊ ㄑㄧㄥˊ
離情依依,1,ㄌㄧˊ ㄑㄧㄥˊ ㄧ ㄧ
離去,1,ㄌㄧˊ ㄑㄩˋ
離群索居,1,ㄌㄧˊ ㄑㄩㄣˊ ㄙㄨㄛˇ ㄐㄩ
離席,1,ㄌㄧˊ ㄒㄧˊ
離校,1,ㄌㄧˊ ㄒㄧㄠˋ
離線,1,ㄌㄧˊ ㄒㄧㄢˋ
離心,1,ㄌㄧˊ ㄒㄧㄣ
離心離德,1,ㄌㄧˊ ㄒㄧㄣ ㄌㄧˊ ㄉㄜˊ
離心力,1,ㄌㄧˊ ㄒㄧㄣ ㄌㄧˋ
離鄉背井,1,ㄌㄧˊ ㄒㄧㄤ ㄅㄟˋ ㄐㄧㄥˇ
離職,1,ㄌㄧˊ ㄓˊ
離愁,1,ㄌㄧˊ ㄔㄡˊ
離世,1,ㄌㄧˊ ㄕˋ
離任,1,ㄌㄧˊ ㄖㄣˋ
離子,1,ㄌㄧˊ ㄗˇ
離散,1,ㄌㄧˊ ㄙㄢˋ
離異,1,ㄌㄧˊ ㄧˋ
灕,1,ㄌㄧˊ
灕江,1,ㄌㄧˊ ㄐㄧㄤ
籬,1,ㄌㄧˊ
籬笆,1,ㄌㄧˊ ㄅㄚ
犛,1,ㄌㄧˊ
犛牛,1,ㄌㄧˊ ㄋㄧㄡˊ
釐,1,ㄌㄧˊ
釐米,1,ㄌㄧˊ ㄇㄧˇ
釐定,1,ㄌㄧˊ ㄉㄧㄥˋ
釐訂,1,ㄌㄧˊ ㄉㄧㄥˋ
釐清,1,ㄌㄧˊ ㄑㄧㄥ
黎,1,ㄌㄧˊ
黎民,1,ㄌㄧˊ ㄇㄧㄣˊ
黎明,1,ㄌㄧˊ ㄇㄧㄥˊ
藜,1,ㄌㄧˊ
罹,1,ㄌㄧˊ
罹難,1,ㄌㄧˊ ㄋㄢˋ
罹患,1,ㄌㄧˊ ㄏㄨㄢˋ
麗,1,ㄌㄧˊ
驪,1,ㄌㄧˊ
驪歌,1,ㄌㄧˊ ㄍㄜ
鸝,1,ㄌㄧˊ
蠡,1,ㄌㄧˊ
蠡測,1,ㄌㄧˊ ㄘㄜˋ
李,1,ㄌㄧˇ
李子,1,ㄌㄧˇ ㄗ˙
里,1,ㄌㄧˇ
里民,1,ㄌㄧˇ ㄇㄧㄣˊ
里民大會,1,ㄌㄧˇ ㄇㄧㄣˊ ㄉㄚˋ ㄏㄨㄟˋ
里拉,1,ㄌㄧˇ ㄌㄚ
里幹事,1,ㄌㄧˇ ㄍㄢˋ ㄕˋ
里肌,1,ㄌㄧˇ ㄐㄧ
里長,1,ㄌㄧˇ ㄓㄤˇ
里程,1,ㄌㄧˇ ㄔㄥˊ
里程碑,1,ㄌㄧˇ ㄔㄥˊ ㄅㄟ
俚,1,ㄌㄧˇ
俚語,1,ㄌㄧˇ ㄩˇ
浬,1,ㄌㄧˇ
哩,1,ㄌㄧˇ
娌,1,ㄌㄧˇ
理,1,ㄌㄧˇ
理不直氣不壯,1,ㄌㄧˇ ㄅㄨˋ ㄓˊ ㄑㄧˋ ㄅㄨˋ ㄓㄨㄤˋ
理不直氣不壯,1,ㄌㄧˇ ㄅㄨˋ ㄓˊ ㄑㄧˋ ㄅㄨˊ ㄓㄨㄤˋ
理賠,1,ㄌㄧˇ ㄆㄟˊ
理法,1,ㄌㄧˇ ㄈㄚˇ
理髮,1,ㄌㄧˇ ㄈㄚˇ
理髮店,1,ㄌㄧˇ ㄈㄚˇ ㄉㄧㄢˋ
理髮廳,1,ㄌㄧˇ ㄈㄚˇ ㄊㄧㄥ
理髮師,1,ㄌㄧˇ ㄈㄚˇ ㄕ
理當,1,ㄌㄧˇ ㄉㄤ
理念,1,ㄌㄧˇ ㄋㄧㄢˋ
理路,1,ㄌㄧˇ ㄌㄨˋ
理論,1,ㄌㄧˇ ㄌㄨㄣˋ
理論性,1,ㄌㄧˇ ㄌㄨㄣˋ ㄒㄧㄥˋ
理工,1,ㄌㄧˇ ㄍㄨㄥ
理科,1,ㄌㄧˇ ㄎㄜ
理虧,1,ㄌㄧˇ ㄎㄨㄟ
理化,1,ㄌㄧˇ ㄏㄨㄚˋ
理會,1,ㄌㄧˇ ㄏㄨㄟˋ
理家,1,ㄌㄧˇ ㄐㄧㄚ
理解,1,ㄌㄧˇ ㄐㄧㄝˇ
理解力,1,ㄌㄧˇ ㄐㄧㄝˇ ㄌㄧˋ
理想,1,ㄌㄧˇ ㄒㄧㄤˇ
理想國,1,ㄌㄧˇ ㄒㄧㄤˇ ㄍㄨㄛˊ
理想化,1,ㄌㄧˇ ㄒㄧㄤˇ ㄏㄨㄚˋ
理想主義,1,ㄌㄧˇ ㄒㄧㄤˇ ㄓㄨˇ ㄧˋ
理性,1,ㄌㄧˇ ㄒㄧㄥˋ
理學,1,ㄌㄧˇ ㄒㄩㄝˊ
理直氣壯,1,ㄌㄧˇ ㄓˊ ㄑㄧˋ ㄓㄨㄤˋ
理智,1,ㄌㄧˇ ㄓˋ
理事,1,ㄌㄧˇ ㄕˋ
理事會,1,ㄌㄧˇ ㄕˋ ㄏㄨㄟˋ
理事長,1,ㄌㄧˇ ㄕˋ ㄓㄤˇ
理容,1,ㄌㄧˇ ㄖㄨㄥˊ
理容院,1,ㄌㄧˇ ㄖㄨㄥˊ ㄩㄢˋ
理則,1,ㄌㄧˇ ㄗㄜˊ
理財,1,ㄌㄧˇ ㄘㄞˊ
理睬,1,ㄌㄧˇ ㄘㄞˇ
理所當然,1,ㄌㄧˇ ㄙㄨㄛˇ ㄉㄤ ㄖㄢˊ
理由,1,ㄌㄧˇ ㄧㄡˊ
喱,1,ㄌㄧˇ
裡,1,ㄌㄧˇ
裡面,1,ㄌㄧˇ ㄇㄧㄢˋ
裡頭,1,ㄌㄧˇ ㄊㄡ˙
裡裡外外,1,ㄌㄧˇ ㄌㄧˇ ㄨㄞˋ ㄨㄞˋ
裡勾外連,1,ㄌㄧˇ ㄍㄡ ㄨㄞˋ ㄌㄧㄢˊ
裡出外進,1,ㄌㄧˇ ㄔㄨ ㄨㄞˋ ㄐㄧㄣˋ
裡子,1,ㄌㄧˇ ㄗ˙
裡應外合,1,ㄌㄧˇ ㄧㄥˋ ㄨㄞˋ ㄏㄜˊ
裡外不是人,1,ㄌㄧˇ ㄨㄞˋ ㄅㄨˋ ㄕˋ ㄖㄣˊ
裡外不是人,1,ㄌㄧˇ ㄨㄞˋ ㄅㄨˊ ㄕˋ ㄖㄣˊ
鋰,1,ㄌㄧˇ
鯉,1,ㄌㄧˇ
鯉魚,1,ㄌㄧˇ ㄩˊ
鯉魚跳龍門,1,ㄌㄧˇ ㄩˊ ㄊㄧㄠˋ ㄌㄨㄥˊ ㄇㄣˊ
澧,1,ㄌㄧˇ
澧水,1,ㄌㄧˇ ㄕㄨㄟˇ
禮,1,ㄌㄧˇ
禮拜,1,ㄌㄧˇ ㄅㄞˋ
禮拜堂,1,ㄌㄧˇ ㄅㄞˋ ㄊㄤˊ
禮拜天,1,ㄌㄧˇ ㄅㄞˋ ㄊㄧㄢ
禮炮,1,ㄌㄧˇ ㄆㄠˋ
禮品,1,ㄌㄧˇ ㄆㄧㄣˇ
禮品店,1,ㄌㄧˇ ㄆㄧㄣˇ ㄉㄧㄢˋ
禮品書,1,ㄌㄧˇ ㄆㄧㄣˇ ㄕㄨ
禮聘,1,ㄌㄧˇ ㄆㄧㄥˋ
禮帽,1,ㄌㄧˇ ㄇㄠˋ
禮貌,1,ㄌㄧˇ ㄇㄠˋ
禮服,1,ㄌㄧˇ ㄈㄨˊ
禮堂,1,ㄌㄧˇ ㄊㄤˊ
禮盒,1,ㄌㄧˇ ㄏㄜˊ
禮節,1,ㄌㄧˇ ㄐㄧㄝˊ
禮教,1,ㄌㄧˇ ㄐㄧㄠˋ
禮金,1,ㄌㄧˇ ㄐㄧㄣ
禮券,1,ㄌㄧˇ ㄑㄩㄢˋ
禮制,1,ㄌㄧˇ ㄓˋ
禮車,1,ㄌㄧˇ ㄔㄜ
禮尚往來,1,ㄌㄧˇ ㄕㄤˋ ㄨㄤˇ ㄌㄞˊ
禮數,1,ㄌㄧˇ ㄕㄨˋ
禮讓,1,ㄌㄧˇ ㄖㄤˋ
禮讚,1,ㄌㄧˇ ㄗㄢˋ
禮俗,1,ㄌㄧˇ ㄙㄨˊ
禮儀,1,ㄌㄧˇ ㄧˊ
禮義,1,ㄌㄧˇ ㄧˋ
禮物,1,ㄌㄧˇ ㄨˋ
禮遇,1,ㄌㄧˇ ㄩˋ
禮樂,1,ㄌㄧˇ ㄩㄝˋ
醴,1,ㄌㄧˇ
蠡,1,ㄌㄧˇ
邐,1,ㄌㄧˇ
力,1,ㄌㄧˋ
力不從心,1,ㄌㄧˋ ㄅㄨˋ ㄘㄨㄥˊ ㄒㄧㄣ
力排眾議,1,ㄌㄧˋ ㄆㄞˊ ㄓㄨㄥˋ ㄧˋ
力拚,1,ㄌㄧˋ ㄆㄢˋ
力道,1,ㄌㄧˋ ㄉㄠˋ
力透紙背,1,ㄌㄧˋ ㄊㄡˋ ㄓˇ ㄅㄟˋ
力圖,1,ㄌㄧˋ ㄊㄨˊ
力量,1,ㄌㄧˋ ㄌㄧㄤˋ
力氣,1,ㄌㄧˋ ㄑㄧˋ
力行,1,ㄌㄧˋ ㄒㄧㄥˊ
力學,1,ㄌㄧˋ ㄒㄩㄝˊ
力爭,1,ㄌㄧˋ ㄓㄥ
力爭上游,1,ㄌㄧˋ ㄓㄥ ㄕㄤˋ ㄧㄡˊ
力士,1,ㄌㄧˋ ㄕˋ
力挫,1,ㄌㄧˋ ㄘㄨㄛˋ
力邀,1,ㄌㄧˋ ㄧㄠ
力有未逮,1,ㄌㄧˋ ㄧㄡˇ ㄨㄟˋ ㄉㄞˋ
力挽狂瀾,1,ㄌㄧˋ ㄨㄢˇ ㄎㄨㄤˊ ㄌㄢˊ
荔,1,ㄌㄧˋ
荔枝,1,ㄌㄧˋ ㄓ
立,1,ㄌㄧˋ
立碑,1,ㄌㄧˋ ㄅㄟ
立名,1,ㄌㄧˋ ㄇㄧㄥˊ
立法,1,ㄌㄧˋ ㄈㄚˇ
立法權,1,ㄌㄧˋ ㄈㄚˇ ㄑㄩㄢˊ
立方,1,ㄌㄧˋ ㄈㄤ
立方體,1,ㄌㄧˋ ㄈㄤ ㄊㄧˇ
立方根,1,ㄌㄧˋ ㄈㄤ ㄍㄣ
立德,1,ㄌㄧˋ ㄉㄜˊ
立體,1,ㄌㄧˋ ㄊㄧˇ
立體電影,1,ㄌㄧˋ ㄊㄧˇ ㄉㄧㄢˋ ㄧㄥˇ
立體停車場,1,ㄌㄧˋ ㄊㄧˇ ㄊㄧㄥˊ ㄔㄜ ㄔㄤˇ
立體感,1,ㄌㄧˋ ㄊㄧˇ ㄍㄢˇ
立體音響,1,ㄌㄧˋ ㄊㄧˇ ㄧㄣ ㄒㄧㄤˇ
立體影像,1,ㄌㄧˋ ㄊㄧˇ ㄧㄥˇ ㄒㄧㄤˋ
立論,1,ㄌㄧˋ ㄌㄨㄣˋ
立竿見影,1,ㄌㄧˋ ㄍㄢ ㄐㄧㄢˋ ㄧㄥˇ
立國,1,ㄌㄧˋ ㄍㄨㄛˊ
立櫃,1,ㄌㄧˋ ㄍㄨㄟˋ
立功,1,ㄌㄧˋ ㄍㄨㄥ
立可白,1,ㄌㄧˋ ㄎㄜˇ ㄅㄞˊ
立刻,1,ㄌㄧˋ ㄎㄜˋ
立即,1,ㄌㄧˋ ㄐㄧˊ
立契,1,ㄌㄧˋ ㄑㄧˋ
立下,1,ㄌㄧˋ ㄒㄧㄚˋ
立憲,1,ㄌㄧˋ ㄒㄧㄢˋ
立志,1,ㄌㄧˋ ㄓˋ
立正,1,ㄌㄧˋ ㄓㄥˋ
立場,1,ㄌㄧˋ ㄔㄤˇ
立春,1,ㄌㄧˋ ㄔㄨㄣ
立時,1,ㄌㄧˋ ㄕˊ
立誓,1,ㄌㄧˋ ㄕˋ
立身,1,ㄌㄧˋ ㄕㄣ
立人,1,ㄌㄧˋ ㄖㄣˊ
立足,1,ㄌㄧˋ ㄗㄨˊ
立足點,1,ㄌㄧˋ ㄗㄨˊ ㄉㄧㄢˇ
立案,1,ㄌㄧˋ ㄢˋ
立意,1,ㄌㄧˋ ㄧˋ
立業,1,ㄌㄧˋ ㄧㄝˋ
立言,1,ㄌㄧˋ ㄧㄢˊ
立委,1,ㄌㄧˋ ㄨㄟˇ
立約,1,ㄌㄧˋ ㄩㄝ
粒,1,ㄌㄧˋ
粒子,1,ㄌㄧˋ ㄗˇ
笠,1,ㄌㄧˋ
蒞,1,ㄌㄧˋ
蒞臨,1,ㄌㄧˋ ㄌㄧㄣˊ
吏,1,ㄌㄧˋ
吏治,1,ㄌㄧˋ ㄓˋ
利,1,ㄌㄧˋ
利弊,1,ㄌㄧˋ ㄅㄧˋ
利便,1,ㄌㄧˋ ㄅㄧㄢˋ
利多,1,ㄌㄧˋ ㄉㄨㄛ
利多於弊,1,ㄌㄧˋ ㄉㄨㄛ ㄩˊ ㄅㄧˋ
利他,1,ㄌㄧˋ ㄊㄚ
利尿,1,ㄌㄧˋ ㄋㄧㄠˋ
利尿劑,1,ㄌㄧˋ ㄋㄧㄠˋ ㄐㄧˋ
利令智昏,1,ㄌㄧˋ ㄌㄧㄥˋ ㄓˋ ㄏㄨㄣ
利祿,1,ㄌㄧˋ ㄌㄨˋ
利率,1,ㄌㄧˋ ㄌㄩˋ
利空,1,ㄌㄧˋ ㄎㄨㄥ
利害,1,ㄌㄧˋ ㄏㄞˋ
利害得失,1,ㄌㄧˋ ㄏㄞˋ ㄉㄜˊ ㄕ
利害關係,1,ㄌㄧˋ ㄏㄞˋ ㄍㄨㄢ ㄒㄧˋ
利己,1,ㄌㄧˋ ㄐㄧˇ
利器,1,ㄌㄧˋ ㄑㄧˋ
利息,1,ㄌㄧˋ ㄒㄧˊ
利息費用,1,ㄌㄧˋ ㄒㄧˊ ㄈㄟˋ ㄩㄥˋ
利息支出,1,ㄌㄧˋ ㄒㄧˊ ㄓ ㄔㄨ
利息收入,1,ㄌㄧˋ ㄒㄧˊ ㄕㄡ ㄖㄨˋ
利市,1,ㄌㄧˋ ㄕˋ
利人利己,1,ㄌㄧˋ ㄖㄣˊ ㄌㄧˋ ㄐㄧˇ
利刃,1,ㄌㄧˋ ㄖㄣˋ
利潤,1,ㄌㄧˋ ㄖㄨㄣˋ
利益,1,ㄌㄧˋ ㄧˋ
利益均霑,1,ㄌㄧˋ ㄧˋ ㄐㄩㄣ ㄓㄢ
利益輸送,1,ㄌㄧˋ ㄧˋ ㄕㄨ ㄙㄨㄥˋ
利誘,1,ㄌㄧˋ ㄧㄡˋ
利慾薰心,1,ㄌㄧˋ ㄩˋ ㄒㄩㄣ ㄒㄧㄣ
利用,1,ㄌㄧˋ ㄩㄥˋ
俐,1,ㄌㄧˋ
俐落,1,ㄌㄧˋ ㄌㄨㄛˋ
琍,1,ㄌㄧˋ
莉,1,ㄌㄧˋ
痢,1,ㄌㄧˋ
痢疾,1,ㄌㄧˋ ㄐㄧˊ
痢疾桿菌,1,ㄌㄧˋ ㄐㄧˊ ㄍㄢˇ ㄐㄩㄣˋ
例,1,ㄌㄧˋ
例題,1,ㄌㄧˋ ㄊㄧˊ
例假,1,ㄌㄧˋ ㄐㄧㄚˋ
例假日,1,ㄌㄧˋ ㄐㄧㄚˋ ㄖˋ
例句,1,ㄌㄧˋ ㄐㄩˋ
例行,1,ㄌㄧˋ ㄒㄧㄥˊ
例行公事,1,ㄌㄧˋ ㄒㄧㄥˊ ㄍㄨㄥ ㄕˋ
例證,1,ㄌㄧˋ ㄓㄥˋ
例如,1,ㄌㄧˋ ㄖㄨˊ
例子,1,ㄌㄧˋ ㄗ˙
例外,1,ㄌㄧˋ ㄨㄞˋ
戾,1,ㄌㄧˋ
戾氣,1,ㄌㄧˋ ㄑㄧˋ
唳,1,ㄌㄧˋ
鬲,1,ㄌㄧˋ
栗,1,ㄌㄧˋ
栗子,1,ㄌㄧˋ ㄗ˙
慄,1,ㄌㄧˋ
篥,1,ㄌㄧˋ
詈,1,ㄌㄧˋ
厲,1,ㄌㄧˋ
厲兵秣馬,1,ㄌㄧˋ ㄅㄧㄥ ㄇㄛˋ ㄇㄚˇ
厲鬼,1,ㄌㄧˋ ㄍㄨㄟˇ
厲害,1,ㄌㄧˋ ㄏㄞˋ
厲行,1,ㄌㄧˋ ㄒㄧㄥˊ
厲聲,1,ㄌㄧˋ ㄕㄥ
勵,1,ㄌㄧˋ
勵精圖治,1,ㄌㄧˋ ㄐㄧㄥ ㄊㄨˊ ㄓˋ
勵行,1,ㄌㄧˋ ㄒㄧㄥˊ
勵行,1,ㄌㄧˋ ㄒㄧㄥˋ
勵志,1,ㄌㄧˋ ㄓˋ
癘,1,ㄌㄧˋ
礪,1,ㄌㄧˋ
蠣,1,ㄌㄧˋ
歷,1,ㄌㄧˋ
歷代,1,ㄌㄧˋ ㄉㄞˋ
歷年,1,ㄌㄧˋ ㄋㄧㄢˊ
歷來,1,ㄌㄧˋ ㄌㄞˊ
歷歷,1,ㄌㄧˋ ㄌㄧˋ
歷歷在目,1,ㄌㄧˋ ㄌㄧˋ ㄗㄞˋ ㄇㄨˋ
歷練,1,ㄌㄧˋ ㄌㄧㄢˋ
歷劫,1,ㄌㄧˋ ㄐㄧㄝˊ
歷屆,1,ㄌㄧˋ ㄐㄧㄝˋ
歷久,1,ㄌㄧˋ ㄐㄧㄡˇ
歷久不衰,1,ㄌㄧˋ ㄐㄧㄡˇ ㄅㄨˋ ㄕㄨㄞ
歷久彌新,1,ㄌㄧˋ ㄐㄧㄡˇ ㄇㄧˊ ㄒㄧㄣ
歷盡滄桑,1,ㄌㄧˋ ㄐㄧㄣˋ ㄘㄤ ㄙㄤ
歷經,1,ㄌㄧˋ ㄐㄧㄥ
歷險,1,ㄌㄧˋ ㄒㄧㄢˇ
歷程,1,ㄌㄧˋ ㄔㄥˊ
歷時,1,ㄌㄧˋ ㄕˊ
歷史,1,ㄌㄧˋ ㄕˇ
歷史名詞,1,ㄌㄧˋ ㄕˇ ㄇㄧㄥˊ ㄘˊ
歷史小說,1,ㄌㄧˋ ㄕˇ ㄒㄧㄠˇ ㄕㄨㄛ
歷任,1,ㄌㄧˋ ㄖㄣˋ
歷次,1,ㄌㄧˋ ㄘˋ
曆,1,ㄌㄧˋ
曆法,1,ㄌㄧˋ ㄈㄚˇ
曆書,1,ㄌㄧˋ ㄕㄨ
瀝,1,ㄌㄧˋ
瀝青,1,ㄌㄧˋ ㄑㄧㄥ
壢,1,ㄌㄧˋ
嚦,1,ㄌㄧˋ
櫪,1,ㄌㄧˋ
靂,1,ㄌㄧˋ
隸,1,ㄌㄧˋ
隸書,1,ㄌㄧˋ ㄕㄨ
隸屬,1,ㄌㄧˋ ㄕㄨˇ
櫟,1,ㄌㄧˋ
礫,1,ㄌㄧˋ
礫石,1,ㄌㄧˋ ㄕˊ
麗,1,ㄌㄧˋ
麗都,1,ㄌㄧˋ ㄉㄨ
麗質天生,1,ㄌㄧˋ ㄓˊ ㄊㄧㄢ ㄕㄥ
麗水,1,ㄌㄧˋ ㄕㄨㄟˇ
儷,1,ㄌㄧˋ
儷人,1,ㄌㄧˋ ㄖㄣˊ
儷影,1,ㄌㄧˋ ㄧㄥˇ
酈,1,ㄌㄧˋ
哩,1,ㄌㄧ˙
倆,1,ㄌㄧㄚˇ
咧,1,ㄌㄧㄝˇ
咧嘴,1,ㄌㄧㄝˇ ㄗㄨㄟˇ
列,1,ㄌㄧㄝˋ
列表,1,ㄌㄧㄝˋ ㄅㄧㄠˇ
列表機,1,ㄌㄧㄝˋ ㄅㄧㄠˇ ㄐㄧ
列名,1,ㄌㄧㄝˋ ㄇㄧㄥˊ
列島,1,ㄌㄧㄝˋ ㄉㄠˇ
列隊,1,ㄌㄧㄝˋ ㄉㄨㄟˋ
列寧主義,1,ㄌㄧㄝˋ ㄋㄧㄥˊ ㄓㄨˇ ㄧˋ
列國,1,ㄌㄧㄝˋ ㄍㄨㄛˊ
列管,1,ㄌㄧㄝˋ ㄍㄨㄢˇ
列舉,1,ㄌㄧㄝˋ ㄐㄩˇ
列強,1,ㄌㄧㄝˋ ㄑㄧㄤˊ
列席,1,ㄌㄧㄝˋ ㄒㄧˊ
列傳,1,ㄌㄧㄝˋ ㄓㄨㄢˋ
列車,1,ㄌㄧㄝˋ ㄔㄜ
列車員,1,ㄌㄧㄝˋ ㄔㄜ ㄩㄢˊ
列祖列宗,1,ㄌㄧㄝˋ ㄗㄨˇ ㄌㄧㄝˋ ㄗㄨㄥ
列冊,1,ㄌㄧㄝˋ ㄘㄜˋ
列印,1,ㄌㄧㄝˋ ㄧㄣˋ
冽,1,ㄌㄧㄝˋ
冽霜,1,ㄌㄧㄝˋ ㄕㄨㄤ
洌,1,ㄌㄧㄝˋ
烈,1,ㄌㄧㄝˋ
烈火,1,ㄌㄧㄝˋ ㄏㄨㄛˇ
烈酒,1,ㄌㄧㄝˋ ㄐㄧㄡˇ
烈性,1,ㄌㄧㄝˋ ㄒㄧㄥˋ
烈士,1,ㄌㄧㄝˋ ㄕˋ
烈日,1,ㄌㄧㄝˋ ㄖˋ
烈焰,1,ㄌㄧㄝˋ ㄧㄢˋ
烈焰騰空,1,ㄌㄧㄝˋ ㄧㄢˋ ㄊㄥˊ ㄎㄨㄥ
烈燄,1,ㄌㄧㄝˋ ㄧㄢˋ
烈陽,1,ㄌㄧㄝˋ ㄧㄤˊ
裂,1,ㄌㄧㄝˋ
裂縫,1,ㄌㄧㄝˋ ㄈㄥˋ
裂開,1,ㄌㄧㄝˋ ㄎㄞ
裂口,1,ㄌㄧㄝˋ ㄎㄡˇ
裂痕,1,ㄌㄧㄝˋ ㄏㄣˊ
劣,1,ㄌㄧㄝˋ
劣幣驅逐良幣,1,ㄌㄧㄝˋ ㄅㄧˋ ㄑㄩ ㄓㄨˊ ㄌㄧㄤˊ ㄅㄧˋ
劣品,1,ㄌㄧㄝˋ ㄆㄧㄣˇ
劣等,1,ㄌㄧㄝˋ ㄉㄥˇ
劣根性,1,ㄌㄧㄝˋ ㄍㄣ ㄒㄧㄥˋ
劣跡,1,ㄌㄧㄝˋ ㄐㄧ
劣質,1,ㄌㄧㄝˋ ㄓˊ
劣種,1,ㄌㄧㄝˋ ㄓㄨㄥˇ
劣勢,1,ㄌㄧㄝˋ ㄕˋ
捩,1,ㄌㄧㄝˋ
獵,1,ㄌㄧㄝˋ
獵豹,1,ㄌㄧㄝˋ ㄅㄠˋ
獵鳥,1,ㄌㄧㄝˋ ㄋㄧㄠˇ
獵戶,1,ㄌㄧㄝˋ ㄏㄨˋ
獵具,1,ㄌㄧㄝˋ ㄐㄩˋ
獵奇,1,ㄌㄧㄝˋ ㄑㄧˊ
獵槍,1,ㄌㄧㄝˋ ㄑㄧㄤ
獵取,1,ㄌㄧㄝˋ ㄑㄩˇ
獵犬,1,ㄌㄧㄝˋ ㄑㄩㄢˇ
獵裝,1,ㄌㄧㄝˋ ㄓㄨㄤ
獵場,1,ㄌㄧㄝˋ ㄔㄤˇ
獵人,1,ㄌㄧㄝˋ ㄖㄣˊ
獵鷹,1,ㄌㄧㄝˋ ㄧㄥ
獵物,1,ㄌㄧㄝˋ ㄨˋ
邋,1,ㄌㄧㄝˋ
邋邋,1,ㄌㄧㄝˋ ㄌㄧㄝˋ
鬣,1,ㄌㄧㄝˋ
鬣狗,1,ㄌㄧㄝˋ ㄍㄡˇ
聊,1,ㄌㄧㄠˊ
聊備一格,1,ㄌㄧㄠˊ ㄅㄟˋ ㄧ ㄍㄜˊ
聊表心意,1,ㄌㄧㄠˊ ㄅㄧㄠˇ ㄒㄧㄣ ㄧˋ
聊表寸心,1,ㄌㄧㄠˊ ㄅㄧㄠˇ ㄘㄨㄣˋ ㄒㄧㄣ
聊天,1,ㄌㄧㄠˊ ㄊㄧㄢ
聊聊,1,ㄌㄧㄠˊ ㄌㄧㄠˊ
聊勝一籌,1,ㄌㄧㄠˊ ㄕㄥˋ ㄧ ㄔㄡˊ
聊勝一籌,1,ㄌㄧㄠˊ ㄕㄥˋ ㄧˋ ㄔㄡˊ
聊勝於無,1,ㄌㄧㄠˊ ㄕㄥˋ ㄩˊ ㄨˊ
寥,1,ㄌㄧㄠˊ
寥寥,1,ㄌㄧㄠˊ ㄌㄧㄠˊ
寥寥可數,1,ㄌㄧㄠˊ ㄌㄧㄠˊ ㄎㄜˇ ㄕㄨˇ
寥寥無幾,1,ㄌㄧㄠˊ ㄌㄧㄠˊ ㄨˊ ㄐㄧˇ
寥落,1,ㄌㄧㄠˊ ㄌㄨㄛˋ
寥若晨星,1,ㄌㄧㄠˊ ㄖㄨㄛˋ ㄔㄣˊ ㄒㄧㄥ
僚,1,ㄌㄧㄠˊ
潦,1,ㄌㄧㄠˊ
潦倒,1,ㄌㄧㄠˊ ㄉㄠˇ
潦草,1,ㄌㄧㄠˊ ㄘㄠˇ
寮,1,ㄌㄧㄠˊ
撩,1,ㄌㄧㄠˊ
撩動,1,ㄌㄧㄠˊ ㄉㄨㄥˋ
撩起,1,ㄌㄧㄠˊ ㄑㄧˇ
撩人,1,ㄌㄧㄠˊ ㄖㄣˊ
嘹,1,ㄌㄧㄠˊ
嘹亮,1,ㄌㄧㄠˊ ㄌㄧㄤˋ
獠,1,ㄌㄧㄠˊ
燎,1,ㄌㄧㄠˊ
燎原,1,ㄌㄧㄠˊ ㄩㄢˊ
遼,1,ㄌㄧㄠˊ
遼闊,1,ㄌㄧㄠˊ ㄎㄨㄛˋ
療,1,ㄌㄧㄠˊ
療病,1,ㄌㄧㄠˊ ㄅㄧㄥˋ
療法,1,ㄌㄧㄠˊ ㄈㄚˇ
療方,1,ㄌㄧㄠˊ ㄈㄤ
療效,1,ㄌㄧㄠˊ ㄒㄧㄠˋ
療程,1,ㄌㄧㄠˊ ㄔㄥˊ
療傷,1,ㄌㄧㄠˊ ㄕㄤ
療養,1,ㄌㄧㄠˊ ㄧㄤˇ
療養院,1,ㄌㄧㄠˊ ㄧㄤˇ ㄩㄢˋ
繚,1,ㄌㄧㄠˊ
繚繞,1,ㄌㄧㄠˊ ㄖㄠˋ
鐐,1,ㄌㄧㄠˊ
鷯,1,ㄌㄧㄠˊ
了,1,ㄌㄧㄠˇ
了不得,1,ㄌㄧㄠˇ ㄅㄨˋ ㄉㄜ˙
了不起,1,ㄌㄧㄠˇ ㄅㄨˋ ㄑㄧˇ
了得,1,ㄌㄧㄠˇ ㄉㄜ˙
了當,1,ㄌㄧㄠˇ ㄉㄤˋ
了斷,1,ㄌㄧㄠˇ ㄉㄨㄢˋ
了了,1,ㄌㄧㄠˇ ㄌㄧㄠˇ
了結,1,ㄌㄧㄠˇ ㄐㄧㄝˊ
了解,1,ㄌㄧㄠˇ ㄐㄧㄝˇ
了卻,1,ㄌㄧㄠˇ ㄑㄩㄝˋ
了事,1,ㄌㄧㄠˇ ㄕˋ
了然,1,ㄌㄧㄠˇ ㄖㄢˊ
了案,1,ㄌㄧㄠˇ ㄢˋ
了無新意,1,ㄌㄧㄠˇ ㄨˊ ㄒㄧㄣ ㄧˋ
了無生趣,1,ㄌㄧㄠˇ ㄨˊ ㄕㄥ ㄑㄩˋ
了悟,1,ㄌㄧㄠˇ ㄨˋ
瞭,1,ㄌㄧㄠˇ
瞭解,1,ㄌㄧㄠˇ ㄐㄧㄝˇ
瞭如指掌,1,ㄌㄧㄠˇ ㄖㄨˊ ㄓˇ ㄓㄤˇ
瞭若指掌,1,ㄌㄧㄠˇ ㄖㄨㄛˋ ㄓˇ ㄓㄤˇ
料,1,ㄌㄧㄠˋ
料到,1,ㄌㄧㄠˋ ㄉㄠˋ
料理,1,ㄌㄧㄠˋ ㄌㄧˇ
料峭,1,ㄌㄧㄠˋ ㄑㄧㄠˋ
料想,1,ㄌㄧㄠˋ ㄒㄧㄤˇ
料中,1,ㄌㄧㄠˋ ㄓㄨㄥˋ
料事如神,1,ㄌㄧㄠˋ ㄕˋ ㄖㄨˊ ㄕㄣˊ
料子,1,ㄌㄧㄠˋ ㄗ˙
廖,1,ㄌㄧㄠˋ
撂,1,ㄌㄧㄠˋ
撂倒,1,ㄌㄧㄠˋ ㄉㄠˇ
瞭,1,ㄌㄧㄠˋ
瞭望,1,ㄌㄧㄠˋ ㄨㄤˋ
瞭望臺,1,ㄌㄧㄠˋ ㄨㄤˋ ㄊㄞˊ
溜,1,ㄌㄧㄡ
溜冰,1,ㄌㄧㄡ ㄅㄧㄥ
溜冰鞋,1,ㄌㄧㄡ ㄅㄧㄥ ㄒㄧㄝˊ
溜掉,1,ㄌㄧㄡ ㄉㄧㄠˋ
溜之大吉,1,ㄌㄧㄡ ㄓ ㄉㄚˋ ㄐㄧˊ
溜走,1,ㄌㄧㄡ ㄗㄡˇ
流,1,ㄌㄧㄡˊ
流弊,1,ㄌㄧㄡˊ ㄅㄧˋ
流標,1,ㄌㄧㄡˊ ㄅㄧㄠ
流變,1,ㄌㄧㄡˊ ㄅㄧㄢˋ
流派,1,ㄌㄧㄡˊ ㄆㄞˋ
流氓,1,ㄌㄧㄡˊ ㄇㄤˊ
流民,1,ㄌㄧㄡˊ ㄇㄧㄣˊ
流芳百世,1,ㄌㄧㄡˊ ㄈㄤ ㄅㄞˇ ㄕˋ
流放,1,ㄌㄧㄡˊ ㄈㄤˋ
流彈,1,ㄌㄧㄡˊ ㄉㄢˋ
流動,1,ㄌㄧㄡˊ ㄉㄨㄥˋ
流動人口,1,ㄌㄧㄡˊ ㄉㄨㄥˋ ㄖㄣˊ ㄎㄡˇ
流動資金,1,ㄌㄧㄡˊ ㄉㄨㄥˋ ㄗ ㄐㄧㄣ
流體,1,ㄌㄧㄡˊ ㄊㄧˇ
流體力學,1,ㄌㄧㄡˊ ㄊㄧˇ ㄌㄧˋ ㄒㄩㄝˊ
流通,1,ㄌㄧㄡˊ ㄊㄨㄥ
流年,1,ㄌㄧㄡˊ ㄋㄧㄢˊ
流年不利,1,ㄌㄧㄡˊ ㄋㄧㄢˊ ㄅㄨˋ ㄌㄧˋ
流年不利,1,ㄌㄧㄡˊ ㄋㄧㄢˊ ㄅㄨˊ ㄌㄧˋ
流淚,1,ㄌㄧㄡˊ ㄌㄟˋ
流覽,1,ㄌㄧㄡˊ ㄌㄢˇ
流浪,1,ㄌㄧㄡˊ ㄌㄤˋ
流浪漢,1,ㄌㄧㄡˊ ㄌㄤˋ ㄏㄢˋ
流浪兒,1,ㄌㄧㄡˊ ㄌㄤˋ ㄦˊ
流離,1,ㄌㄧㄡˊ ㄌㄧˊ
流離失所,1,ㄌㄧㄡˊ ㄌㄧˊ ㄕ ㄙㄨㄛˇ
流理臺,1,ㄌㄧㄡˊ ㄌㄧˇ ㄊㄞˊ
流利,1,ㄌㄧㄡˊ ㄌㄧˋ
流連,1,ㄌㄧㄡˊ ㄌㄧㄢˊ
流連忘返,1,ㄌㄧㄡˊ ㄌㄧㄢˊ ㄨㄤˋ ㄈㄢˇ
流量,1,ㄌㄧㄡˊ ㄌㄧㄤˋ
流露,1,ㄌㄧㄡˊ ㄌㄨˋ
流落,1,ㄌㄧㄡˊ ㄌㄨㄛˋ
流落街頭,1,ㄌㄧㄡˊ ㄌㄨㄛˋ ㄐㄧㄝ ㄊㄡˊ
流貫,1,ㄌㄧㄡˊ ㄍㄨㄢˋ
流光,1,ㄌㄧㄡˊ ㄍㄨㄤ
流口水,1,ㄌㄧㄡˊ ㄎㄡˇ ㄕㄨㄟˇ
流寇,1,ㄌㄧㄡˊ ㄎㄡˋ
流汗,1,ㄌㄧㄡˊ ㄏㄢˋ
流會,1,ㄌㄧㄡˊ ㄏㄨㄟˋ
流血,1,ㄌㄧㄡˊ ㄒㄧㄝˇ
流血流汗,1,ㄌㄧㄡˊ ㄒㄧㄝˇ ㄌㄧㄡˊ ㄏㄢˋ
流瀉,1,ㄌㄧㄡˊ ㄒㄧㄝˋ
流線,1,ㄌㄧㄡˊ ㄒㄧㄢˋ
流線型,1,ㄌㄧㄡˊ ㄒㄧㄢˋ ㄒㄧㄥˊ
流星,1,ㄌㄧㄡˊ ㄒㄧㄥ
流星雨,1,ㄌㄧㄡˊ ㄒㄧㄥ ㄩˇ
流行,1,ㄌㄧㄡˊ ㄒㄧㄥˊ
流行病,1,ㄌㄧㄡˊ ㄒㄧㄥˊ ㄅㄧㄥˋ
流行歌,1,ㄌㄧㄡˊ ㄒㄧㄥˊ ㄍㄜ
流行性感冒,1,ㄌㄧㄡˊ ㄒㄧㄥˊ ㄒㄧㄥˋ ㄍㄢˇ ㄇㄠˋ
流行語,1,ㄌㄧㄡˊ ㄒㄧㄥˊ ㄩˇ
流質,1,ㄌㄧㄡˊ ㄓˊ
流轉,1,ㄌㄧㄡˊ ㄓㄨㄢˇ
流產,1,ㄌㄧㄡˊ ㄔㄢˇ
流暢,1,ㄌㄧㄡˊ ㄔㄤˋ
流程,1,ㄌㄧㄡˊ ㄔㄥˊ
流傳,1,ㄌㄧㄡˊ ㄔㄨㄢˊ
流失,1,ㄌㄧㄡˊ ㄕ
流逝,1,ㄌㄧㄡˊ ㄕˋ
流沙,1,ㄌㄧㄡˊ ㄕㄚ
流觴,1,ㄌㄧㄡˊ ㄕㄤ
流水,1,ㄌㄧㄡˊ ㄕㄨㄟˇ
流水席,1,ㄌㄧㄡˊ ㄕㄨㄟˇ ㄒㄧˊ
流水行雲,1,ㄌㄧㄡˊ ㄕㄨㄟˇ ㄒㄧㄥˊ ㄩㄣˊ
流水帳,1,ㄌㄧㄡˊ ㄕㄨㄟˇ ㄓㄤˋ
流刺網,1,ㄌㄧㄡˊ ㄘˋ ㄨㄤˇ
流竄,1,ㄌㄧㄡˊ ㄘㄨㄢˋ
流蘇,1,ㄌㄧㄡˊ ㄙㄨ
流俗,1,ㄌㄧㄡˊ ㄙㄨˊ
流速,1,ㄌㄧㄡˊ ㄙㄨˋ
流言,1,ㄌㄧㄡˊ ㄧㄢˊ
流鶯,1,ㄌㄧㄡˊ ㄧㄥ
流螢,1,ㄌㄧㄡˊ ㄧㄥˊ
流亡,1,ㄌㄧㄡˊ ㄨㄤˊ
流亡政府,1,ㄌㄧㄡˊ ㄨㄤˊ ㄓㄥˋ ㄈㄨˇ
流於形式,1,ㄌㄧㄡˊ ㄩˊ ㄒㄧㄥˊ ㄕˋ
流域,1,ㄌㄧㄡˊ ㄩˋ
流雲,1,ㄌㄧㄡˊ ㄩㄣˊ
琉,1,ㄌㄧㄡˊ
琉璃,1,ㄌㄧㄡˊ ㄌㄧˊ
琉璃珠,1,ㄌㄧㄡˊ ㄌㄧˊ ㄓㄨ
琉璃磚,1,ㄌㄧㄡˊ ㄌㄧˊ ㄓㄨㄢ
琉璃瓦,1,ㄌㄧㄡˊ ㄌㄧˊ ㄨㄚˇ
硫,1,ㄌㄧㄡˊ
硫黃,1,ㄌㄧㄡˊ ㄏㄨㄤˊ
硫磺,1,ㄌㄧㄡˊ ㄏㄨㄤˊ
硫磺谷,1,ㄌㄧㄡˊ ㄏㄨㄤˊ ㄍㄨˇ
硫酸,1,ㄌㄧㄡˊ ㄙㄨㄢ
留,1,ㄌㄧㄡˊ
留白,1,ㄌㄧㄡˊ ㄅㄞˊ
留步,1,ㄌㄧㄡˊ ㄅㄨˋ
留名,1,ㄌㄧㄡˊ ㄇㄧㄥˊ
留芳百世,1,ㄌㄧㄡˊ ㄈㄤ ㄅㄞˇ ㄕˋ
留退步,1,ㄌㄧㄡˊ ㄊㄨㄟˋ ㄅㄨˋ
留難,1,ㄌㄧㄡˊ ㄋㄢˊ
留念,1,ㄌㄧㄡˊ ㄋㄧㄢˋ
留連,1,ㄌㄧㄡˊ ㄌㄧㄢˊ
留連忘返,1,ㄌㄧㄡˊ ㄌㄧㄢˊ ㄨㄤˋ ㄈㄢˇ
留戀,1,ㄌㄧㄡˊ ㄌㄧㄢˋ
留話,1,ㄌㄧㄡˊ ㄏㄨㄚˋ
留級,1,ㄌㄧㄡˊ ㄐㄧˊ
留情,1,ㄌㄧㄡˊ ㄑㄧㄥˊ
留取,1,ㄌㄧㄡˊ ㄑㄩˇ
留心,1,ㄌㄧㄡˊ ㄒㄧㄣ
留學,1,ㄌㄧㄡˊ ㄒㄩㄝˊ
留學生,1,ㄌㄧㄡˊ ㄒㄩㄝˊ ㄕㄥ
留職,1,ㄌㄧㄡˊ ㄓˊ
留職停薪,1,ㄌㄧㄡˊ ㄓˊ ㄊㄧㄥˊ ㄒㄧㄣ
留置,1,ㄌㄧㄡˊ ㄓˋ
留滯,1,ㄌㄧㄡˊ ㄓˋ
留住,1,ㄌㄧㄡˊ ㄓㄨˋ
留駐,1,ㄌㄧㄡˊ ㄓㄨˋ
留守,1,ㄌㄧㄡˊ ㄕㄡˇ
留神,1,ㄌㄧㄡˊ ㄕㄣˊ
留聲機,1,ㄌㄧㄡˊ ㄕㄥ ㄐㄧ
留任,1,ㄌㄧㄡˊ ㄖㄣˋ
留存,1,ㄌㄧㄡˊ ㄘㄨㄣˊ
留宿,1,ㄌㄧㄡˊ ㄙㄨˋ
留一手,1,ㄌㄧㄡˊ ㄧ ㄕㄡˇ
留一手,1,ㄌㄧㄡˊ ㄧˋ ㄕㄡˇ
留意,1,ㄌㄧㄡˊ ㄧˋ
留言,1,ㄌㄧㄡˊ ㄧㄢˊ
留言板,1,ㄌㄧㄡˊ ㄧㄢˊ ㄅㄢˇ
留言簿,1,ㄌㄧㄡˊ ㄧㄢˊ ㄅㄨˋ
留言冊,1,ㄌㄧㄡˊ ㄧㄢˊ ㄘㄜˋ
留洋,1,ㄌㄧㄡˊ ㄧㄤˊ
留影,1,ㄌㄧㄡˊ ㄧㄥˇ
榴,1,ㄌㄧㄡˊ
榴彈,1,ㄌㄧㄡˊ ㄉㄢˋ
榴彈炮,1,ㄌㄧㄡˊ ㄉㄢˋ ㄆㄠˋ
榴槤,1,ㄌㄧㄡˊ ㄌㄧㄢˊ
瘤,1,ㄌㄧㄡˊ
騮,1,ㄌㄧㄡˊ
劉,1,ㄌㄧㄡˊ
瀏,1,ㄌㄧㄡˊ
瀏覽,1,ㄌㄧㄡˊ ㄌㄢˇ
瀏覽器,1,ㄌㄧㄡˊ ㄌㄢˇ ㄑㄧˋ
瀏海,1,ㄌㄧㄡˊ ㄏㄞˇ
柳,1,ㄌㄧㄡˇ
柳眉,1,ㄌㄧㄡˇ ㄇㄟˊ
柳丁,1,ㄌㄧㄡˇ ㄉㄧㄥ
柳條,1,ㄌㄧㄡˇ ㄊㄧㄠˊ
柳絮,1,ㄌㄧㄡˇ ㄒㄩˋ
柳橙,1,ㄌㄧㄡˇ ㄔㄥˊ
柳樹,1,ㄌㄧㄡˇ ㄕㄨˋ
柳暗花明,1,ㄌㄧㄡˇ ㄢˋ ㄏㄨㄚ ㄇㄧㄥˊ
柳葉,1,ㄌㄧㄡˇ ㄧㄝˋ
柳腰,1,ㄌㄧㄡˇ ㄧㄠ
柳蔭,1,ㄌㄧㄡˇ ㄧㄣˋ
綹,1,ㄌㄧㄡˇ
六,1,ㄌㄧㄡˋ
六法全書,1,ㄌㄧㄡˋ ㄈㄚˇ ㄑㄩㄢˊ ㄕㄨ
六根,1,ㄌㄧㄡˋ ㄍㄣ
六國,1,ㄌㄧㄡˋ ㄍㄨㄛˊ
六合,1,ㄌㄧㄡˋ ㄏㄜˊ
六角形,1,ㄌㄧㄡˋ ㄐㄧㄠˇ ㄒㄧㄥˊ
六親不認,1,ㄌㄧㄡˋ ㄑㄧㄣ ㄅㄨˋ ㄖㄣˋ
六親不認,1,ㄌㄧㄡˋ ㄑㄧㄣ ㄅㄨˊ ㄖㄣˋ
六畜,1,ㄌㄧㄡˋ ㄔㄨˋ
六神無主,1,ㄌㄧㄡˋ ㄕㄣˊ ㄨˊ ㄓㄨˇ
六四天安門事件,1,ㄌㄧㄡˋ ㄙˋ ㄊㄧㄢ ㄢ ㄇㄣˊ ㄕˋ ㄐㄧㄢˋ
六藝,1,ㄌㄧㄡˋ ㄧˋ
六月雪,1,ㄌㄧㄡˋ ㄩㄝˋ ㄒㄩㄝˇ
陸,1,ㄌㄧㄡˋ
溜,1,ㄌㄧㄡˋ
遛,1,ㄌㄧㄡˋ
遛狗,1,ㄌㄧㄡˋ ㄍㄡˇ
蹓,1,ㄌㄧㄡˋ
蹓躂,1,ㄌㄧㄡˋ ㄉㄚ
蹓躂,1,ㄌㄧㄡˋ ㄉㄚ˙
霤,1,ㄌㄧㄡˋ
餾,1,ㄌㄧㄡˋ
帘,1,ㄌㄧㄢˊ
連,1,ㄌㄧㄢˊ
連本帶利,1,ㄌㄧㄢˊ ㄅㄣˇ ㄉㄞˋ ㄌㄧˋ
連篇,1,ㄌㄧㄢˊ ㄆㄧㄢ
連篇累牘,1,ㄌㄧㄢˊ ㄆㄧㄢ ㄌㄟˇ ㄉㄨˊ
連袂,1,ㄌㄧㄢˊ ㄇㄟˋ
連忙,1,ㄌㄧㄢˊ ㄇㄤˊ
連綿,1,ㄌㄧㄢˊ ㄇㄧㄢˊ
連名,1,ㄌㄧㄢˊ ㄇㄧㄥˊ
連番,1,ㄌㄧㄢˊ ㄈㄢ
連帶,1,ㄌㄧㄢˊ ㄉㄞˋ
連隊,1,ㄌㄧㄢˊ ㄉㄨㄟˋ
連同,1,ㄌㄧㄢˊ ㄊㄨㄥˊ
連年,1,ㄌㄧㄢˊ ㄋㄧㄢˊ
連累,1,ㄌㄧㄢˊ ㄌㄟˋ
連理,1,ㄌㄧㄢˊ ㄌㄧˇ
連連,1,ㄌㄧㄢˊ ㄌㄧㄢˊ
連連看,1,ㄌㄧㄢˊ ㄌㄧㄢˊ ㄎㄢˋ
連絡,1,ㄌㄧㄢˊ ㄌㄨㄛˋ
連根拔起,1,ㄌㄧㄢˊ ㄍㄣ ㄅㄚˊ ㄑㄧˇ
連貫,1,ㄌㄧㄢˊ ㄍㄨㄢˋ
連號,1,ㄌㄧㄢˊ ㄏㄠˋ
連橫,1,ㄌㄧㄢˊ ㄏㄥˊ
連環,1,ㄌㄧㄢˊ ㄏㄨㄢˊ
連環套,1,ㄌㄧㄢˊ ㄏㄨㄢˊ ㄊㄠˋ
連環圖畫,1,ㄌㄧㄢˊ ㄏㄨㄢˊ ㄊㄨˊ ㄏㄨㄚˋ
連環計,1,ㄌㄧㄢˊ ㄏㄨㄢˊ ㄐㄧˋ
連接,1,ㄌㄧㄢˊ ㄐㄧㄝ
連接線,1,ㄌㄧㄢˊ ㄐㄧㄝ ㄒㄧㄢˋ
連結,1,ㄌㄧㄢˊ ㄐㄧㄝˊ
連繫,1,ㄌㄧㄢˊ ㄒㄧˋ
連線,1,ㄌㄧㄢˊ ㄒㄧㄢˋ
連線作業,1,ㄌㄧㄢˊ ㄒㄧㄢˋ ㄗㄨㄛˋ ㄧㄝˋ
連續,1,ㄌㄧㄢˊ ㄒㄩˋ
連續犯,1,ㄌㄧㄢˊ ㄒㄩˋ ㄈㄢˋ
連續假日,1,ㄌㄧㄢˊ ㄒㄩˋ ㄐㄧㄚˋ ㄖˋ
連續劇,1,ㄌㄧㄢˊ ㄒㄩˋ ㄐㄩˋ
連戰皆捷,1,ㄌㄧㄢˊ ㄓㄢˋ ㄐㄧㄝ ㄐㄧㄝˊ
連長,1,ㄌㄧㄢˊ ㄓㄤˇ
連珠炮,1,ㄌㄧㄢˊ ㄓㄨ ㄆㄠˋ
連綴,1,ㄌㄧㄢˊ ㄓㄨㄟˋ
連莊,1,ㄌㄧㄢˊ ㄓㄨㄤ
連成一氣,1,ㄌㄧㄢˊ ㄔㄥˊ ㄧ ㄑㄧˋ
連成一氣,1,ㄌㄧㄢˊ ㄔㄥˊ ㄧˊ ㄑㄧˋ
連串,1,ㄌㄧㄢˊ ㄔㄨㄢˋ
連射,1,ㄌㄧㄢˊ ㄕㄜˋ
連手,1,ㄌㄧㄢˊ ㄕㄡˇ
連身,1,ㄌㄧㄢˊ ㄕㄣ
連聲,1,ㄌㄧㄢˊ ㄕㄥ
連署,1,ㄌㄧㄢˊ ㄕㄨˋ
連日,1,ㄌㄧㄢˊ ㄖˋ
連任,1,ㄌㄧㄢˊ ㄖㄣˋ
連載,1,ㄌㄧㄢˊ ㄗㄞˋ
連坐,1,ㄌㄧㄢˊ ㄗㄨㄛˋ
連詞,1,ㄌㄧㄢˊ ㄘˊ
連鎖,1,ㄌㄧㄢˊ ㄙㄨㄛˇ
連鎖反應,1,ㄌㄧㄢˊ ㄙㄨㄛˇ ㄈㄢˇ ㄧㄥˋ
連鎖店,1,ㄌㄧㄢˊ ㄙㄨㄛˇ ㄉㄧㄢˋ
連鎖運作,1,ㄌㄧㄢˊ ㄙㄨㄛˇ ㄩㄣˋ ㄗㄨㄛˋ
連夜,1,ㄌㄧㄢˊ ㄧㄝˋ
連外道路,1,ㄌㄧㄢˊ ㄨㄞˋ ㄉㄠˋ ㄌㄨˋ
漣,1,ㄌㄧㄢˊ
漣漣,1,ㄌㄧㄢˊ ㄌㄧㄢˊ
漣漪,1,ㄌㄧㄢˊ ㄧ
璉,1,ㄌㄧㄢˊ
槤,1,ㄌㄧㄢˊ
蓮,1,ㄌㄧㄢˊ
蓮步,1,ㄌㄧㄢˊ ㄅㄨˋ
蓮蓬,1,ㄌㄧㄢˊ ㄆㄥˊ
蓮臺,1,ㄌㄧㄢˊ ㄊㄞˊ
蓮花,1,ㄌㄧㄢˊ ㄏㄨㄚ
蓮花落,1,ㄌㄧㄢˊ ㄏㄨㄚ ㄌㄠˋ
蓮池,1,ㄌㄧㄢˊ ㄔˊ
蓮社,1,ㄌㄧㄢˊ ㄕㄜˋ
蓮子,1,ㄌㄧㄢˊ ㄗˇ
蓮座,1,ㄌㄧㄢˊ ㄗㄨㄛˋ
蓮藕,1,ㄌㄧㄢˊ ㄡˇ
蓮霧,1,ㄌㄧㄢˊ ㄨˋ
褳,1,ㄌㄧㄢˊ
鰱,1,ㄌㄧㄢˊ
廉,1,ㄌㄧㄢˊ
廉明,1,ㄌㄧㄢˊ ㄇㄧㄥˊ
廉能,1,ㄌㄧㄢˊ ㄋㄥˊ
廉價,1,ㄌㄧㄢˊ ㄐㄧㄚˋ
廉潔,1,ㄌㄧㄢˊ ㄐㄧㄝˊ
廉政,1,ㄌㄧㄢˊ ㄓㄥˋ
廉恥,1,ㄌㄧㄢˊ ㄔˇ
廉讓,1,ㄌㄧㄢˊ ㄖㄤˋ
濂,1,ㄌㄧㄢˊ
濂溪,1,ㄌㄧㄢˊ ㄒㄧ
簾,1,ㄌㄧㄢˊ
簾幕,1,ㄌㄧㄢˊ ㄇㄨˋ
鐮,1,ㄌㄧㄢˊ
鐮刀,1,ㄌㄧㄢˊ ㄉㄠ
奩,1,ㄌㄧㄢˊ
憐,1,ㄌㄧㄢˊ
憐憫,1,ㄌㄧㄢˊ ㄇㄧㄣˇ
憐惜,1,ㄌㄧㄢˊ ㄒㄧˊ
憐香惜玉,1,ㄌㄧㄢˊ ㄒㄧㄤ ㄒㄧˊ ㄩˋ
憐恤,1,ㄌㄧㄢˊ ㄒㄩˋ
憐愛,1,ㄌㄧㄢˊ ㄞˋ
聯,1,ㄌㄧㄢˊ
聯播,1,ㄌㄧㄢˊ ㄅㄛˋ
聯保,1,ㄌㄧㄢˊ ㄅㄠˇ
聯邦,1,ㄌㄧㄢˊ ㄅㄤ
聯邦國家,1,ㄌㄧㄢˊ ㄅㄤ ㄍㄨㄛˊ ㄐㄧㄚ
聯邦政府,1,ㄌㄧㄢˊ ㄅㄤ ㄓㄥˋ ㄈㄨˇ
聯袂,1,ㄌㄧㄢˊ ㄇㄟˋ
聯盟,1,ㄌㄧㄢˊ ㄇㄥˊ
聯名,1,ㄌㄧㄢˊ ㄇㄧㄥˊ
聯大,1,ㄌㄧㄢˊ ㄉㄚˋ
聯貸,1,ㄌㄧㄢˊ ㄉㄞˋ
聯隊,1,ㄌㄧㄢˊ ㄉㄨㄟˋ
聯絡,1,ㄌㄧㄢˊ ㄌㄨㄛˋ
聯絡簿,1,ㄌㄧㄢˊ ㄌㄨㄛˋ ㄅㄨˋ
聯絡員,1,ㄌㄧㄢˊ ㄌㄨㄛˋ ㄩㄢˊ
聯國,1,ㄌㄧㄢˊ ㄍㄨㄛˊ
聯貫,1,ㄌㄧㄢˊ ㄍㄨㄢˋ
聯考,1,ㄌㄧㄢˊ ㄎㄠˇ
聯合,1,ㄌㄧㄢˊ ㄏㄜˊ
聯合內閣,1,ㄌㄧㄢˊ ㄏㄜˊ ㄋㄟˋ ㄍㄜˊ
聯合國,1,ㄌㄧㄢˊ ㄏㄜˊ ㄍㄨㄛˊ
聯合公報,1,ㄌㄧㄢˊ ㄏㄜˊ ㄍㄨㄥ ㄅㄠˋ
聯合政府,1,ㄌㄧㄢˊ ㄏㄜˊ ㄓㄥˋ ㄈㄨˇ
聯合聲明,1,ㄌㄧㄢˊ ㄏㄜˊ ㄕㄥ ㄇㄧㄥˊ
聯合促銷,1,ㄌㄧㄢˊ ㄏㄜˊ ㄘㄨˋ ㄒㄧㄠ
聯歡,1,ㄌㄧㄢˊ ㄏㄨㄢ
聯歡會,1,ㄌㄧㄢˊ ㄏㄨㄢ ㄏㄨㄟˋ
聯接,1,ㄌㄧㄢˊ ㄐㄧㄝ
聯結,1,ㄌㄧㄢˊ ㄐㄧㄝˊ
聯結車,1,ㄌㄧㄢˊ ㄐㄧㄝˊ ㄔㄜ
聯軍,1,ㄌㄧㄢˊ ㄐㄩㄣ
聯席,1,ㄌㄧㄢˊ ㄒㄧˊ
聯席會議,1,ㄌㄧㄢˊ ㄒㄧˊ ㄏㄨㄟˋ ㄧˋ
聯繫,1,ㄌㄧㄢˊ ㄒㄧˋ
聯線,1,ㄌㄧㄢˊ ㄒㄧㄢˋ
聯想,1,ㄌㄧㄢˊ ㄒㄧㄤˇ
聯招,1,ㄌㄧㄢˊ ㄓㄠ
聯展,1,ㄌㄧㄢˊ ㄓㄢˇ
聯手,1,ㄌㄧㄢˊ ㄕㄡˇ
聯屬,1,ㄌㄧㄢˊ ㄓㄨˇ
聯賽,1,ㄌㄧㄢˊ ㄙㄞˋ
聯誼,1,ㄌㄧㄢˊ ㄧˋ
聯姻,1,ㄌㄧㄢˊ ㄧㄣ
聯營,1,ㄌㄧㄢˊ ㄧㄥˊ
聯營公車,1,ㄌㄧㄢˊ ㄧㄥˊ ㄍㄨㄥ ㄔㄜ
臉,1,ㄌㄧㄢˇ
臉部,1,ㄌㄧㄢˇ ㄅㄨˋ
臉盆,1,ㄌㄧㄢˇ ㄆㄣˊ
臉龐,1,ㄌㄧㄢˇ ㄆㄤˊ
臉皮,1,ㄌㄧㄢˇ ㄆㄧˊ
臉譜,1,ㄌㄧㄢˇ ㄆㄨˇ
臉蛋,1,ㄌㄧㄢˇ ㄉㄢˋ
臉孔,1,ㄌㄧㄢˇ ㄎㄨㄥˇ
臉紅,1,ㄌㄧㄢˇ ㄏㄨㄥˊ
臉紅脖子粗,1,ㄌㄧㄢˇ ㄏㄨㄥˊ ㄅㄛˊ ㄗ˙ ㄘㄨ
臉紅心跳,1,ㄌㄧㄢˇ ㄏㄨㄥˊ ㄒㄧㄣ ㄊㄧㄠˋ
臉紅耳赤,1,ㄌㄧㄢˇ ㄏㄨㄥˊ ㄦˇ ㄔˋ
臉頰,1,ㄌㄧㄢˇ ㄐㄧㄚˊ
臉型,1,ㄌㄧㄢˇ ㄒㄧㄥˊ
臉上貼金,1,ㄌㄧㄢˇ ㄕㄤˋ ㄊㄧㄝ ㄐㄧㄣ
臉上無光,1,ㄌㄧㄢˇ ㄕㄤˋ ㄨˊ ㄍㄨㄤ
臉色,1,ㄌㄧㄢˇ ㄙㄜˋ
煉,1,ㄌㄧㄢˋ
煉丹,1,ㄌㄧㄢˋ ㄉㄢ
煉鐵,1,ㄌㄧㄢˋ ㄊㄧㄝˇ
煉銅,1,ㄌㄧㄢˋ ㄊㄨㄥˊ
煉鋼,1,ㄌㄧㄢˋ ㄍㄤ
煉鋼廠,1,ㄌㄧㄢˋ ㄍㄤ ㄔㄤˇ
煉製,1,ㄌㄧㄢˋ ㄓˋ
煉乳,1,ㄌㄧㄢˋ ㄖㄨˇ
煉油,1,ㄌㄧㄢˋ ㄧㄡˊ
煉油廠,1,ㄌㄧㄢˋ ㄧㄡˊ ㄔㄤˇ
煉獄,1,ㄌㄧㄢˋ ㄩˋ
楝,1,ㄌㄧㄢˋ
練,1,ㄌㄧㄢˋ
練兵,1,ㄌㄧㄢˋ ㄅㄧㄥ
練達,1,ㄌㄧㄢˋ ㄉㄚˊ
練功,1,ㄌㄧㄢˋ ㄍㄨㄥ
練就,1,ㄌㄧㄢˋ ㄐㄧㄡˋ
練球,1,ㄌㄧㄢˋ ㄑㄧㄡˊ
練習,1,ㄌㄧㄢˋ ㄒㄧˊ
練習生,1,ㄌㄧㄢˋ ㄒㄧˊ ㄕㄥ
練唱,1,ㄌㄧㄢˋ ㄔㄤˋ
練字,1,ㄌㄧㄢˋ ㄗˋ
練武,1,ㄌㄧㄢˋ ㄨˇ
鍊,1,ㄌㄧㄢˋ
鍊子,1,ㄌㄧㄢˋ ㄗ˙
殮,1,ㄌㄧㄢˋ
斂,1,ㄌㄧㄢˋ
斂財,1,ㄌㄧㄢˋ ㄘㄞˊ
瀲,1,ㄌㄧㄢˋ
瀲灩,1,ㄌㄧㄢˋ ㄧㄢˋ
鏈,1,ㄌㄧㄢˋ
鏈條,1,ㄌㄧㄢˋ ㄊㄧㄠˊ
鏈球,1,ㄌㄧㄢˋ ㄑㄧㄡˊ
鏈球菌,1,ㄌㄧㄢˋ ㄑㄧㄡˊ ㄐㄩㄣˋ
鏈子,1,ㄌㄧㄢˋ ㄗ˙
戀,1,ㄌㄧㄢˋ
戀慕,1,ㄌㄧㄢˋ ㄇㄨˋ
戀戀不捨,1,ㄌㄧㄢˋ ㄌㄧㄢˋ ㄅㄨˋ ㄕㄜˇ
戀歌,1,ㄌㄧㄢˋ ㄍㄜ
戀舊,1,ㄌㄧㄢˋ ㄐㄧㄡˋ
戀情,1,ㄌㄧㄢˋ ㄑㄧㄥˊ
戀曲,1,ㄌㄧㄢˋ ㄑㄩˇ
戀棧,1,ㄌㄧㄢˋ ㄓㄢˋ
戀人,1,ㄌㄧㄢˋ ㄖㄣˊ
戀愛,1,ㄌㄧㄢˋ ㄞˋ
林,1,ㄌㄧㄣˊ
林木,1,ㄌㄧㄣˊ ㄇㄨˋ
林地,1,ㄌㄧㄣˊ ㄉㄧˋ
林立,1,ㄌㄧㄣˊ ㄌㄧˋ
林林總總,1,ㄌㄧㄣˊ ㄌㄧㄣˊ ㄗㄨㄥˇ ㄗㄨㄥˇ
林區,1,ㄌㄧㄣˊ ㄑㄩ
林泉,1,ㄌㄧㄣˊ ㄑㄩㄢˊ
林相,1,ㄌㄧㄣˊ ㄒㄧㄤˋ
林產,1,ㄌㄧㄣˊ ㄔㄢˇ
林場,1,ㄌㄧㄣˊ ㄔㄤˇ
林業,1,ㄌㄧㄣˊ ㄧㄝˋ
林蔭,1,ㄌㄧㄣˊ ㄧㄣˋ
林務,1,ㄌㄧㄣˊ ㄨˋ
林園,1,ㄌㄧㄣˊ ㄩㄢˊ
淋,1,ㄌㄧㄣˊ
淋巴,1,ㄌㄧㄣˊ ㄅㄚ
淋巴結,1,ㄌㄧㄣˊ ㄅㄚ ㄐㄧㄝˊ
淋巴腺,1,ㄌㄧㄣˊ ㄅㄚ ㄒㄧㄢˋ
淋漓,1,ㄌㄧㄣˊ ㄌㄧˊ
淋漓盡致,1,ㄌㄧㄣˊ ㄌㄧˊ ㄐㄧㄣˋ ㄓˋ
淋溼,1,ㄌㄧㄣˊ ㄕ
淋雨,1,ㄌㄧㄣˊ ㄩˇ
淋浴,1,ㄌㄧㄣˊ ㄩˋ
琳,1,ㄌㄧㄣˊ
琳瑯滿目,1,ㄌㄧㄣˊ ㄌㄤˊ ㄇㄢˇ ㄇㄨˋ
霖,1,ㄌㄧㄣˊ
粼,1,ㄌㄧㄣˊ
粼粼,1,ㄌㄧㄣˊ ㄌㄧㄣˊ
鄰,1,ㄌㄧㄣˊ
鄰邦,1,ㄌㄧㄣˊ ㄅㄤ
鄰里,1,ㄌㄧㄣˊ ㄌㄧˇ
鄰國,1,ㄌㄧㄣˊ ㄍㄨㄛˊ
鄰近,1,ㄌㄧㄣˊ ㄐㄧㄣˋ
鄰居,1,ㄌㄧㄣˊ ㄐㄩ
鄰長,1,ㄌㄧㄣˊ ㄓㄤˇ
鄰人,1,ㄌㄧㄣˊ ㄖㄣˊ
嶙,1,ㄌㄧㄣˊ
嶙峋,1,ㄌㄧㄣˊ ㄒㄩㄣˊ
遴,1,ㄌㄧㄣˊ
遴定,1,ㄌㄧㄣˊ ㄉㄧㄥˋ
遴選,1,ㄌㄧㄣˊ ㄒㄩㄢˇ
燐,1,ㄌㄧㄣˊ
磷,1,ㄌㄧㄣˊ
磷火,1,ㄌㄧㄣˊ ㄏㄨㄛˇ
瞵,1,ㄌㄧㄣˊ
瞵視昂藏,1,ㄌㄧㄣˊ ㄕˋ ㄤˊ ㄘㄤˊ
麟,1,ㄌㄧㄣˊ
麟兒,1,ㄌㄧㄣˊ ㄦˊ
鱗,1,ㄌㄧㄣˊ
鱗莖,1,ㄌㄧㄣˊ ㄐㄧㄥ
鱗次,1,ㄌㄧㄣˊ ㄘˋ
鱗次櫛比,1,ㄌㄧㄣˊ ㄘˋ ㄐㄧㄝˊ ㄅㄧˋ
臨,1,ㄌㄧㄣˊ
臨別,1,ㄌㄧㄣˊ ㄅㄧㄝˊ
臨別依依,1,ㄌㄧㄣˊ ㄅㄧㄝˊ ㄧ ㄧ
臨盆,1,ㄌㄧㄣˊ ㄆㄣˊ
臨摹,1,ㄌㄧㄣˊ ㄇㄛˊ
臨門,1,ㄌㄧㄣˊ ㄇㄣˊ
臨門一腳,1,ㄌㄧㄣˊ ㄇㄣˊ ㄧ ㄐㄧㄠˇ
臨門一腳,1,ㄌㄧㄣˊ ㄇㄣˊ ㄧˋ ㄐㄧㄠˇ
臨頭,1,ㄌㄧㄣˊ ㄊㄡˊ
臨帖,1,ㄌㄧㄣˊ ㄊㄧㄝˇ
臨渴掘井,1,ㄌㄧㄣˊ ㄎㄜˇ ㄐㄩㄝˊ ㄐㄧㄥˇ
臨機應變,1,ㄌㄧㄣˊ ㄐㄧ ㄧㄥˋ ㄅㄧㄢˋ
臨界,1,ㄌㄧㄣˊ ㄐㄧㄝˋ
臨界點,1,ㄌㄧㄣˊ ㄐㄧㄝˋ ㄉㄧㄢˇ
臨界線,1,ㄌㄧㄣˊ ㄐㄧㄝˋ ㄒㄧㄢˋ
臨檢,1,ㄌㄧㄣˊ ㄐㄧㄢˇ
臨近,1,ㄌㄧㄣˊ ㄐㄧㄣˋ
臨去秋波,1,ㄌㄧㄣˊ ㄑㄩˋ ㄑㄧㄡ ㄅㄛ
臨行,1,ㄌㄧㄣˊ ㄒㄧㄥˊ
臨陣,1,ㄌㄧㄣˊ ㄓㄣˋ
臨陣磨槍,1,ㄌㄧㄣˊ ㄓㄣˋ ㄇㄛˊ ㄑㄧㄤ
臨陣脫逃,1,ㄌㄧㄣˊ ㄓㄣˋ ㄊㄨㄛ ㄊㄠˊ
臨終,1,ㄌㄧㄣˊ ㄓㄨㄥ
臨場,1,ㄌㄧㄣˊ ㄔㄤˇ
臨場感,1,ㄌㄧㄣˊ ㄔㄤˇ ㄍㄢˇ
臨床,1,ㄌㄧㄣˊ ㄔㄨㄤˊ
臨床經驗,1,ㄌㄧㄣˊ ㄔㄨㄤˊ ㄐㄧㄥ ㄧㄢˋ
臨床實驗,1,ㄌㄧㄣˊ ㄔㄨㄤˊ ㄕˊ ㄧㄢˋ
臨時,1,ㄌㄧㄣˊ ㄕˊ
臨時抱佛腳,1,ㄌㄧㄣˊ ㄕˊ ㄅㄠˋ ㄈㄛˊ ㄐㄧㄠˇ
臨時動議,1,ㄌㄧㄣˊ ㄕˊ ㄉㄨㄥˋ ㄧˋ
臨時條款,1,ㄌㄧㄣˊ ㄕˊ ㄊㄧㄠˊ ㄎㄨㄢˇ
臨時工,1,ㄌㄧㄣˊ ㄕˊ ㄍㄨㄥ
臨時會,1,ㄌㄧㄣˊ ㄕˊ ㄏㄨㄟˋ
臨事以懼,1,ㄌㄧㄣˊ ㄕˋ ㄧˇ ㄐㄩˋ
臨睡,1,ㄌㄧㄣˊ ㄕㄨㄟˋ
臨走,1,ㄌㄧㄣˊ ㄗㄡˇ
臨死,1,ㄌㄧㄣˊ ㄙˇ
臨危,1,ㄌㄧㄣˊ ㄨㄟˊ
臨危不亂,1,ㄌㄧㄣˊ ㄨㄟˊ ㄅㄨˋ ㄌㄨㄢˋ
臨危不亂,1,ㄌㄧㄣˊ ㄨㄟˊ ㄅㄨˊ ㄌㄨㄢˋ
臨危受命,1,ㄌㄧㄣˊ ㄨㄟˊ ㄕㄡˋ ㄇㄧㄥˋ
臨危授命,1,ㄌㄧㄣˊ ㄨㄟˊ ㄕㄡˋ ㄇㄧㄥˋ
臨淵履薄,1,ㄌㄧㄣˊ ㄩㄢ ㄌㄩˇ ㄅㄛˊ
稟,1,ㄌㄧㄣˇ
凜,1,ㄌㄧㄣˇ
凜冽,1,ㄌㄧㄣˇ ㄌㄧㄝˋ
凜然,1,ㄌㄧㄣˇ ㄖㄢˊ
廩,1,ㄌㄧㄣˇ
懍,1,ㄌㄧㄣˇ
吝,1,ㄌㄧㄣˋ
吝惜,1,ㄌㄧㄣˋ ㄒㄧˊ
吝嗇,1,ㄌㄧㄣˋ ㄙㄜˋ
賃,1,ㄌㄧㄣˋ
藺,1,ㄌㄧㄣˋ
躪,1,ㄌㄧㄣˋ
良,1,ㄌㄧㄤˊ
良伴,1,ㄌㄧㄤˊ ㄅㄢˋ
良民,1,ㄌㄧㄤˊ ㄇㄧㄣˊ
良方,1,ㄌㄧㄤˊ ㄈㄤ
良多,1,ㄌㄧㄤˊ ㄉㄨㄛ
良田,1,ㄌㄧㄤˊ ㄊㄧㄢˊ
良好,1,ㄌㄧㄤˊ ㄏㄠˇ
良機,1,ㄌㄧㄤˊ ㄐㄧ
良家子弟,1,ㄌㄧㄤˊ ㄐㄧㄚ ㄗˇ ㄉㄧˋ
良久,1,ㄌㄧㄤˊ ㄐㄧㄡˇ
良將,1,ㄌㄧㄤˊ ㄐㄧㄤˋ
良駒,1,ㄌㄧㄤˊ ㄐㄩ
良宵,1,ㄌㄧㄤˊ ㄒㄧㄠ
良心,1,ㄌㄧㄤˊ ㄒㄧㄣ
良心發現,1,ㄌㄧㄤˊ ㄒㄧㄣ ㄈㄚ ㄒㄧㄢˋ
良心話,1,ㄌㄧㄤˊ ㄒㄧㄣ ㄏㄨㄚˋ
良性,1,ㄌㄧㄤˊ ㄒㄧㄥˋ
良性瘤,1,ㄌㄧㄤˊ ㄒㄧㄥˋ ㄌㄧㄡˊ
良性競爭,1,ㄌㄧㄤˊ ㄒㄧㄥˋ ㄐㄧㄥˋ ㄓㄥ
良知,1,ㄌㄧㄤˊ ㄓ
良知良能,1,ㄌㄧㄤˊ ㄓ ㄌㄧㄤˊ ㄋㄥˊ
良辰美景,1,ㄌㄧㄤˊ ㄔㄣˊ ㄇㄟˇ ㄐㄧㄥˇ
良辰吉日,1,ㄌㄧㄤˊ ㄔㄣˊ ㄐㄧˊ ㄖˋ
良善,1,ㄌㄧㄤˊ ㄕㄢˋ
良深,1,ㄌㄧㄤˊ ㄕㄣ
良日,1,ㄌㄧㄤˊ ㄖˋ
良人,1,ㄌㄧㄤˊ ㄖㄣˊ
良策,1,ㄌㄧㄤˊ ㄘㄜˋ
良藥,1,ㄌㄧㄤˊ ㄧㄠˋ
良藥苦口,1,ㄌㄧㄤˊ ㄧㄠˋ ㄎㄨˇ ㄎㄡˇ
良友,1,ㄌㄧㄤˊ ㄧㄡˇ
良莠不齊,1,ㄌㄧㄤˊ ㄧㄡˋ ㄅㄨˋ ㄑㄧˊ
良言,1,ㄌㄧㄤˊ ㄧㄢˊ
良窳,1,ㄌㄧㄤˊ ㄩˇ
良緣,1,ㄌㄧㄤˊ ㄩㄢˊ
踉,1,ㄌㄧㄤˊ
涼,1,ㄌㄧㄤˊ
涼拌,1,ㄌㄧㄤˊ ㄅㄢˋ
涼風,1,ㄌㄧㄤˊ ㄈㄥ
涼亭,1,ㄌㄧㄤˊ ㄊㄧㄥˊ
涼快,1,ㄌㄧㄤˊ ㄎㄨㄞˋ
涼夏,1,ㄌㄧㄤˊ ㄒㄧㄚˋ
涼鞋,1,ㄌㄧㄤˊ ㄒㄧㄝˊ
涼爽,1,ㄌㄧㄤˊ ㄕㄨㄤˇ
涼爽羊毛,1,ㄌㄧㄤˊ ㄕㄨㄤˇ ㄧㄤˊ ㄇㄠˊ
涼意,1,ㄌㄧㄤˊ ㄧˋ
梁,1,ㄌㄧㄤˊ
梁棟,1,ㄌㄧㄤˊ ㄉㄨㄥˋ
梁架,1,ㄌㄧㄤˊ ㄐㄧㄚˋ
梁柱,1,ㄌㄧㄤˊ ㄓㄨˋ
梁上君子,1,ㄌㄧㄤˊ ㄕㄤˋ ㄐㄩㄣ ㄗˇ
粱,1,ㄌㄧㄤˊ
量,1,ㄌㄧㄤˊ
量杯,1,ㄌㄧㄤˊ ㄅㄟ
量度,1,ㄌㄧㄤˊ ㄉㄨㄛˋ
量筒,1,ㄌㄧㄤˊ ㄊㄨㄥˇ
量角器,1,ㄌㄧㄤˊ ㄐㄧㄠˇ ㄑㄧˋ
量測,1,ㄌㄧㄤˊ ㄘㄜˋ
糧,1,ㄌㄧㄤˊ
糧食,1,ㄌㄧㄤˊ ㄕˊ
糧作,1,ㄌㄧㄤˊ ㄗㄨㄛˋ
糧草,1,ㄌㄧㄤˊ ㄘㄠˇ
糧倉,1,ㄌㄧㄤˊ ㄘㄤ
兩,1,ㄌㄧㄤˇ
兩把刷子,1,ㄌㄧㄤˇ ㄅㄚˇ ㄕㄨㄚ ㄗ˙
兩敗俱傷,1,ㄌㄧㄤˇ ㄅㄞˋ ㄐㄩˋ ㄕㄤ
兩邊倒,1,ㄌㄧㄤˇ ㄅㄧㄢ ㄉㄠˇ
兩鬢飛霜,1,ㄌㄧㄤˇ ㄅㄧㄣˋ ㄈㄟ ㄕㄨㄤ
兩不相欠,1,ㄌㄧㄤˇ ㄅㄨˋ ㄒㄧㄤ ㄑㄧㄢˋ
兩碼事,1,ㄌㄧㄤˇ ㄇㄚˇ ㄕˋ
兩面光,1,ㄌㄧㄤˇ ㄇㄧㄢˋ ㄍㄨㄤ
兩端,1,ㄌㄧㄤˇ ㄉㄨㄢ
兩難,1,ㄌㄧㄤˇ ㄋㄢˊ
兩可,1,ㄌㄧㄤˇ ㄎㄜˇ
兩口子,1,ㄌㄧㄤˇ ㄎㄡˇ ㄗ˙
兩虎相爭,1,ㄌㄧㄤˇ ㄏㄨˇ ㄒㄧㄤ ㄓㄥ
兩極,1,ㄌㄧㄤˇ ㄐㄧˊ
兩極觀點,1,ㄌㄧㄤˇ ㄐㄧˊ ㄍㄨㄢ ㄉㄧㄢˇ
兩極化,1,ㄌㄧㄤˇ ㄐㄧˊ ㄏㄨㄚˋ
兩頰,1,ㄌㄧㄤˇ ㄐㄧㄚˊ
兩棲,1,ㄌㄧㄤˇ ㄑㄧ
兩棲部隊,1,ㄌㄧㄤˇ ㄑㄧ ㄅㄨˋ ㄉㄨㄟˋ
兩情相悅,1,ㄌㄧㄤˇ ㄑㄧㄥˊ ㄒㄧㄤ ㄩㄝˋ
兩全,1,ㄌㄧㄤˇ ㄑㄩㄢˊ
兩全其美,1,ㄌㄧㄤˇ ㄑㄩㄢˊ ㄑㄧˊ ㄇㄟˇ
兩下子,1,ㄌㄧㄤˇ ㄒㄧㄚˋ ㄗ˙
兩小無猜,1,ㄌㄧㄤˇ ㄒㄧㄠˇ ㄨˊ ㄘㄞ
兩袖清風,1,ㄌㄧㄤˇ ㄒㄧㄡˋ ㄑㄧㄥ ㄈㄥ
兩相情願,1,ㄌㄧㄤˇ ㄒㄧㄤ ㄑㄧㄥˊ ㄩㄢˋ
兩廂情願,1,ㄌㄧㄤˇ ㄒㄧㄤ ㄑㄧㄥˊ ㄩㄢˋ
兩性,1,ㄌㄧㄤˇ ㄒㄧㄥˋ
兩性關係,1,ㄌㄧㄤˇ ㄒㄧㄥˋ ㄍㄨㄢ ㄒㄧˋ
兩手,1,ㄌㄧㄤˇ ㄕㄡˇ
兩造,1,ㄌㄧㄤˇ ㄗㄠˋ
兩三下,1,ㄌㄧㄤˇ ㄙㄢ ㄒㄧㄚˋ
兩岸,1,ㄌㄧㄤˇ ㄢˋ
兩翼,1,ㄌㄧㄤˇ ㄧˋ
兩樣,1,ㄌㄧㄤˇ ㄧㄤˋ
兩用,1,ㄌㄧㄤˇ ㄩㄥˋ
倆,1,ㄌㄧㄤˇ
魎,1,ㄌㄧㄤˇ
亮,1,ㄌㄧㄤˋ
亮票,1,ㄌㄧㄤˋ ㄆㄧㄠˋ
亮片,1,ㄌㄧㄤˋ ㄆㄧㄢˋ
亮度,1,ㄌㄧㄤˋ ㄉㄨˋ
亮麗,1,ㄌㄧㄤˋ ㄌㄧˋ
亮光,1,ㄌㄧㄤˋ ㄍㄨㄤ
亮紅燈,1,ㄌㄧㄤˋ ㄏㄨㄥˊ ㄉㄥ
亮晶晶,1,ㄌㄧㄤˋ ㄐㄧㄥ ㄐㄧㄥ
亮相,1,ㄌㄧㄤˋ ㄒㄧㄤˋ
喨,1,ㄌㄧㄤˋ
涼,1,ㄌㄧㄤˋ
晾,1,ㄌㄧㄤˋ
晾乾,1,ㄌㄧㄤˋ ㄍㄢ
諒,1,ㄌㄧㄤˋ
諒必,1,ㄌㄧㄤˋ ㄅㄧˋ
諒解,1,ㄌㄧㄤˋ ㄐㄧㄝˇ
量,1,ㄌㄧㄤˋ
量販,1,ㄌㄧㄤˋ ㄈㄢˋ
量販店,1,ㄌㄧㄤˋ ㄈㄢˋ ㄉㄧㄢˋ
量力而行,1,ㄌㄧㄤˋ ㄌㄧˋ ㄦˊ ㄒㄧㄥˊ
量力而為,1,ㄌㄧㄤˋ ㄌㄧˋ ㄦˊ ㄨㄟˊ
量化,1,ㄌㄧㄤˋ ㄏㄨㄚˋ
量小氣窄,1,ㄌㄧㄤˋ ㄒㄧㄠˇ ㄑㄧˋ ㄓㄞˇ
量小易盈,1,ㄌㄧㄤˋ ㄒㄧㄠˇ ㄧˋ ㄧㄥˊ
量刑,1,ㄌㄧㄤˋ ㄒㄧㄥˊ
量產,1,ㄌㄧㄤˋ ㄔㄢˇ
量入為出,1,ㄌㄧㄤˋ ㄖㄨˋ ㄨㄟˊ ㄔㄨ
量詞,1,ㄌㄧㄤˋ ㄘˊ
踉,1,ㄌㄧㄤˋ
踉踉蹌蹌,1,ㄌㄧㄤˋ ㄌㄧㄤˋ ㄑㄧㄤˋ ㄑㄧㄤˋ
踉蹌,1,ㄌㄧㄤˋ ㄑㄧㄤˋ
輛,1,ㄌㄧㄤˋ
拎,1,ㄌㄧㄥ
伶,1,ㄌㄧㄥˊ
伶仃,1,ㄌㄧㄥˊ ㄉㄧㄥ
伶俐,1,ㄌㄧㄥˊ ㄌㄧˋ
伶牙俐齒,1,ㄌㄧㄥˊ ㄧㄚˊ ㄌㄧˋ ㄔˇ
泠,1,ㄌㄧㄥˊ
囹,1,ㄌㄧㄥˊ
囹圄,1,ㄌㄧㄥˊ ㄩˇ
玲,1,ㄌㄧㄥˊ
玲瓏,1,ㄌㄧㄥˊ ㄌㄨㄥˊ
苓,1,ㄌㄧㄥˊ
羚,1,ㄌㄧㄥˊ
羚羊,1,ㄌㄧㄥˊ ㄧㄤˊ
聆,1,ㄌㄧㄥˊ
聆聽,1,ㄌㄧㄥˊ ㄊㄧㄥ
聆訊,1,ㄌㄧㄥˊ ㄒㄩㄣˋ
聆賞,1,ㄌㄧㄥˊ ㄕㄤˇ
聆樂,1,ㄌㄧㄥˊ ㄩㄝˋ
蛉,1,ㄌㄧㄥˊ
翎,1,ㄌㄧㄥˊ
零,1,ㄌㄧㄥˊ
零付款,1,ㄌㄧㄥˊ ㄈㄨˋ ㄎㄨㄢˇ
零點,1,ㄌㄧㄥˊ ㄉㄧㄢˇ
零丁,1,ㄌㄧㄥˊ ㄉㄧㄥ
零頭,1,ㄌㄧㄥˊ ㄊㄡˊ
零零落落,1,ㄌㄧㄥˊ ㄌㄧㄥˊ ㄌㄨㄛˋ ㄌㄨㄛˋ
零零散散,1,ㄌㄧㄥˊ ㄌㄧㄥˊ ㄙㄢˇ ㄙㄢˇ
零落,1,ㄌㄧㄥˊ ㄌㄨㄛˋ
零亂,1,ㄌㄧㄥˊ ㄌㄨㄢˋ
零工,1,ㄌㄧㄥˊ ㄍㄨㄥ
零和,1,ㄌㄧㄥˊ ㄏㄜˊ
零件,1,ㄌㄧㄥˊ ㄐㄧㄢˋ
零錢,1,ㄌㄧㄥˊ ㄑㄧㄢˊ
零缺點,1,ㄌㄧㄥˊ ㄑㄩㄝ ㄉㄧㄢˇ
零下,1,ㄌㄧㄥˊ ㄒㄧㄚˋ
零星,1,ㄌㄧㄥˊ ㄒㄧㄥ
零食,1,ㄌㄧㄥˊ ㄕˊ
零時,1,ㄌㄧㄥˊ ㄕˊ
零售,1,ㄌㄧㄥˊ ㄕㄡˋ
零售點,1,ㄌㄧㄥˊ ㄕㄡˋ ㄉㄧㄢˇ
零售店,1,ㄌㄧㄥˊ ㄕㄡˋ ㄉㄧㄢˋ
零售價,1,ㄌㄧㄥˊ ㄕㄡˋ ㄐㄧㄚˋ
零售商,1,ㄌㄧㄥˊ ㄕㄡˋ ㄕㄤ
零售業,1,ㄌㄧㄥˊ ㄕㄡˋ ㄧㄝˋ
零組件,1,ㄌㄧㄥˊ ㄗㄨˇ ㄐㄧㄢˋ
零嘴,1,ㄌㄧㄥˊ ㄗㄨㄟˇ
零存整付,1,ㄌㄧㄥˊ ㄘㄨㄣˊ ㄓㄥˇ ㄈㄨˋ
零散,1,ㄌㄧㄥˊ ㄙㄢˇ
零碎,1,ㄌㄧㄥˊ ㄙㄨㄟˋ
零用,1,ㄌㄧㄥˊ ㄩㄥˋ
零用錢,1,ㄌㄧㄥˊ ㄩㄥˋ ㄑㄧㄢˊ
鈴,1,ㄌㄧㄥˊ
鈴鐺,1,ㄌㄧㄥˊ ㄉㄤ
鈴鼓,1,ㄌㄧㄥˊ ㄍㄨˇ
鴒,1,ㄌㄧㄥˊ
齡,1,ㄌㄧㄥˊ
凌,1,ㄌㄧㄥˊ
凌波仙子,1,ㄌㄧㄥˊ ㄅㄛ ㄒㄧㄢ ㄗˇ
凌虐,1,ㄌㄧㄥˊ ㄋㄩㄝˋ
凌厲,1,ㄌㄧㄥˊ ㄌㄧˋ
凌亂,1,ㄌㄧㄥˊ ㄌㄨㄢˋ
凌亂不堪,1,ㄌㄧㄥˊ ㄌㄨㄢˋ ㄅㄨˋ ㄎㄢ
凌空,1,ㄌㄧㄥˊ ㄎㄨㄥ
凌駕,1,ㄌㄧㄥˊ ㄐㄧㄚˋ
凌霄,1,ㄌㄧㄥˊ ㄒㄧㄠ
凌霄殿,1,ㄌㄧㄥˊ ㄒㄧㄠ ㄉㄧㄢˋ
凌遲,1,ㄌㄧㄥˊ ㄔˊ
凌晨,1,ㄌㄧㄥˊ ㄔㄣˊ
凌日,1,ㄌㄧㄥˊ ㄖˋ
凌辱,1,ㄌㄧㄥˊ ㄖㄨˋ
凌雲,1,ㄌㄧㄥˊ ㄩㄣˊ
凌雲壯志,1,ㄌㄧㄥˊ ㄩㄣˊ ㄓㄨㄤˋ ㄓˋ
淩,1,ㄌㄧㄥˊ
陵,1,ㄌㄧㄥˊ
陵墓,1,ㄌㄧㄥˊ ㄇㄨˋ
陵寢,1,ㄌㄧㄥˊ ㄑㄧㄣˇ
陵園,1,ㄌㄧㄥˊ ㄩㄢˊ
菱,1,ㄌㄧㄥˊ
菱形,1,ㄌㄧㄥˊ ㄒㄧㄥˊ
綾,1,ㄌㄧㄥˊ
櫺,1,ㄌㄧㄥˊ
靈,1,ㄌㄧㄥˊ
靈媒,1,ㄌㄧㄥˊ ㄇㄟˊ
靈敏,1,ㄌㄧㄥˊ ㄇㄧㄣˇ
靈敏度,1,ㄌㄧㄥˊ ㄇㄧㄣˇ ㄉㄨˋ
靈丹,1,ㄌㄧㄥˊ ㄉㄢ
靈丹妙藥,1,ㄌㄧㄥˊ ㄉㄢ ㄇㄧㄠˋ ㄧㄠˋ
靈堂,1,ㄌㄧㄥˊ ㄊㄤˊ
靈通,1,ㄌㄧㄥˊ ㄊㄨㄥ
靈感,1,ㄌㄧㄥˊ ㄍㄢˇ
靈骨塔,1,ㄌㄧㄥˊ ㄍㄨˇ ㄊㄚˇ
靈光,1,ㄌㄧㄥˊ ㄍㄨㄤ
靈活,1,ㄌㄧㄥˊ ㄏㄨㄛˊ
靈魂,1,ㄌㄧㄥˊ ㄏㄨㄣˊ
靈魂之窗,1,ㄌㄧㄥˊ ㄏㄨㄣˊ ㄓ ㄔㄨㄤ
靈魂人物,1,ㄌㄧㄥˊ ㄏㄨㄣˊ ㄖㄣˊ ㄨˋ
靈機一動,1,ㄌㄧㄥˊ ㄐㄧ ㄧ ㄉㄨㄥˋ
靈機一動,1,ㄌㄧㄥˊ ㄐㄧ ㄧˊ ㄉㄨㄥˋ
靈柩,1,ㄌㄧㄥˊ ㄐㄧㄡˋ
靈氣,1,ㄌㄧㄥˊ ㄑㄧˋ
靈巧,1,ㄌㄧㄥˊ ㄑㄧㄠˇ
靈犀相通,1,ㄌㄧㄥˊ ㄒㄧ ㄒㄧㄤ ㄊㄨㄥ
靈性,1,ㄌㄧㄥˊ ㄒㄧㄥˋ
靈芝,1,ㄌㄧㄥˊ ㄓ
靈長目,1,ㄌㄧㄥˊ ㄓㄤˇ ㄇㄨˋ
靈車,1,ㄌㄧㄥˊ ㄔㄜ
靈櫬,1,ㄌㄧㄥˊ ㄔㄣˋ
靈異,1,ㄌㄧㄥˊ ㄧˋ
靈藥,1,ㄌㄧㄥˊ ㄧㄠˋ
靈驗,1,ㄌㄧㄥˊ ㄧㄢˋ
靈物,1,ㄌㄧㄥˊ ㄨˋ
靈位,1,ㄌㄧㄥˊ ㄨㄟˋ
欞,1,ㄌㄧㄥˊ
領,1,ㄌㄧㄥˇ
領班,1,ㄌㄧㄥˇ ㄅㄢ
領帶,1,ㄌㄧㄥˇ ㄉㄞˋ
領帶夾,1,ㄌㄧㄥˇ ㄉㄞˋ ㄐㄧㄚˊ
領導,1,ㄌㄧㄥˇ ㄉㄠˇ
領導有方,1,ㄌㄧㄥˇ ㄉㄠˇ ㄧㄡˇ ㄈㄤ
領單,1,ㄌㄧㄥˇ ㄉㄢ
領地,1,ㄌㄧㄥˇ ㄉㄧˋ
領隊,1,ㄌㄧㄥˇ ㄉㄨㄟˋ
領檯,1,ㄌㄧㄥˇ ㄊㄞˊ
領頭,1,ㄌㄧㄥˇ ㄊㄡˊ
領土,1,ㄌㄧㄥˇ ㄊㄨˇ
領略,1,ㄌㄧㄥˇ ㄌㄩㄝˋ
領口,1,ㄌㄧㄥˇ ㄎㄡˇ
領款,1,ㄌㄧㄥˇ ㄎㄨㄢˇ
領空,1,ㄌㄧㄥˇ ㄎㄨㄥ
領海,1,ㄌㄧㄥˇ ㄏㄞˇ
領航,1,ㄌㄧㄥˇ ㄏㄤˊ
領航員,1,ㄌㄧㄥˇ ㄏㄤˊ ㄩㄢˊ
領回,1,ㄌㄧㄥˇ ㄏㄨㄟˊ
領會,1,ㄌㄧㄥˇ ㄏㄨㄟˋ
領結,1,ㄌㄧㄥˇ ㄐㄧㄝˊ
領教,1,ㄌㄧㄥˇ ㄐㄧㄠˋ
領巾,1,ㄌㄧㄥˇ ㄐㄧㄣ
領獎,1,ㄌㄧㄥˇ ㄐㄧㄤˇ
領軍,1,ㄌㄧㄥˇ ㄐㄩㄣ
領情,1,ㄌㄧㄥˇ ㄑㄧㄥˊ
領取,1,ㄌㄧㄥˇ ㄑㄩˇ
領圈,1,ㄌㄧㄥˇ ㄑㄩㄢ
領袖,1,ㄌㄧㄥˇ ㄒㄧㄡˋ
領袖人物,1,ㄌㄧㄥˇ ㄒㄧㄡˋ ㄖㄣˊ ㄨˋ
領先,1,ㄌㄧㄥˇ ㄒㄧㄢ
領先群倫,1,ㄌㄧㄥˇ ㄒㄧㄢ ㄑㄩㄣˊ ㄌㄨㄣˊ
領銜,1,ㄌㄧㄥˇ ㄒㄧㄢˊ
領章,1,ㄌㄧㄥˇ ㄓㄤ
領主,1,ㄌㄧㄥˇ ㄓㄨˇ
領唱,1,ㄌㄧㄥˇ ㄔㄤˋ
領事,1,ㄌㄧㄥˇ ㄕˋ
領事館,1,ㄌㄧㄥˇ ㄕˋ ㄍㄨㄢˇ
領受,1,ㄌㄧㄥˇ ㄕㄡˋ
領賞,1,ㄌㄧㄥˇ ㄕㄤˇ
領子,1,ㄌㄧㄥˇ ㄗ˙
領走,1,ㄌㄧㄥˇ ㄗㄡˇ
領罪,1,ㄌㄧㄥˇ ㄗㄨㄟˋ
領養,1,ㄌㄧㄥˇ ㄧㄤˇ
領悟,1,ㄌㄧㄥˇ ㄨˋ
領域,1,ㄌㄧㄥˇ ㄩˋ
嶺,1,ㄌㄧㄥˇ
另,1,ㄌㄧㄥˋ
另闢蹊徑,1,ㄌㄧㄥˋ ㄆㄧˋ ㄒㄧ ㄐㄧㄥˋ
另謀發展,1,ㄌㄧㄥˋ ㄇㄡˊ ㄈㄚ ㄓㄢˇ
另當別論,1,ㄌㄧㄥˋ ㄉㄤ ㄅㄧㄝˊ ㄌㄨㄣˋ
另類,1,ㄌㄧㄥˋ ㄌㄟˋ
另立門戶,1,ㄌㄧㄥˋ ㄌㄧˋ ㄇㄣˊ ㄏㄨˋ
另起爐灶,1,ㄌㄧㄥˋ ㄑㄧˇ ㄌㄨˊ ㄗㄠˋ
另請高明,1,ㄌㄧㄥˋ ㄑㄧㄥˇ ㄍㄠ ㄇㄧㄥˊ
另行,1,ㄌㄧㄥˋ ㄒㄧㄥˊ
另一半,1,ㄌㄧㄥˋ ㄧ ㄅㄢˋ
另一半,1,ㄌㄧㄥˋ ㄧˊ ㄅㄢˋ
另眼相看,1,ㄌㄧㄥˋ ㄧㄢˇ ㄒㄧㄤ ㄎㄢˋ
另外,1,ㄌㄧㄥˋ ㄨㄞˋ
令,1,ㄌㄧㄥˋ
令堂,1,ㄌㄧㄥˋ ㄊㄤˊ
令郎,1,ㄌㄧㄥˋ ㄌㄤˊ
令箭,1,ㄌㄧㄥˋ ㄐㄧㄢˋ
令出如山,1,ㄌㄧㄥˋ ㄔㄨ ㄖㄨˊ ㄕㄢ
令人不齒,1,ㄌㄧㄥˋ ㄖㄣˊ ㄅㄨˋ ㄔˇ
令人捧腹,1,ㄌㄧㄥˋ ㄖㄣˊ ㄆㄥˇ ㄈㄨˋ
令人髮指,1,ㄌㄧㄥˋ ㄖㄣˊ ㄈㄚˇ ㄓˇ
令人激賞,1,ㄌㄧㄥˋ ㄖㄣˊ ㄐㄧ ㄕㄤˇ
令人心寒,1,ㄌㄧㄥˋ ㄖㄣˊ ㄒㄧㄣ ㄏㄢˊ
令人矚目,1,ㄌㄧㄥˋ ㄖㄣˊ ㄓㄨˇ ㄇㄨˋ
令人扼腕,1,ㄌㄧㄥˋ ㄖㄣˊ ㄜˋ ㄨㄢˋ
令尊,1,ㄌㄧㄥˋ ㄗㄨㄣ
令嬡,1,ㄌㄧㄥˋ ㄞˋ
嚕,1,ㄌㄨ
嚕囌,1,ㄌㄨ ㄙㄨ
盧,1,ㄌㄨˊ
盧布,1,ㄌㄨˊ ㄅㄨˋ
瀘,1,ㄌㄨˊ
瀘水,1,ㄌㄨˊ ㄕㄨㄟˇ
廬,1,ㄌㄨˊ
廬山,1,ㄌㄨˊ ㄕㄢ
廬山真面目,1,ㄌㄨˊ ㄕㄢ ㄓㄣ ㄇㄧㄢˋ ㄇㄨˋ
壚,1,ㄌㄨˊ
爐,1,ㄌㄨˊ
爐門,1,ㄌㄨˊ ㄇㄣˊ
爐臺,1,ㄌㄨˊ ㄊㄞˊ
爐火,1,ㄌㄨˊ ㄏㄨㄛˇ
爐火純青,1,ㄌㄨˊ ㄏㄨㄛˇ ㄔㄨㄣˊ ㄑㄧㄥ
爐心,1,ㄌㄨˊ ㄒㄧㄣ
爐灶,1,ㄌㄨˊ ㄗㄠˋ
蘆,1,ㄌㄨˊ
蘆薈,1,ㄌㄨˊ ㄏㄨㄟˋ
蘆筍,1,ㄌㄨˊ ㄙㄨㄣˇ
蘆葦,1,ㄌㄨˊ ㄨㄟˇ
臚,1,ㄌㄨˊ
罏,1,ㄌㄨˊ
艫,1,ㄌㄨˊ
轤,1,ㄌㄨˊ
鑪,1,ㄌㄨˊ
顱,1,ㄌㄨˊ
顱骨,1,ㄌㄨˊ ㄍㄨˇ
鱸,1,ㄌㄨˊ
鹵,1,ㄌㄨˇ
鹵莽,1,ㄌㄨˇ ㄇㄤˇ
鹵素燈,1,ㄌㄨˇ ㄙㄨˋ ㄉㄥ
滷,1,ㄌㄨˇ
滷蛋,1,ㄌㄨˇ ㄉㄢˋ
滷味,1,ㄌㄨˇ ㄨㄟˋ
虜,1,ㄌㄨˇ
虜獲,1,ㄌㄨˇ ㄏㄨㄛˋ
擄,1,ㄌㄨˇ
擄掠,1,ㄌㄨˇ ㄌㄩㄝˋ
擄人勒贖,1,ㄌㄨˇ ㄖㄣˊ ㄌㄜˋ ㄕㄨˊ
魯,1,ㄌㄨˇ
魯莽,1,ㄌㄨˇ ㄇㄤˇ
魯鈍,1,ㄌㄨˇ ㄉㄨㄣˋ
櫓,1,ㄌㄨˇ
六,1,ㄌㄨˋ
鹿,1,ㄌㄨˋ
鹿角,1,ㄌㄨˋ ㄐㄧㄠˇ
鹿場,1,ㄌㄨˋ ㄔㄤˇ
鹿茸,1,ㄌㄨˋ ㄖㄨㄥˊ
鹿死誰手,1,ㄌㄨˋ ㄙˇ ㄕㄟˊ ㄕㄡˇ
漉,1,ㄌㄨˋ
簏,1,ㄌㄨˋ
轆,1,ㄌㄨˋ
轆轤,1,ㄌㄨˋ ㄌㄨˊ
麓,1,ㄌㄨˋ
陸,1,ㄌㄨˋ
陸地,1,ㄌㄨˋ ㄉㄧˋ
陸陸續續,1,ㄌㄨˋ ㄌㄨˋ ㄒㄩˋ ㄒㄩˋ
陸路,1,ㄌㄨˋ ㄌㄨˋ
陸軍,1,ㄌㄨˋ ㄐㄩㄣ
陸橋,1,ㄌㄨˋ ㄑㄧㄠˊ
陸續,1,ㄌㄨˋ ㄒㄩˋ
陸戰,1,ㄌㄨˋ ㄓㄢˋ
陸戰隊,1,ㄌㄨˋ ㄓㄢˋ ㄉㄨㄟˋ
陸運,1,ㄌㄨˋ ㄩㄣˋ
祿,1,ㄌㄨˋ
碌,1,ㄌㄨˋ
碌碌,1,ㄌㄨˋ ㄌㄨˋ
錄,1,ㄌㄨˋ
錄放影機,1,ㄌㄨˋ ㄈㄤˋ ㄧㄥˇ ㄐㄧ
錄取,1,ㄌㄨˋ ㄑㄩˇ
錄取率,1,ㄌㄨˋ ㄑㄩˇ ㄌㄩˋ
錄製,1,ㄌㄨˋ ㄓˋ
錄音,1,ㄌㄨˋ ㄧㄣ
錄音帶,1,ㄌㄨˋ ㄧㄣ ㄉㄞˋ
錄音機,1,ㄌㄨˋ ㄧㄣ ㄐㄧ
錄音間,1,ㄌㄨˋ ㄧㄣ ㄐㄧㄢ
錄音室,1,ㄌㄨˋ ㄧㄣ ㄕˋ
錄影,1,ㄌㄨˋ ㄧㄥˇ
錄影帶,1,ㄌㄨˋ ㄧㄥˇ ㄉㄞˋ
錄影機,1,ㄌㄨˋ ㄧㄥˇ ㄐㄧ
錄用,1,ㄌㄨˋ ㄩㄥˋ
籙,1,ㄌㄨˋ
賂,1,ㄌㄨˋ
路,1,ㄌㄨˋ
路標,1,ㄌㄨˋ ㄅㄧㄠ
路邊攤,1,ㄌㄨˋ ㄅㄧㄢ ㄊㄢ
路不拾遺,1,ㄌㄨˋ ㄅㄨˋ ㄕˊ ㄧˊ
路跑,1,ㄌㄨˋ ㄆㄠˇ
路面,1,ㄌㄨˋ ㄇㄧㄢˋ
路費,1,ㄌㄨˋ ㄈㄟˋ
路燈,1,ㄌㄨˋ ㄉㄥ
路隊,1,ㄌㄨˋ ㄉㄨㄟˋ
路段,1,ㄌㄨˋ ㄉㄨㄢˋ
路條,1,ㄌㄨˋ ㄊㄧㄠˊ
路途,1,ㄌㄨˋ ㄊㄨˊ
路軌,1,ㄌㄨˋ ㄍㄨㄟˇ
路過,1,ㄌㄨˋ ㄍㄨㄛˋ
路口,1,ㄌㄨˋ ㄎㄡˇ
路況,1,ㄌㄨˋ ㄎㄨㄤˋ
路基,1,ㄌㄨˋ ㄐㄧ
路肩,1,ㄌㄨˋ ㄐㄧㄢ
路見不平拔刀相助,1,ㄌㄨˋ ㄐㄧㄢˋ ㄅㄨˋ ㄆㄧㄥˊ ㄅㄚˊ ㄉㄠ ㄒㄧㄤ ㄓㄨˋ
路徑,1,ㄌㄨˋ ㄐㄧㄥˋ
路線,1,ㄌㄨˋ ㄒㄧㄢˋ
路障,1,ㄌㄨˋ ㄓㄤˋ
路程,1,ㄌㄨˋ ㄔㄥˊ
路試,1,ㄌㄨˋ ㄕˋ
路上,1,ㄌㄨˋ ㄕㄤˋ
路數,1,ㄌㄨˋ ㄕㄨˋ
路樹,1,ㄌㄨˋ ㄕㄨˋ
路人,1,ㄌㄨˋ ㄖㄣˊ
路子,1,ㄌㄨˋ ㄗ˙
路遙知馬力,1,ㄌㄨˋ ㄧㄠˊ ㄓ ㄇㄚˇ ㄌㄧˋ
路遙知馬力日久見人心,1,ㄌㄨˋ ㄧㄠˊ ㄓ ㄇㄚˇ ㄌㄧˋ ㄖˋ ㄐㄧㄡˇ ㄐㄧㄢˋ ㄖㄣˊ ㄒㄧㄣ
潞,1,ㄌㄨˋ
璐,1,ㄌㄨˋ
露,1,ㄌㄨˋ
露臺,1,ㄌㄨˋ ㄊㄞˊ
露天,1,ㄌㄨˋ ㄊㄧㄢ
露天電影,1,ㄌㄨˋ ㄊㄧㄢ ㄉㄧㄢˋ ㄧㄥˇ
露天劇場,1,ㄌㄨˋ ㄊㄧㄢ ㄐㄩˋ ㄔㄤˇ
露骨,1,ㄌㄨˋ ㄍㄨˇ
露珠,1,ㄌㄨˋ ㄓㄨ
露水,1,ㄌㄨˋ ㄕㄨㄟˇ
露水夫妻,1,ㄌㄨˋ ㄕㄨㄟˇ ㄈㄨ ㄑㄧ
露宿,1,ㄌㄨˋ ㄙㄨˋ
露營,1,ㄌㄨˋ ㄧㄥˊ
鷺,1,ㄌㄨˋ
鷺鷥,1,ㄌㄨˋ ㄙ
僇,1,ㄌㄨˋ
僇人,1,ㄌㄨˋ ㄖㄣˊ
蓼,1,ㄌㄨˋ
蓼蓼,1,ㄌㄨˋ ㄌㄨˋ
戮,1,ㄌㄨˋ
戮力,1,ㄌㄨˋ ㄌㄧˋ
氌,1,ㄌㄨˇ
囉,1,ㄌㄨㄛ
囉唆,1,ㄌㄨㄛ ㄙㄨㄛ
囉唆,1,ㄌㄨㄛ ㄙㄨㄛ˙
囉嗦,1,ㄌㄨㄛ ㄙㄨㄛ
囉嗦,1,ㄌㄨㄛ ㄙㄨㄛ˙
螺,1,ㄌㄨㄛˊ
螺貝,1,ㄌㄨㄛˊ ㄅㄟˋ
螺釘,1,ㄌㄨㄛˊ ㄉㄧㄥ
螺旋,1,ㄌㄨㄛˊ ㄒㄩㄢˊ
螺旋槳,1,ㄌㄨㄛˊ ㄒㄩㄢˊ ㄐㄧㄤˇ
螺旋狀,1,ㄌㄨㄛˊ ㄒㄩㄢˊ ㄓㄨㄤˋ
螺栓,1,ㄌㄨㄛˊ ㄕㄨㄢ
螺絲,1,ㄌㄨㄛˊ ㄙ
螺絲帽,1,ㄌㄨㄛˊ ㄙ ㄇㄠˋ
螺絲釘,1,ㄌㄨㄛˊ ㄙ ㄉㄧㄥ
螺絲起子,1,ㄌㄨㄛˊ ㄙ ㄑㄧˇ ㄗ˙
螺紋,1,ㄌㄨㄛˊ ㄨㄣˊ
騾,1,ㄌㄨㄛˊ
羅,1,ㄌㄨㄛˊ
羅盤,1,ㄌㄨㄛˊ ㄆㄢˊ
羅馬數字,1,ㄌㄨㄛˊ ㄇㄚˇ ㄕㄨˋ ㄗˋ
羅曼蒂克,1,ㄌㄨㄛˊ ㄇㄢˋ ㄉㄧˋ ㄎㄜˋ
羅曼史,1,ㄌㄨㄛˊ ㄇㄢˋ ㄕˇ
羅浮宮,1,ㄌㄨㄛˊ ㄈㄨˊ ㄍㄨㄥ
羅列,1,ㄌㄨㄛˊ ㄌㄧㄝˋ
羅漢,1,ㄌㄨㄛˊ ㄏㄢˋ
羅織,1,ㄌㄨㄛˊ ㄓ
羅致,1,ㄌㄨㄛˊ ㄓˋ
羅扇,1,ㄌㄨㄛˊ ㄕㄢˋ
羅宋湯,1,ㄌㄨㄛˊ ㄙㄨㄥˋ ㄊㄤ
儸,1,ㄌㄨㄛˊ
儸儸,1,ㄌㄨㄛˊ ㄌㄨㄛˊ
囉,1,ㄌㄨㄛˊ
玀,1,ㄌㄨㄛˊ
蘿,1,ㄌㄨㄛˊ
蘿蔔,1,ㄌㄨㄛˊ ㄅㄛˊ
蘿蔔,1,ㄌㄨㄛˊ ㄅㄛ˙
蘿蔔頭,1,ㄌㄨㄛˊ ㄅㄛˊ ㄊㄡˊ
蘿蔔頭,1,ㄌㄨㄛˊ ㄅㄛ ㄊㄡ˙
蘿蔔糕,1,ㄌㄨㄛˊ ㄅㄛˊ ㄍㄠ
蘿蔔糕,1,ㄌㄨㄛˊ ㄅㄛ˙ ㄍㄠ
蘿蔔乾,1,ㄌㄨㄛˊ ㄅㄛˊ ㄍㄢ
蘿蔔乾,1,ㄌㄨㄛˊ ㄅㄛ˙ ㄍㄢ
邏,1,ㄌㄨㄛˊ
邏輯,1,ㄌㄨㄛˊ ㄐㄧˊ
籮,1,ㄌㄨㄛˊ
籮筐,1,ㄌㄨㄛˊ ㄎㄨㄤ
鑼,1,ㄌㄨㄛˊ
鑼鼓,1,ㄌㄨㄛˊ ㄍㄨˇ
鑼鼓喧天,1,ㄌㄨㄛˊ ㄍㄨˇ ㄒㄩㄢ ㄊㄧㄢ
裸,1,ㄌㄨㄛˇ
裸奔,1,ㄌㄨㄛˇ ㄅㄣ
裸體,1,ㄌㄨㄛˇ ㄊㄧˇ
裸露,1,ㄌㄨㄛˇ ㄌㄨˋ
裸照,1,ㄌㄨㄛˇ ㄓㄠˋ
裸裎,1,ㄌㄨㄛˇ ㄔㄥˊ
裸身,1,ㄌㄨㄛˇ ㄕㄣ
洛,1,ㄌㄨㄛˋ
洛水,1,ㄌㄨㄛˋ ㄕㄨㄟˇ
洛陽紙貴,1,ㄌㄨㄛˋ ㄧㄤˊ ㄓˇ ㄍㄨㄟˋ
烙,1,ㄌㄨㄛˋ
珞,1,ㄌㄨㄛˋ
絡,1,ㄌㄨㄛˋ
絡繹,1,ㄌㄨㄛˋ ㄧˋ
絡繹不絕,1,ㄌㄨㄛˋ ㄧˋ ㄅㄨˋ ㄐㄩㄝˊ
酪,1,ㄌㄨㄛˋ
落,1,ㄌㄨㄛˋ
落敗,1,ㄌㄨㄛˋ ㄅㄞˋ
落榜,1,ㄌㄨㄛˋ ㄅㄤˇ
落筆,1,ㄌㄨㄛˋ ㄅㄧˇ
落寞,1,ㄌㄨㄛˋ ㄇㄛˋ
落幕,1,ㄌㄨㄛˋ ㄇㄨˋ
落髮,1,ㄌㄨㄛˋ ㄈㄚˇ
落單,1,ㄌㄨㄛˋ ㄉㄢ
落地,1,ㄌㄨㄛˋ ㄉㄧˋ
落地簽證,1,ㄌㄨㄛˋ ㄉㄧˋ ㄑㄧㄢ ㄓㄥˋ
落地窗,1,ㄌㄨㄛˋ ㄉㄧˋ ㄔㄨㄤ
落地生根,1,ㄌㄨㄛˋ ㄉㄧˋ ㄕㄥ ㄍㄣ
落第,1,ㄌㄨㄛˋ ㄉㄧˋ
落湯雞,1,ㄌㄨㄛˋ ㄊㄤ ㄐㄧ
落魄,1,ㄌㄨㄛˋ ㄊㄨㄛˋ
落難,1,ㄌㄨㄛˋ ㄋㄢˋ
落淚,1,ㄌㄨㄛˋ ㄌㄟˋ
落落大方,1,ㄌㄨㄛˋ ㄌㄨㄛˋ ㄉㄚˋ ㄈㄤ
落款,1,ㄌㄨㄛˋ ㄎㄨㄢˇ
落空,1,ㄌㄨㄛˋ ㄎㄨㄥ
落後,1,ㄌㄨㄛˋ ㄏㄡˋ
落戶,1,ㄌㄨㄛˋ ㄏㄨˋ
落花,1,ㄌㄨㄛˋ ㄏㄨㄚ
落花流水,1,ㄌㄨㄛˋ ㄏㄨㄚ ㄌㄧㄡˊ ㄕㄨㄟˇ
落花生,1,ㄌㄨㄛˋ ㄏㄨㄚ ㄕㄥ
落荒而逃,1,ㄌㄨㄛˋ ㄏㄨㄤ ㄦˊ ㄊㄠˊ
落籍,1,ㄌㄨㄛˋ ㄐㄧˊ
落井下石,1,ㄌㄨㄛˋ ㄐㄧㄥˇ ㄒㄧㄚˋ ㄕˊ
落下,1,ㄌㄨㄛˋ ㄒㄧㄚˋ
落選,1,ㄌㄨㄛˋ ㄒㄩㄢˇ
落差,1,ㄌㄨㄛˋ ㄔㄚ
落潮,1,ㄌㄨㄛˋ ㄔㄠˊ
落塵,1,ㄌㄨㄛˋ ㄔㄣˊ
落塵量,1,ㄌㄨㄛˋ ㄔㄣˊ ㄌㄧㄤˋ
落成,1,ㄌㄨㄛˋ ㄔㄥˊ
落石,1,ㄌㄨㄛˋ ㄕˊ
落實,1,ㄌㄨㄛˋ ㄕˊ
落水,1,ㄌㄨㄛˋ ㄕㄨㄟˇ
落水狗,1,ㄌㄨㄛˋ ㄕㄨㄟˇ ㄍㄡˇ
落日,1,ㄌㄨㄛˋ ㄖˋ
落日條款,1,ㄌㄨㄛˋ ㄖˋ ㄊㄧㄠˊ ㄎㄨㄢˇ
落人口實,1,ㄌㄨㄛˋ ㄖㄣˊ ㄎㄡˇ ㄕˊ
落人笑柄,1,ㄌㄨㄛˋ ㄖㄣˊ ㄒㄧㄠˋ ㄅㄧㄥˇ
落葉,1,ㄌㄨㄛˋ ㄧㄝˋ
落葉歸根,1,ㄌㄨㄛˋ ㄧㄝˋ ㄍㄨㄟ ㄍㄣ
落伍,1,ㄌㄨㄛˋ ㄨˇ
落網,1,ㄌㄨㄛˋ ㄨㄤˇ
落雨,1,ㄌㄨㄛˋ ㄩˇ
雒,1,ㄌㄨㄛˋ
駱,1,ㄌㄨㄛˋ
駱馬,1,ㄌㄨㄛˋ ㄇㄚˇ
駱駝,1,ㄌㄨㄛˋ ㄊㄨㄛˊ
漯,1,ㄌㄨㄛˋ
漯河,1,ㄌㄨㄛˋ ㄏㄜˊ
犖,1,ㄌㄨㄛˋ
巒,1,ㄌㄨㄢˊ
孿,1,ㄌㄨㄢˊ
孿生,1,ㄌㄨㄢˊ ㄕㄥ
欒,1,ㄌㄨㄢˊ
欒樹,1,ㄌㄨㄢˊ ㄕㄨˋ
攣,1,ㄌㄨㄢˊ
臠,1,ㄌㄨㄢˊ
灤,1,ㄌㄨㄢˊ
灤河,1,ㄌㄨㄢˊ ㄏㄜˊ
鑾,1,ㄌㄨㄢˊ
鸞,1,ㄌㄨㄢˊ
鸞鳳和鳴,1,ㄌㄨㄢˊ ㄈㄥˋ ㄏㄜˊ ㄇㄧㄥˊ
卵,1,ㄌㄨㄢˇ
卵白,1,ㄌㄨㄢˇ ㄅㄞˊ
卵黃,1,ㄌㄨㄢˇ ㄏㄨㄤˊ
卵細胞,1,ㄌㄨㄢˇ ㄒㄧˋ ㄅㄠ
卵形,1,ㄌㄨㄢˇ ㄒㄧㄥˊ
卵巢,1,ㄌㄨㄢˇ ㄔㄠˊ
卵巢癌,1,ㄌㄨㄢˇ ㄔㄠˊ ㄞˊ
卵石,1,ㄌㄨㄢˇ ㄕˊ
卵生,1,ㄌㄨㄢˇ ㄕㄥ
卵子,1,ㄌㄨㄢˇ ㄗˇ
亂,1,ㄌㄨㄢˋ
亂麻,1,ㄌㄨㄢˋ ㄇㄚˊ
亂紛紛,1,ㄌㄨㄢˋ ㄈㄣ ㄈㄣ
亂來,1,ㄌㄨㄢˋ ㄌㄞˊ
亂流,1,ㄌㄨㄢˋ ㄌㄧㄡˊ
亂倫,1,ㄌㄨㄢˋ ㄌㄨㄣˊ
亂蓋,1,ㄌㄨㄢˋ ㄍㄞˋ
亂集團,1,ㄌㄨㄢˋ ㄐㄧˊ ㄊㄨㄢˊ
亂紀,1,ㄌㄨㄢˋ ㄐㄧˋ
亂軍,1,ㄌㄨㄢˋ ㄐㄩㄣ
亂七八糟,1,ㄌㄨㄢˋ ㄑㄧ ㄅㄚ ㄗㄠ
亂性,1,ㄌㄨㄢˋ ㄒㄧㄥˋ
亂中有序,1,ㄌㄨㄢˋ ㄓㄨㄥ ㄧㄡˇ ㄒㄩˋ
亂臣賊子,1,ㄌㄨㄢˋ ㄔㄣˊ ㄗㄟˊ ㄗˇ
亂成一團,1,ㄌㄨㄢˋ ㄔㄥˊ ㄧ ㄊㄨㄢˊ
亂成一團,1,ㄌㄨㄢˋ ㄔㄥˊ ㄧˋ ㄊㄨㄢˊ
亂闖,1,ㄌㄨㄢˋ ㄔㄨㄤˇ
亂世,1,ㄌㄨㄢˋ ㄕˋ
亂事,1,ㄌㄨㄢˋ ㄕˋ
亂視,1,ㄌㄨㄢˋ ㄕˋ
亂說,1,ㄌㄨㄢˋ ㄕㄨㄛ
亂子,1,ㄌㄨㄢˋ ㄗ˙
亂源,1,ㄌㄨㄢˋ ㄩㄢˊ
掄,1,ㄌㄨㄣ
侖,1,ㄌㄨㄣˊ
倫,1,ㄌㄨㄣˊ
倫巴,1,ㄌㄨㄣˊ ㄅㄚ
倫理,1,ㄌㄨㄣˊ ㄌㄧˇ
倫理學,1,ㄌㄨㄣˊ ㄌㄧˇ ㄒㄩㄝˊ
倫常,1,ㄌㄨㄣˊ ㄔㄤˊ
倫次,1,ㄌㄨㄣˊ ㄘˋ
淪,1,ㄌㄨㄣˊ
淪落,1,ㄌㄨㄣˊ ㄌㄨㄛˋ
淪陷,1,ㄌㄨㄣˊ ㄒㄧㄢˋ
淪喪,1,ㄌㄨㄣˊ ㄙㄤˋ
淪亡,1,ㄌㄨㄣˊ ㄨㄤˊ
掄,1,ㄌㄨㄣˊ
掄元,1,ㄌㄨㄣˊ ㄩㄢˊ
圇,1,ㄌㄨㄣˊ
崙,1,ㄌㄨㄣˊ
綸,1,ㄌㄨㄣˊ
論,1,ㄌㄨㄣˊ
論孟,1,ㄌㄨㄣˊ ㄇㄥˋ
論語,1,ㄌㄨㄣˊ ㄩˇ
輪,1,ㄌㄨㄣˊ
輪班,1,ㄌㄨㄣˊ ㄅㄢ
輪盤,1,ㄌㄨㄣˊ ㄆㄢˊ
輪番,1,ㄌㄨㄣˊ ㄈㄢ
輪番上陣,1,ㄌㄨㄣˊ ㄈㄢ ㄕㄤˋ ㄓㄣˋ
輪調,1,ㄌㄨㄣˊ ㄉㄧㄠˋ
輪渡,1,ㄌㄨㄣˊ ㄉㄨˋ
輪胎,1,ㄌㄨㄣˊ ㄊㄞ
輪替,1,ㄌㄨㄣˊ ㄊㄧˋ
輪流,1,ㄌㄨㄣˊ ㄌㄧㄡˊ
輪廓,1,ㄌㄨㄣˊ ㄎㄨㄛˋ
輪迴,1,ㄌㄨㄣˊ ㄏㄨㄟˊ
輪換,1,ㄌㄨㄣˊ ㄏㄨㄢˋ
輪機,1,ㄌㄨㄣˊ ㄐㄧ
輪圈,1,ㄌㄨㄣˊ ㄑㄩㄢ
輪休,1,ㄌㄨㄣˊ ㄒㄧㄡ
輪值,1,ㄌㄨㄣˊ ㄓˊ
輪軸,1,ㄌㄨㄣˊ ㄓㄡˊ
輪船,1,ㄌㄨㄣˊ ㄔㄨㄢˊ
輪子,1,ㄌㄨㄣˊ ㄗ˙
輪作,1,ㄌㄨㄣˊ ㄗㄨㄛˋ
輪椅,1,ㄌㄨㄣˊ ㄧˇ
論,1,ㄌㄨㄣˋ
論辯,1,ㄌㄨㄣˋ ㄅㄧㄢˋ
論調,1,ㄌㄨㄣˋ ㄉㄧㄠˋ
論點,1,ㄌㄨㄣˋ ㄉㄧㄢˇ
論定,1,ㄌㄨㄣˋ ㄉㄧㄥˋ
論斷,1,ㄌㄨㄣˋ ㄉㄨㄢˋ
論壇,1,ㄌㄨㄣˋ ㄊㄢˊ
論理,1,ㄌㄨㄣˋ ㄌㄧˇ
論功行賞,1,ㄌㄨㄣˋ ㄍㄨㄥ ㄒㄧㄥˊ ㄕㄤˇ
論及婚嫁,1,ㄌㄨㄣˋ ㄐㄧˊ ㄏㄨㄣ ㄐㄧㄚˋ
論據,1,ㄌㄨㄣˋ ㄐㄩˋ
論戰,1,ㄌㄨㄣˋ ㄓㄢˋ
論爭,1,ㄌㄨㄣˋ ㄓㄥ
論政,1,ㄌㄨㄣˋ ㄓㄥˋ
論著,1,ㄌㄨㄣˋ ㄓㄨˋ
論述,1,ㄌㄨㄣˋ ㄕㄨˋ
論說,1,ㄌㄨㄣˋ ㄕㄨㄛ
論說文,1,ㄌㄨㄣˋ ㄕㄨㄛ ㄨㄣˊ
論文,1,ㄌㄨㄣˋ ㄨㄣˊ
隆,1,ㄌㄨㄥˊ
隆鼻,1,ㄌㄨㄥˊ ㄅㄧˊ
隆德,1,ㄌㄨㄥˊ ㄉㄜˊ
隆冬,1,ㄌㄨㄥˊ ㄉㄨㄥ
隆隆,1,ㄌㄨㄥˊ ㄌㄨㄥˊ
隆起,1,ㄌㄨㄥˊ ㄑㄧˇ
隆重,1,ㄌㄨㄥˊ ㄓㄨㄥˋ
隆盛,1,ㄌㄨㄥˊ ㄕㄥˋ
隆乳,1,ㄌㄨㄥˊ ㄖㄨˇ
隆恩,1,ㄌㄨㄥˊ ㄣ
窿,1,ㄌㄨㄥˊ
龍,1,ㄌㄨㄥˊ
龍袍,1,ㄌㄨㄥˊ ㄆㄠˊ
龍蟠虎踞,1,ㄌㄨㄥˊ ㄆㄢˊ ㄏㄨˇ ㄐㄩˋ
龍馬,1,ㄌㄨㄥˊ ㄇㄚˇ
龍馬精神,1,ㄌㄨㄥˊ ㄇㄚˇ ㄐㄧㄥ ㄕㄣˊ
龍脈,1,ㄌㄨㄥˊ ㄇㄞˋ
龍門,1,ㄌㄨㄥˊ ㄇㄣˊ
龍飛鳳舞,1,ㄌㄨㄥˊ ㄈㄟ ㄈㄥˋ ㄨˇ
龍鳳,1,ㄌㄨㄥˊ ㄈㄥˋ
龍鳳餅,1,ㄌㄨㄥˊ ㄈㄥˋ ㄅㄧㄥˇ
龍鳳呈祥,1,ㄌㄨㄥˊ ㄈㄥˋ ㄔㄥˊ ㄒㄧㄤˊ
龍套,1,ㄌㄨㄥˊ ㄊㄠˋ
龍頭,1,ㄌㄨㄥˊ ㄊㄡˊ
龍頭老大,1,ㄌㄨㄥˊ ㄊㄡˊ ㄌㄠˇ ㄉㄚˋ
龍潭虎穴,1,ㄌㄨㄥˊ ㄊㄢˊ ㄏㄨˇ ㄒㄩㄝˋ
龍騰虎躍,1,ㄌㄨㄥˊ ㄊㄥˊ ㄏㄨˇ ㄩㄝˋ
龍吐珠,1,ㄌㄨㄥˊ ㄊㄨˇ ㄓㄨ
龍肝鳳髓,1,ㄌㄨㄥˊ ㄍㄢ ㄈㄥˋ ㄙㄨㄟˇ
龍骨,1,ㄌㄨㄥˊ ㄍㄨˇ
龍宮,1,ㄌㄨㄥˊ ㄍㄨㄥ
龍困淺灘,1,ㄌㄨㄥˊ ㄎㄨㄣˋ ㄑㄧㄢˇ ㄊㄢ
龍虎鬥,1,ㄌㄨㄥˊ ㄏㄨˇ ㄉㄡˋ
龍井,1,ㄌㄨㄥˊ ㄐㄧㄥˇ
龍捲風,1,ㄌㄨㄥˊ ㄐㄩㄢˇ ㄈㄥ
龍泉,1,ㄌㄨㄥˊ ㄑㄩㄢˊ
龍蝦,1,ㄌㄨㄥˊ ㄒㄧㄚ
龍行虎步,1,ㄌㄨㄥˊ ㄒㄧㄥˊ ㄏㄨˇ ㄅㄨˋ
龍鬚,1,ㄌㄨㄥˊ ㄒㄩ
龍鬚菜,1,ㄌㄨㄥˊ ㄒㄩ ㄘㄞˋ
龍穴,1,ㄌㄨㄥˊ ㄒㄩㄝˋ
龍舟,1,ㄌㄨㄥˊ ㄓㄡ
龍舟賽,1,ㄌㄨㄥˊ ㄓㄡ ㄙㄞˋ
龍爭虎鬥,1,ㄌㄨㄥˊ ㄓㄥ ㄏㄨˇ ㄉㄡˋ
龍珠,1,ㄌㄨㄥˊ ㄓㄨ
龍鍾,1,ㄌㄨㄥˊ ㄓㄨㄥ
龍船,1,ㄌㄨㄥˊ ㄔㄨㄢˊ
龍床,1,ㄌㄨㄥˊ ㄔㄨㄤˊ
龍舌蘭,1,ㄌㄨㄥˊ ㄕㄜˊ ㄌㄢˊ
龍蛇混雜,1,ㄌㄨㄥˊ ㄕㄜˊ ㄏㄨㄣˋ ㄗㄚˊ
龍蛇雜處,1,ㄌㄨㄥˊ ㄕㄜˊ ㄗㄚˊ ㄔㄨˇ
龍子,1,ㄌㄨㄥˊ ㄗˇ
龍眼,1,ㄌㄨㄥˊ ㄧㄢˇ
龍吟虎嘯,1,ㄌㄨㄥˊ ㄧㄣˊ ㄏㄨˇ ㄒㄧㄠˋ
龍王,1,ㄌㄨㄥˊ ㄨㄤˊ
瀧,1,ㄌㄨㄥˊ
嚨,1,ㄌㄨㄥˊ
瓏,1,ㄌㄨㄥˊ
朧,1,ㄌㄨㄥˊ
礱,1,ㄌㄨㄥˊ
矓,1,ㄌㄨㄥˊ
聾,1,ㄌㄨㄥˊ
聾胞,1,ㄌㄨㄥˊ ㄅㄠ
聾人,1,ㄌㄨㄥˊ ㄖㄣˊ
聾啞,1,ㄌㄨㄥˊ ㄧㄚˇ
籠,1,ㄌㄨㄥˊ
籠統,1,ㄌㄨㄥˊ ㄊㄨㄥˇ
籠絡,1,ㄌㄨㄥˊ ㄌㄨㄛˋ
籠罩,1,ㄌㄨㄥˊ ㄓㄠˋ
籠中鳥,1,ㄌㄨㄥˊ ㄓㄨㄥ ㄋㄧㄠˇ
籠子,1,ㄌㄨㄥˊ ㄗ˙
壟,1,ㄌㄨㄥˇ
壟斷,1,ㄌㄨㄥˇ ㄉㄨㄢˋ
攏,1,ㄌㄨㄥˇ
隴,1,ㄌㄨㄥˇ
弄,1,ㄌㄨㄥˋ
弄堂,1,ㄌㄨㄥˋ ㄊㄤˊ
衖,1,ㄌㄨㄥˋ
閭,1,ㄌㄩˊ
櫚,1,ㄌㄩˊ
驢,1,ㄌㄩˊ
驢子,1,ㄌㄩˊ ㄗ˙
呂,1,ㄌㄩˇ
侶,1,ㄌㄩˇ
鋁,1,ㄌㄩˇ
鋁箔,1,ㄌㄩˇ ㄅㄛˊ
鋁箔包,1,ㄌㄩˇ ㄅㄛˊ ㄅㄠ
鋁罐,1,ㄌㄩˇ ㄍㄨㄢˋ
鋁合金,1,ㄌㄩˇ ㄏㄜˊ ㄐㄧㄣ
旅,1,ㄌㄩˇ
旅費,1,ㄌㄩˇ ㄈㄟˋ
旅店,1,ㄌㄩˇ ㄉㄧㄢˋ
旅途,1,ㄌㄩˇ ㄊㄨˊ
旅館,1,ㄌㄩˇ ㄍㄨㄢˇ
旅客,1,ㄌㄩˇ ㄎㄜˋ
旅居,1,ㄌㄩˇ ㄐㄩ
旅行,1,ㄌㄩˇ ㄒㄧㄥˊ
旅行團,1,ㄌㄩˇ ㄒㄧㄥˊ ㄊㄨㄢˊ
旅行支票,1,ㄌㄩˇ ㄒㄧㄥˊ ㄓ ㄆㄧㄠˋ
旅行車,1,ㄌㄩˇ ㄒㄧㄥˊ ㄔㄜ
旅行社,1,ㄌㄩˇ ㄒㄧㄥˊ ㄕㄜˋ
旅長,1,ㄌㄩˇ ㄓㄤˇ
旅程,1,ㄌㄩˇ ㄔㄥˊ
旅社,1,ㄌㄩˇ ㄕㄜˋ
旅人,1,ㄌㄩˇ ㄖㄣˊ
旅遊,1,ㄌㄩˇ ㄧㄡˊ
旅遊手冊,1,ㄌㄩˇ ㄧㄡˊ ㄕㄡˇ ㄘㄜˋ
婁,1,ㄌㄩˇ
屢,1,ㄌㄩˇ
屢敗屢戰,1,ㄌㄩˇ ㄅㄞˋ ㄌㄩˇ ㄓㄢˋ
屢仆屢起,1,ㄌㄩˇ ㄆㄨ ㄌㄩˇ ㄑㄧˇ
屢屢,1,ㄌㄩˇ ㄌㄩˇ
屢見不鮮,1,ㄌㄩˇ ㄐㄧㄢˋ ㄅㄨˋ ㄒㄧㄢ
屢戰屢敗,1,ㄌㄩˇ ㄓㄢˋ ㄌㄩˇ ㄅㄞˋ
屢出新招,1,ㄌㄩˇ ㄔㄨ ㄒㄧㄣ ㄓㄠ
屢試不爽,1,ㄌㄩˇ ㄕˋ ㄅㄨˋ ㄕㄨㄤˇ
屢次,1,ㄌㄩˇ ㄘˋ
褸,1,ㄌㄩˇ
縷,1,ㄌㄩˇ
縷縷,1,ㄌㄩˇ ㄌㄩˇ
履,1,ㄌㄩˇ
履帶,1,ㄌㄩˇ ㄉㄞˋ
履歷表,1,ㄌㄩˇ ㄌㄧˋ ㄅㄧㄠˇ
履險如夷,1,ㄌㄩˇ ㄒㄧㄢˇ ㄖㄨˊ ㄧˊ
履行,1,ㄌㄩˇ ㄒㄧㄥˊ
履約,1,ㄌㄩˇ ㄩㄝ
律,1,ㄌㄩˋ
律法,1,ㄌㄩˋ ㄈㄚˇ
律動,1,ㄌㄩˋ ㄉㄨㄥˋ
律動感,1,ㄌㄩˋ ㄉㄨㄥˋ ㄍㄢˇ
律動教學,1,ㄌㄩˋ ㄉㄨㄥˋ ㄐㄧㄠˋ ㄒㄩㄝˊ
律呂,1,ㄌㄩˋ ㄌㄩˇ
律己,1,ㄌㄩˋ ㄐㄧˇ
律師,1,ㄌㄩˋ ㄕ
律詩,1,ㄌㄩˋ ㄕ
率,1,ㄌㄩˋ
氯,1,ㄌㄩˋ
氯黴素,1,ㄌㄩˋ ㄇㄟˊ ㄙㄨˋ
氯化鉀,1,ㄌㄩˋ ㄏㄨㄚˋ ㄐㄧㄚˇ
氯氣,1,ㄌㄩˋ ㄑㄧˋ
氯乙烯,1,ㄌㄩˋ ㄧˇ ㄒㄧ
綠,1,ㄌㄩˋ
綠帽,1,ㄌㄩˋ ㄇㄠˋ
綠肥,1,ㄌㄩˋ ㄈㄟˊ
綠豆,1,ㄌㄩˋ ㄉㄡˋ
綠燈,1,ㄌㄩˋ ㄉㄥ
綠地,1,ㄌㄩˋ ㄉㄧˋ
綠籬,1,ㄌㄩˋ ㄌㄧˊ
綠林,1,ㄌㄩˋ ㄌㄧㄣˊ
綠林好漢,1,ㄌㄩˋ ㄌㄧㄣˊ ㄏㄠˇ ㄏㄢˋ
綠卡,1,ㄌㄩˋ ㄎㄚˇ
綠化,1,ㄌㄩˋ ㄏㄨㄚˋ
綠洲,1,ㄌㄩˋ ㄓㄡ
綠茶,1,ㄌㄩˋ ㄔㄚˊ
綠水,1,ㄌㄩˋ ㄕㄨㄟˇ
綠人,1,ㄌㄩˋ ㄖㄣˊ
綠藻,1,ㄌㄩˋ ㄗㄠˇ
綠草如茵,1,ㄌㄩˋ ㄘㄠˇ ㄖㄨˊ ㄧㄣ
綠色,1,ㄌㄩˋ ㄙㄜˋ
綠色電腦,1,ㄌㄩˋ ㄙㄜˋ ㄉㄧㄢˋ ㄋㄠˇ
綠色和平,1,ㄌㄩˋ ㄙㄜˋ ㄏㄜˊ ㄆㄧㄥˊ
綠色消費,1,ㄌㄩˋ ㄙㄜˋ ㄒㄧㄠ ㄈㄟˋ
綠色植物,1,ㄌㄩˋ ㄙㄜˋ ㄓˊ ㄨˋ
綠衣使者,1,ㄌㄩˋ ㄧ ㄕˇ ㄓㄜˇ
綠意,1,ㄌㄩˋ ㄧˋ
綠野,1,ㄌㄩˋ ㄧㄝˇ
綠葉,1,ㄌㄩˋ ㄧㄝˋ
綠油油,1,ㄌㄩˋ ㄧㄡˊ ㄧㄡˊ
綠蔭,1,ㄌㄩˋ ㄧㄣˋ
慮,1,ㄌㄩˋ
濾,1,ㄌㄩˋ
濾過性病毒,1,ㄌㄩˋ ㄍㄨㄛˋ ㄒㄧㄥˋ ㄅㄧㄥˋ ㄉㄨˊ
濾光鏡,1,ㄌㄩˋ ㄍㄨㄤ ㄐㄧㄥˋ
濾器,1,ㄌㄩˋ ㄑㄧˋ
濾心,1,ㄌㄩˋ ㄒㄧㄣ
濾紙,1,ㄌㄩˋ ㄓˇ
濾水池,1,ㄌㄩˋ ㄕㄨㄟˇ ㄔˊ
濾嘴,1,ㄌㄩˋ ㄗㄨㄟˇ
壘,1,ㄌㄩˋ
掠,1,ㄌㄩㄝˋ
掠美,1,ㄌㄩㄝˋ ㄇㄟˇ
掠奪,1,ㄌㄩㄝˋ ㄉㄨㄛˊ
掠食者,1,ㄌㄩㄝˋ ㄕˊ ㄓㄜˇ
掠殺,1,ㄌㄩㄝˋ ㄕㄚ
掠影,1,ㄌㄩㄝˋ ㄧㄥˇ
略,1,ㄌㄩㄝˋ
略略,1,ㄌㄩㄝˋ ㄌㄩㄝˋ
略遜一籌,1,ㄌㄩㄝˋ ㄒㄩㄣˋ ㄧ ㄔㄡˊ
略遜一籌,1,ㄌㄩㄝˋ ㄒㄩㄣˋ ㄧˋ ㄔㄡˊ
略知皮毛,1,ㄌㄩㄝˋ ㄓ ㄆㄧˊ ㄇㄠˊ
略施薄懲,1,ㄌㄩㄝˋ ㄕ ㄅㄛˊ ㄔㄥˊ
略勝一籌,1,ㄌㄩㄝˋ ㄕㄥˋ ㄧ ㄔㄡˊ
略勝一籌,1,ㄌㄩㄝˋ ㄕㄥˋ ㄧˋ ㄔㄡˊ
略有耳聞,1,ㄌㄩㄝˋ ㄧㄡˇ ㄦˇ ㄨㄣˊ
旮,1,ㄍㄚ
旮旯兒,1,ㄍㄚ ㄌㄚˊ ㄦ
嘎,1,ㄍㄚ
嘎嘎,1,ㄍㄚ ㄍㄚ
軋,1,ㄍㄚˊ
軋頭寸,1,ㄍㄚˊ ㄊㄡˊ ㄘㄨㄣˋ
軋進,1,ㄍㄚˊ ㄐㄧㄣˋ
軋戲,1,ㄍㄚˊ ㄒㄧˋ
尬,1,ㄍㄚˋ
戈,1,ㄍㄜ
戈壁,1,ㄍㄜ ㄅㄧˋ
疙,1,ㄍㄜ
疙瘩,1,ㄍㄜ ㄉㄚˊ
疙瘩,1,ㄍㄜ ㄉㄚ˙
咯,1,ㄍㄜ
咯咯作響,1,ㄍㄜ ㄍㄜ ㄗㄨㄛˋ ㄒㄧㄤˇ
胳,1,ㄍㄜ
胳膊,1,ㄍㄜ ㄅㄛˊ
胳臂,1,ㄍㄜ ㄅㄧˋ
擱,1,ㄍㄜ
擱淺,1,ㄍㄜ ㄑㄧㄢˇ
擱下,1,ㄍㄜ ㄒㄧㄚˋ
擱置,1,ㄍㄜ ㄓˋ
哥,1,ㄍㄜ
哥哥,1,ㄍㄜ ㄍㄜ˙
哥兒們,1,ㄍㄜ ㄦ ㄇㄣ˙
哥兒倆,1,ㄍㄜ ㄦ ㄌㄧㄚˇ
歌,1,ㄍㄜ
歌譜,1,ㄍㄜ ㄆㄨˇ
歌迷,1,ㄍㄜ ㄇㄧˊ
歌壇,1,ㄍㄜ ㄊㄢˊ
歌廳,1,ㄍㄜ ㄊㄧㄥ
歌女,1,ㄍㄜ ㄋㄩˇ
歌功頌德,1,ㄍㄜ ㄍㄨㄥ ㄙㄨㄥˋ ㄉㄜˊ
歌喉,1,ㄍㄜ ㄏㄡˊ
歌劇,1,ㄍㄜ ㄐㄩˋ
歌曲,1,ㄍㄜ ㄑㄩˇ
歌星,1,ㄍㄜ ㄒㄧㄥ
歌唱,1,ㄍㄜ ㄔㄤˋ
歌手,1,ㄍㄜ ㄕㄡˇ
歌仔戲,1,ㄍㄜ ㄗˇ ㄒㄧˋ
歌詞,1,ㄍㄜ ㄘˊ
歌頌,1,ㄍㄜ ㄙㄨㄥˋ
歌謠,1,ㄍㄜ ㄧㄠˊ
歌友會,1,ㄍㄜ ㄧㄡˇ ㄏㄨㄟˋ
歌舞,1,ㄍㄜ ㄨˇ
歌舞昇平,1,ㄍㄜ ㄨˇ ㄕㄥ ㄆㄧㄥˊ
歌詠,1,ㄍㄜ ㄩㄥˇ
割,1,ㄍㄜ
割地,1,ㄍㄜ ㄉㄧˋ
割斷,1,ㄍㄜ ㄉㄨㄢˋ
割雞焉用牛刀,1,ㄍㄜ ㄐㄧ ㄧㄢ ㄩㄥˋ ㄋㄧㄡˊ ㄉㄠ
割據,1,ㄍㄜ ㄐㄩˋ
割除,1,ㄍㄜ ㄔㄨˊ
割捨,1,ㄍㄜ ㄕㄜˇ
割傷,1,ㄍㄜ ㄕㄤ
割讓,1,ㄍㄜ ㄖㄤˋ
割愛,1,ㄍㄜ ㄞˋ
鴿,1,ㄍㄜ
鴿派,1,ㄍㄜ ㄆㄞˋ
鴿樓,1,ㄍㄜ ㄌㄡˊ
鴿子,1,ㄍㄜ ㄗ˙
革,1,ㄍㄜˊ
革命,1,ㄍㄜˊ ㄇㄧㄥˋ
革舊,1,ㄍㄜˊ ㄐㄧㄡˋ
革心,1,ㄍㄜˊ ㄒㄧㄣ
革新,1,ㄍㄜˊ ㄒㄧㄣ
革職,1,ㄍㄜˊ ㄓˊ
革除,1,ㄍㄜˊ ㄔㄨˊ
格,1,ㄍㄜˊ
格鬥,1,ㄍㄜˊ ㄉㄡˋ
格調,1,ㄍㄜˊ ㄉㄧㄠˋ
格格不入,1,ㄍㄜˊ ㄍㄜˊ ㄅㄨˋ ㄖㄨˋ
格格不入,1,ㄍㄜˊ ㄍㄜˊ ㄅㄨˊ ㄖㄨˋ
格局,1,ㄍㄜˊ ㄐㄩˊ
格式,1,ㄍㄜˊ ㄕˋ
格殺,1,ㄍㄜˊ ㄕㄚ
格子,1,ㄍㄜˊ ㄗ˙
格言,1,ㄍㄜˊ ㄧㄢˊ
格物致知,1,ㄍㄜˊ ㄨˋ ㄓˋ ㄓ
格外,1,ㄍㄜˊ ㄨㄞˋ
閣,1,ㄍㄜˊ
閣樓,1,ㄍㄜˊ ㄌㄡˊ
閣揆,1,ㄍㄜˊ ㄎㄨㄟˊ
閣下,1,ㄍㄜˊ ㄒㄧㄚˋ
閣員,1,ㄍㄜˊ ㄩㄢˊ
骼,1,ㄍㄜˊ
鬲,1,ㄍㄜˊ
嗝,1,ㄍㄜˊ
隔,1,ㄍㄜˊ
隔板,1,ㄍㄜˊ ㄅㄢˇ
隔壁,1,ㄍㄜˊ ㄅㄧˋ
隔膜,1,ㄍㄜˊ ㄇㄛˊ
隔代,1,ㄍㄜˊ ㄉㄞˋ
隔離,1,ㄍㄜˊ ㄌㄧˊ
隔鄰,1,ㄍㄜˊ ㄌㄧㄣˊ
隔閡,1,ㄍㄜˊ ㄏㄜˊ
隔海,1,ㄍㄜˊ ㄏㄞˇ
隔行如隔山,1,ㄍㄜˊ ㄏㄤˊ ㄖㄨˊ ㄍㄜˊ ㄕㄢ
隔間,1,ㄍㄜˊ ㄐㄧㄢ
隔絕,1,ㄍㄜˊ ㄐㄩㄝˊ
隔牆有耳,1,ㄍㄜˊ ㄑㄧㄤˊ ㄧㄡˇ ㄦˇ
隔靴搔癢,1,ㄍㄜˊ ㄒㄩㄝ ㄙㄠ ㄧㄤˇ
隔日,1,ㄍㄜˊ ㄖˋ
隔熱,1,ㄍㄜˊ ㄖㄜˋ
隔岸,1,ㄍㄜˊ ㄢˋ
隔岸觀火,1,ㄍㄜˊ ㄢˋ ㄍㄨㄢ ㄏㄨㄛˇ
隔夜,1,ㄍㄜˊ ㄧㄝˋ
隔音,1,ㄍㄜˊ ㄧㄣ
膈,1,ㄍㄜˊ
膈膜,1,ㄍㄜˊ ㄇㄛˊ
翮,1,ㄍㄜˊ
鎘,1,ㄍㄜˊ
蛤,1,ㄍㄜˊ
蛤蜊,1,ㄍㄜˊ ㄌㄧˊ
蛤蚧,1,ㄍㄜˊ ㄐㄧㄝˋ
閤,1,ㄍㄜˊ
葛,1,ㄍㄜˊ
噶,1,ㄍㄜˊ
合,1,ㄍㄜˇ
個,1,ㄍㄜˇ
舸,1,ㄍㄜˇ
葛,1,ㄍㄜˇ
蓋,1,ㄍㄜˇ
各,1,ㄍㄜˋ
各奔東西,1,ㄍㄜˋ ㄅㄣ ㄉㄨㄥ ㄒㄧ
各奔前程,1,ㄍㄜˋ ㄅㄣ ㄑㄧㄢˊ ㄔㄥˊ
各別,1,ㄍㄜˋ ㄅㄧㄝˊ
各不相讓,1,ㄍㄜˋ ㄅㄨˋ ㄒㄧㄤ ㄖㄤˋ
各闢蹊徑,1,ㄍㄜˋ ㄆㄧˋ ㄒㄧ ㄐㄧㄥˋ
各憑本事,1,ㄍㄜˋ ㄆㄧㄥˊ ㄅㄣˇ ㄕ˙
各得其所,1,ㄍㄜˋ ㄉㄜˊ ㄑㄧˊ ㄙㄨㄛˇ
各行各業,1,ㄍㄜˋ ㄏㄤˊ ㄍㄜˋ ㄧㄝˋ
各懷鬼胎,1,ㄍㄜˋ ㄏㄨㄞˊ ㄍㄨㄟˇ ㄊㄞ
各盡所能,1,ㄍㄜˋ ㄐㄧㄣˋ ㄙㄨㄛˇ ㄋㄥˊ
各顯神通,1,ㄍㄜˋ ㄒㄧㄢˇ ㄕㄣˊ ㄊㄨㄥ
各行其是,1,ㄍㄜˋ ㄒㄧㄥˊ ㄑㄧˊ ㄕˋ
各執一詞,1,ㄍㄜˋ ㄓˊ ㄧ ㄘˊ
各執一詞,1,ㄍㄜˋ ㄓˊ ㄧˋ ㄘˊ
各式各樣,1,ㄍㄜˋ ㄕˋ ㄍㄜˋ ㄧㄤˋ
各說各話,1,ㄍㄜˋ ㄕㄨㄛ ㄍㄜˋ ㄏㄨㄚˋ
各自,1,ㄍㄜˋ ㄗˋ
各自為政,1,ㄍㄜˋ ㄗˋ ㄨㄟˊ ㄓㄥˋ
各異其趣,1,ㄍㄜˋ ㄧˋ ㄑㄧˊ ㄑㄩˋ
各有千秋,1,ㄍㄜˋ ㄧㄡˇ ㄑㄧㄢ ㄑㄧㄡ
各有所長,1,ㄍㄜˋ ㄧㄡˇ ㄙㄨㄛˇ ㄔㄤˊ
鉻,1,ㄍㄜˋ
個,1,ㄍㄜˋ
個把,1,ㄍㄜˋ ㄅㄚˇ
個別,1,ㄍㄜˋ ㄅㄧㄝˊ
個別差異,1,ㄍㄜˋ ㄅㄧㄝˊ ㄔㄚ ㄧˋ
個體,1,ㄍㄜˋ ㄊㄧˇ
個體戶,1,ㄍㄜˋ ㄊㄧˇ ㄏㄨˋ
個性,1,ㄍㄜˋ ㄒㄧㄥˋ
個展,1,ㄍㄜˋ ㄓㄢˇ
個中滋味,1,ㄍㄜˋ ㄓㄨㄥ ㄗ ㄨㄟˋ
個中三昧,1,ㄍㄜˋ ㄓㄨㄥ ㄙㄢ ㄇㄟˋ
個數,1,ㄍㄜˋ ㄕㄨˋ
個人,1,ㄍㄜˋ ㄖㄣˊ
個人電腦,1,ㄍㄜˋ ㄖㄣˊ ㄉㄧㄢˋ ㄋㄠˇ
個人所得稅,1,ㄍㄜˋ ㄖㄣˊ ㄙㄨㄛˇ ㄉㄜˊ ㄕㄨㄟˋ
個子,1,ㄍㄜˋ ㄗ˙
個案,1,ㄍㄜˋ ㄢˋ
個兒,1,ㄍㄜˋ ㄦ
箇,1,ㄍㄜˋ
垓,1,ㄍㄞ
該,1,ㄍㄞ
該當,1,ㄍㄞ ㄉㄤ
該死,1,ㄍㄞ ㄙˇ
賅,1,ㄍㄞ
賅博,1,ㄍㄞ ㄅㄛˊ
改,1,ㄍㄞˇ
改版,1,ㄍㄞˇ ㄅㄢˇ
改編,1,ㄍㄞˇ ㄅㄧㄢ
改編劇本,1,ㄍㄞˇ ㄅㄧㄢ ㄐㄩˋ ㄅㄣˇ
改變,1,ㄍㄞˇ ㄅㄧㄢˋ
改判,1,ㄍㄞˇ ㄆㄢˋ
改面革心,1,ㄍㄞˇ ㄇㄧㄢˋ ㄍㄜˊ ㄒㄧㄣ
改名,1,ㄍㄞˇ ㄇㄧㄥˊ
改道,1,ㄍㄞˇ ㄉㄠˋ
改頭換面,1,ㄍㄞˇ ㄊㄡˊ ㄏㄨㄢˋ ㄇㄧㄢˋ
改天,1,ㄍㄞˇ ㄊㄧㄢ
改良,1,ㄍㄞˇ ㄌㄧㄤˊ
改革,1,ㄍㄞˇ ㄍㄜˊ
改過,1,ㄍㄞˇ ㄍㄨㄛˋ
改過自新,1,ㄍㄞˇ ㄍㄨㄛˋ ㄗˋ ㄒㄧㄣ
改觀,1,ㄍㄞˇ ㄍㄨㄢ
改口,1,ㄍㄞˇ ㄎㄡˇ
改行,1,ㄍㄞˇ ㄏㄤˊ
改換,1,ㄍㄞˇ ㄏㄨㄢˋ
改嫁,1,ㄍㄞˇ ㄐㄧㄚˋ
改建,1,ㄍㄞˇ ㄐㄧㄢˋ
改進,1,ㄍㄞˇ ㄐㄧㄣˋ
改期,1,ㄍㄞˇ ㄑㄧˊ
改邪歸正,1,ㄍㄞˇ ㄒㄧㄝˊ ㄍㄨㄟ ㄓㄥˋ
改寫,1,ㄍㄞˇ ㄒㄧㄝˇ
改弦更張,1,ㄍㄞˇ ㄒㄧㄢˊ ㄍㄥ ㄓㄤ
改弦易轍,1,ㄍㄞˇ ㄒㄧㄢˊ ㄧˋ ㄔㄜˋ
改選,1,ㄍㄞˇ ㄒㄩㄢˇ
改制,1,ㄍㄞˇ ㄓˋ
改正,1,ㄍㄞˇ ㄓㄥˋ
改裝,1,ㄍㄞˇ ㄓㄨㄤ
改朝換代,1,ㄍㄞˇ ㄔㄠˊ ㄏㄨㄢˋ ㄉㄞˋ
改善,1,ㄍㄞˇ ㄕㄢˋ
改日,1,ㄍㄞˇ ㄖˋ
改造,1,ㄍㄞˇ ㄗㄠˋ
改組,1,ㄍㄞˇ ㄗㄨˇ
改錯,1,ㄍㄞˇ ㄘㄨㄛˋ
改元,1,ㄍㄞˇ ㄩㄢˊ
丐,1,ㄍㄞˋ
鈣,1,ㄍㄞˋ
鈣質,1,ㄍㄞˋ ㄓˊ
溉,1,ㄍㄞˋ
概,1,ㄍㄞˋ
概念,1,ㄍㄞˋ ㄋㄧㄢˋ
概念車,1,ㄍㄞˋ ㄋㄧㄢˋ ㄔㄜ
概論,1,ㄍㄞˋ ㄌㄨㄣˋ
概率,1,ㄍㄞˋ ㄌㄩˋ
概略,1,ㄍㄞˋ ㄌㄩㄝˋ
概括,1,ㄍㄞˋ ㄍㄨㄚ
概觀,1,ㄍㄞˋ ㄍㄨㄢ
概況,1,ㄍㄞˋ ㄎㄨㄤˋ
概述,1,ㄍㄞˋ ㄕㄨˋ
概說,1,ㄍㄞˋ ㄕㄨㄛ
概算,1,ㄍㄞˋ ㄙㄨㄢˋ
概要,1,ㄍㄞˋ ㄧㄠˋ
蓋,1,ㄍㄞˋ
蓋頭,1,ㄍㄞˋ ㄊㄡ˙
蓋洛普,1,ㄍㄞˋ ㄌㄨㄛˋ ㄆㄨˇ
蓋棺論定,1,ㄍㄞˋ ㄍㄨㄢ ㄌㄨㄣˋ ㄉㄧㄥˋ
蓋章,1,ㄍㄞˋ ㄓㄤ
蓋世,1,ㄍㄞˋ ㄕˋ
蓋世無雙,1,ㄍㄞˋ ㄕˋ ㄨˊ ㄕㄨㄤ
蓋印,1,ㄍㄞˋ ㄧㄣˋ
給,1,ㄍㄟˇ
咎,1,ㄍㄠ
羔,1,ㄍㄠ
羔羊,1,ㄍㄠ ㄧㄤˊ
糕,1,ㄍㄠ
糕餅,1,ㄍㄠ ㄅㄧㄥˇ
糕點,1,ㄍㄠ ㄉㄧㄢˇ
高,1,ㄍㄠ
高不可攀,1,ㄍㄠ ㄅㄨˋ ㄎㄜˇ ㄆㄢ
高攀,1,ㄍㄠ ㄆㄢ
高朋滿座,1,ㄍㄠ ㄆㄥˊ ㄇㄢˇ ㄗㄨㄛˋ
高頻,1,ㄍㄠ ㄆㄧㄣˊ
高帽子,1,ㄍㄠ ㄇㄠˋ ㄗ˙
高妙,1,ㄍㄠ ㄇㄧㄠˋ
高明,1,ㄍㄠ ㄇㄧㄥˊ
高佛資訊系統,1,ㄍㄠ ㄈㄛˊ ㄗ ㄒㄩㄣˋ ㄒㄧˋ ㄊㄨㄥˇ
高飛,1,ㄍㄠ ㄈㄟ
高風亮節,1,ㄍㄠ ㄈㄥ ㄌㄧㄤˋ ㄐㄧㄝˊ
高峰,1,ㄍㄠ ㄈㄥ
高大,1,ㄍㄠ ㄉㄚˋ
高檔,1,ㄍㄠ ㄉㄤˇ
高等,1,ㄍㄠ ㄉㄥˇ
高等考試,1,ㄍㄠ ㄉㄥˇ ㄎㄠˇ ㄕˋ
高低,1,ㄍㄠ ㄉㄧ
高低槓,1,ㄍㄠ ㄉㄧ ㄍㄤˋ
高地,1,ㄍㄠ ㄉㄧˋ
高調,1,ㄍㄠ ㄉㄧㄠˋ
高度,1,ㄍㄠ ㄉㄨˋ
高抬貴手,1,ㄍㄠ ㄊㄞˊ ㄍㄨㄟˋ ㄕㄡˇ
高談,1,ㄍㄠ ㄊㄢˊ
高談闊論,1,ㄍㄠ ㄊㄢˊ ㄎㄨㄛˋ ㄌㄨㄣˋ
高堂,1,ㄍㄠ ㄊㄤˊ
高䠷,1,ㄍㄠ ㄊㄧㄠˇ
高徒,1,ㄍㄠ ㄊㄨˊ
高年,1,ㄍㄠ ㄋㄧㄢˊ
高樓大廈,1,ㄍㄠ ㄌㄡˊ ㄉㄚˋ ㄒㄧㄚˋ
高麗,1,ㄍㄠ ㄌㄧˊ
高利貸,1,ㄍㄠ ㄌㄧˋ ㄉㄞˋ
高粱,1,ㄍㄠ ㄌㄧㄤˊ
高粱酒,1,ㄍㄠ ㄌㄧㄤˊ ㄐㄧㄡˇ
高齡,1,ㄍㄠ ㄌㄧㄥˊ
高高在上,1,ㄍㄠ ㄍㄠ ㄗㄞˋ ㄕㄤˋ
高跟鞋,1,ㄍㄠ ㄍㄣ ㄒㄧㄝˊ
高估,1,ㄍㄠ ㄍㄨ
高貴,1,ㄍㄠ ㄍㄨㄟˋ
高官,1,ㄍㄠ ㄍㄨㄢ
高科技,1,ㄍㄠ ㄎㄜ ㄐㄧˋ
高考,1,ㄍㄠ ㄎㄠˇ
高亢,1,ㄍㄠ ㄎㄤˋ
高空,1,ㄍㄠ ㄎㄨㄥ
高級,1,ㄍㄠ ㄐㄧˊ
高級中學,1,ㄍㄠ ㄐㄧˊ ㄓㄨㄥ ㄒㄩㄝˊ
高甲戲,1,ㄍㄠ ㄐㄧㄚˇ ㄒㄧˋ
高架橋,1,ㄍㄠ ㄐㄧㄚˋ ㄑㄧㄠˊ
高階層,1,ㄍㄠ ㄐㄧㄝ ㄘㄥˊ
高潔,1,ㄍㄠ ㄐㄧㄝˊ
高就,1,ㄍㄠ ㄐㄧㄡˋ
高見,1,ㄍㄠ ㄐㄧㄢˋ
高舉,1,ㄍㄠ ㄐㄩˇ
高踞,1,ㄍㄠ ㄐㄩˋ
高峻,1,ㄍㄠ ㄐㄩㄣˋ
高氣壓,1,ㄍㄠ ㄑㄧˋ ㄧㄚ
高強,1,ㄍㄠ ㄑㄧㄤˊ
高下,1,ㄍㄠ ㄒㄧㄚˋ
高薪,1,ㄍㄠ ㄒㄧㄣ
高興,1,ㄍㄠ ㄒㄧㄥˋ
高職,1,ㄍㄠ ㄓˊ
高招,1,ㄍㄠ ㄓㄠ
高瞻遠矚,1,ㄍㄠ ㄓㄢ ㄩㄢˇ ㄓㄨˇ
高枕無憂,1,ㄍㄠ ㄓㄣˇ ㄨˊ ㄧㄡ
高漲,1,ㄍㄠ ㄓㄤˇ
高壯,1,ㄍㄠ ㄓㄨㄤˋ
高中,1,ㄍㄠ ㄓㄨㄥ
高中,1,ㄍㄠ ㄓㄨㄥˋ
高超,1,ㄍㄠ ㄔㄠ
高潮,1,ㄍㄠ ㄔㄠˊ
高處不勝寒,1,ㄍㄠ ㄔㄨˋ ㄅㄨˋ ㄕㄥ ㄏㄢˊ
高視闊步,1,ㄍㄠ ㄕˋ ㄎㄨㄛˋ ㄅㄨˋ
高射炮,1,ㄍㄠ ㄕㄜˋ ㄆㄠˋ
高手,1,ㄍㄠ ㄕㄡˇ
高手雲集,1,ㄍㄠ ㄕㄡˇ ㄩㄣˊ ㄐㄧˊ
高壽,1,ㄍㄠ ㄕㄡˋ
高深,1,ㄍㄠ ㄕㄣ
高商,1,ㄍㄠ ㄕㄤ
高尚,1,ㄍㄠ ㄕㄤˋ
高升,1,ㄍㄠ ㄕㄥ
高聲,1,ㄍㄠ ㄕㄥ
高人,1,ㄍㄠ ㄖㄣˊ
高人一等,1,ㄍㄠ ㄖㄣˊ ㄧ ㄉㄥˇ
高人一等,1,ㄍㄠ ㄖㄣˊ ㄧˋ ㄉㄥˇ
高足,1,ㄍㄠ ㄗㄨˊ
高材生,1,ㄍㄠ ㄘㄞˊ ㄕㄥ
高僧,1,ㄍㄠ ㄙㄥ
高速,1,ㄍㄠ ㄙㄨˋ
高速鐵路,1,ㄍㄠ ㄙㄨˋ ㄊㄧㄝˇ ㄌㄨˋ
高速公路,1,ㄍㄠ ㄙㄨˋ ㄍㄨㄥ ㄌㄨˋ
高聳,1,ㄍㄠ ㄙㄨㄥˇ
高額,1,ㄍㄠ ㄜˊ
高傲,1,ㄍㄠ ㄠˋ
高昂,1,ㄍㄠ ㄤˊ
高爾夫,1,ㄍㄠ ㄦˇ ㄈㄨ
高爾夫球,1,ㄍㄠ ㄦˇ ㄈㄨ ㄑㄧㄡˊ
高義,1,ㄍㄠ ㄧˋ
高逸,1,ㄍㄠ ㄧˋ
高壓,1,ㄍㄠ ㄧㄚ
高雅,1,ㄍㄠ ㄧㄚˇ
高音,1,ㄍㄠ ㄧㄣ
高位,1,ㄍㄠ ㄨㄟˋ
高溫,1,ㄍㄠ ㄨㄣ
高溫超導體,1,ㄍㄠ ㄨㄣ ㄔㄠ ㄉㄠˇ ㄊㄧˇ
高原,1,ㄍㄠ ㄩㄢˊ
膏,1,ㄍㄠ
膏粱,1,ㄍㄠ ㄌㄧㄤˊ
膏肓,1,ㄍㄠ ㄏㄨㄤ
膏藥,1,ㄍㄠ ㄧㄠˋ
篙,1,ㄍㄠ
皋,1,ㄍㄠ
皋比,1,ㄍㄠ ㄆㄧˊ
皋陶,1,ㄍㄠ ㄧㄠˊ
睪,1,ㄍㄠ
睪丸,1,ㄍㄠ ㄨㄢˊ
杲,1,ㄍㄠˇ
搞,1,ㄍㄠˇ
搞不好,1,ㄍㄠˇ ㄅㄨˋ ㄏㄠˇ
搞飛機,1,ㄍㄠˇ ㄈㄟ ㄐㄧ
搞丟,1,ㄍㄠˇ ㄉㄧㄡ
搞定,1,ㄍㄠˇ ㄉㄧㄥˋ
搞懂,1,ㄍㄠˇ ㄉㄨㄥˇ
搞亂,1,ㄍㄠˇ ㄌㄨㄢˋ
搞怪,1,ㄍㄠˇ ㄍㄨㄞˋ
搞鬼,1,ㄍㄠˇ ㄍㄨㄟˇ
搞笑,1,ㄍㄠˇ ㄒㄧㄠˋ
搞砸,1,ㄍㄠˇ ㄗㄚˊ
槁,1,ㄍㄠˇ
槁木死灰,1,ㄍㄠˇ ㄇㄨˋ ㄙˇ ㄏㄨㄟ
稿,1,ㄍㄠˇ
稿費,1,ㄍㄠˇ ㄈㄟˋ
稿件,1,ㄍㄠˇ ㄐㄧㄢˋ
稿紙,1,ㄍㄠˇ ㄓˇ
稿酬,1,ㄍㄠˇ ㄔㄡˊ
稿子,1,ㄍㄠˇ ㄗ˙
縞,1,ㄍㄠˇ
縞素,1,ㄍㄠˇ ㄙㄨˋ
鎬,1,ㄍㄠˇ
告,1,ㄍㄠˋ
告白,1,ㄍㄠˋ ㄅㄞˊ
告別,1,ㄍㄠˋ ㄅㄧㄝˊ
告密,1,ㄍㄠˋ ㄇㄧˋ
告發,1,ㄍㄠˋ ㄈㄚ
告貸,1,ㄍㄠˋ ㄉㄞˋ
告退,1,ㄍㄠˋ ㄊㄨㄟˋ
告老還鄉,1,ㄍㄠˋ ㄌㄠˇ ㄏㄨㄢˊ ㄒㄧㄤ
告急,1,ㄍㄠˋ ㄐㄧˊ
告假,1,ㄍㄠˋ ㄐㄧㄚˋ
告捷,1,ㄍㄠˋ ㄐㄧㄝˊ
告解,1,ㄍㄠˋ ㄐㄧㄝˇ
告誡,1,ㄍㄠˋ ㄐㄧㄝˋ
告知,1,ㄍㄠˋ ㄓ
告知義務,1,ㄍㄠˋ ㄓ ㄧˋ ㄨˋ
告狀,1,ㄍㄠˋ ㄓㄨㄤˋ
告終,1,ㄍㄠˋ ㄓㄨㄥ
告示,1,ㄍㄠˋ ㄕˋ
告辭,1,ㄍㄠˋ ㄘˊ
告訴,1,ㄍㄠˋ ㄙㄨˋ
告訴乃論,1,ㄍㄠˋ ㄙㄨˋ ㄋㄞˇ ㄌㄨㄣˋ
告一段落,1,ㄍㄠˋ ㄧ ㄉㄨㄢˋ ㄌㄨㄛˋ
告一段落,1,ㄍㄠˋ ㄧˊ ㄉㄨㄢˋ ㄌㄨㄛˋ
告慰,1,ㄍㄠˋ ㄨㄟˋ
誥,1,ㄍㄠˋ
誥封,1,ㄍㄠˋ ㄈㄥ
勾,1,ㄍㄡ
勾搭,1,ㄍㄡ ㄉㄚ
勾勒,1,ㄍㄡ ㄌㄜˋ
勾魂攝魄,1,ㄍㄡ ㄏㄨㄣˊ ㄕㄜˋ ㄆㄛˋ
勾結,1,ㄍㄡ ㄐㄧㄝˊ
勾銷,1,ㄍㄡ ㄒㄧㄠ
勾心鬥角,1,ㄍㄡ ㄒㄧㄣ ㄉㄡˋ ㄐㄧㄠˇ
勾引,1,ㄍㄡ ㄧㄣˇ
句,1,ㄍㄡ
枸,1,ㄍㄡ
鉤,1,ㄍㄡ
鉤心鬥角,1,ㄍㄡ ㄒㄧㄣ ㄉㄡˋ ㄐㄧㄠˇ
鉤子,1,ㄍㄡ ㄗ˙
溝,1,ㄍㄡ
溝通,1,ㄍㄡ ㄊㄨㄥ
溝壑,1,ㄍㄡ ㄏㄨㄛˋ
溝渠,1,ㄍㄡ ㄑㄩˊ
篝,1,ㄍㄡ
狗,1,ㄍㄡˇ
狗皮膏藥,1,ㄍㄡˇ ㄆㄧˊ ㄍㄠ ㄧㄠˋ
狗屁不通,1,ㄍㄡˇ ㄆㄧˋ ㄅㄨˋ ㄊㄨㄥ
狗頭軍師,1,ㄍㄡˇ ㄊㄡˊ ㄐㄩㄣ ㄕ
狗腿子,1,ㄍㄡˇ ㄊㄨㄟˇ ㄗ˙
狗拿耗子,1,ㄍㄡˇ ㄋㄚˊ ㄏㄠˋ ㄗ˙
狗苟蠅營,1,ㄍㄡˇ ㄍㄡˇ ㄧㄥˊ ㄧㄥˊ
狗急跳牆,1,ㄍㄡˇ ㄐㄧˊ ㄊㄧㄠˋ ㄑㄧㄤˊ
狗血淋頭,1,ㄍㄡˇ ㄒㄧㄝˇ ㄌㄧㄣˊ ㄊㄡˊ
狗熊,1,ㄍㄡˇ ㄒㄩㄥˊ
狗仗人勢,1,ㄍㄡˇ ㄓㄤˋ ㄖㄣˊ ㄕˋ
枸,1,ㄍㄡˇ
枸杞,1,ㄍㄡˇ ㄑㄧˇ
苟,1,ㄍㄡˇ
苟同,1,ㄍㄡˇ ㄊㄨㄥˊ
苟合,1,ㄍㄡˇ ㄏㄜˊ
苟活,1,ㄍㄡˇ ㄏㄨㄛˊ
苟且,1,ㄍㄡˇ ㄑㄧㄝˇ
苟且偷安,1,ㄍㄡˇ ㄑㄧㄝˇ ㄊㄡ ㄢ
苟全,1,ㄍㄡˇ ㄑㄩㄢˊ
苟延殘喘,1,ㄍㄡˇ ㄧㄢˊ ㄘㄢˊ ㄔㄨㄢˇ
勾,1,ㄍㄡˋ
勾當,1,ㄍㄡˋ ㄉㄤˋ
垢,1,ㄍㄡˋ
詬,1,ㄍㄡˋ
詬病,1,ㄍㄡˋ ㄅㄧㄥˋ
句,1,ㄍㄡˋ
句當,1,ㄍㄡˋ ㄉㄤˋ
夠,1,ㄍㄡˋ
夠本,1,ㄍㄡˋ ㄅㄣˇ
夠朋友,1,ㄍㄡˋ ㄆㄥˊ ㄧㄡˇ
夠面子,1,ㄍㄡˋ ㄇㄧㄢˋ ㄗ˙
夠格,1,ㄍㄡˋ ㄍㄜˊ
夠交情,1,ㄍㄡˋ ㄐㄧㄠ ㄑㄧㄥˊ
夠勁,1,ㄍㄡˋ ㄐㄧㄥˋ
夠味,1,ㄍㄡˋ ㄨㄟˋ
搆,1,ㄍㄡˋ
媾,1,ㄍㄡˋ
媾和,1,ㄍㄡˋ ㄏㄜˊ
遘,1,ㄍㄡˋ
構,1,ㄍㄡˋ
構圖,1,ㄍㄡˋ ㄊㄨˊ
構陷,1,ㄍㄡˋ ㄒㄧㄢˋ
構想,1,ㄍㄡˋ ㄒㄧㄤˇ
構築,1,ㄍㄡˋ ㄓㄨˊ
構成,1,ㄍㄡˋ ㄔㄥˊ
構造,1,ㄍㄡˋ ㄗㄠˋ
構思,1,ㄍㄡˋ ㄙ
構怨,1,ㄍㄡˋ ㄩㄢˋ
購,1,ㄍㄡˋ
購買,1,ㄍㄡˋ ㄇㄞˇ
購買力,1,ㄍㄡˋ ㄇㄞˇ ㄌㄧˋ
購置,1,ㄍㄡˋ ㄓˋ
購物,1,ㄍㄡˋ ㄨˋ
購物中心,1,ㄍㄡˋ ㄨˋ ㄓㄨㄥ ㄒㄧㄣ
彀,1,ㄍㄡˋ
干,1,ㄍㄢ
干貝,1,ㄍㄢ ㄅㄟˋ
干戈,1,ㄍㄢ ㄍㄜ
干係,1,ㄍㄢ ㄒㄧˋ
干休,1,ㄍㄢ ㄒㄧㄡ
干支,1,ㄍㄢ ㄓ
干政,1,ㄍㄢ ㄓㄥˋ
干涉,1,ㄍㄢ ㄕㄜˋ
干擾,1,ㄍㄢ ㄖㄠˇ
干擾素,1,ㄍㄢ ㄖㄠˇ ㄙㄨˋ
干預,1,ㄍㄢ ㄩˋ
玕,1,ㄍㄢ
杆,1,ㄍㄢ
肝,1,ㄍㄢ
肝膽,1,ㄍㄢ ㄉㄢˇ
肝膽相照,1,ㄍㄢ ㄉㄢˇ ㄒㄧㄤ ㄓㄠˋ
肝腦塗地,1,ㄍㄢ ㄋㄠˇ ㄊㄨˊ ㄉㄧˋ
肝火,1,ㄍㄢ ㄏㄨㄛˇ
肝腸寸斷,1,ㄍㄢ ㄔㄤˊ ㄘㄨㄣˋ ㄉㄨㄢˋ
肝臟,1,ㄍㄢ ㄗㄤˋ
肝癌,1,ㄍㄢ ㄞˊ
肝炎,1,ㄍㄢ ㄧㄢˊ
肝鬱,1,ㄍㄢ ㄩˋ
矸,1,ㄍㄢ
竿,1,ㄍㄢ
竿子,1,ㄍㄢ ㄗ˙
甘,1,ㄍㄢ
甘拜下風,1,ㄍㄢ ㄅㄞˋ ㄒㄧㄚˋ ㄈㄥ
甘美,1,ㄍㄢ ㄇㄟˇ
甘甜,1,ㄍㄢ ㄊㄧㄢˊ
甘霖,1,ㄍㄢ ㄌㄧㄣˊ
甘涼,1,ㄍㄢ ㄌㄧㄤˊ
甘露,1,ㄍㄢ ㄌㄨˋ
甘苦,1,ㄍㄢ ㄎㄨˇ
甘心,1,ㄍㄢ ㄒㄧㄣ
甘之如飴,1,ㄍㄢ ㄓ ㄖㄨˊ ㄧˊ
甘蔗,1,ㄍㄢ ㄓㄜˋ
甘薯,1,ㄍㄢ ㄕㄨˇ
甘藷,1,ㄍㄢ ㄕㄨˇ
甘草,1,ㄍㄢ ㄘㄠˇ
甘油,1,ㄍㄢ ㄧㄡˊ
甘願,1,ㄍㄢ ㄩㄢˋ
坩,1,ㄍㄢ
柑,1,ㄍㄢ
柑橘,1,ㄍㄢ ㄐㄩˊ
疳,1,ㄍㄢ
乾,1,ㄍㄢ
乾杯,1,ㄍㄢ ㄅㄟ
乾癟,1,ㄍㄢ ㄅㄧㄝˇ
乾冰,1,ㄍㄢ ㄅㄧㄥ
乾媽,1,ㄍㄢ ㄇㄚ
乾麵,1,ㄍㄢ ㄇㄧㄢˋ
乾粉,1,ㄍㄢ ㄈㄣˇ
乾等,1,ㄍㄢ ㄉㄥˇ
乾瞪眼,1,ㄍㄢ ㄉㄥˋ ㄧㄢˇ
乾爹,1,ㄍㄢ ㄉㄧㄝ
乾電池,1,ㄍㄢ ㄉㄧㄢˋ ㄔˊ
乾女兒,1,ㄍㄢ ㄋㄩˇ ㄦˊ
乾冷,1,ㄍㄢ ㄌㄥˇ
乾糧,1,ㄍㄢ ㄌㄧㄤˊ
乾乾淨淨,1,ㄍㄢ ㄍㄢ ㄐㄧㄥˋ ㄐㄧㄥˋ
乾股,1,ㄍㄢ ㄍㄨˇ
乾咳,1,ㄍㄢ ㄎㄜˊ
乾渴,1,ㄍㄢ ㄎㄜˇ
乾枯,1,ㄍㄢ ㄎㄨ
乾涸,1,ㄍㄢ ㄏㄜˊ
乾嚎,1,ㄍㄢ ㄏㄠˊ
乾耗,1,ㄍㄢ ㄏㄠˋ
乾旱,1,ㄍㄢ ㄏㄢˋ
乾淨,1,ㄍㄢ ㄐㄧㄥˋ
乾淨俐落,1,ㄍㄢ ㄐㄧㄥˋ ㄌㄧˋ ㄌㄨㄛˋ
乾親家,1,ㄍㄢ ㄑㄧㄥˋ ㄐㄧㄚ
乾親家,1,ㄍㄢ ㄑㄧㄥˋ ㄐㄧㄚ˙
乾洗,1,ㄍㄢ ㄒㄧˇ
乾笑,1,ㄍㄢ ㄒㄧㄠˋ
乾薪,1,ㄍㄢ ㄒㄧㄣ
乾著急,1,ㄍㄢ ㄓㄠ ㄐㄧˊ
乾柴烈火,1,ㄍㄢ ㄔㄞˊ ㄌㄧㄝˋ ㄏㄨㄛˇ
乾爽,1,ㄍㄢ ㄕㄨㄤˇ
乾燥,1,ㄍㄢ ㄗㄠˋ
乾燥花,1,ㄍㄢ ㄗㄠˋ ㄏㄨㄚ
乾燥劑,1,ㄍㄢ ㄗㄠˋ ㄐㄧˋ
乾脆,1,ㄍㄢ ㄘㄨㄟˋ
乾兒子,1,ㄍㄢ ㄦˊ ㄗ˙
乾衣機,1,ㄍㄢ ㄧ ㄐㄧ
尷,1,ㄍㄢ
尷尬,1,ㄍㄢ ㄍㄚˋ
桿,1,ㄍㄢˇ
桿弟,1,ㄍㄢˇ ㄉㄧˋ
桿菌,1,ㄍㄢˇ ㄐㄩㄣˋ
稈,1,ㄍㄢˇ
趕,1,ㄍㄢˇ
趕辦,1,ㄍㄢˇ ㄅㄢˋ
趕不及,1,ㄍㄢˇ ㄅㄨˋ ㄐㄧˊ
趕不上,1,ㄍㄢˇ ㄅㄨˋ ㄕㄤˋ
趕不上,1,ㄍㄢˇ ㄅㄨˊ ㄕㄤˋ
趕忙,1,ㄍㄢˇ ㄇㄤˊ
趕來,1,ㄍㄢˇ ㄌㄞˊ
趕路,1,ㄍㄢˇ ㄌㄨˋ
趕工,1,ㄍㄢˇ ㄍㄨㄥ
趕考,1,ㄍㄢˇ ㄎㄠˇ
趕快,1,ㄍㄢˇ ㄎㄨㄞˋ
趕集,1,ㄍㄢˇ ㄐㄧˊ
趕緊,1,ㄍㄢˇ ㄐㄧㄣˇ
趕盡殺絕,1,ㄍㄢˇ ㄐㄧㄣˋ ㄕㄚ ㄐㄩㄝˊ
趕製,1,ㄍㄢˇ ㄓˋ
趕場,1,ㄍㄢˇ ㄔㄤˇ
趕時髦,1,ㄍㄢˇ ㄕˊ ㄇㄠˊ
趕上,1,ㄍㄢˇ ㄕㄤˋ
趕走,1,ㄍㄢˇ ㄗㄡˇ
敢,1,ㄍㄢˇ
敢怒不敢言,1,ㄍㄢˇ ㄋㄨˋ ㄅㄨˋ ㄍㄢˇ ㄧㄢˊ
敢情,1,ㄍㄢˇ ㄑㄧㄥˊ
敢做敢當,1,ㄍㄢˇ ㄗㄨㄛˋ ㄍㄢˇ ㄉㄤ
敢死,1,ㄍㄢˇ ㄙˇ
敢死隊,1,ㄍㄢˇ ㄙˇ ㄉㄨㄟˋ
敢言,1,ㄍㄢˇ ㄧㄢˊ
橄,1,ㄍㄢˇ
橄欖,1,ㄍㄢˇ ㄌㄢˇ
橄欖球,1,ㄍㄢˇ ㄌㄢˇ ㄑㄧㄡˊ
感,1,ㄍㄢˇ
感佩,1,ㄍㄢˇ ㄆㄟˋ
感冒,1,ㄍㄢˇ ㄇㄠˋ
感動,1,ㄍㄢˇ ㄉㄨㄥˋ
感嘆,1,ㄍㄢˇ ㄊㄢˋ
感嘆詞,1,ㄍㄢˇ ㄊㄢˋ ㄘˊ
感同身受,1,ㄍㄢˇ ㄊㄨㄥˊ ㄕㄣ ㄕㄡˋ
感念,1,ㄍㄢˇ ㄋㄧㄢˋ
感官,1,ㄍㄢˇ ㄍㄨㄢ
感光,1,ㄍㄢˇ ㄍㄨㄤ
感慨,1,ㄍㄢˇ ㄎㄞˇ
感慨萬千,1,ㄍㄢˇ ㄎㄞˇ ㄨㄢˋ ㄑㄧㄢ
感喟,1,ㄍㄢˇ ㄎㄨㄟˋ
感化,1,ㄍㄢˇ ㄏㄨㄚˋ
感化院,1,ㄍㄢˇ ㄏㄨㄚˋ ㄩㄢˋ
感懷,1,ㄍㄢˇ ㄏㄨㄞˊ
感激,1,ㄍㄢˇ ㄐㄧ
感激涕零,1,ㄍㄢˇ ㄐㄧ ㄊㄧˋ ㄌㄧㄥˊ
感覺,1,ㄍㄢˇ ㄐㄩㄝˊ
感情,1,ㄍㄢˇ ㄑㄧㄥˊ
感謝,1,ㄍㄢˇ ㄒㄧㄝˋ
感想,1,ㄍㄢˇ ㄒㄧㄤˇ
感性,1,ㄍㄢˇ ㄒㄧㄥˋ
感訓,1,ㄍㄢˇ ㄒㄩㄣˋ
感召,1,ㄍㄢˇ ㄓㄠˋ
感觸,1,ㄍㄢˇ ㄔㄨˋ
感受,1,ㄍㄢˇ ㄕㄡˋ
感傷,1,ㄍㄢˇ ㄕㄤ
感染,1,ㄍㄢˇ ㄖㄢˇ
感人,1,ㄍㄢˇ ㄖㄣˊ
感恩,1,ㄍㄢˇ ㄣ
感恩圖報,1,ㄍㄢˇ ㄣ ㄊㄨˊ ㄅㄠˋ
感言,1,ㄍㄢˇ ㄧㄢˊ
感應,1,ㄍㄢˇ ㄧㄥˋ
擀,1,ㄍㄢˇ
旰,1,ㄍㄢˋ
淦,1,ㄍㄢˋ
淦水,1,ㄍㄢˋ ㄕㄨㄟˇ
紺,1,ㄍㄢˋ
幹,1,ㄍㄢˋ
幹部,1,ㄍㄢˋ ㄅㄨˋ
幹道,1,ㄍㄢˋ ㄉㄠˋ
幹掉,1,ㄍㄢˋ ㄉㄧㄠˋ
幹練,1,ㄍㄢˋ ㄌㄧㄢˋ
幹活,1,ㄍㄢˋ ㄏㄨㄛˊ
幹勁,1,ㄍㄢˋ ㄐㄧㄥˋ
幹線,1,ㄍㄢˋ ㄒㄧㄢˋ
幹事,1,ㄍㄢˋ ㄕˋ
幹才,1,ㄍㄢˋ ㄘㄞˊ
幹員,1,ㄍㄢˋ ㄩㄢˊ
榦,1,ㄍㄢˋ
贛,1,ㄍㄢˋ
贛江,1,ㄍㄢˋ ㄐㄧㄤ
贛縣,1,ㄍㄢˋ ㄒㄧㄢˋ
根,1,ㄍㄣ
根本,1,ㄍㄣ ㄅㄣˇ
根部,1,ㄍㄣ ㄅㄨˋ
根苗,1,ㄍㄣ ㄇㄧㄠˊ
根底,1,ㄍㄣ ㄉㄧˇ
根柢,1,ㄍㄣ ㄉㄧˇ
根管治療,1,ㄍㄣ ㄍㄨㄢˇ ㄓˋ ㄌㄧㄠˊ
根基,1,ㄍㄣ ㄐㄧ
根莖,1,ㄍㄣ ㄐㄧㄥ
根據,1,ㄍㄣ ㄐㄩˋ
根據地,1,ㄍㄣ ㄐㄩˋ ㄉㄧˋ
根絕,1,ㄍㄣ ㄐㄩㄝˊ
根性,1,ㄍㄣ ㄒㄧㄥˋ
根治,1,ㄍㄣ ㄓˋ
根除,1,ㄍㄣ ㄔㄨˊ
根深柢固,1,ㄍㄣ ㄕㄣ ㄉㄧˇ ㄍㄨˋ
根深蒂固,1,ㄍㄣ ㄕㄣ ㄉㄧˋ ㄍㄨˋ
根由,1,ㄍㄣ ㄧㄡˊ
根源,1,ㄍㄣ ㄩㄢˊ
跟,1,ㄍㄣ
跟班,1,ㄍㄣ ㄅㄢ
跟頭,1,ㄍㄣ ㄊㄡ˙
跟進,1,ㄍㄣ ㄐㄧㄣˋ
跟前,1,ㄍㄣ ㄑㄧㄢˊ
跟蹤,1,ㄍㄣ ㄗㄨㄥ
跟從,1,ㄍㄣ ㄘㄨㄥˊ
跟隨,1,ㄍㄣ ㄙㄨㄟˊ
艮,1,ㄍㄣˇ
亙,1,ㄍㄣˋ
艮,1,ㄍㄣˋ
亢,1,ㄍㄤ
扛,1,ㄍㄤ
肛,1,ㄍㄤ
肛門,1,ㄍㄤ ㄇㄣˊ
缸,1,ㄍㄤ
岡,1,ㄍㄤ
剛,1,ㄍㄤ
剛愎自用,1,ㄍㄤ ㄅㄧˋ ㄗˋ ㄩㄥˋ
剛烈,1,ㄍㄤ ㄌㄧㄝˋ
剛剛,1,ㄍㄤ ㄍㄤ
剛好,1,ㄍㄤ ㄏㄠˇ
剛健,1,ㄍㄤ ㄐㄧㄢˋ
剛勁,1,ㄍㄤ ㄐㄧㄥˋ
剛巧,1,ㄍㄤ ㄑㄧㄠˇ
剛強,1,ㄍㄤ ㄑㄧㄤˊ
剛正不阿,1,ㄍㄤ ㄓㄥˋ ㄅㄨˋ ㄜ
剛柔並濟,1,ㄍㄤ ㄖㄡˊ ㄅㄧㄥˋ ㄐㄧˋ
剛才,1,ㄍㄤ ㄘㄞˊ
剛毅,1,ㄍㄤ ㄧˋ
綱,1,ㄍㄤ
綱目,1,ㄍㄤ ㄇㄨˋ
綱領,1,ㄍㄤ ㄌㄧㄥˇ
綱紀,1,ㄍㄤ ㄐㄧˋ
綱舉目張,1,ㄍㄤ ㄐㄩˇ ㄇㄨˋ ㄓㄤ
綱要,1,ㄍㄤ ㄧㄠˋ
鋼,1,ㄍㄤ
鋼板,1,ㄍㄤ ㄅㄢˇ
鋼筆,1,ㄍㄤ ㄅㄧˇ
鋼胚,1,ㄍㄤ ㄆㄟ
鋼鐵,1,ㄍㄤ ㄊㄧㄝˇ
鋼條,1,ㄍㄤ ㄊㄧㄠˊ
鋼纜,1,ㄍㄤ ㄌㄢˇ
鋼骨,1,ㄍㄤ ㄍㄨˇ
鋼軌,1,ㄍㄤ ㄍㄨㄟˇ
鋼管,1,ㄍㄤ ㄍㄨㄢˇ
鋼盔,1,ㄍㄤ ㄎㄨㄟ
鋼筋,1,ㄍㄤ ㄐㄧㄣ
鋼琴,1,ㄍㄤ ㄑㄧㄣˊ
鋼材,1,ㄍㄤ ㄘㄞˊ
鋼絲,1,ㄍㄤ ㄙ
鋼索,1,ㄍㄤ ㄙㄨㄛˇ
罡,1,ㄍㄤ
罡風,1,ㄍㄤ ㄈㄥ
崗,1,ㄍㄤˇ
崗哨,1,ㄍㄤˇ ㄕㄠˋ
崗位,1,ㄍㄤˇ ㄨㄟˋ
港,1,ㄍㄤˇ
港幣,1,ㄍㄤˇ ㄅㄧˋ
港埠,1,ㄍㄤˇ ㄅㄨˋ
港都,1,ㄍㄤˇ ㄉㄨ
港口,1,ㄍㄤˇ ㄎㄡˇ
港務警察,1,ㄍㄤˇ ㄨˋ ㄐㄧㄥˇ ㄔㄚˊ
港市,1,ㄍㄤˇ ㄕˋ
港務,1,ㄍㄤˇ ㄨˋ
港灣,1,ㄍㄤˇ ㄨㄢ
槓,1,ㄍㄤˋ
槓桿,1,ㄍㄤˋ ㄍㄢˇ
槓龜,1,ㄍㄤˋ ㄍㄨㄟ
鋼,1,ㄍㄤˋ
戇頭戇腦,1,ㄓㄨㄤˋ ㄊㄡˊ ㄓㄨㄤˋ ㄋㄠˇ
更,1,ㄍㄥ
更名,1,ㄍㄥ ㄇㄧㄥˊ
更迭,1,ㄍㄥ ㄉㄧㄝˊ
更動,1,ㄍㄥ ㄉㄨㄥˋ
更替,1,ㄍㄥ ㄊㄧˋ
更年期,1,ㄍㄥ ㄋㄧㄢˊ ㄑㄧˊ
更改,1,ㄍㄥ ㄍㄞˇ
更換,1,ㄍㄥ ㄏㄨㄢˋ
更新,1,ㄍㄥ ㄒㄧㄣ
更新換代,1,ㄍㄥ ㄒㄧㄣ ㄏㄨㄢˋ ㄉㄞˋ
更張,1,ㄍㄥ ㄓㄤ
更正,1,ㄍㄥ ㄓㄥˋ
更衣,1,ㄍㄥ ㄧ
更易,1,ㄍㄥ ㄧˋ
粳,1,ㄍㄥ
粳米,1,ㄍㄥ ㄇㄧˇ
庚,1,ㄍㄥ
焿,1,ㄍㄥ
賡,1,ㄍㄥ
耕,1,ㄍㄥ
耕地,1,ㄍㄥ ㄉㄧˋ
耕田,1,ㄍㄥ ㄊㄧㄢˊ
耕稼,1,ㄍㄥ ㄐㄧㄚˋ
耕種,1,ㄍㄥ ㄓㄨㄥˋ
耕作,1,ㄍㄥ ㄗㄨㄛˋ
耕耘,1,ㄍㄥ ㄩㄣˊ
耕耘機,1,ㄍㄥ ㄩㄣˊ ㄐㄧ
羹,1,ㄍㄥ
埂,1,ㄍㄥˇ
哽,1,ㄍㄥˇ
哽咽,1,ㄍㄥˇ ㄧㄝˋ
梗,1,ㄍㄥˇ
梗概,1,ㄍㄥˇ ㄍㄞˋ
梗阻,1,ㄍㄥˇ ㄗㄨˇ
梗塞,1,ㄍㄥˇ ㄙㄜˋ
骾,1,ㄍㄥˇ
鯁,1,ㄍㄥˇ
鯁住,1,ㄍㄥˇ ㄓㄨˋ
耿,1,ㄍㄥˇ
耿耿於懷,1,ㄍㄥˇ ㄍㄥˇ ㄩˊ ㄏㄨㄞˊ
耿直,1,ㄍㄥˇ ㄓˊ
耿介,1,ㄍㄥˇ ㄐㄧㄝˋ
頸,1,ㄍㄥˇ
更,1,ㄍㄥˋ
更甚,1,ㄍㄥˋ ㄕㄣˋ
更上層樓,1,ㄍㄥˋ ㄕㄤˋ ㄘㄥˊ ㄌㄡˊ
更生保護,1,ㄍㄥ ㄕㄥ ㄅㄠˇ ㄏㄨˋ
更勝一籌,1,ㄍㄥˋ ㄕㄥˋ ㄧ ㄔㄡˊ
估,1,ㄍㄨ
估量,1,ㄍㄨ ㄌㄧㄤˋ
估計,1,ㄍㄨ ㄐㄧˋ
估價,1,ㄍㄨ ㄐㄧㄚˋ
估測,1,ㄍㄨ ㄘㄜˋ
估算,1,ㄍㄨ ㄙㄨㄢˋ
沽,1,ㄍㄨ
沽名釣譽,1,ㄍㄨ ㄇㄧㄥˊ ㄉㄧㄠˋ ㄩˋ
沽河,1,ㄍㄨ ㄏㄜˊ
咕,1,ㄍㄨ
咕噥,1,ㄍㄨ ㄋㄨㄥˊ
咕噥,1,ㄍㄨ ㄋㄨㄥ˙
咕嚕,1,ㄍㄨ ㄌㄨ
咕嚕,1,ㄍㄨ ㄌㄨ˙
姑,1,ㄍㄨ
姑表,1,ㄍㄨ ㄅㄧㄠˇ
姑婆,1,ㄍㄨ ㄆㄛˊ
姑媽,1,ㄍㄨ ㄇㄚ
姑母,1,ㄍㄨ ㄇㄨˇ
姑娘,1,ㄍㄨ ㄋㄧㄤˊ
姑娘,1,ㄍㄨ ㄋㄧㄤ˙
姑姑,1,ㄍㄨ ㄍㄨ˙
姑且,1,ㄍㄨ ㄑㄧㄝˇ
姑息,1,ㄍㄨ ㄒㄧˊ
姑息養奸,1,ㄍㄨ ㄒㄧˊ ㄧㄤˇ ㄐㄧㄢ
姑丈,1,ㄍㄨ ㄓㄤˋ
姑嫂,1,ㄍㄨ ㄙㄠˇ
姑爺,1,ㄍㄨ ㄧㄝˊ
蛄,1,ㄍㄨ
菇,1,ㄍㄨ
鈷,1,ㄍㄨ
鴣,1,ㄍㄨ
呱,1,ㄍㄨ
呱呱,1,ㄍㄨ ㄍㄨ
呱呱墜地,1,ㄍㄨ ㄍㄨ ㄓㄨㄟˋ ㄉㄧˋ
孤,1,ㄍㄨ
孤僻,1,ㄍㄨ ㄆㄧˋ
孤芳自賞,1,ㄍㄨ ㄈㄤ ㄗˋ ㄕㄤˇ
孤單,1,ㄍㄨ ㄉㄢ
孤獨,1,ㄍㄨ ㄉㄨˊ
孤陋寡聞,1,ㄍㄨ ㄌㄡˋ ㄍㄨㄚˇ ㄨㄣˊ
孤離,1,ㄍㄨ ㄌㄧˊ
孤立,1,ㄍㄨ ㄌㄧˋ
孤零零,1,ㄍㄨ ㄌㄧㄥˊ ㄌㄧㄥˊ
孤高自許,1,ㄍㄨ ㄍㄠ ㄗˋ ㄒㄩˇ
孤苦,1,ㄍㄨ ㄎㄨˇ
孤苦伶仃,1,ㄍㄨ ㄎㄨˇ ㄌㄧㄥˊ ㄉㄧㄥ
孤苦無依,1,ㄍㄨ ㄎㄨˇ ㄨˊ ㄧ
孤魂野鬼,1,ㄍㄨ ㄏㄨㄣˊ ㄧㄝˇ ㄍㄨㄟˇ
孤寂,1,ㄍㄨ ㄐㄧˊ
孤軍,1,ㄍㄨ ㄐㄩㄣ
孤舟,1,ㄍㄨ ㄓㄡ
孤掌難鳴,1,ㄍㄨ ㄓㄤˇ ㄋㄢˊ ㄇㄧㄥˊ
孤注一擲,1,ㄍㄨ ㄓㄨˋ ㄧ ㄓˊ
孤注一擲,1,ㄍㄨ ㄓㄨˋ ㄧˋ ㄓˊ
孤臣孽子,1,ㄍㄨ ㄔㄣˊ ㄋㄧㄝˋ ㄗˇ
孤城,1,ㄍㄨ ㄔㄥˊ
孤子,1,ㄍㄨ ㄗˇ
孤哀子,1,ㄍㄨ ㄞ ㄗˇ
孤傲,1,ㄍㄨ ㄠˋ
孤兒,1,ㄍㄨ ㄦˊ
孤兒院,1,ㄍㄨ ㄦˊ ㄩㄢˋ
孤雲野鶴,1,ㄍㄨ ㄩㄣˊ ㄧㄝˇ ㄏㄜˋ
菰,1,ㄍㄨ
家,1,ㄍㄨ
骨,1,ㄍㄨ
骨朵兒,1,ㄍㄨ ㄉㄨㄛ ㄦ˙
骨碌,1,ㄍㄨ ㄌㄨˋ
骨碌,1,ㄍㄨ ㄌㄨ˙
辜,1,ㄍㄨ
辜負,1,ㄍㄨ ㄈㄨˋ
箍,1,ㄍㄨ
轂,1,ㄍㄨ
轂轆,1,ㄍㄨ ㄌㄨˋ
轂轆,1,ㄍㄨ ㄌㄨ˙
骨,1,ㄍㄨˊ
骨頭,1,ㄍㄨˊ ㄊㄡ˙
古,1,ㄍㄨˇ
古板,1,ㄍㄨˇ ㄅㄢˇ
古樸,1,ㄍㄨˇ ㄆㄨˊ
古廟,1,ㄍㄨˇ ㄇㄧㄠˋ
古法,1,ㄍㄨˇ ㄈㄚˇ
古風,1,ㄍㄨˇ ㄈㄥ
古代,1,ㄍㄨˇ ㄉㄞˋ
古道,1,ㄍㄨˇ ㄉㄠˋ
古道熱腸,1,ㄍㄨˇ ㄉㄠˋ ㄖㄜˋ ㄔㄤˊ
古典,1,ㄍㄨˇ ㄉㄧㄢˇ
古典芭蕾,1,ㄍㄨˇ ㄉㄧㄢˇ ㄅㄚ ㄌㄟˇ
古董,1,ㄍㄨˇ ㄉㄨㄥˇ
古體詩,1,ㄍㄨˇ ㄊㄧˇ ㄕ
古老,1,ㄍㄨˇ ㄌㄠˇ
古靈精怪,1,ㄍㄨˇ ㄌㄧㄥˊ ㄐㄧㄥ ㄍㄨㄞˋ
古怪,1,ㄍㄨˇ ㄍㄨㄞˋ
古柯鹼,1,ㄍㄨˇ ㄎㄜ ㄐㄧㄢˇ
古蹟,1,ㄍㄨˇ ㄐㄧ
古籍,1,ㄍㄨˇ ㄐㄧˊ
古今中外,1,ㄍㄨˇ ㄐㄧㄣ ㄓㄨㄥ ㄨㄞˋ
古錢,1,ㄍㄨˇ ㄑㄧㄢˊ
古稀,1,ㄍㄨˇ ㄒㄧ
古訓,1,ㄍㄨˇ ㄒㄩㄣˋ
古箏,1,ㄍㄨˇ ㄓㄥ
古裝,1,ㄍㄨˇ ㄓㄨㄤ
古剎,1,ㄍㄨˇ ㄔㄚˋ
古詩,1,ㄍㄨˇ ㄕ
古人,1,ㄍㄨˇ ㄖㄣˊ
古早,1,ㄍㄨˇ ㄗㄠˇ
古寺,1,ㄍㄨˇ ㄙˋ
古色古香,1,ㄍㄨˇ ㄙㄜˋ ㄍㄨˇ ㄒㄧㄤ
古意,1,ㄍㄨˇ ㄧˋ
古意盎然,1,ㄍㄨˇ ㄧˋ ㄤˋ ㄖㄢˊ
古雅,1,ㄍㄨˇ ㄧㄚˇ
古諺,1,ㄍㄨˇ ㄧㄢˋ
古物,1,ㄍㄨˇ ㄨˋ
古玩,1,ㄍㄨˇ ㄨㄢˊ
古文,1,ㄍㄨˇ ㄨㄣˊ
古文字,1,ㄍㄨˇ ㄨㄣˊ ㄗˋ
古往今來,1,ㄍㄨˇ ㄨㄤˇ ㄐㄧㄣ ㄌㄞˊ
古語,1,ㄍㄨˇ ㄩˇ
牯,1,ㄍㄨˇ
罟,1,ㄍㄨˇ
詁,1,ㄍㄨˇ
鈷,1,ㄍㄨˇ
鈷鉧,1,ㄍㄨˇ ㄇㄨˇ
嘏,1,ㄍㄨˇ
汩,1,ㄍㄨˇ
汩沒,1,ㄍㄨˇ ㄇㄛˋ
汩汩,1,ㄍㄨˇ ㄍㄨˇ
谷,1,ㄍㄨˇ
谷底,1,ㄍㄨˇ ㄉㄧˇ
谷口,1,ㄍㄨˇ ㄎㄡˇ
股,1,ㄍㄨˇ
股本,1,ㄍㄨˇ ㄅㄣˇ
股票,1,ㄍㄨˇ ㄆㄧㄠˋ
股票市場,1,ㄍㄨˇ ㄆㄧㄠˋ ㄕˋ ㄔㄤˇ
股份,1,ㄍㄨˇ ㄈㄣˋ
股份有限公司,1,ㄍㄨˇ ㄈㄣˋ ㄧㄡˇ ㄒㄧㄢˋ ㄍㄨㄥ ㄙ
股東,1,ㄍㄨˇ ㄉㄨㄥ
股利,1,ㄍㄨˇ ㄌㄧˋ
股肱,1,ㄍㄨˇ ㄍㄨㄥ
股價,1,ㄍㄨˇ ㄐㄧㄚˋ
股權,1,ㄍㄨˇ ㄑㄩㄢˊ
股息,1,ㄍㄨˇ ㄒㄧˊ
股市,1,ㄍㄨˇ ㄕˋ
骨,1,ㄍㄨˇ
骨牌,1,ㄍㄨˇ ㄆㄞˊ
骨牌理論,1,ㄍㄨˇ ㄆㄞˊ ㄌㄧˇ ㄌㄨㄣˋ
骨盆,1,ㄍㄨˇ ㄆㄣˊ
骨董,1,ㄍㄨˇ ㄉㄨㄥˇ
骨骼,1,ㄍㄨˇ ㄍㄜˊ
骨幹,1,ㄍㄨˇ ㄍㄢˋ
骨鯁在喉,1,ㄍㄨˇ ㄍㄥˇ ㄗㄞˋ ㄏㄡˊ
骨灰,1,ㄍㄨˇ ㄏㄨㄟ
骨架,1,ㄍㄨˇ ㄐㄧㄚˋ
骨氣,1,ㄍㄨˇ ㄑㄧˋ
骨質疏鬆症,1,ㄍㄨˇ ㄓˊ ㄕㄨ ㄙㄨㄥ ㄓㄥˋ
骨折,1,ㄍㄨˇ ㄓㄜˊ
骨瘦如柴,1,ㄍㄨˇ ㄕㄡˋ ㄖㄨˊ ㄔㄞˊ
骨肉,1,ㄍㄨˇ ㄖㄡˋ
骨子,1,ㄍㄨˇ ㄗ˙
骨髓,1,ㄍㄨˇ ㄙㄨㄟˇ
骨髓移植,1,ㄍㄨˇ ㄙㄨㄟˇ ㄧˊ ㄓˊ
滑,1,ㄍㄨˇ
鶻,1,ㄍㄨˇ
鶻鳩,1,ㄍㄨˇ ㄐㄧㄡ
鼓,1,ㄍㄨˇ
鼓膜,1,ㄍㄨˇ ㄇㄛˊ
鼓風爐,1,ㄍㄨˇ ㄈㄥ ㄌㄨˊ
鼓動,1,ㄍㄨˇ ㄉㄨㄥˋ
鼓勵,1,ㄍㄨˇ ㄌㄧˋ
鼓鼓的,1,ㄍㄨˇ ㄍㄨˇ ㄉㄜ˙
鼓掌,1,ㄍㄨˇ ㄓㄤˇ
鼓吹,1,ㄍㄨˇ ㄔㄨㄟ
鼓錘,1,ㄍㄨˇ ㄔㄨㄟˊ
鼓舌如簧,1,ㄍㄨˇ ㄕㄜˊ ㄖㄨˊ ㄏㄨㄤˊ
鼓手,1,ㄍㄨˇ ㄕㄡˇ
鼓聲,1,ㄍㄨˇ ㄕㄥ
鼓噪,1,ㄍㄨˇ ㄗㄠˋ
鼓譟,1,ㄍㄨˇ ㄗㄠˋ
鼓舞,1,ㄍㄨˇ ㄨˇ
瞽,1,ㄍㄨˇ
賈,1,ㄍㄨˇ
賈禍,1,ㄍㄨˇ ㄏㄨㄛˋ
穀,1,ㄍㄨˇ
穀類,1,ㄍㄨˇ ㄌㄟˋ
穀賤傷農,1,ㄍㄨˇ ㄐㄧㄢˋ ㄕㄤ ㄋㄨㄥˊ
穀子,1,ㄍㄨˇ ㄗ˙
穀倉,1,ㄍㄨˇ ㄘㄤ
穀物,1,ㄍㄨˇ ㄨˋ
穀雨,1,ㄍㄨˇ ㄩˇ
轂,1,ㄍㄨˇ
鵠,1,ㄍㄨˇ
蠱,1,ㄍㄨˇ
蠱毒,1,ㄍㄨˇ ㄉㄨˊ
蠱惑,1,ㄍㄨˇ ㄏㄨㄛˋ
告,1,ㄍㄨˋ
告朔,1,ㄍㄨˋ ㄕㄨㄛˋ
梏,1,ㄍㄨˋ
估,1,ㄍㄨˋ
估衣,1,ㄍㄨˋ ㄧ
固,1,ㄍㄨˋ
固定,1,ㄍㄨˋ ㄉㄧㄥˋ
固態,1,ㄍㄨˋ ㄊㄞˋ
固體,1,ㄍㄨˋ ㄊㄧˇ
固執,1,ㄍㄨˋ ㄓˊ
固守,1,ㄍㄨˋ ㄕㄡˇ
固然,1,ㄍㄨˋ ㄖㄢˊ
固若金湯,1,ㄍㄨˋ ㄖㄨㄛˋ ㄐㄧㄣ ㄊㄤ
固有,1,ㄍㄨˋ ㄧㄡˇ
故,1,ㄍㄨˋ
故步自封,1,ㄍㄨˋ ㄅㄨˋ ㄗˋ ㄈㄥ
故態復萌,1,ㄍㄨˋ ㄊㄞˋ ㄈㄨˋ ㄇㄥˊ
故土,1,ㄍㄨˋ ㄊㄨˇ
故弄玄虛,1,ㄍㄨˋ ㄋㄨㄥˋ ㄒㄩㄢˊ ㄒㄩ
故里,1,ㄍㄨˋ ㄌㄧˇ
故國,1,ㄍㄨˋ ㄍㄨㄛˊ
故宮,1,ㄍㄨˋ ㄍㄨㄥ
故交,1,ㄍㄨˋ ㄐㄧㄠ
故舊,1,ㄍㄨˋ ㄐㄧㄡˋ
故居,1,ㄍㄨˋ ㄐㄩ
故鄉,1,ㄍㄨˋ ㄒㄧㄤ
故障,1,ㄍㄨˋ ㄓㄤˋ
故實,1,ㄍㄨˋ ㄕˊ
故事,1,ㄍㄨˋ ㄕˋ
故人,1,ㄍㄨˋ ㄖㄣˊ
故意,1,ㄍㄨˋ ㄧˋ
故友,1,ㄍㄨˋ ㄧㄡˇ
痼,1,ㄍㄨˋ
痼疾,1,ㄍㄨˋ ㄐㄧˊ
錮,1,ㄍㄨˋ
雇,1,ㄍㄨˋ
雇工,1,ㄍㄨˋ ㄍㄨㄥ
雇主,1,ㄍㄨˋ ㄓㄨˇ
雇員,1,ㄍㄨˋ ㄩㄢˊ
僱,1,ㄍㄨˋ
僱用,1,ㄍㄨˋ ㄩㄥˋ
顧,1,ㄍㄨˋ
顧不得,1,ㄍㄨˋ ㄅㄨˋ ㄉㄜ˙
顧盼,1,ㄍㄨˋ ㄆㄢˋ
顧盼生姿,1,ㄍㄨˋ ㄆㄢˋ ㄕㄥ ㄗ
顧名思義,1,ㄍㄨˋ ㄇㄧㄥˊ ㄙ ㄧˋ
顧念,1,ㄍㄨˋ ㄋㄧㄢˋ
顧慮,1,ㄍㄨˋ ㄌㄩˋ
顧客,1,ㄍㄨˋ ㄎㄜˋ
顧及,1,ㄍㄨˋ ㄐㄧˊ
顧忌,1,ㄍㄨˋ ㄐㄧˋ
顧家,1,ㄍㄨˋ ㄐㄧㄚ
顧全,1,ㄍㄨˋ ㄑㄩㄢˊ
顧全大局,1,ㄍㄨˋ ㄑㄩㄢˊ ㄉㄚˋ ㄐㄩˊ
顧此失彼,1,ㄍㄨˋ ㄘˇ ㄕ ㄅㄧˇ
顧影自憐,1,ㄍㄨˋ ㄧㄥˇ ㄗˋ ㄌㄧㄢˊ
顧問,1,ㄍㄨˋ ㄨㄣˋ
瓜,1,ㄍㄨㄚ
瓜皮帽,1,ㄍㄨㄚ ㄆㄧˊ ㄇㄠˋ
瓜分,1,ㄍㄨㄚ ㄈㄣ
瓜田李下,1,ㄍㄨㄚ ㄊㄧㄢˊ ㄌㄧˇ ㄒㄧㄚˋ
瓜葛,1,ㄍㄨㄚ ㄍㄜˊ
瓜子,1,ㄍㄨㄚ ㄗˇ
瓜子臉,1,ㄍㄨㄚ ㄗˇ ㄌㄧㄢˇ
呱,1,ㄍㄨㄚ
呱呱叫,1,ㄍㄨㄚ ㄍㄨㄚ ㄐㄧㄠˋ
呱噪,1,ㄍㄨㄚ ㄗㄠˋ
刮,1,ㄍㄨㄚ
刮目相看,1,ㄍㄨㄚ ㄇㄨˋ ㄒㄧㄤ ㄎㄢˋ
刮風,1,ㄍㄨㄚ ㄈㄥ
刮骨去毒,1,ㄍㄨㄚ ㄍㄨˇ ㄑㄩˋ ㄉㄨˊ
刮痕,1,ㄍㄨㄚ ㄏㄣˊ
刮痧,1,ㄍㄨㄚ ㄕㄚ
刮傷,1,ㄍㄨㄚ ㄕㄤ
括,1,ㄍㄨㄚ
括號,1,ㄍㄨㄚ ㄏㄠˋ
聒,1,ㄍㄨㄚ
聒聒叫,1,ㄍㄨㄚ ㄍㄨㄚ ㄐㄧㄠˋ
聒噪,1,ㄍㄨㄚ ㄗㄠˋ
颳,1,ㄍㄨㄚ
颳風,1,ㄍㄨㄚ ㄈㄥ
蝸,1,ㄍㄨㄚ
蝸牛,1,ㄍㄨㄚ ㄋㄧㄡˊ
蝸居,1,ㄍㄨㄚ ㄐㄩ
蝸行,1,ㄍㄨㄚ ㄒㄧㄥˊ
剮,1,ㄍㄨㄚˇ
寡,1,ㄍㄨㄚˇ
寡不敵眾,1,ㄍㄨㄚˇ ㄅㄨˋ ㄉㄧˊ ㄓㄨㄥˋ
寡母,1,ㄍㄨㄚˇ ㄇㄨˇ
寡婦,1,ㄍㄨㄚˇ ㄈㄨˋ
寡糖,1,ㄍㄨㄚˇ ㄊㄤˊ
寡廉鮮恥,1,ㄍㄨㄚˇ ㄌㄧㄢˊ ㄒㄧㄢˇ ㄔˇ
寡居,1,ㄍㄨㄚˇ ㄐㄩ
寡情,1,ㄍㄨㄚˇ ㄑㄧㄥˊ
寡占,1,ㄍㄨㄚˇ ㄓㄢˋ
寡人,1,ㄍㄨㄚˇ ㄖㄣˊ
寡言,1,ㄍㄨㄚˇ ㄧㄢˊ
寡欲,1,ㄍㄨㄚˇ ㄩˋ
卦,1,ㄍㄨㄚˋ
掛,1,ㄍㄨㄚˋ
掛牌,1,ㄍㄨㄚˋ ㄆㄞˊ
掛名,1,ㄍㄨㄚˋ ㄇㄧㄥˊ
掛搭,1,ㄍㄨㄚˋ ㄉㄚ
掛單,1,ㄍㄨㄚˋ ㄉㄢ
掛圖,1,ㄍㄨㄚˋ ㄊㄨˊ
掛念,1,ㄍㄨㄚˋ ㄋㄧㄢˋ
掛零,1,ㄍㄨㄚˋ ㄌㄧㄥˊ
掛慮,1,ㄍㄨㄚˋ ㄌㄩˋ
掛鉤,1,ㄍㄨㄚˋ ㄍㄡ
掛冠而去,1,ㄍㄨㄚˋ ㄍㄨㄢ ㄦˊ ㄑㄩˋ
掛號,1,ㄍㄨㄚˋ ㄏㄠˋ
掛號信,1,ㄍㄨㄚˋ ㄏㄠˋ ㄒㄧㄣˋ
掛心,1,ㄍㄨㄚˋ ㄒㄧㄣ
掛齒,1,ㄍㄨㄚˋ ㄔˇ
掛失,1,ㄍㄨㄚˋ ㄕ
掛帥,1,ㄍㄨㄚˋ ㄕㄨㄞˋ
掛彩,1,ㄍㄨㄚˋ ㄘㄞˇ
掛一漏萬,1,ㄍㄨㄚˋ ㄧ ㄌㄡˋ ㄨㄢˋ
掛羊頭賣狗肉,1,ㄍㄨㄚˋ ㄧㄤˊ ㄊㄡˊ ㄇㄞˋ ㄍㄡˇ ㄖㄡˋ
罣,1,ㄍㄨㄚˋ
罣礙,1,ㄍㄨㄚˋ ㄞˋ
褂,1,ㄍㄨㄚˋ
郭,1,ㄍㄨㄛ
渦,1,ㄍㄨㄛ
渦河,1,ㄍㄨㄛ ㄏㄜˊ
過,1,ㄍㄨㄛ
鍋,1,ㄍㄨㄛ
鍋巴,1,ㄍㄨㄛ ㄅㄚ
鍋貼,1,ㄍㄨㄛ ㄊㄧㄝ
鍋爐,1,ㄍㄨㄛ ㄌㄨˊ
鍋蓋,1,ㄍㄨㄛ ㄍㄞˋ
鍋鏟,1,ㄍㄨㄛ ㄔㄢˇ
蟈,1,ㄍㄨㄛ
蟈蟈兒,1,ㄍㄨㄛ ㄍㄨㄛ ㄦ
國,1,ㄍㄨㄛˊ
國寶,1,ㄍㄨㄛˊ ㄅㄠˇ
國寶級,1,ㄍㄨㄛˊ ㄅㄠˇ ㄐㄧˊ
國本,1,ㄍㄨㄛˊ ㄅㄣˇ
國賓,1,ㄍㄨㄛˊ ㄅㄧㄣ
國破家亡,1,ㄍㄨㄛˊ ㄆㄛˋ ㄐㄧㄚ ㄨㄤˊ
國片,1,ㄍㄨㄛˊ ㄆㄧㄢˋ
國貿,1,ㄍㄨㄛˊ ㄇㄠˋ
國門,1,ㄍㄨㄛˊ ㄇㄣˊ
國民,1,ㄍㄨㄛˊ ㄇㄧㄣˊ
國民兵,1,ㄍㄨㄛˊ ㄇㄧㄣˊ ㄅㄧㄥ
國民年金,1,ㄍㄨㄛˊ ㄇㄧㄣˊ ㄋㄧㄢˊ ㄐㄧㄣ
國民教育,1,ㄍㄨㄛˊ ㄇㄧㄣˊ ㄐㄧㄠˋ ㄩˋ
國民小學,1,ㄍㄨㄛˊ ㄇㄧㄣˊ ㄒㄧㄠˇ ㄒㄩㄝˊ
國民住宅,1,ㄍㄨㄛˊ ㄇㄧㄣˊ ㄓㄨˋ ㄓㄞˊ
國民中學,1,ㄍㄨㄛˊ ㄇㄧㄣˊ ㄓㄨㄥ ㄒㄩㄝˊ
國民車,1,ㄍㄨㄛˊ ㄇㄧㄣˊ ㄔㄜ
國民生產毛額,1,ㄍㄨㄛˊ ㄇㄧㄣˊ ㄕㄥ ㄔㄢˇ ㄇㄠˊ ㄜˊ
國民所得,1,ㄍㄨㄛˊ ㄇㄧㄣˊ ㄙㄨㄛˇ ㄉㄜˊ
國民外交,1,ㄍㄨㄛˊ ㄇㄧㄣˊ ㄨㄞˋ ㄐㄧㄠ
國法,1,ㄍㄨㄛˊ ㄈㄚˇ
國防,1,ㄍㄨㄛˊ ㄈㄤˊ
國父,1,ㄍㄨㄛˊ ㄈㄨˋ
國大代表,1,ㄍㄨㄛˊ ㄉㄚˋ ㄉㄞˋ ㄅㄧㄠˇ
國定假日,1,ㄍㄨㄛˊ ㄉㄧㄥˋ ㄐㄧㄚˋ ㄖˋ
國都,1,ㄍㄨㄛˊ ㄉㄨ
國度,1,ㄍㄨㄛˊ ㄉㄨˋ
國泰民安,1,ㄍㄨㄛˊ ㄊㄞˋ ㄇㄧㄣˊ ㄢ
國體,1,ㄍㄨㄛˊ ㄊㄧˇ
國土,1,ㄍㄨㄛˊ ㄊㄨˇ
國統綱領,1,ㄍㄨㄛˊ ㄊㄨㄥˇ ㄍㄤ ㄌㄧㄥˇ
國內,1,ㄍㄨㄛˊ ㄋㄟˋ
國難,1,ㄍㄨㄛˊ ㄋㄢˋ
國力,1,ㄍㄨㄛˊ ㄌㄧˋ
國立,1,ㄍㄨㄛˊ ㄌㄧˋ
國曆,1,ㄍㄨㄛˊ ㄌㄧˋ
國歌,1,ㄍㄨㄛˊ ㄍㄜ
國庫,1,ㄍㄨㄛˊ ㄎㄨˋ
國庫券,1,ㄍㄨㄛˊ ㄎㄨˋ ㄑㄩㄢˋ
國號,1,ㄍㄨㄛˊ ㄏㄠˋ
國貨,1,ㄍㄨㄛˊ ㄏㄨㄛˋ
國徽,1,ㄍㄨㄛˊ ㄏㄨㄟ
國會,1,ㄍㄨㄛˊ ㄏㄨㄟˋ
國魂,1,ㄍㄨㄛˊ ㄏㄨㄣˊ
國籍,1,ㄍㄨㄛˊ ㄐㄧˊ
國計民生,1,ㄍㄨㄛˊ ㄐㄧˋ ㄇㄧㄣˊ ㄕㄥ
國際,1,ㄍㄨㄛˊ ㄐㄧˋ
國際法院,1,ㄍㄨㄛˊ ㄐㄧˋ ㄈㄚˇ ㄩㄢˋ
國際電話信用卡,1,ㄍㄨㄛˊ ㄐㄧˋ ㄉㄧㄢˋ ㄏㄨㄚˋ ㄒㄧㄣˋ ㄩㄥˋ ㄎㄚˇ
國際公法,1,ㄍㄨㄛˊ ㄐㄧˋ ㄍㄨㄥ ㄈㄚˇ
國際化,1,ㄍㄨㄛˊ ㄐㄧˋ ㄏㄨㄚˋ
國際駕照,1,ㄍㄨㄛˊ ㄐㄧˋ ㄐㄧㄚˋ ㄓㄠˋ
國際性,1,ㄍㄨㄛˊ ㄐㄧˋ ㄒㄧㄥˋ
國際直通電話,1,ㄍㄨㄛˊ ㄐㄧˋ ㄓˊ ㄊㄨㄥ ㄉㄧㄢˋ ㄏㄨㄚˋ
國際奧會,1,ㄍㄨㄛˊ ㄐㄧˋ ㄠˋ ㄏㄨㄟˋ
國際兒童村,1,ㄍㄨㄛˊ ㄐㄧˋ ㄦˊ ㄊㄨㄥˊ ㄘㄨㄣ
國際音標,1,ㄍㄨㄛˊ ㄐㄧˋ ㄧㄣ ㄅㄧㄠ
國家,1,ㄍㄨㄛˊ ㄐㄧㄚ
國家公園,1,ㄍㄨㄛˊ ㄐㄧㄚ ㄍㄨㄥ ㄩㄢˊ
國家劇院,1,ㄍㄨㄛˊ ㄐㄧㄚ ㄐㄩˋ ㄩㄢˋ
國家資訊基礎建設,1,ㄍㄨㄛˊ ㄐㄧㄚ ㄗ ㄒㄩㄣˋ ㄐㄧ ㄔㄨˇ ㄐㄧㄢˋ ㄕㄜˋ
國界,1,ㄍㄨㄛˊ ㄐㄧㄝˋ
國教,1,ㄍㄨㄛˊ ㄐㄧㄠˋ
國建,1,ㄍㄨㄛˊ ㄐㄧㄢˋ
國境,1,ㄍㄨㄛˊ ㄐㄧㄥˋ
國劇,1,ㄍㄨㄛˊ ㄐㄩˋ
國君,1,ㄍㄨㄛˊ ㄐㄩㄣ
國軍,1,ㄍㄨㄛˊ ㄐㄩㄣ
國旗,1,ㄍㄨㄛˊ ㄑㄧˊ
國情,1,ㄍㄨㄛˊ ㄑㄧㄥˊ
國慶,1,ㄍㄨㄛˊ ㄑㄧㄥˋ
國璽,1,ㄍㄨㄛˊ ㄒㄧˇ
國小,1,ㄍㄨㄛˊ ㄒㄧㄠˇ
國學,1,ㄍㄨㄛˊ ㄒㄩㄝˊ
國宅,1,ㄍㄨㄛˊ ㄓㄞˊ
國債,1,ㄍㄨㄛˊ ㄓㄞˋ
國中,1,ㄍㄨㄛˊ ㄓㄨㄥ
國恥,1,ㄍㄨㄛˊ ㄔˇ
國產,1,ㄍㄨㄛˊ ㄔㄢˇ
國史,1,ㄍㄨㄛˊ ㄕˇ
國士,1,ㄍㄨㄛˊ ㄕˋ
國事,1,ㄍㄨㄛˊ ㄕˋ
國是,1,ㄍㄨㄛˊ ㄕˋ
國勢,1,ㄍㄨㄛˊ ㄕˋ
國手,1,ㄍㄨㄛˊ ㄕㄡˇ
國殤,1,ㄍㄨㄛˊ ㄕㄤ
國書,1,ㄍㄨㄛˊ ㄕㄨ
國術,1,ㄍㄨㄛˊ ㄕㄨˋ
國稅,1,ㄍㄨㄛˊ ㄕㄨㄟˋ
國人,1,ㄍㄨㄛˊ ㄖㄣˊ
國字,1,ㄍㄨㄛˊ ㄗˋ
國葬,1,ㄍㄨㄛˊ ㄗㄤˋ
國祚,1,ㄍㄨㄛˊ ㄗㄨㄛˋ
國策,1,ㄍㄨㄛˊ ㄘㄜˋ
國粹,1,ㄍㄨㄛˊ ㄘㄨㄟˋ
國色天香,1,ㄍㄨㄛˊ ㄙㄜˋ ㄊㄧㄢ ㄒㄧㄤ
國有財產,1,ㄍㄨㄛˊ ㄧㄡˇ ㄘㄞˊ ㄔㄢˇ
國宴,1,ㄍㄨㄛˊ ㄧㄢˋ
國音,1,ㄍㄨㄛˊ ㄧㄣ
國營,1,ㄍㄨㄛˊ ㄧㄥˊ
國營事業,1,ㄍㄨㄛˊ ㄧㄥˊ ㄕˋ ㄧㄝˋ
國務,1,ㄍㄨㄛˊ ㄨˋ
國務卿,1,ㄍㄨㄛˊ ㄨˋ ㄑㄧㄥ
國外,1,ㄍㄨㄛˊ ㄨㄞˋ
國文,1,ㄍㄨㄛˊ ㄨㄣˊ
國王,1,ㄍㄨㄛˊ ㄨㄤˊ
國語文,1,ㄍㄨㄛˊ ㄩˇ ㄨㄣˊ
國樂,1,ㄍㄨㄛˊ ㄩㄝˋ
國運,1,ㄍㄨㄛˊ ㄩㄣˋ
摑,1,ㄍㄨㄛˊ
摑耳光,1,ㄍㄨㄛˊ ㄦˇ ㄍㄨㄤ
幗,1,ㄍㄨㄛˊ
虢,1,ㄍㄨㄛˊ
馘,1,ㄍㄨㄛˊ
果,1,ㄍㄨㄛˇ
果不其然,1,ㄍㄨㄛˇ ㄅㄨˋ ㄑㄧˊ ㄖㄢˊ
果盤,1,ㄍㄨㄛˇ ㄆㄢˊ
果皮,1,ㄍㄨㄛˇ ㄆㄧˊ
果品,1,ㄍㄨㄛˇ ㄆㄧㄣˇ
果腹,1,ㄍㄨㄛˇ ㄈㄨˋ
果斷,1,ㄍㄨㄛˇ ㄉㄨㄢˋ
果凍,1,ㄍㄨㄛˇ ㄉㄨㄥˋ
果糖,1,ㄍㄨㄛˇ ㄊㄤˊ
果嶺,1,ㄍㄨㄛˇ ㄌㄧㄥˇ
果敢,1,ㄍㄨㄛˇ ㄍㄢˇ
果核,1,ㄍㄨㄛˇ ㄏㄜˊ
果醬,1,ㄍㄨㄛˇ ㄐㄧㄤˋ
果決,1,ㄍㄨㄛˇ ㄐㄩㄝˊ
果汁,1,ㄍㄨㄛˇ ㄓ
果汁機,1,ㄍㄨㄛˇ ㄓ ㄐㄧ
果真,1,ㄍㄨㄛˇ ㄓㄣ
果實,1,ㄍㄨㄛˇ ㄕˊ
果樹,1,ㄍㄨㄛˇ ㄕㄨˋ
果肉,1,ㄍㄨㄛˇ ㄖㄡˋ
果然,1,ㄍㄨㄛˇ ㄖㄢˊ
果仁,1,ㄍㄨㄛˇ ㄖㄣˊ
果子,1,ㄍㄨㄛˇ ㄗ˙
果菜,1,ㄍㄨㄛˇ ㄘㄞˋ
果酸,1,ㄍㄨㄛˇ ㄙㄨㄢ
果蠅,1,ㄍㄨㄛˇ ㄧㄥˊ
果園,1,ㄍㄨㄛˇ ㄩㄢˊ
粿,1,ㄍㄨㄛˇ
裹,1,ㄍㄨㄛˇ
裹傷,1,ㄍㄨㄛˇ ㄕㄤ
裹足,1,ㄍㄨㄛˇ ㄗㄨˊ
裹足不前,1,ㄍㄨㄛˇ ㄗㄨˊ ㄅㄨˋ ㄑㄧㄢˊ
槨,1,ㄍㄨㄛˇ
過,1,ㄍㄨㄛˋ
過磅,1,ㄍㄨㄛˋ ㄅㄤˋ
過不去,1,ㄍㄨㄛˋ ㄅㄨˋ ㄑㄩˋ
過不去,1,ㄍㄨㄛˋ ㄅㄨˊ ㄑㄩˋ
過門,1,ㄍㄨㄛˋ ㄇㄣˊ
過敏,1,ㄍㄨㄛˋ ㄇㄧㄣˇ
過目,1,ㄍㄨㄛˋ ㄇㄨˋ
過目不忘,1,ㄍㄨㄛˋ ㄇㄨˋ ㄅㄨˋ ㄨㄤˋ
過目不忘,1,ㄍㄨㄛˋ ㄇㄨˋ ㄅㄨˊ ㄨㄤˋ
過分,1,ㄍㄨㄛˋ ㄈㄣˋ
過當,1,ㄍㄨㄛˋ ㄉㄤˋ
過度,1,ㄍㄨㄛˋ ㄉㄨˋ
過渡,1,ㄍㄨㄛˋ ㄉㄨˋ
過渡時期,1,ㄍㄨㄛˋ ㄉㄨˋ ㄕˊ ㄑㄧˊ
過頭,1,ㄍㄨㄛˋ ㄊㄡˊ
過年,1,ㄍㄨㄛˋ ㄋㄧㄢˊ
過來人,1,ㄍㄨㄛˋ ㄌㄞˊ ㄖㄣˊ
過來,1,ㄍㄨㄛˋ ㄌㄞˊ
過勞死,1,ㄍㄨㄛˋ ㄌㄠˊ ㄙˇ
過量,1,ㄍㄨㄛˋ ㄌㄧㄤˋ
過路財神,1,ㄍㄨㄛˋ ㄌㄨˋ ㄘㄞˊ ㄕㄣˊ
過慮,1,ㄍㄨㄛˋ ㄌㄩˋ
過濾,1,ㄍㄨㄛˋ ㄌㄩˋ
過關,1,ㄍㄨㄛˋ ㄍㄨㄢ
過關斬將,1,ㄍㄨㄛˋ ㄍㄨㄢ ㄓㄢˇ ㄐㄧㄤˋ
過客,1,ㄍㄨㄛˋ ㄎㄜˋ
過河拆橋,1,ㄍㄨㄛˋ ㄏㄜˊ ㄔㄞ ㄑㄧㄠˊ
過戶,1,ㄍㄨㄛˋ ㄏㄨˋ
過活,1,ㄍㄨㄛˋ ㄏㄨㄛˊ
過火,1,ㄍㄨㄛˋ ㄏㄨㄛˇ
過繼,1,ㄍㄨㄛˋ ㄐㄧˋ
過節,1,ㄍㄨㄛˋ ㄐㄧㄝˊ
過江之鯽,1,ㄍㄨㄛˋ ㄐㄧㄤ ㄓ ㄐㄧˋ
過境,1,ㄍㄨㄛˋ ㄐㄧㄥˋ
過期,1,ㄍㄨㄛˋ ㄑㄧˊ
過氣,1,ㄍㄨㄛˋ ㄑㄧˋ
過去,1,ㄍㄨㄛˋ ㄑㄩˋ
過招,1,ㄍㄨㄛˋ ㄓㄠ
過程,1,ㄍㄨㄛˋ ㄔㄥˊ
過失,1,ㄍㄨㄛˋ ㄕ
過時,1,ㄍㄨㄛˋ ㄕˊ
過世,1,ㄍㄨㄛˋ ㄕˋ
過日子,1,ㄍㄨㄛˋ ㄖˋ ㄗ˙
過人,1,ㄍㄨㄛˋ ㄖㄣˊ
過錯,1,ㄍㄨㄛˋ ㄘㄨㄛˋ
過從甚密,1,ㄍㄨㄛˋ ㄘㄨㄥˊ ㄕㄣˋ ㄇㄧˋ
過意不去,1,ㄍㄨㄛˋ ㄧˋ ㄅㄨˋ ㄑㄩˋ
過意不去,1,ㄍㄨㄛˋ ㄧˋ ㄅㄨˊ ㄑㄩˋ
過夜,1,ㄍㄨㄛˋ ㄧㄝˋ
過猶不及,1,ㄍㄨㄛˋ ㄧㄡˊ ㄅㄨˋ ㄐㄧˊ
過眼雲煙,1,ㄍㄨㄛˋ ㄧㄢˇ ㄩㄣˊ ㄧㄢ
過癮,1,ㄍㄨㄛˋ ㄧㄣˇ
過問,1,ㄍㄨㄛˋ ㄨㄣˋ
過往,1,ㄍㄨㄛˋ ㄨㄤˇ
乖,1,ㄍㄨㄞ
乖謬,1,ㄍㄨㄞ ㄇㄧㄡˋ
乖離,1,ㄍㄨㄞ ㄌㄧˊ
乖乖,1,ㄍㄨㄞ ㄍㄨㄞ
乖乖,1,ㄍㄨㄞ ㄍㄨㄞ˙
乖巧,1,ㄍㄨㄞ ㄑㄧㄠˇ
乖張,1,ㄍㄨㄞ ㄓㄤ
拐,1,ㄍㄨㄞˇ
拐跑,1,ㄍㄨㄞˇ ㄆㄠˇ
拐騙,1,ㄍㄨㄞˇ ㄆㄧㄢˋ
拐誘,1,ㄍㄨㄞˇ ㄧㄡˋ
拐彎,1,ㄍㄨㄞˇ ㄨㄢ
拐彎抹角,1,ㄍㄨㄞˇ ㄨㄢ ㄇㄛˋ ㄐㄧㄠˇ
枴,1,ㄍㄨㄞˇ
枴杖,1,ㄍㄨㄞˇ ㄓㄤˋ
怪,1,ㄍㄨㄞˋ
怪病,1,ㄍㄨㄞˋ ㄅㄧㄥˋ
怪不得,1,ㄍㄨㄞˋ ㄅㄨˋ ㄉㄜ˙
怪癖,1,ㄍㄨㄞˋ ㄆㄧˇ
怪模怪樣,1,ㄍㄨㄞˋ ㄇㄛˊ ㄍㄨㄞˋ ㄧㄤˋ
怪誕,1,ㄍㄨㄞˋ ㄉㄢˋ
怪誕不經,1,ㄍㄨㄞˋ ㄉㄢˋ ㄅㄨˋ ㄐㄧㄥ
怪談,1,ㄍㄨㄞˋ ㄊㄢˊ
怪裡怪氣,1,ㄍㄨㄞˋ ㄌㄧˇ ㄍㄨㄞˋ ㄑㄧˋ
怪力亂神,1,ㄍㄨㄞˋ ㄌㄧˋ ㄌㄨㄢˋ ㄕㄣˊ
怪傑,1,ㄍㄨㄞˋ ㄐㄧㄝˊ
怪事,1,ㄍㄨㄞˋ ㄕˋ
怪手,1,ㄍㄨㄞˋ ㄕㄡˇ
怪獸,1,ㄍㄨㄞˋ ㄕㄡˋ
怪人,1,ㄍㄨㄞˋ ㄖㄣˊ
怪罪,1,ㄍㄨㄞˋ ㄗㄨㄟˋ
怪異,1,ㄍㄨㄞˋ ㄧˋ
怪物,1,ㄍㄨㄞˋ ㄨˋ
圭,1,ㄍㄨㄟ
珪,1,ㄍㄨㄟ
閨,1,ㄍㄨㄟ
閨房,1,ㄍㄨㄟ ㄈㄤˊ
閨女,1,ㄍㄨㄟ ㄋㄩˇ
閨閣,1,ㄍㄨㄟ ㄍㄜˊ
閨中密友,1,ㄍㄨㄟ ㄓㄨㄥ ㄇㄧˋ ㄧㄡˇ
閨怨,1,ㄍㄨㄟ ㄩㄢˋ
鮭,1,ㄍㄨㄟ
鮭魚,1,ㄍㄨㄟ ㄩˊ
皈,1,ㄍㄨㄟ
皈依,1,ㄍㄨㄟ ㄧ
規,1,ㄍㄨㄟ
規避,1,ㄍㄨㄟ ㄅㄧˋ
規模,1,ㄍㄨㄟ ㄇㄛˊ
規費,1,ㄍㄨㄟ ㄈㄟˋ
規範,1,ㄍㄨㄟ ㄈㄢˋ
規定,1,ㄍㄨㄟ ㄉㄧㄥˋ
規條,1,ㄍㄨㄟ ㄊㄧㄠˊ
規律,1,ㄍㄨㄟ ㄌㄩˋ
規格,1,ㄍㄨㄟ ㄍㄜˊ
規規矩矩,1,ㄍㄨㄟ ㄍㄨㄟ ㄐㄩˇ ㄐㄩˇ
規劃,1,ㄍㄨㄟ ㄏㄨㄚˋ
規矩,1,ㄍㄨㄟ ㄐㄩˇ
規勸,1,ㄍㄨㄟ ㄑㄩㄢˋ
規章,1,ㄍㄨㄟ ㄓㄤ
規程,1,ㄍㄨㄟ ㄔㄥˊ
規則,1,ㄍㄨㄟ ㄗㄜˊ
規約,1,ㄍㄨㄟ ㄩㄝ
媯,1,ㄍㄨㄟ
媯河,1,ㄍㄨㄟ ㄏㄜˊ
傀,1,ㄍㄨㄟ
瑰,1,ㄍㄨㄟ
瑰寶,1,ㄍㄨㄟ ㄅㄠˇ
瑰麗,1,ㄍㄨㄟ ㄌㄧˋ
龜,1,ㄍㄨㄟ
龜甲,1,ㄍㄨㄟ ㄐㄧㄚˇ
歸,1,ㄍㄨㄟ
歸併,1,ㄍㄨㄟ ㄅㄧㄥˋ
歸附,1,ㄍㄨㄟ ㄈㄨˋ
歸檔,1,ㄍㄨㄟ ㄉㄤˇ
歸隊,1,ㄍㄨㄟ ㄉㄨㄟˋ
歸天,1,ㄍㄨㄟ ㄊㄧㄢ
歸途,1,ㄍㄨㄟ ㄊㄨˊ
歸納,1,ㄍㄨㄟ ㄋㄚˋ
歸納法,1,ㄍㄨㄟ ㄋㄚˋ ㄈㄚˇ
歸寧,1,ㄍㄨㄟ ㄋㄧㄥˊ
歸類,1,ㄍㄨㄟ ㄌㄟˋ
歸根究柢,1,ㄍㄨㄟ ㄍㄣ ㄐㄧㄡˋ ㄉㄧˇ
歸國,1,ㄍㄨㄟ ㄍㄨㄛˊ
歸功,1,ㄍㄨㄟ ㄍㄨㄥ
歸化,1,ㄍㄨㄟ ㄏㄨㄚˋ
歸還,1,ㄍㄨㄟ ㄏㄨㄢˊ
歸結,1,ㄍㄨㄟ ㄐㄧㄝˊ
歸咎,1,ㄍㄨㄟ ㄐㄧㄡˋ
歸西,1,ㄍㄨㄟ ㄒㄧ
歸心,1,ㄍㄨㄟ ㄒㄧㄣ
歸心似箭,1,ㄍㄨㄟ ㄒㄧㄣ ㄙˋ ㄐㄧㄢˋ
歸程,1,ㄍㄨㄟ ㄔㄥˊ
歸屬,1,ㄍㄨㄟ ㄕㄨˇ
歸順,1,ㄍㄨㄟ ㄕㄨㄣˋ
歸仁,1,ㄍㄨㄟ ㄖㄣˊ
歸宗,1,ㄍㄨㄟ ㄗㄨㄥ
歸宿,1,ㄍㄨㄟ ㄙㄨˋ
歸案,1,ㄍㄨㄟ ㄢˋ
歸依,1,ㄍㄨㄟ ㄧ
歸因,1,ㄍㄨㄟ ㄧㄣ
歸陰,1,ㄍㄨㄟ ㄧㄣ
歸位,1,ㄍㄨㄟ ㄨㄟˋ
軌,1,ㄍㄨㄟˇ
軌範,1,ㄍㄨㄟˇ ㄈㄢˋ
軌道,1,ㄍㄨㄟˇ ㄉㄠˋ
軌跡,1,ㄍㄨㄟˇ ㄐㄧ
匭,1,ㄍㄨㄟˇ
癸,1,ㄍㄨㄟˇ
鬼,1,ㄍㄨㄟˇ
鬼把戲,1,ㄍㄨㄟˇ ㄅㄚˇ ㄒㄧˋ
鬼魅,1,ㄍㄨㄟˇ ㄇㄟˋ
鬼門關,1,ㄍㄨㄟˇ ㄇㄣˊ ㄍㄨㄢ
鬼迷心竅,1,ㄍㄨㄟˇ ㄇㄧˊ ㄒㄧㄣ ㄑㄧㄠˋ
鬼斧神工,1,ㄍㄨㄟˇ ㄈㄨˇ ㄕㄣˊ ㄍㄨㄥ
鬼胎,1,ㄍㄨㄟˇ ㄊㄞ
鬼頭鬼腦,1,ㄍㄨㄟˇ ㄊㄡˊ ㄍㄨㄟˇ ㄋㄠˇ
鬼臉,1,ㄍㄨㄟˇ ㄌㄧㄢˇ
鬼靈精,1,ㄍㄨㄟˇ ㄌㄧㄥˊ ㄐㄧㄥ
鬼鬼祟祟,1,ㄍㄨㄟˇ ㄍㄨㄟˇ ㄙㄨㄟˋ ㄙㄨㄟˋ
鬼哭狼嚎,1,ㄍㄨㄟˇ ㄎㄨ ㄌㄤˊ ㄏㄠˊ
鬼哭神號,1,ㄍㄨㄟˇ ㄎㄨ ㄕㄣˊ ㄏㄠˊ
鬼話,1,ㄍㄨㄟˇ ㄏㄨㄚˋ
鬼話連篇,1,ㄍㄨㄟˇ ㄏㄨㄚˋ ㄌㄧㄢˊ ㄆㄧㄢ
鬼畫符,1,ㄍㄨㄟˇ ㄏㄨㄚˋ ㄈㄨˊ
鬼火,1,ㄍㄨㄟˇ ㄏㄨㄛˇ
鬼魂,1,ㄍㄨㄟˇ ㄏㄨㄣˊ
鬼混,1,ㄍㄨㄟˇ ㄏㄨㄣˋ
鬼計多端,1,ㄍㄨㄟˇ ㄐㄧˋ ㄉㄨㄛ ㄉㄨㄢ
鬼見愁,1,ㄍㄨㄟˇ ㄐㄧㄢˋ ㄔㄡˊ
鬼主意,1,ㄍㄨㄟˇ ㄓㄨˇ ㄧˋ
鬼使神差,1,ㄍㄨㄟˇ ㄕˇ ㄕㄣˊ ㄔㄞ
鬼子,1,ㄍㄨㄟˇ ㄗ˙
鬼才,1,ㄍㄨㄟˇ ㄘㄞˊ
鬼祟,1,ㄍㄨㄟˇ ㄙㄨㄟˋ
晷,1,ㄍㄨㄟˇ
詭,1,ㄍㄨㄟˇ
詭辯,1,ㄍㄨㄟˇ ㄅㄧㄢˋ
詭計,1,ㄍㄨㄟˇ ㄐㄧˋ
詭計多端,1,ㄍㄨㄟˇ ㄐㄧˋ ㄉㄨㄛ ㄉㄨㄢ
詭譎,1,ㄍㄨㄟˇ ㄐㄩㄝˊ
詭詐,1,ㄍㄨㄟˇ ㄓㄚˋ
詭異,1,ㄍㄨㄟˇ ㄧˋ
桂,1,ㄍㄨㄟˋ
桂冠,1,ㄍㄨㄟˋ ㄍㄨㄢ
桂冠詩人,1,ㄍㄨㄟˋ ㄍㄨㄢ ㄕ ㄖㄣˊ
桂花,1,ㄍㄨㄟˋ ㄏㄨㄚ
桂圓,1,ㄍㄨㄟˋ ㄩㄢˊ
貴,1,ㄍㄨㄟˋ
貴賓,1,ㄍㄨㄟˋ ㄅㄧㄣ
貴妃,1,ㄍㄨㄟˋ ㄈㄟ
貴婦,1,ㄍㄨㄟˋ ㄈㄨˋ
貴庚,1,ㄍㄨㄟˋ ㄍㄥ
貴國,1,ㄍㄨㄟˋ ㄍㄨㄛˊ
貴客,1,ㄍㄨㄟˋ ㄎㄜˋ
貴金屬,1,ㄍㄨㄟˋ ㄐㄧㄣ ㄕㄨˇ
貴顯,1,ㄍㄨㄟˋ ㄒㄧㄢˇ
貴姓,1,ㄍㄨㄟˋ ㄒㄧㄥˋ
貴重,1,ㄍㄨㄟˋ ㄓㄨㄥˋ
貴人,1,ㄍㄨㄟˋ ㄖㄣˊ
貴族,1,ㄍㄨㄟˋ ㄗㄨˊ
櫃,1,ㄍㄨㄟˋ
櫃臺,1,ㄍㄨㄟˋ ㄊㄞˊ
櫃子,1,ㄍㄨㄟˋ ㄗ˙
跪,1,ㄍㄨㄟˋ
跪拜,1,ㄍㄨㄟˋ ㄅㄞˋ
跪下,1,ㄍㄨㄟˋ ㄒㄧㄚˋ
跪乳,1,ㄍㄨㄟˋ ㄖㄨˇ
跪坐,1,ㄍㄨㄟˋ ㄗㄨㄛˋ
會,1,ㄍㄨㄟˋ
會稽縣,1,ㄍㄨㄟˋ ㄐㄧ ㄒㄧㄢˋ
劌,1,ㄍㄨㄟˋ
官,1,ㄍㄨㄢ
官兵,1,ㄍㄨㄢ ㄅㄧㄥ
官派,1,ㄍㄨㄢ ㄆㄞˋ
官方,1,ㄍㄨㄢ ㄈㄤ
官府,1,ㄍㄨㄢ ㄈㄨˇ
官倒,1,ㄍㄨㄢ ㄉㄠˇ
官等,1,ㄍㄨㄢ ㄉㄥˇ
官邸,1,ㄍㄨㄢ ㄉㄧˇ
官田,1,ㄍㄨㄢ ㄊㄧㄢˊ
官能,1,ㄍㄨㄢ ㄋㄥˊ
官吏,1,ㄍㄨㄢ ㄌㄧˋ
官僚,1,ㄍㄨㄢ ㄌㄧㄠˊ
官官相護,1,ㄍㄨㄢ ㄍㄨㄢ ㄒㄧㄤ ㄏㄨˋ
官話,1,ㄍㄨㄢ ㄏㄨㄚˋ
官家,1,ㄍㄨㄢ ㄐㄧㄚ
官價,1,ㄍㄨㄢ ㄐㄧㄚˋ
官階,1,ㄍㄨㄢ ㄐㄧㄝ
官氣,1,ㄍㄨㄢ ㄑㄧˋ
官銜,1,ㄍㄨㄢ ㄒㄧㄢˊ
官職,1,ㄍㄨㄢ ㄓˊ
官長,1,ㄍㄨㄢ ㄓㄤˇ
官差,1,ㄍㄨㄢ ㄔㄞ
官場,1,ㄍㄨㄢ ㄔㄤˇ
官舍,1,ㄍㄨㄢ ㄕㄜˋ
官署,1,ㄍㄨㄢ ㄕㄨˇ
官人,1,ㄍㄨㄢ ㄖㄣˊ
官司,1,ㄍㄨㄢ ㄙ
官樣文章,1,ㄍㄨㄢ ㄧㄤˋ ㄨㄣˊ ㄓㄤ
官位,1,ㄍㄨㄢ ㄨㄟˋ
官員,1,ㄍㄨㄢ ㄩㄢˊ
官運亨通,1,ㄍㄨㄢ ㄩㄣˋ ㄏㄥ ㄊㄨㄥ
倌,1,ㄍㄨㄢ
棺,1,ㄍㄨㄢ
棺木,1,ㄍㄨㄢ ㄇㄨˋ
棺材,1,ㄍㄨㄢ ㄘㄞˊ
冠,1,ㄍㄨㄢ
冠冕,1,ㄍㄨㄢ ㄇㄧㄢˇ
冠冕堂皇,1,ㄍㄨㄢ ㄇㄧㄢˇ ㄊㄤˊ ㄏㄨㄤˊ
冠服,1,ㄍㄨㄢ ㄈㄨˊ
冠蓋,1,ㄍㄨㄢ ㄍㄞˋ
冠蓋如雲,1,ㄍㄨㄢ ㄍㄞˋ ㄖㄨˊ ㄩㄣˊ
冠蓋雲集,1,ㄍㄨㄢ ㄍㄞˋ ㄩㄣˊ ㄐㄧˊ
矜,1,ㄍㄨㄢ
莞,1,ㄍㄨㄢ
綸,1,ㄍㄨㄢ
綸巾,1,ㄍㄨㄢ ㄐㄧㄣ
瘝,1,ㄍㄨㄢ
鰥,1,ㄍㄨㄢ
關,1,ㄍㄨㄢ
關閉,1,ㄍㄨㄢ ㄅㄧˋ
關門,1,ㄍㄨㄢ ㄇㄣˊ
關防,1,ㄍㄨㄢ ㄈㄤˊ
關燈,1,ㄍㄨㄢ ㄉㄥ
關掉,1,ㄍㄨㄢ ㄉㄧㄠˋ
關頭,1,ㄍㄨㄢ ㄊㄡˊ
關連,1,ㄍㄨㄢ ㄌㄧㄢˊ
關聯,1,ㄍㄨㄢ ㄌㄧㄢˊ
關卡,1,ㄍㄨㄢ ㄎㄚˇ
關口,1,ㄍㄨㄢ ㄎㄡˇ
關懷,1,ㄍㄨㄢ ㄏㄨㄞˊ
關機,1,ㄍㄨㄢ ㄐㄧ
關節,1,ㄍㄨㄢ ㄐㄧㄝˊ
關鍵,1,ㄍㄨㄢ ㄐㄧㄢˋ
關鍵球,1,ㄍㄨㄢ ㄐㄧㄢˋ ㄑㄧㄡˊ
關切,1,ㄍㄨㄢ ㄑㄧㄝˋ
關係,1,ㄍㄨㄢ ㄒㄧˋ
關係企業,1,ㄍㄨㄢ ㄒㄧˋ ㄑㄧˋ ㄧㄝˋ
關心,1,ㄍㄨㄢ ㄒㄧㄣ
關照,1,ㄍㄨㄢ ㄓㄠˋ
關注,1,ㄍㄨㄢ ㄓㄨˋ
關說,1,ㄍㄨㄢ ㄕㄨㄛ
關稅,1,ㄍㄨㄢ ㄕㄨㄟˋ
關愛,1,ㄍㄨㄢ ㄞˋ
關於,1,ㄍㄨㄢ ㄩˊ
觀,1,ㄍㄨㄢ
觀摩,1,ㄍㄨㄢ ㄇㄛˊ
觀點,1,ㄍㄨㄢ ㄉㄧㄢˇ
觀念,1,ㄍㄨㄢ ㄋㄧㄢˋ
觀禮,1,ㄍㄨㄢ ㄌㄧˇ
觀感,1,ㄍㄨㄢ ㄍㄢˇ
觀光,1,ㄍㄨㄢ ㄍㄨㄤ
觀光客,1,ㄍㄨㄢ ㄍㄨㄤ ㄎㄜˋ
觀光事業,1,ㄍㄨㄢ ㄍㄨㄤ ㄕˋ ㄧㄝˋ
觀看,1,ㄍㄨㄢ ㄎㄢˋ
觀護,1,ㄍㄨㄢ ㄏㄨˋ
觀護人,1,ㄍㄨㄢ ㄏㄨˋ ㄖㄣˊ
觀照,1,ㄍㄨㄢ ㄓㄠˋ
觀瞻,1,ㄍㄨㄢ ㄓㄢ
觀眾,1,ㄍㄨㄢ ㄓㄨㄥˋ
觀察,1,ㄍㄨㄢ ㄔㄚˊ
觀察員,1,ㄍㄨㄢ ㄔㄚˊ ㄩㄢˊ
觀賞,1,ㄍㄨㄢ ㄕㄤˇ
觀賞魚,1,ㄍㄨㄢ ㄕㄤˇ ㄩˊ
觀測,1,ㄍㄨㄢ ㄘㄜˋ
觀音菩薩,1,ㄍㄨㄢ ㄧㄣ ㄆㄨˊ ㄙㄚˋ
觀望,1,ㄍㄨㄢ ㄨㄤˋ
莞,1,ㄍㄨㄢˇ
管,1,ㄍㄨㄢˇ
管道,1,ㄍㄨㄢˇ ㄉㄠˋ
管理,1,ㄍㄨㄢˇ ㄌㄧˇ
管理費,1,ㄍㄨㄢˇ ㄌㄧˇ ㄈㄟˋ
管理權,1,ㄍㄨㄢˇ ㄌㄧˇ ㄑㄩㄢˊ
管理員,1,ㄍㄨㄢˇ ㄌㄧˇ ㄩㄢˊ
管路,1,ㄍㄨㄢˇ ㄌㄨˋ
管窺,1,ㄍㄨㄢˇ ㄎㄨㄟ
管家婆,1,ㄍㄨㄢˇ ㄐㄧㄚ ㄆㄛˊ
管家,1,ㄍㄨㄢˇ ㄐㄧㄚ
管教,1,ㄍㄨㄢˇ ㄐㄧㄠˋ
管見,1,ㄍㄨㄢˇ ㄐㄧㄢˋ
管區,1,ㄍㄨㄢˇ ㄑㄩ
管轄,1,ㄍㄨㄢˇ ㄒㄧㄚˊ
管轄權,1,ㄍㄨㄢˇ ㄒㄧㄚˊ ㄑㄩㄢˊ
管弦,1,ㄍㄨㄢˇ ㄒㄧㄢˊ
管弦樂,1,ㄍㄨㄢˇ ㄒㄧㄢˊ ㄩㄝˋ
管線,1,ㄍㄨㄢˇ ㄒㄧㄢˋ
管訓,1,ㄍㄨㄢˇ ㄒㄩㄣˋ
管制,1,ㄍㄨㄢˇ ㄓˋ
管制品,1,ㄍㄨㄢˇ ㄓˋ ㄆㄧㄣˇ
管中窺豹,1,ㄍㄨㄢˇ ㄓㄨㄥ ㄎㄨㄟ ㄅㄠˋ
管事,1,ㄍㄨㄢˇ ㄕˋ
管束,1,ㄍㄨㄢˇ ㄕㄨˋ
管樂,1,ㄍㄨㄢˇ ㄩㄝˋ
管用,1,ㄍㄨㄢˇ ㄩㄥˋ
館,1,ㄍㄨㄢˇ
館長,1,ㄍㄨㄢˇ ㄓㄤˇ
館子,1,ㄍㄨㄢˇ ㄗ˙
冠,1,ㄍㄨㄢˋ
冠禮,1,ㄍㄨㄢˋ ㄌㄧˇ
冠絕,1,ㄍㄨㄢˋ ㄐㄩㄝˊ
冠軍,1,ㄍㄨㄢˋ ㄐㄩㄣ
貫,1,ㄍㄨㄢˋ
貫通,1,ㄍㄨㄢˋ ㄊㄨㄥ
貫注,1,ㄍㄨㄢˋ ㄓㄨˋ
貫徹,1,ㄍㄨㄢˋ ㄔㄜˋ
貫徹始終,1,ㄍㄨㄢˋ ㄔㄜˋ ㄕˇ ㄓㄨㄥ
貫穿,1,ㄍㄨㄢˋ ㄔㄨㄢ
慣,1,ㄍㄨㄢˋ
慣例,1,ㄍㄨㄢˋ ㄌㄧˋ
慣竊,1,ㄍㄨㄢˋ ㄑㄧㄝˋ
慣性,1,ㄍㄨㄢˋ ㄒㄧㄥˋ
慣常,1,ㄍㄨㄢˋ ㄔㄤˊ
慣用,1,ㄍㄨㄢˋ ㄩㄥˋ
摜,1,ㄍㄨㄢˋ
摜紗帽,1,ㄍㄨㄢˋ ㄕㄚ ㄇㄠˋ
祼,1,ㄍㄨㄢˋ
盥,1,ㄍㄨㄢˋ
盥洗,1,ㄍㄨㄢˋ ㄒㄧˇ
灌,1,ㄍㄨㄢˋ
灌迷湯,1,ㄍㄨㄢˋ ㄇㄧˊ ㄊㄤ
灌木,1,ㄍㄨㄢˋ ㄇㄨˋ
灌籃,1,ㄍㄨㄢˋ ㄌㄢˊ
灌錄,1,ㄍㄨㄢˋ ㄌㄨˋ
灌溉,1,ㄍㄨㄢˋ ㄍㄞˋ
灌救,1,ㄍㄨㄢˋ ㄐㄧㄡˋ
灌漿,1,ㄍㄨㄢˋ ㄐㄧㄤ
灌腸,1,ㄍㄨㄢˋ ㄔㄤˊ
灌唱片,1,ㄍㄨㄢˋ ㄔㄤˋ ㄆㄧㄢˋ
灌輸,1,ㄍㄨㄢˋ ㄕㄨ
灌水,1,ㄍㄨㄢˋ ㄕㄨㄟˇ
灌醉,1,ㄍㄨㄢˋ ㄗㄨㄟˋ
罐,1,ㄍㄨㄢˋ
罐頭,1,ㄍㄨㄢˋ ㄊㄡ˙
觀,1,ㄍㄨㄢˋ
鸛,1,ㄍㄨㄢˋ
袞,1,ㄍㄨㄣˇ
袞袞,1,ㄍㄨㄣˇ ㄍㄨㄣˇ
滾,1,ㄍㄨㄣˇ
滾邊,1,ㄍㄨㄣˇ ㄅㄧㄢ
滾蛋,1,ㄍㄨㄣˇ ㄉㄢˋ
滾動,1,ㄍㄨㄣˇ ㄉㄨㄥˋ
滾燙,1,ㄍㄨㄣˇ ㄊㄤˋ
滾筒,1,ㄍㄨㄣˇ ㄊㄨㄥˇ
滾落,1,ㄍㄨㄣˇ ㄌㄨㄛˋ
滾瓜爛熟,1,ㄍㄨㄣˇ ㄍㄨㄚ ㄌㄢˋ ㄕㄡˊ
滾滾,1,ㄍㄨㄣˇ ㄍㄨㄣˇ
滾熱,1,ㄍㄨㄣˇ ㄖㄜˋ
鯀,1,ㄍㄨㄣˇ
棍,1,ㄍㄨㄣˋ
棍棒,1,ㄍㄨㄣˋ ㄅㄤˋ
棍子,1,ㄍㄨㄣˋ ㄗ˙
光,1,ㄍㄨㄤ
光譜,1,ㄍㄨㄤ ㄆㄨˇ
光芒,1,ㄍㄨㄤ ㄇㄤˊ
光明,1,ㄍㄨㄤ ㄇㄧㄥˊ
光明磊落,1,ㄍㄨㄤ ㄇㄧㄥˊ ㄌㄟˇ ㄌㄨㄛˋ
光明正大,1,ㄍㄨㄤ ㄇㄧㄥˊ ㄓㄥˋ ㄉㄚˋ
光復,1,ㄍㄨㄤ ㄈㄨˋ
光復節,1,ㄍㄨㄤ ㄈㄨˋ ㄐㄧㄝˊ
光大,1,ㄍㄨㄤ ㄉㄚˋ
光碟,1,ㄍㄨㄤ ㄉㄧㄝˊ
光碟機,1,ㄍㄨㄤ ㄉㄧㄝˊ ㄐㄧ
光電,1,ㄍㄨㄤ ㄉㄧㄢˋ
光度,1,ㄍㄨㄤ ㄉㄨˋ
光頭,1,ㄍㄨㄤ ㄊㄡˊ
光天化日,1,ㄍㄨㄤ ㄊㄧㄢ ㄏㄨㄚˋ ㄖˋ
光禿禿,1,ㄍㄨㄤ ㄊㄨ ㄊㄨ
光年,1,ㄍㄨㄤ ㄋㄧㄢˊ
光溜溜,1,ㄍㄨㄤ ㄌㄧㄡ ㄌㄧㄡ
光臨,1,ㄍㄨㄤ ㄌㄧㄣˊ
光亮,1,ㄍㄨㄤ ㄌㄧㄤˋ
光顧,1,ㄍㄨㄤ ㄍㄨˋ
光怪陸離,1,ㄍㄨㄤ ㄍㄨㄞˋ ㄌㄨˋ ㄌㄧˊ
光棍,1,ㄍㄨㄤ ㄍㄨㄣˋ
光合作用,1,ㄍㄨㄤ ㄏㄜˊ ㄗㄨㄛˋ ㄩㄥˋ
光華,1,ㄍㄨㄤ ㄏㄨㄚˊ
光滑,1,ㄍㄨㄤ ㄏㄨㄚˊ
光輝,1,ㄍㄨㄤ ㄏㄨㄟ
光潔,1,ㄍㄨㄤ ㄐㄧㄝˊ
光景,1,ㄍㄨㄤ ㄐㄧㄥˇ
光圈,1,ㄍㄨㄤ ㄑㄩㄢ
光鮮,1,ㄍㄨㄤ ㄒㄧㄢ
光線,1,ㄍㄨㄤ ㄒㄧㄢˋ
光學,1,ㄍㄨㄤ ㄒㄩㄝˊ
光束,1,ㄍㄨㄤ ㄕㄨˋ
光說不練,1,ㄍㄨㄤ ㄕㄨㄛ ㄅㄨˋ ㄌㄧㄢˋ
光說不練,1,ㄍㄨㄤ ㄕㄨㄛ ㄅㄨˊ ㄌㄧㄢˋ
光榮,1,ㄍㄨㄤ ㄖㄨㄥˊ
光澤,1,ㄍㄨㄤ ㄗㄜˊ
光宗耀祖,1,ㄍㄨㄤ ㄗㄨㄥ ㄧㄠˋ ㄗㄨˇ
光彩,1,ㄍㄨㄤ ㄘㄞˇ
光速,1,ㄍㄨㄤ ㄙㄨˋ
光耀,1,ㄍㄨㄤ ㄧㄠˋ
光陰,1,ㄍㄨㄤ ㄧㄣ
光陰似箭,1,ㄍㄨㄤ ㄧㄣ ㄙˋ ㄐㄧㄢˋ
光影,1,ㄍㄨㄤ ㄧㄥˇ
光源,1,ㄍㄨㄤ ㄩㄢˊ
光暈,1,ㄍㄨㄤ ㄩㄣˋ
胱,1,ㄍㄨㄤ
廣,1,ㄍㄨㄤˇ
廣博,1,ㄍㄨㄤˇ ㄅㄛˊ
廣播,1,ㄍㄨㄤˇ ㄅㄛˋ
廣播歌仔戲,1,ㄍㄨㄤˇ ㄅㄛˋ ㄍㄜ ㄗˇ ㄒㄧˋ
廣播節目,1,ㄍㄨㄤˇ ㄅㄛˋ ㄐㄧㄝˊ ㄇㄨˋ
廣布,1,ㄍㄨㄤˇ ㄅㄨˋ
廣漠,1,ㄍㄨㄤˇ ㄇㄛˋ
廣泛,1,ㄍㄨㄤˇ ㄈㄢˋ
廣大,1,ㄍㄨㄤˇ ㄉㄚˋ
廣告,1,ㄍㄨㄤˇ ㄍㄠˋ
廣告費,1,ㄍㄨㄤˇ ㄍㄠˋ ㄈㄟˋ
廣告人,1,ㄍㄨㄤˇ ㄍㄠˋ ㄖㄣˊ
廣開門路,1,ㄍㄨㄤˇ ㄎㄞ ㄇㄣˊ ㄌㄨˋ
廣闊,1,ㄍㄨㄤˇ ㄎㄨㄛˋ
廣結善緣,1,ㄍㄨㄤˇ ㄐㄧㄝˊ ㄕㄢˋ ㄩㄢˊ
廣場,1,ㄍㄨㄤˇ ㄔㄤˇ
廣受好評,1,ㄍㄨㄤˇ ㄕㄡˋ ㄏㄠˇ ㄆㄧㄥˊ
廣義,1,ㄍㄨㄤˇ ㄧˋ
獷,1,ㄍㄨㄤˇ
逛,1,ㄍㄨㄤˋ
逛蕩,1,ㄍㄨㄤˋ ㄉㄤˋ
逛逛,1,ㄍㄨㄤˋ ㄍㄨㄤˋ
逛街,1,ㄍㄨㄤˋ ㄐㄧㄝ
工,1,ㄍㄨㄥ
工本,1,ㄍㄨㄥ ㄅㄣˇ
工本費,1,ㄍㄨㄥ ㄅㄣˇ ㄈㄟˋ
工筆,1,ㄍㄨㄥ ㄅㄧˇ
工兵,1,ㄍㄨㄥ ㄅㄧㄥ
工蜂,1,ㄍㄨㄥ ㄈㄥ
工夫,1,ㄍㄨㄥ ㄈㄨ
工夫,1,ㄍㄨㄥ ㄈㄨ˙
工地,1,ㄍㄨㄥ ㄉㄧˋ
工地秀,1,ㄍㄨㄥ ㄉㄧˋ ㄒㄧㄡˋ
工讀,1,ㄍㄨㄥ ㄉㄨˊ
工頭,1,ㄍㄨㄥ ㄊㄡˊ
工寮,1,ㄍㄨㄥ ㄌㄧㄠˊ
工科,1,ㄍㄨㄥ ㄎㄜ
工會,1,ㄍㄨㄥ ㄏㄨㄟˋ
工價,1,ㄍㄨㄥ ㄐㄧㄚˋ
工匠,1,ㄍㄨㄥ ㄐㄧㄤˋ
工具,1,ㄍㄨㄥ ㄐㄩˋ
工具書,1,ㄍㄨㄥ ㄐㄩˋ ㄕㄨ
工錢,1,ㄍㄨㄥ ㄑㄧㄢˊ
工學,1,ㄍㄨㄥ ㄒㄩㄝˊ
工學院,1,ㄍㄨㄥ ㄒㄩㄝˊ ㄩㄢˋ
工整,1,ㄍㄨㄥ ㄓㄥˇ
工潮,1,ㄍㄨㄥ ㄔㄠˊ
工場,1,ㄍㄨㄥ ㄔㄤˇ
工廠,1,ㄍㄨㄥ ㄔㄤˇ
工程,1,ㄍㄨㄥ ㄔㄥˊ
工程師,1,ㄍㄨㄥ ㄔㄥˊ ㄕ
工時,1,ㄍㄨㄥ ㄕˊ
工事,1,ㄍㄨㄥ ㄕˋ
工商階級,1,ㄍㄨㄥ ㄕㄤ ㄐㄧㄝ ㄐㄧˊ
工商社會,1,ㄍㄨㄥ ㄕㄤ ㄕㄜˋ ㄏㄨㄟˋ
工商綜合區,1,ㄍㄨㄥ ㄕㄤ ㄗㄨㄥˋ ㄏㄜˊ ㄑㄩ
工人,1,ㄍㄨㄥ ㄖㄣˊ
工資,1,ㄍㄨㄥ ㄗ
工作,1,ㄍㄨㄥ ㄗㄨㄛˋ
工作天,1,ㄍㄨㄥ ㄗㄨㄛˋ ㄊㄧㄢ
工作倫理,1,ㄍㄨㄥ ㄗㄨㄛˋ ㄌㄨㄣˊ ㄌㄧˇ
工作狂,1,ㄍㄨㄥ ㄗㄨㄛˋ ㄎㄨㄤˊ
工作權,1,ㄍㄨㄥ ㄗㄨㄛˋ ㄑㄩㄢˊ
工作站,1,ㄍㄨㄥ ㄗㄨㄛˋ ㄓㄢˋ
工作室,1,ㄍㄨㄥ ㄗㄨㄛˋ ㄕˋ
工藝,1,ㄍㄨㄥ ㄧˋ
工藝品,1,ㄍㄨㄥ ㄧˋ ㄆㄧㄣˇ
工業,1,ㄍㄨㄥ ㄧㄝˋ
工業革命,1,ㄍㄨㄥ ㄧㄝˋ ㄍㄜˊ ㄇㄧㄥˋ
工業國家,1,ㄍㄨㄥ ㄧㄝˋ ㄍㄨㄛˊ ㄐㄧㄚ
工業區,1,ㄍㄨㄥ ㄧㄝˋ ㄑㄩ
工業政策,1,ㄍㄨㄥ ㄧㄝˋ ㄓㄥˋ ㄘㄜˋ
工業設計,1,ㄍㄨㄥ ㄧㄝˋ ㄕㄜˋ ㄐㄧˋ
工友,1,ㄍㄨㄥ ㄧㄡˇ
工欲善其事必先利其器,1,ㄍㄨㄥ ㄩˋ ㄕㄢˋ ㄑㄧˊ ㄕˋ ㄅㄧˋ ㄒㄧㄢ ㄌㄧˋ ㄑㄧˊ ㄑㄧˋ
工運,1,ㄍㄨㄥ ㄩㄣˋ
功,1,ㄍㄨㄥ
功敗垂成,1,ㄍㄨㄥ ㄅㄞˋ ㄔㄨㄟˊ ㄔㄥˊ
功不可沒,1,ㄍㄨㄥ ㄅㄨˋ ㄎㄜˇ ㄇㄛˋ
功名,1,ㄍㄨㄥ ㄇㄧㄥˊ
功夫,1,ㄍㄨㄥ ㄈㄨ˙
功德,1,ㄍㄨㄥ ㄉㄜˊ
功能,1,ㄍㄨㄥ ㄋㄥˊ
功勞,1,ㄍㄨㄥ ㄌㄠˊ
功力,1,ㄍㄨㄥ ㄌㄧˋ
功利,1,ㄍㄨㄥ ㄌㄧˋ
功利主義,1,ㄍㄨㄥ ㄌㄧˋ ㄓㄨˇ ㄧˋ
功率,1,ㄍㄨㄥ ㄌㄩˋ
功過參半,1,ㄍㄨㄥ ㄍㄨㄛˋ ㄘㄢ ㄅㄢˋ
功課,1,ㄍㄨㄥ ㄎㄜˋ
功虧一簣,1,ㄍㄨㄥ ㄎㄨㄟ ㄧ ㄎㄨㄟˋ
功虧一簣,1,ㄍㄨㄥ ㄎㄨㄟ ㄧˊ ㄎㄨㄟˋ
功績,1,ㄍㄨㄥ ㄐㄧ
功效,1,ㄍㄨㄥ ㄒㄧㄠˋ
功勛,1,ㄍㄨㄥ ㄒㄩㄣ
功臣,1,ㄍㄨㄥ ㄔㄣˊ
功成名就,1,ㄍㄨㄥ ㄔㄥˊ ㄇㄧㄥˊ ㄐㄧㄡˋ
功成身退,1,ㄍㄨㄥ ㄔㄥˊ ㄕㄣ ㄊㄨㄟˋ
功業,1,ㄍㄨㄥ ㄧㄝˋ
功業彪炳,1,ㄍㄨㄥ ㄧㄝˋ ㄅㄧㄠ ㄅㄧㄥˇ
功用,1,ㄍㄨㄥ ㄩㄥˋ
攻,1,ㄍㄨㄥ
攻破,1,ㄍㄨㄥ ㄆㄛˋ
攻防,1,ㄍㄨㄥ ㄈㄤˊ
攻打,1,ㄍㄨㄥ ㄉㄚˇ
攻讀,1,ㄍㄨㄥ ㄉㄨˊ
攻克,1,ㄍㄨㄥ ㄎㄜˋ
攻擊,1,ㄍㄨㄥ ㄐㄧˊ
攻訐,1,ㄍㄨㄥ ㄐㄧㄝˊ
攻堅,1,ㄍㄨㄥ ㄐㄧㄢ
攻進,1,ㄍㄨㄥ ㄐㄧㄣˋ
攻其不備,1,ㄍㄨㄥ ㄑㄧˊ ㄅㄨˋ ㄅㄟˋ
攻其不備,1,ㄍㄨㄥ ㄑㄧˊ ㄅㄨˊ ㄅㄟˋ
攻取,1,ㄍㄨㄥ ㄑㄩˇ
攻下,1,ㄍㄨㄥ ㄒㄧㄚˋ
攻陷,1,ㄍㄨㄥ ㄒㄧㄢˋ
攻心,1,ㄍㄨㄥ ㄒㄧㄣ
攻心為上,1,ㄍㄨㄥ ㄒㄧㄣ ㄨㄟˊ ㄕㄤˋ
攻占,1,ㄍㄨㄥ ㄓㄢˋ
攻城掠地,1,ㄍㄨㄥ ㄔㄥˊ ㄌㄩㄝˋ ㄉㄧˋ
攻城略地,1,ㄍㄨㄥ ㄔㄥˊ ㄌㄩㄝˋ ㄉㄧˋ
攻勢,1,ㄍㄨㄥ ㄕˋ
攻守,1,ㄍㄨㄥ ㄕㄡˇ
攻錯,1,ㄍㄨㄥ ㄘㄨㄛˋ
攻無不克,1,ㄍㄨㄥ ㄨˊ ㄅㄨˋ ㄎㄜˋ
攻無不克,1,ㄍㄨㄥ ㄨˊ ㄅㄨˊ ㄎㄜˋ
紅,1,ㄍㄨㄥ
弓,1,ㄍㄨㄥ
弓箭,1,ㄍㄨㄥ ㄐㄧㄢˋ
弓弦,1,ㄍㄨㄥ ㄒㄧㄢˊ
弓形,1,ㄍㄨㄥ ㄒㄧㄥˊ
躬,1,ㄍㄨㄥ
躬逢其盛,1,ㄍㄨㄥ ㄈㄥˊ ㄑㄧˊ ㄕㄥˋ
躬親,1,ㄍㄨㄥ ㄑㄧㄣ
躬身,1,ㄍㄨㄥ ㄕㄣ
公,1,ㄍㄨㄥ
公倍數,1,ㄍㄨㄥ ㄅㄟˋ ㄕㄨˋ
公保,1,ㄍㄨㄥ ㄅㄠˇ
公報,1,ㄍㄨㄥ ㄅㄠˋ
公報私仇,1,ㄍㄨㄥ ㄅㄠˋ ㄙ ㄔㄡˊ
公布,1,ㄍㄨㄥ ㄅㄨˋ
公婆,1,ㄍㄨㄥ ㄆㄛˊ
公平,1,ㄍㄨㄥ ㄆㄧㄥˊ
公平交易法,1,ㄍㄨㄥ ㄆㄧㄥˊ ㄐㄧㄠ ㄧˋ ㄈㄚˇ
公評,1,ㄍㄨㄥ ㄆㄧㄥˊ
公僕,1,ㄍㄨㄥ ㄆㄨˊ
公賣,1,ㄍㄨㄥ ㄇㄞˋ
公賣局,1,ㄍㄨㄥ ㄇㄞˋ ㄐㄩˊ
公民,1,ㄍㄨㄥ ㄇㄧㄣˊ
公民投票,1,ㄍㄨㄥ ㄇㄧㄣˊ ㄊㄡˊ ㄆㄧㄠˋ
公墓,1,ㄍㄨㄥ ㄇㄨˋ
公法,1,ㄍㄨㄥ ㄈㄚˇ
公費,1,ㄍㄨㄥ ㄈㄟˋ
公分,1,ㄍㄨㄥ ㄈㄣ
公憤,1,ㄍㄨㄥ ㄈㄣˋ
公德,1,ㄍㄨㄥ ㄉㄜˊ
公德心,1,ㄍㄨㄥ ㄉㄜˊ ㄒㄧㄣ
公道,1,ㄍㄨㄥ ㄉㄠˋ
公道,1,ㄍㄨㄥ ㄉㄠ˙
公敵,1,ㄍㄨㄥ ㄉㄧˊ
公地,1,ㄍㄨㄥ ㄉㄧˋ
公地放領,1,ㄍㄨㄥ ㄉㄧˋ ㄈㄤˋ ㄌㄧㄥˇ
公定,1,ㄍㄨㄥ ㄉㄧㄥˋ
公牘,1,ㄍㄨㄥ ㄉㄨˊ
公斷,1,ㄍㄨㄥ ㄉㄨㄢˋ
公堂,1,ㄍㄨㄥ ㄊㄤˊ
公帑,1,ㄍㄨㄥ ㄊㄤˇ
公聽會,1,ㄍㄨㄥ ㄊㄧㄥ ㄏㄨㄟˋ
公推,1,ㄍㄨㄥ ㄊㄨㄟ
公里,1,ㄍㄨㄥ ㄌㄧˇ
公理,1,ㄍㄨㄥ ㄌㄧˇ
公立,1,ㄍㄨㄥ ㄌㄧˋ
公利,1,ㄍㄨㄥ ㄌㄧˋ
公路,1,ㄍㄨㄥ ㄌㄨˋ
公論,1,ㄍㄨㄥ ㄌㄨㄣˋ
公合,1,ㄍㄨㄥ ㄍㄜˇ
公告,1,ㄍㄨㄥ ㄍㄠˋ
公告現值,1,ㄍㄨㄥ ㄍㄠˋ ㄒㄧㄢˋ ㄓˊ
公幹,1,ㄍㄨㄥ ㄍㄢˋ
公關,1,ㄍㄨㄥ ㄍㄨㄢ
公館,1,ㄍㄨㄥ ㄍㄨㄢˇ
公共,1,ㄍㄨㄥ ㄍㄨㄥˋ
公共電話,1,ㄍㄨㄥ ㄍㄨㄥˋ ㄉㄧㄢˋ ㄏㄨㄚˋ
公共電視,1,ㄍㄨㄥ ㄍㄨㄥˋ ㄉㄧㄢˋ ㄕˋ
公共關係,1,ㄍㄨㄥ ㄍㄨㄥˋ ㄍㄨㄢ ㄒㄧˋ
公共汽車,1,ㄍㄨㄥ ㄍㄨㄥˋ ㄑㄧˋ ㄔㄜ
公共政策,1,ㄍㄨㄥ ㄍㄨㄥˋ ㄓㄥˋ ㄘㄜˋ
公共場所,1,ㄍㄨㄥ ㄍㄨㄥˋ ㄔㄤˇ ㄙㄨㄛˇ
公共設施,1,ㄍㄨㄥ ㄍㄨㄥˋ ㄕㄜˋ ㄕ
公共安全,1,ㄍㄨㄥ ㄍㄨㄥˋ ㄢ ㄑㄩㄢˊ
公共衛生,1,ㄍㄨㄥ ㄍㄨㄥˋ ㄨㄟˋ ㄕㄥ
公公,1,ㄍㄨㄥ ㄍㄨㄥ˙
公克,1,ㄍㄨㄥ ㄎㄜˋ
公開,1,ㄍㄨㄥ ㄎㄞ
公開信,1,ㄍㄨㄥ ㄎㄞ ㄒㄧㄣˋ
公開賽,1,ㄍㄨㄥ ㄎㄞ ㄙㄞˋ
公筷,1,ㄍㄨㄥ ㄎㄨㄞˋ
公款,1,ㄍㄨㄥ ㄎㄨㄢˇ
公海,1,ㄍㄨㄥ ㄏㄞˇ
公害,1,ㄍㄨㄥ ㄏㄞˋ
公毫,1,ㄍㄨㄥ ㄏㄠˊ
公函,1,ㄍㄨㄥ ㄏㄢˊ
公會,1,ㄍㄨㄥ ㄏㄨㄟˋ
公積金,1,ㄍㄨㄥ ㄐㄧ ㄐㄧㄣ
公祭,1,ㄍㄨㄥ ㄐㄧˋ
公家機關,1,ㄍㄨㄥ ㄐㄧㄚ ㄐㄧ ㄍㄨㄢ
公假,1,ㄍㄨㄥ ㄐㄧㄚˋ
公價,1,ㄍㄨㄥ ㄐㄧㄚˋ
公斤,1,ㄍㄨㄥ ㄐㄧㄣ
公決,1,ㄍㄨㄥ ㄐㄩㄝˊ
公器,1,ㄍㄨㄥ ㄑㄧˋ
公權,1,ㄍㄨㄥ ㄑㄩㄢˊ
公權力,1,ㄍㄨㄥ ㄑㄩㄢˊ ㄌㄧˋ
公休,1,ㄍㄨㄥ ㄒㄧㄡ
公信力,1,ㄍㄨㄥ ㄒㄧㄣˋ ㄌㄧˋ
公職,1,ㄍㄨㄥ ㄓˊ
公職人員,1,ㄍㄨㄥ ㄓˊ ㄖㄣˊ ㄩㄢˊ
公制,1,ㄍㄨㄥ ㄓˋ
公債,1,ㄍㄨㄥ ㄓㄞˋ
公正,1,ㄍㄨㄥ ㄓㄥˋ
公證,1,ㄍㄨㄥ ㄓㄥˋ
公證結婚,1,ㄍㄨㄥ ㄓㄥˋ ㄐㄧㄝˊ ㄏㄨㄣ
公證人,1,ㄍㄨㄥ ㄓㄥˋ ㄖㄣˊ
公諸於世,1,ㄍㄨㄥ ㄓㄨ ㄩˊ ㄕˋ
公主,1,ㄍㄨㄥ ㄓㄨˇ
公轉,1,ㄍㄨㄥ ㄓㄨㄢˋ
公忠體國,1,ㄍㄨㄥ ㄓㄨㄥ ㄊㄧˇ ㄍㄨㄛˊ
公眾,1,ㄍㄨㄥ ㄓㄨㄥˋ
公尺,1,ㄍㄨㄥ ㄔˇ
公車,1,ㄍㄨㄥ ㄔㄜ
公差,1,ㄍㄨㄥ ㄔㄚ
公差,1,ㄍㄨㄥ ㄔㄞ
公產,1,ㄍㄨㄥ ㄔㄢˇ
公出,1,ㄍㄨㄥ ㄔㄨ
公使,1,ㄍㄨㄥ ㄕˇ
公示,1,ㄍㄨㄥ ㄕˋ
公式,1,ㄍㄨㄥ ㄕˋ
公事,1,ㄍㄨㄥ ㄕˋ
公事包,1,ㄍㄨㄥ ㄕˋ ㄅㄠ
公事公辦,1,ㄍㄨㄥ ㄕˋ ㄍㄨㄥ ㄅㄢˋ
公視,1,ㄍㄨㄥ ㄕˋ
公審,1,ㄍㄨㄥ ㄕㄣˇ
公署,1,ㄍㄨㄥ ㄕㄨˇ
公然,1,ㄍㄨㄥ ㄖㄢˊ
公認,1,ㄍㄨㄥ ㄖㄣˋ
公子,1,ㄍㄨㄥ ㄗˇ
公子哥兒,1,ㄍㄨㄥ ㄗˇ ㄍㄜ ㄦ
公廁,1,ㄍㄨㄥ ㄘㄜˋ
公撮,1,ㄍㄨㄥ ㄘㄨㄛˋ
公司,1,ㄍㄨㄥ ㄙ
公絲,1,ㄍㄨㄥ ㄙ
公訴,1,ㄍㄨㄥ ㄙㄨˋ
公所,1,ㄍㄨㄥ ㄙㄨㄛˇ
公安,1,ㄍㄨㄥ ㄢ
公案,1,ㄍㄨㄥ ㄢˋ
公益,1,ㄍㄨㄥ ㄧˋ
公益廣告,1,ㄍㄨㄥ ㄧˋ ㄍㄨㄤˇ ㄍㄠˋ
公益軟體,1,ㄍㄨㄥ ㄧˋ ㄖㄨㄢˇ ㄊㄧˇ
公義,1,ㄍㄨㄥ ㄧˋ
公有,1,ㄍㄨㄥ ㄧㄡˇ
公有土地,1,ㄍㄨㄥ ㄧㄡˇ ㄊㄨˇ ㄉㄧˋ
公演,1,ㄍㄨㄥ ㄧㄢˇ
公引,1,ㄍㄨㄥ ㄧㄣˇ
公營,1,ㄍㄨㄥ ㄧㄥˊ
公營企業,1,ㄍㄨㄥ ㄧㄥˊ ㄑㄧˋ ㄧㄝˋ
公營事業,1,ㄍㄨㄥ ㄧㄥˊ ㄕˋ ㄧㄝˋ
公物,1,ㄍㄨㄥ ㄨˋ
公務,1,ㄍㄨㄥ ㄨˋ
公務人員,1,ㄍㄨㄥ ㄨˋ ㄖㄣˊ ㄩㄢˊ
公務員,1,ㄍㄨㄥ ㄨˋ ㄩㄢˊ
公文,1,ㄍㄨㄥ ㄨㄣˊ
公餘,1,ㄍㄨㄥ ㄩˊ
公寓,1,ㄍㄨㄥ ㄩˋ
公約,1,ㄍㄨㄥ ㄩㄝ
公約數,1,ㄍㄨㄥ ㄩㄝ ㄕㄨˋ
公元,1,ㄍㄨㄥ ㄩㄢˊ
公園,1,ㄍㄨㄥ ㄩㄢˊ
公允,1,ㄍㄨㄥ ㄩㄣˇ
公用,1,ㄍㄨㄥ ㄩㄥˋ
公用事業,1,ㄍㄨㄥ ㄩㄥˋ ㄕˋ ㄧㄝˋ
蚣,1,ㄍㄨㄥ
共,1,ㄍㄨㄥ
供,1,ㄍㄨㄥ
供不應求,1,ㄍㄨㄥ ㄅㄨˋ ㄧㄥˋ ㄑㄧㄡˊ
供不應求,1,ㄍㄨㄥ ㄅㄨˊ ㄧㄥˋ ㄑㄧㄡˊ
供過於求,1,ㄍㄨㄥ ㄍㄨㄛˋ ㄩˊ ㄑㄧㄡˊ
供給,1,ㄍㄨㄥ ㄐㄧˇ
供求,1,ㄍㄨㄥ ㄑㄧㄡˊ
供銷,1,ㄍㄨㄥ ㄒㄧㄠ
供需,1,ㄍㄨㄥ ㄒㄩ
供需失調,1,ㄍㄨㄥ ㄒㄩ ㄕ ㄊㄧㄠˊ
供稱,1,ㄍㄨㄥ ㄔㄥ
供承,1,ㄍㄨㄥ ㄔㄥˊ
供述,1,ㄍㄨㄥ ㄕㄨˋ
供認,1,ㄍㄨㄥ ㄖㄣˋ
供詞,1,ㄍㄨㄥ ㄘˊ
供應,1,ㄍㄨㄥ ㄧㄥˋ
供用,1,ㄍㄨㄥ ㄩㄥˋ
龔,1,ㄍㄨㄥ
肱,1,ㄍㄨㄥ
肱骨,1,ㄍㄨㄥ ㄍㄨˇ
宮,1,ㄍㄨㄥ
宮保雞丁,1,ㄍㄨㄥ ㄅㄠˇ ㄐㄧ ㄉㄧㄥ
宮燈,1,ㄍㄨㄥ ㄉㄥ
宮殿,1,ㄍㄨㄥ ㄉㄧㄢˋ
宮廷,1,ㄍㄨㄥ ㄊㄧㄥˊ
宮女,1,ㄍㄨㄥ ㄋㄩˇ
宮闕,1,ㄍㄨㄥ ㄑㄩㄝˋ
宮闈,1,ㄍㄨㄥ ㄨㄟˊ
恭,1,ㄍㄨㄥ
恭賀,1,ㄍㄨㄥ ㄏㄜˋ
恭賀新禧,1,ㄍㄨㄥ ㄏㄜˋ ㄒㄧㄣ ㄒㄧ
恭候,1,ㄍㄨㄥ ㄏㄡˋ
恭敬,1,ㄍㄨㄥ ㄐㄧㄥˋ
恭喜,1,ㄍㄨㄥ ㄒㄧˇ
恭迎,1,ㄍㄨㄥ ㄧㄥˊ
恭維,1,ㄍㄨㄥ ㄨㄟˊ
觥,1,ㄍㄨㄥ
觥籌交錯,1,ㄍㄨㄥ ㄔㄡˊ ㄐㄧㄠ ㄘㄨㄛˋ
汞,1,ㄍㄨㄥˇ
拱,1,ㄍㄨㄥˇ
拱門,1,ㄍㄨㄥˇ ㄇㄣˊ
拱橋,1,ㄍㄨㄥˇ ㄑㄧㄠˊ
拱手,1,ㄍㄨㄥˇ ㄕㄡˇ
拱手讓人,1,ㄍㄨㄥˇ ㄕㄡˇ ㄖㄤˋ ㄖㄣˊ
拱手作揖,1,ㄍㄨㄥˇ ㄕㄡˇ ㄗㄨㄛˋ ㄧ
栱,1,ㄍㄨㄥˇ
鞏,1,ㄍㄨㄥˇ
鞏固,1,ㄍㄨㄥˇ ㄍㄨˋ
共,1,ㄍㄨㄥˋ
共謀,1,ㄍㄨㄥˋ ㄇㄡˊ
共鳴,1,ㄍㄨㄥˋ ㄇㄧㄥˊ
共犯,1,ㄍㄨㄥˋ ㄈㄢˋ
共度,1,ㄍㄨㄥˋ ㄉㄨˋ
共通,1,ㄍㄨㄥˋ ㄊㄨㄥ
共同,1,ㄍㄨㄥˋ ㄊㄨㄥˊ
共同體,1,ㄍㄨㄥˋ ㄊㄨㄥˊ ㄊㄧˇ
共同基金,1,ㄍㄨㄥˋ ㄊㄨㄥˊ ㄐㄧ ㄐㄧㄣ
共和,1,ㄍㄨㄥˋ ㄏㄜˊ
共和國,1,ㄍㄨㄥˋ ㄏㄜˊ ㄍㄨㄛˊ
共計,1,ㄍㄨㄥˋ ㄐㄧˋ
共濟一堂,1,ㄍㄨㄥˋ ㄐㄧˋ ㄧ ㄊㄤˊ
共濟一堂,1,ㄍㄨㄥˋ ㄐㄧˋ ㄧˋ ㄊㄤˊ
共聚一堂,1,ㄍㄨㄥˋ ㄐㄩˋ ㄧ ㄊㄤˊ
共聚一堂,1,ㄍㄨㄥˋ ㄐㄩˋ ㄧˋ ㄊㄤˊ
共襄盛舉,1,ㄍㄨㄥˋ ㄒㄧㄤ ㄕㄥˋ ㄐㄩˇ
共享,1,ㄍㄨㄥˋ ㄒㄧㄤˇ
共享軟體,1,ㄍㄨㄥˋ ㄒㄧㄤˇ ㄖㄨㄢˇ ㄊㄧˇ
共振,1,ㄍㄨㄥˋ ㄓㄣˋ
共產黨,1,ㄍㄨㄥˋ ㄔㄢˇ ㄉㄤˇ
共產主義,1,ㄍㄨㄥˋ ㄔㄢˇ ㄓㄨˇ ㄧˋ
共乘,1,ㄍㄨㄥˋ ㄔㄥˊ
共處,1,ㄍㄨㄥˋ ㄔㄨˇ
共事,1,ㄍㄨㄥˋ ㄕˋ
共識,1,ㄍㄨㄥˋ ㄕˋ
共有,1,ㄍㄨㄥˋ ㄧㄡˇ
共用,1,ㄍㄨㄥˋ ㄩㄥˋ
供,1,ㄍㄨㄥˋ
供品,1,ㄍㄨㄥˋ ㄆㄧㄣˇ
供佛,1,ㄍㄨㄥˋ ㄈㄛˊ
供奉,1,ㄍㄨㄥˋ ㄈㄥˋ
供桌,1,ㄍㄨㄥˋ ㄓㄨㄛ
供養,1,ㄍㄨㄥˋ ㄧㄤˋ
貢,1,ㄍㄨㄥˋ
貢品,1,ㄍㄨㄥˋ ㄆㄧㄣˇ
貢獻,1,ㄍㄨㄥˋ ㄒㄧㄢˋ
咖,1,ㄎㄚ
咖啡,1,ㄎㄚ ㄈㄟ
咖啡色,1,ㄎㄚ ㄈㄟ ㄙㄜˋ
咖啡因,1,ㄎㄚ ㄈㄟ ㄧㄣ
咖哩,1,ㄎㄚ ㄌㄧˇ
喀,1,ㄎㄚ
卡,1,ㄎㄚˇ
卡賓槍,1,ㄎㄚˇ ㄅㄧㄣ ㄑㄧㄤ
卡片,1,ㄎㄚˇ ㄆㄧㄢˋ
卡帶,1,ㄎㄚˇ ㄉㄞˋ
卡通,1,ㄎㄚˇ ㄊㄨㄥ
卡路里,1,ㄎㄚˇ ㄌㄨˋ ㄌㄧˇ
卡介苗,1,ㄎㄚˇ ㄐㄧㄝˋ ㄇㄧㄠˊ
卡其布,1,ㄎㄚˇ ㄑㄧˊ ㄅㄨˋ
卡車,1,ㄎㄚˇ ㄔㄜ
卡式,1,ㄎㄚˇ ㄕˋ
咯,1,ㄎㄚˇ
咯血,1,ㄎㄚˇ ㄒㄧㄝˇ
珂,1,ㄎㄜ
柯,1,ㄎㄜ
苛,1,ㄎㄜ
苛薄,1,ㄎㄜ ㄅㄛˊ
苛刻,1,ㄎㄜ ㄎㄜˋ
苛捐雜稅,1,ㄎㄜ ㄐㄩㄢ ㄗㄚˊ ㄕㄨㄟˋ
苛求,1,ㄎㄜ ㄑㄧㄡˊ
苛政,1,ㄎㄜ ㄓㄥˋ
苛責,1,ㄎㄜ ㄗㄜˊ
蚵,1,ㄎㄜ
軻,1,ㄎㄜ
科,1,ㄎㄜ
科班,1,ㄎㄜ ㄅㄢ
科別,1,ㄎㄜ ㄅㄧㄝˊ
科目,1,ㄎㄜ ㄇㄨˋ
科幻,1,ㄎㄜ ㄏㄨㄢˋ
科技,1,ㄎㄜ ㄐㄧˋ
科舉,1,ㄎㄜ ㄐㄩˇ
科系,1,ㄎㄜ ㄒㄧˋ
科刑,1,ㄎㄜ ㄒㄧㄥˊ
科學,1,ㄎㄜ ㄒㄩㄝˊ
科學方法,1,ㄎㄜ ㄒㄩㄝˊ ㄈㄤ ㄈㄚˇ
科學家,1,ㄎㄜ ㄒㄩㄝˊ ㄐㄧㄚ
科長,1,ㄎㄜ ㄓㄤˇ
科任,1,ㄎㄜ ㄖㄣˋ
科員,1,ㄎㄜ ㄩㄢˊ
蝌,1,ㄎㄜ
蝌蚪,1,ㄎㄜ ㄉㄡˇ
棵,1,ㄎㄜ
窠,1,ㄎㄜ
窠臼,1,ㄎㄜ ㄐㄧㄡˋ
稞,1,ㄎㄜ
顆,1,ㄎㄜ
顆粒,1,ㄎㄜ ㄌㄧˋ
頦,1,ㄎㄜ
磕,1,ㄎㄜ
磕頭,1,ㄎㄜ ㄊㄡˊ
磕牙,1,ㄎㄜ ㄧㄚˊ
瞌,1,ㄎㄜ
瞌睡,1,ㄎㄜ ㄕㄨㄟˋ
咳,1,ㄎㄜˊ
咳嗽,1,ㄎㄜˊ ㄙㄡˋ
殼,1,ㄎㄜˊ
可,1,ㄎㄜˇ
可悲,1,ㄎㄜˇ ㄅㄟ
可變性,1,ㄎㄜˇ ㄅㄧㄢˋ ㄒㄧㄥˋ
可怖,1,ㄎㄜˇ ㄅㄨˋ
可不是,1,ㄎㄜˇ ㄅㄨˋ ㄕˋ
可不是,1,ㄎㄜˇ ㄅㄨˊ ㄕˋ
可怕,1,ㄎㄜˇ ㄆㄚˋ
可否,1,ㄎㄜˇ ㄈㄡˇ
可嘆,1,ㄎㄜˇ ㄊㄢˋ
可惱,1,ㄎㄜˇ ㄋㄠˇ
可能,1,ㄎㄜˇ ㄋㄥˊ
可能性,1,ㄎㄜˇ ㄋㄥˊ ㄒㄧㄥˋ
可樂,1,ㄎㄜˇ ㄌㄜˋ
可憐,1,ㄎㄜˇ ㄌㄧㄢˊ
可憐蟲,1,ㄎㄜˇ ㄌㄧㄢˊ ㄔㄨㄥˊ
可歌可泣,1,ㄎㄜˇ ㄍㄜ ㄎㄜˇ ㄑㄧˋ
可貴,1,ㄎㄜˇ ㄍㄨㄟˋ
可觀,1,ㄎㄜˇ ㄍㄨㄢ
可可,1,ㄎㄜˇ ㄎㄜˇ
可靠,1,ㄎㄜˇ ㄎㄠˋ
可口,1,ㄎㄜˇ ㄎㄡˇ
可看性,1,ㄎㄜˇ ㄎㄢˋ ㄒㄧㄥˋ
可恨,1,ㄎㄜˇ ㄏㄣˋ
可見,1,ㄎㄜˇ ㄐㄧㄢˋ
可敬,1,ㄎㄜˇ ㄐㄧㄥˋ
可親,1,ㄎㄜˇ ㄑㄧㄣ
可取,1,ㄎㄜˇ ㄑㄩˇ
可圈可點,1,ㄎㄜˇ ㄑㄩㄢ ㄎㄜˇ ㄉㄧㄢˇ
可惜,1,ㄎㄜˇ ㄒㄧˊ
可喜,1,ㄎㄜˇ ㄒㄧˇ
可喜可賀,1,ㄎㄜˇ ㄒㄧˇ ㄎㄜˇ ㄏㄜˋ
可笑,1,ㄎㄜˇ ㄒㄧㄠˋ
可信,1,ㄎㄜˇ ㄒㄧㄣˋ
可想而知,1,ㄎㄜˇ ㄒㄧㄤˇ ㄦˊ ㄓ
可行,1,ㄎㄜˇ ㄒㄧㄥˊ
可知,1,ㄎㄜˇ ㄓ
可恥,1,ㄎㄜˇ ㄔˇ
可是,1,ㄎㄜˇ ㄕˋ
可燃性,1,ㄎㄜˇ ㄖㄢˊ ㄒㄧㄥˋ
可人,1,ㄎㄜˇ ㄖㄣˊ
可造之材,1,ㄎㄜˇ ㄗㄠˋ ㄓ ㄘㄞˊ
可憎,1,ㄎㄜˇ ㄗㄥ
可塑性,1,ㄎㄜˇ ㄙㄨˋ ㄒㄧㄥˋ
可愛,1,ㄎㄜˇ ㄞˋ
可疑,1,ㄎㄜˇ ㄧˊ
可以,1,ㄎㄜˇ ㄧˇ
可惡,1,ㄎㄜˇ ㄨˋ
可畏,1,ㄎㄜˇ ㄨㄟˋ
可謂,1,ㄎㄜˇ ㄨㄟˋ
可望,1,ㄎㄜˇ ㄨㄤˋ
可望而不可即,1,ㄎㄜˇ ㄨㄤˋ ㄦˊ ㄅㄨˋ ㄎㄜˇ ㄐㄧˊ
坷,1,ㄎㄜˇ
渴,1,ㄎㄜˇ
渴求,1,ㄎㄜˇ ㄑㄧㄡˊ
渴望,1,ㄎㄜˇ ㄨㄤˋ
可,1,ㄎㄜˋ
可汗,1,ㄎㄜˋ ㄏㄢˊ
克,1,ㄎㄜˋ
克服,1,ㄎㄜˋ ㄈㄨˊ
克復,1,ㄎㄜˋ ㄈㄨˋ
克敵,1,ㄎㄜˋ ㄉㄧˊ
克敵制勝,1,ㄎㄜˋ ㄉㄧˊ ㄓˋ ㄕㄥˋ
克難,1,ㄎㄜˋ ㄋㄢˊ
克己,1,ㄎㄜˋ ㄐㄧˇ
克盡己職,1,ㄎㄜˋ ㄐㄧㄣˋ ㄐㄧˇ ㄓˊ
克勤克儉,1,ㄎㄜˋ ㄑㄧㄣˊ ㄎㄜˋ ㄐㄧㄢˇ
克制,1,ㄎㄜˋ ㄓˋ
克紹箕裘,1,ㄎㄜˋ ㄕㄠˋ ㄐㄧ ㄑㄧㄡˊ
剋,1,ㄎㄜˋ
剋星,1,ㄎㄜˋ ㄒㄧㄥ
刻,1,ㄎㄜˋ
刻薄,1,ㄎㄜˋ ㄅㄛˊ
刻板,1,ㄎㄜˋ ㄅㄢˇ
刻不容緩,1,ㄎㄜˋ ㄅㄨˋ ㄖㄨㄥˊ ㄏㄨㄢˇ
刻度,1,ㄎㄜˋ ㄉㄨˋ
刻骨,1,ㄎㄜˋ ㄍㄨˇ
刻骨銘心,1,ㄎㄜˋ ㄍㄨˇ ㄇㄧㄥˊ ㄒㄧㄣ
刻工,1,ㄎㄜˋ ㄍㄨㄥ
刻苦,1,ㄎㄜˋ ㄎㄨˇ
刻苦耐勞,1,ㄎㄜˋ ㄎㄨˇ ㄋㄞˋ ㄌㄠˊ
刻畫入微,1,ㄎㄜˋ ㄏㄨㄚˋ ㄖㄨˋ ㄨㄟˊ
刻劃,1,ㄎㄜˋ ㄏㄨㄚˋ
刻舟求劍,1,ㄎㄜˋ ㄓㄡ ㄑㄧㄡˊ ㄐㄧㄢˋ
刻字,1,ㄎㄜˋ ㄗˋ
刻意,1,ㄎㄜˋ ㄧˋ
刻印,1,ㄎㄜˋ ㄧㄣˋ
客,1,ㄎㄜˋ
客滿,1,ㄎㄜˋ ㄇㄢˇ
客飯,1,ㄎㄜˋ ㄈㄢˋ
客房,1,ㄎㄜˋ ㄈㄤˊ
客套,1,ㄎㄜˋ ㄊㄠˋ
客廳,1,ㄎㄜˋ ㄊㄧㄥ
客輪,1,ㄎㄜˋ ㄌㄨㄣˊ
客官,1,ㄎㄜˋ ㄍㄨㄢ
客觀,1,ㄎㄜˋ ㄍㄨㄢ
客戶,1,ㄎㄜˋ ㄏㄨˋ
客貨兩用車,1,ㄎㄜˋ ㄏㄨㄛˋ ㄌㄧㄤˇ ㄩㄥˋ ㄔㄜ
客機,1,ㄎㄜˋ ㄐㄧ
客家,1,ㄎㄜˋ ㄐㄧㄚ
客家人,1,ㄎㄜˋ ㄐㄧㄚ ㄖㄣˊ
客居,1,ㄎㄜˋ ㄐㄩ
客氣,1,ㄎㄜˋ ㄑㄧˋ
客卿,1,ㄎㄜˋ ㄑㄧㄥ
客棧,1,ㄎㄜˋ ㄓㄢˋ
客車,1,ㄎㄜˋ ㄔㄜ
客船,1,ㄎㄜˋ ㄔㄨㄢˊ
客串,1,ㄎㄜˋ ㄔㄨㄢˋ
客人,1,ㄎㄜˋ ㄖㄣˊ
客座教授,1,ㄎㄜˋ ㄗㄨㄛˋ ㄐㄧㄠˋ ㄕㄡˋ
客艙,1,ㄎㄜˋ ㄘㄤ
客隨主便,1,ㄎㄜˋ ㄙㄨㄟˊ ㄓㄨˇ ㄅㄧㄢˋ
客運,1,ㄎㄜˋ ㄩㄣˋ
恪,1,ㄎㄜˋ
恪守,1,ㄎㄜˋ ㄕㄡˇ
恪遵,1,ㄎㄜˋ ㄗㄨㄣ
溘,1,ㄎㄜˋ
溘然,1,ㄎㄜˋ ㄖㄢˊ
嗑,1,ㄎㄜˋ
課,1,ㄎㄜˋ
課本,1,ㄎㄜˋ ㄅㄣˇ
課表,1,ㄎㄜˋ ㄅㄧㄠˇ
課目,1,ㄎㄜˋ ㄇㄨˋ
課堂,1,ㄎㄜˋ ㄊㄤˊ
課題,1,ㄎㄜˋ ㄊㄧˊ
課長,1,ㄎㄜˋ ㄓㄤˇ
課徵,1,ㄎㄜˋ ㄓㄥ
課程,1,ㄎㄜˋ ㄔㄥˊ
課稅,1,ㄎㄜˋ ㄕㄨㄟˋ
課業,1,ㄎㄜˋ ㄧㄝˋ
課外,1,ㄎㄜˋ ㄨㄞˋ
課外讀物,1,ㄎㄜˋ ㄨㄞˋ ㄉㄨˊ ㄨˋ
課文,1,ㄎㄜˋ ㄨㄣˊ
課餘,1,ㄎㄜˋ ㄩˊ
課員,1,ㄎㄜˋ ㄩㄢˊ
揩,1,ㄎㄞ
揩汗,1,ㄎㄞ ㄏㄢˋ
揩油,1,ㄎㄞ ㄧㄡˊ
開,1,ㄎㄞ
開播,1,ㄎㄞ ㄅㄛˋ
開班,1,ㄎㄞ ㄅㄢ
開辦,1,ㄎㄞ ㄅㄢˋ
開標,1,ㄎㄞ ㄅㄧㄠ
開拍,1,ㄎㄞ ㄆㄞ
開炮,1,ㄎㄞ ㄆㄠˋ
開盤,1,ㄎㄞ ㄆㄢˊ
開闢,1,ㄎㄞ ㄆㄧˋ
開票,1,ㄎㄞ ㄆㄧㄠˋ
開麥拉,1,ㄎㄞ ㄇㄞˋ ㄌㄚ
開門見山,1,ㄎㄞ ㄇㄣˊ ㄐㄧㄢˋ ㄕㄢ
開門七件事,1,ㄎㄞ ㄇㄣˊ ㄑㄧ ㄐㄧㄢˋ ㄕˋ
開門揖盜,1,ㄎㄞ ㄇㄣˊ ㄧ ㄉㄠˋ
開明,1,ㄎㄞ ㄇㄧㄥˊ
開幕,1,ㄎㄞ ㄇㄨˋ
開發,1,ㄎㄞ ㄈㄚ
開發中國家,1,ㄎㄞ ㄈㄚ ㄓㄨㄥ ㄍㄨㄛˊ ㄐㄧㄚ
開發銀行,1,ㄎㄞ ㄈㄚ ㄧㄣˊ ㄏㄤˊ
開飯,1,ㄎㄞ ㄈㄢˋ
開放,1,ㄎㄞ ㄈㄤˋ
開放空間,1,ㄎㄞ ㄈㄤˋ ㄎㄨㄥ ㄐㄧㄢ
開放型基金,1,ㄎㄞ ㄈㄤˋ ㄒㄧㄥˊ ㄐㄧ ㄐㄧㄣ
開放式教育,1,ㄎㄞ ㄈㄤˋ ㄕˋ ㄐㄧㄠˋ ㄩˋ
開刀,1,ㄎㄞ ㄉㄠ
開導,1,ㄎㄞ ㄉㄠˇ
開倒車,1,ㄎㄞ ㄉㄠˋ ㄔㄜ
開道,1,ㄎㄞ ㄉㄠˋ
開襠褲,1,ㄎㄞ ㄉㄤ ㄎㄨˋ
開店,1,ㄎㄞ ㄉㄧㄢˋ
開端,1,ㄎㄞ ㄉㄨㄢ
開動,1,ㄎㄞ ㄉㄨㄥˋ
開頭,1,ㄎㄞ ㄊㄡˊ
開膛,1,ㄎㄞ ㄊㄤˊ
開天闢地,1,ㄎㄞ ㄊㄧㄢ ㄆㄧˋ ㄉㄧˋ
開天窗,1,ㄎㄞ ㄊㄧㄢ ㄔㄨㄤ
開庭,1,ㄎㄞ ㄊㄧㄥˊ
開脫,1,ㄎㄞ ㄊㄨㄛ
開拓,1,ㄎㄞ ㄊㄨㄛˋ
開通,1,ㄎㄞ ㄊㄨㄥ
開年,1,ㄎㄞ ㄋㄧㄢˊ
開朗,1,ㄎㄞ ㄌㄤˇ
開立,1,ㄎㄞ ㄌㄧˋ
開例,1,ㄎㄞ ㄌㄧˋ
開列,1,ㄎㄞ ㄌㄧㄝˋ
開溜,1,ㄎㄞ ㄌㄧㄡ
開路,1,ㄎㄞ ㄌㄨˋ
開路先鋒,1,ㄎㄞ ㄌㄨˋ ㄒㄧㄢ ㄈㄥ
開鑼,1,ㄎㄞ ㄌㄨㄛˊ
開國,1,ㄎㄞ ㄍㄨㄛˊ
開關,1,ㄎㄞ ㄍㄨㄢ
開罐器,1,ㄎㄞ ㄍㄨㄢˋ ㄑㄧˋ
開光,1,ㄎㄞ ㄍㄨㄤ
開光點眼,1,ㄎㄞ ㄍㄨㄤ ㄉㄧㄢˇ ㄧㄢˇ
開工,1,ㄎㄞ ㄍㄨㄥ
開課,1,ㄎㄞ ㄎㄜˋ
開口,1,ㄎㄞ ㄎㄡˇ
開墾,1,ㄎㄞ ㄎㄣˇ
開闊,1,ㄎㄞ ㄎㄨㄛˋ
開快車,1,ㄎㄞ ㄎㄨㄞˋ ㄔㄜ
開航,1,ㄎㄞ ㄏㄤˊ
開戶,1,ㄎㄞ ㄏㄨˋ
開花,1,ㄎㄞ ㄏㄨㄚ
開化,1,ㄎㄞ ㄏㄨㄚˋ
開火,1,ㄎㄞ ㄏㄨㄛˇ
開伙,1,ㄎㄞ ㄏㄨㄛˇ
開懷,1,ㄎㄞ ㄏㄨㄞˊ
開會,1,ㄎㄞ ㄏㄨㄟˋ
開價,1,ㄎㄞ ㄐㄧㄚˋ
開禁,1,ㄎㄞ ㄐㄧㄣˋ
開獎,1,ㄎㄞ ㄐㄧㄤˇ
開講,1,ㄎㄞ ㄐㄧㄤˇ
開卷有益,1,ㄎㄞ ㄐㄩㄢˋ ㄧㄡˇ ㄧˋ
開啟,1,ㄎㄞ ㄑㄧˇ
開竅,1,ㄎㄞ ㄑㄧㄠˋ
開球,1,ㄎㄞ ㄑㄧㄡˊ
開槍,1,ㄎㄞ ㄑㄧㄤ
開銷,1,ㄎㄞ ㄒㄧㄠ
開小差,1,ㄎㄞ ㄒㄧㄠˇ ㄔㄞ
開先例,1,ㄎㄞ ㄒㄧㄢ ㄌㄧˋ
開心,1,ㄎㄞ ㄒㄧㄣ
開心果,1,ㄎㄞ ㄒㄧㄣ ㄍㄨㄛˇ
開學,1,ㄎㄞ ㄒㄩㄝˊ
開訓,1,ㄎㄞ ㄒㄩㄣˋ
開支,1,ㄎㄞ ㄓ
開展,1,ㄎㄞ ㄓㄢˇ
開戰,1,ㄎㄞ ㄓㄢˋ
開張,1,ㄎㄞ ㄓㄤ
開徵,1,ㄎㄞ ㄓㄥ
開車,1,ㄎㄞ ㄔㄜ
開場,1,ㄎㄞ ㄔㄤˇ
開場白,1,ㄎㄞ ㄔㄤˇ ㄅㄞˊ
開誠布公,1,ㄎㄞ ㄔㄥˊ ㄅㄨˋ ㄍㄨㄥ
開除,1,ㄎㄞ ㄔㄨˊ
開船,1,ㄎㄞ ㄔㄨㄢˊ
開創,1,ㄎㄞ ㄔㄨㄤˋ
開始,1,ㄎㄞ ㄕˇ
開市,1,ㄎㄞ ㄕˋ
開釋,1,ㄎㄞ ㄕˋ
開設,1,ㄎㄞ ㄕㄜˋ
開山,1,ㄎㄞ ㄕㄢ
開山祖師,1,ㄎㄞ ㄕㄢ ㄗㄨˇ ㄕ
開數,1,ㄎㄞ ㄕㄨˋ
開水,1,ㄎㄞ ㄕㄨㄟˇ
開鑿,1,ㄎㄞ ㄗㄠˊ
開罪,1,ㄎㄞ ㄗㄨㄟˋ
開宗明義,1,ㄎㄞ ㄗㄨㄥ ㄇㄧㄥˊ ㄧˋ
開採,1,ㄎㄞ ㄘㄞˇ
開賽,1,ㄎㄞ ㄙㄞˋ
開恩,1,ㄎㄞ ㄣ
開議,1,ㄎㄞ ㄧˋ
開夜車,1,ㄎㄞ ㄧㄝˋ ㄔㄜ
開業,1,ㄎㄞ ㄧㄝˋ
開藥方,1,ㄎㄞ ㄧㄠˋ ㄈㄤ
開眼界,1,ㄎㄞ ㄧㄢˇ ㄐㄧㄝˋ
開演,1,ㄎㄞ ㄧㄢˇ
開飲機,1,ㄎㄞ ㄧㄣˇ ㄐㄧ
開陽,1,ㄎㄞ ㄧㄤˊ
開悟,1,ㄎㄞ ㄨˋ
開挖,1,ㄎㄞ ㄨㄚ
開外,1,ㄎㄞ ㄨㄞˋ
開胃,1,ㄎㄞ ㄨㄟˋ
開玩笑,1,ㄎㄞ ㄨㄢˊ ㄒㄧㄠˋ
開源,1,ㄎㄞ ㄩㄢˊ
開源節流,1,ㄎㄞ ㄩㄢˊ ㄐㄧㄝˊ ㄌㄧㄡˊ
開運化妝,1,ㄎㄞ ㄩㄣˋ ㄏㄨㄚˋ ㄓㄨㄤ
慨,1,ㄎㄞˇ
慨嘆,1,ㄎㄞˇ ㄊㄢˋ
慨然,1,ㄎㄞˇ ㄖㄢˊ
慨允,1,ㄎㄞˇ ㄩㄣˇ
剴,1,ㄎㄞˇ
剴切,1,ㄎㄞˇ ㄑㄧㄝˋ
凱,1,ㄎㄞˇ
凱歌,1,ㄎㄞˇ ㄍㄜ
凱旋,1,ㄎㄞˇ ㄒㄩㄢˊ
愷,1,ㄎㄞˇ
闓,1,ㄎㄞˇ
鎧,1,ㄎㄞˇ
鎧甲,1,ㄎㄞˇ ㄐㄧㄚˇ
楷,1,ㄎㄞˇ
楷模,1,ㄎㄞˇ ㄇㄛˊ
楷書,1,ㄎㄞˇ ㄕㄨ
鍇,1,ㄎㄞˇ
欬,1,ㄎㄞˋ
愒,1,ㄎㄞˋ
愾,1,ㄎㄞˋ
尻,1,ㄎㄠ
考,1,ㄎㄠˇ
考評,1,ㄎㄠˇ ㄆㄧㄥˊ
考訂,1,ㄎㄠˇ ㄉㄧㄥˋ
考題,1,ㄎㄠˇ ㄊㄧˊ
考量,1,ㄎㄠˇ ㄌㄧㄤˊ
考慮,1,ㄎㄠˇ ㄌㄩˋ
考古,1,ㄎㄠˇ ㄍㄨˇ
考核,1,ㄎㄠˇ ㄏㄜˊ
考績,1,ㄎㄠˇ ㄐㄧ
考究,1,ㄎㄠˇ ㄐㄧㄡˋ
考據,1,ㄎㄠˇ ㄐㄩˋ
考卷,1,ㄎㄠˇ ㄐㄩㄢˋ
考區,1,ㄎㄠˇ ㄑㄩ
考取,1,ㄎㄠˇ ㄑㄩˇ
考選,1,ㄎㄠˇ ㄒㄩㄢˇ
考證,1,ㄎㄠˇ ㄓㄥˋ
考查,1,ㄎㄠˇ ㄔㄚˊ
考察,1,ㄎㄠˇ ㄔㄚˊ
考察團,1,ㄎㄠˇ ㄔㄚˊ ㄊㄨㄢˊ
考場,1,ㄎㄠˇ ㄔㄤˇ
考試,1,ㄎㄠˇ ㄕˋ
考生,1,ㄎㄠˇ ㄕㄥ
考驗,1,ㄎㄠˇ ㄧㄢˋ
考問,1,ㄎㄠˇ ㄨㄣˋ
攷,1,ㄎㄠˇ
拷,1,ㄎㄠˇ
拷貝,1,ㄎㄠˇ ㄅㄟˋ
拷打,1,ㄎㄠˇ ㄉㄚˇ
拷問,1,ㄎㄠˇ ㄨㄣˋ
烤,1,ㄎㄠˇ
烤爐,1,ㄎㄠˇ ㄌㄨˊ
烤漆,1,ㄎㄠˇ ㄑㄧ
烤箱,1,ㄎㄠˇ ㄒㄧㄤ
烤鴨,1,ㄎㄠˇ ㄧㄚ
犒,1,ㄎㄠˋ
犒賞,1,ㄎㄠˋ ㄕㄤˇ
銬,1,ㄎㄠˋ
靠,1,ㄎㄠˋ
靠背,1,ㄎㄠˋ ㄅㄟˋ
靠不住,1,ㄎㄠˋ ㄅㄨˋ ㄓㄨˋ
靠不住,1,ㄎㄠˋ ㄅㄨˊ ㄓㄨˋ
靠得住,1,ㄎㄠˋ ㄉㄜ˙ ㄓㄨˋ
靠攏,1,ㄎㄠˋ ㄌㄨㄥˇ
靠近,1,ㄎㄠˋ ㄐㄧㄣˋ
靠山,1,ㄎㄠˋ ㄕㄢ
靠山吃山,1,ㄎㄠˋ ㄕㄢ ㄔ ㄕㄢ
靠岸,1,ㄎㄠˋ ㄢˋ
摳,1,ㄎㄡ
口,1,ㄎㄡˇ
口碑,1,ㄎㄡˇ ㄅㄟ
口不擇言,1,ㄎㄡˇ ㄅㄨˋ ㄗㄜˊ ㄧㄢˊ
口沫橫飛,1,ㄎㄡˇ ㄇㄛˋ ㄏㄥˊ ㄈㄟ
口蜜腹劍,1,ㄎㄡˇ ㄇㄧˋ ㄈㄨˋ ㄐㄧㄢˋ
口風,1,ㄎㄡˇ ㄈㄥ
口服,1,ㄎㄡˇ ㄈㄨˊ
口福,1,ㄎㄡˇ ㄈㄨˊ
口腹,1,ㄎㄡˇ ㄈㄨˋ
口德,1,ㄎㄡˇ ㄉㄜˊ
口袋,1,ㄎㄡˇ ㄉㄞˋ
口頭,1,ㄎㄡˇ ㄊㄡˊ
口頭禪,1,ㄎㄡˇ ㄊㄡˊ ㄔㄢˊ
口令,1,ㄎㄡˇ ㄌㄧㄥˋ
口感,1,ㄎㄡˇ ㄍㄢˇ
口供,1,ㄎㄡˇ ㄍㄨㄥ
口渴,1,ㄎㄡˇ ㄎㄜˇ
口口聲聲,1,ㄎㄡˇ ㄎㄡˇ ㄕㄥ ㄕㄥ
口快,1,ㄎㄡˇ ㄎㄨㄞˋ
口號,1,ㄎㄡˇ ㄏㄠˋ
口惠,1,ㄎㄡˇ ㄏㄨㄟˋ
口紅,1,ㄎㄡˇ ㄏㄨㄥˊ
口吃,1,ㄎㄡˇ ㄐㄧˊ
口技,1,ㄎㄡˇ ㄐㄧˋ
口角,1,ㄎㄡˇ ㄐㄧㄠˇ
口徑,1,ㄎㄡˇ ㄐㄧㄥˋ
口訣,1,ㄎㄡˇ ㄐㄩㄝˊ
口氣,1,ㄎㄡˇ ㄑㄧˋ
口琴,1,ㄎㄡˇ ㄑㄧㄣˊ
口腔,1,ㄎㄡˇ ㄑㄧㄤ
口信,1,ㄎㄡˇ ㄒㄧㄣˋ
口香糖,1,ㄎㄡˇ ㄒㄧㄤ ㄊㄤˊ
口罩,1,ㄎㄡˇ ㄓㄠˋ
口誅筆伐,1,ㄎㄡˇ ㄓㄨ ㄅㄧˇ ㄈㄚ
口拙,1,ㄎㄡˇ ㄓㄨㄛˊ
口齒,1,ㄎㄡˇ ㄔˇ
口臭,1,ㄎㄡˇ ㄔㄡˋ
口傳,1,ㄎㄡˇ ㄔㄨㄢˊ
口實,1,ㄎㄡˇ ㄕˊ
口是心非,1,ㄎㄡˇ ㄕˋ ㄒㄧㄣ ㄈㄟ
口試,1,ㄎㄡˇ ㄕˋ
口舌,1,ㄎㄡˇ ㄕㄜˊ
口哨,1,ㄎㄡˇ ㄕㄠˋ
口述,1,ㄎㄡˇ ㄕㄨˋ
口述歷史,1,ㄎㄡˇ ㄕㄨˋ ㄌㄧˋ ㄕˇ
口水,1,ㄎㄡˇ ㄕㄨㄟˇ
口若懸河,1,ㄎㄡˇ ㄖㄨㄛˋ ㄒㄩㄢˊ ㄏㄜˊ
口才,1,ㄎㄡˇ ㄘㄞˊ
口才辨給,1,ㄎㄡˇ ㄘㄞˊ ㄅㄧㄢˋ ㄐㄧˇ
口岸,1,ㄎㄡˇ ㄢˋ
口音,1,ㄎㄡˇ ㄧㄣ
口無遮攔,1,ㄎㄡˇ ㄨˊ ㄓㄜ ㄌㄢˊ
口味,1,ㄎㄡˇ ㄨㄟˋ
口吻,1,ㄎㄡˇ ㄨㄣˇ
口語,1,ㄎㄡˇ ㄩˇ
叩,1,ㄎㄡˋ
叩拜,1,ㄎㄡˋ ㄅㄞˋ
叩門,1,ㄎㄡˋ ㄇㄣˊ
叩頭,1,ㄎㄡˋ ㄊㄡˊ
叩關,1,ㄎㄡˋ ㄍㄨㄢ
叩見,1,ㄎㄡˋ ㄐㄧㄢˋ
叩謝,1,ㄎㄡˋ ㄒㄧㄝˋ
叩首,1,ㄎㄡˋ ㄕㄡˇ
叩應,1,ㄎㄡˋ ㄧㄥˋ
扣,1,ㄎㄡˋ
扣帽子,1,ㄎㄡˋ ㄇㄠˋ ㄗ˙
扣分,1,ㄎㄡˋ ㄈㄣ
扣抵,1,ㄎㄡˋ ㄉㄧˇ
扣掉,1,ㄎㄡˋ ㄉㄧㄠˋ
扣題,1,ㄎㄡˋ ㄊㄧˊ
扣留,1,ㄎㄡˋ ㄌㄧㄡˊ
扣考,1,ㄎㄡˋ ㄎㄠˇ
扣擊,1,ㄎㄡˋ ㄐㄧˊ
扣繳,1,ㄎㄡˋ ㄐㄧㄠˇ
扣緊,1,ㄎㄡˋ ㄐㄧㄣˇ
扣除,1,ㄎㄡˋ ㄔㄨˊ
扣人心弦,1,ㄎㄡˋ ㄖㄣˊ ㄒㄧㄣ ㄒㄧㄢˊ
扣子,1,ㄎㄡˋ ㄗ˙
扣押,1,ㄎㄡˋ ㄧㄚ
釦,1,ㄎㄡˋ
釦子,1,ㄎㄡˋ ㄗ˙
佝,1,ㄎㄡˋ
佝僂,1,ㄎㄡˋ ㄌㄡˊ
寇,1,ㄎㄡˋ
蔻,1,ㄎㄡˋ
刊,1,ㄎㄢ
刊本,1,ㄎㄢ ㄅㄣˇ
刊登,1,ㄎㄢ ㄉㄥ
刊頭,1,ㄎㄢ ㄊㄡˊ
刊行,1,ㄎㄢ ㄒㄧㄥˊ
刊載,1,ㄎㄢ ㄗㄞˋ
刊印,1,ㄎㄢ ㄧㄣˋ
刊物,1,ㄎㄢ ㄨˋ
刊誤,1,ㄎㄢ ㄨˋ
看,1,ㄎㄢ
看門,1,ㄎㄢ ㄇㄣˊ
看顧,1,ㄎㄢ ㄍㄨˋ
看管,1,ㄎㄢ ㄍㄨㄢˇ
看護,1,ㄎㄢ ㄏㄨˋ
看家,1,ㄎㄢ ㄐㄧㄚ
看家本領,1,ㄎㄢ ㄐㄧㄚ ㄅㄣˇ ㄌㄧㄥˇ
看守,1,ㄎㄢ ㄕㄡˇ
看守所,1,ㄎㄢ ㄕㄡˇ ㄙㄨㄛˇ
勘,1,ㄎㄢ
勘查,1,ㄎㄢ ㄔㄚˊ
勘察,1,ㄎㄢ ㄔㄚˊ
勘測,1,ㄎㄢ ㄘㄜˋ
勘驗,1,ㄎㄢ ㄧㄢˋ
勘誤,1,ㄎㄢ ㄨˋ
堪,1,ㄎㄢ
堪慮,1,ㄎㄢ ㄌㄩˋ
堪稱,1,ㄎㄢ ㄔㄥ
堪憂,1,ㄎㄢ ㄧㄡ
堪虞,1,ㄎㄢ ㄩˊ
戡,1,ㄎㄢ
戡亂,1,ㄎㄢ ㄌㄨㄢˋ
龕,1,ㄎㄢ
坎,1,ㄎㄢˇ
坎坷,1,ㄎㄢˇ ㄎㄜˇ
砍,1,ㄎㄢˇ
砍伐,1,ㄎㄢˇ ㄈㄚ
砍斷,1,ㄎㄢˇ ㄉㄨㄢˋ
砍殺,1,ㄎㄢˇ ㄕㄚ
崁,1,ㄎㄢˇ
嵌,1,ㄎㄢˇ
侃,1,ㄎㄢˇ
侃侃,1,ㄎㄢˇ ㄎㄢˇ
侃侃而談,1,ㄎㄢˇ ㄎㄢˇ ㄦˊ ㄊㄢˊ
埳,1,ㄎㄢˇ
檻,1,ㄎㄢˇ
看,1,ㄎㄢˋ
看板,1,ㄎㄢˋ ㄅㄢˇ
看扁,1,ㄎㄢˋ ㄅㄧㄢˇ
看病,1,ㄎㄢˋ ㄅㄧㄥˋ
看不過,1,ㄎㄢˋ ㄅㄨˋ ㄍㄨㄛˋ
看不過,1,ㄎㄢˋ ㄅㄨˊ ㄍㄨㄛˋ
看不慣,1,ㄎㄢˋ ㄅㄨˋ ㄍㄨㄢˋ
看不慣,1,ㄎㄢˋ ㄅㄨˊ ㄍㄨㄢˋ
看不起,1,ㄎㄢˋ ㄅㄨˋ ㄑㄧˇ
看破,1,ㄎㄢˋ ㄆㄛˋ
看法,1,ㄎㄢˋ ㄈㄚˇ
看得開,1,ㄎㄢˋ ㄉㄜ˙ ㄎㄞ
看得起,1,ㄎㄢˋ ㄉㄜ˙ ㄑㄧˇ
看待,1,ㄎㄢˋ ㄉㄞˋ
看臺,1,ㄎㄢˋ ㄊㄞˊ
看透,1,ㄎㄢˋ ㄊㄡˋ
看頭,1,ㄎㄢˋ ㄊㄡ˙
看來,1,ㄎㄢˋ ㄌㄞˊ
看官,1,ㄎㄢˋ ㄍㄨㄢ
看慣,1,ㄎㄢˋ ㄍㄨㄢˋ
看看,1,ㄎㄢˋ ㄎㄢˋ
看好,1,ㄎㄢˋ ㄏㄠˇ
看見,1,ㄎㄢˋ ㄐㄧㄢˋ
看齊,1,ㄎㄢˋ ㄑㄧˊ
看輕,1,ㄎㄢˋ ㄑㄧㄥ
看戲,1,ㄎㄢˋ ㄒㄧˋ
看相,1,ㄎㄢˋ ㄒㄧㄤˋ
看著辦,1,ㄎㄢˋ ㄓㄜ˙ ㄅㄢˋ
看準,1,ㄎㄢˋ ㄓㄨㄣˇ
看中,1,ㄎㄢˋ ㄓㄨㄥˋ
看重,1,ㄎㄢˋ ㄓㄨㄥˋ
看出,1,ㄎㄢˋ ㄔㄨ
看穿,1,ㄎㄢˋ ㄔㄨㄢ
看上,1,ㄎㄢˋ ㄕㄤˋ
看熱鬧,1,ㄎㄢˋ ㄖㄜˋ ㄋㄠˋ
看走眼,1,ㄎㄢˋ ㄗㄡˇ ㄧㄢˇ
看錯,1,ㄎㄢˋ ㄘㄨㄛˋ
看樣子,1,ㄎㄢˋ ㄧㄤˋ ㄗ˙
看望,1,ㄎㄢˋ ㄨㄤˋ
瞰,1,ㄎㄢˋ
肯,1,ㄎㄣˇ
肯定,1,ㄎㄣˇ ㄉㄧㄥˋ
啃,1,ㄎㄣˇ
啃食,1,ㄎㄣˇ ㄕˊ
墾,1,ㄎㄣˇ
墾地,1,ㄎㄣˇ ㄉㄧˋ
墾荒,1,ㄎㄣˇ ㄏㄨㄤ
墾殖,1,ㄎㄣˇ ㄓˊ
懇,1,ㄎㄣˇ
懇談,1,ㄎㄣˇ ㄊㄢˊ
懇切,1,ㄎㄣˇ ㄑㄧㄝˋ
懇求,1,ㄎㄣˇ ㄑㄧㄡˊ
懇親會,1,ㄎㄣˇ ㄑㄧㄣ ㄏㄨㄟˋ
懇請,1,ㄎㄣˇ ㄑㄧㄥˇ
懇辭,1,ㄎㄣˇ ㄘˊ
康,1,ㄎㄤ
康復,1,ㄎㄤ ㄈㄨˋ
康乃馨,1,ㄎㄤ ㄋㄞˇ ㄒㄧㄣ
康樂,1,ㄎㄤ ㄌㄜˋ
康樂活動,1,ㄎㄤ ㄌㄜˋ ㄏㄨㄛˊ ㄉㄨㄥˋ
康健,1,ㄎㄤ ㄐㄧㄢˋ
康強,1,ㄎㄤ ㄑㄧㄤˊ
康莊,1,ㄎㄤ ㄓㄨㄤ
康莊大道,1,ㄎㄤ ㄓㄨㄤ ㄉㄚˋ ㄉㄠˋ
慷,1,ㄎㄤ
慷慨,1,ㄎㄤ ㄎㄞˇ
慷慨激昂,1,ㄎㄤ ㄎㄞˇ ㄐㄧ ㄤˊ
慷慨解囊,1,ㄎㄤ ㄎㄞˇ ㄐㄧㄝˇ ㄋㄤˊ
糠,1,ㄎㄤ
扛,1,ㄎㄤˊ
亢,1,ㄎㄤˋ
亢奮,1,ㄎㄤˋ ㄈㄣˋ
亢旱,1,ㄎㄤˋ ㄏㄢˋ
亢直,1,ㄎㄤˋ ㄓˊ
伉,1,ㄎㄤˋ
伉儷,1,ㄎㄤˋ ㄌㄧˋ
抗,1,ㄎㄤˋ
抗暴,1,ㄎㄤˋ ㄅㄠˋ
抗辯,1,ㄎㄤˋ ㄅㄧㄢˋ
抗命,1,ㄎㄤˋ ㄇㄧㄥˋ
抗敵,1,ㄎㄤˋ ㄉㄧˊ
抗體,1,ㄎㄤˋ ㄊㄧˇ
抗凝血劑,1,ㄎㄤˋ ㄋㄧㄥˊ ㄒㄧㄝˇ ㄐㄧˋ
抗告,1,ㄎㄤˋ ㄍㄠˋ
抗衡,1,ㄎㄤˋ ㄏㄥˊ
抗拒,1,ㄎㄤˋ ㄐㄩˋ
抗爭,1,ㄎㄤˋ ㄓㄥ
抗生素,1,ㄎㄤˋ ㄕㄥ ㄙㄨˋ
抗組織胺,1,ㄎㄤˋ ㄗㄨˇ ㄓ ㄢ
抗議,1,ㄎㄤˋ ㄧˋ
抗議書,1,ㄎㄤˋ ㄧˋ ㄕㄨ
抗憂鬱藥,1,ㄎㄤˋ ㄧㄡ ㄩˋ ㄧㄠˋ
抗氧化劑,1,ㄎㄤˋ ㄧㄤˇ ㄏㄨㄚˋ ㄐㄧˋ
炕,1,ㄎㄤˋ
坑,1,ㄎㄥ
坑道,1,ㄎㄥ ㄉㄠˋ
坑洞,1,ㄎㄥ ㄉㄨㄥˋ
坑人,1,ㄎㄥ ㄖㄣˊ
吭,1,ㄎㄥ
吭氣,1,ㄎㄥ ㄑㄧˋ
吭聲,1,ㄎㄥ ㄕㄥ
鏗,1,ㄎㄥ
鏗鏘,1,ㄎㄥ ㄑㄧㄤ
枯,1,ㄎㄨ
枯木逢春,1,ㄎㄨ ㄇㄨˋ ㄈㄥˊ ㄔㄨㄣ
枯槁,1,ㄎㄨ ㄍㄠˇ
枯乾,1,ㄎㄨ ㄍㄢ
枯骨,1,ㄎㄨ ㄍㄨˇ
枯竭,1,ㄎㄨ ㄐㄧㄝˊ
枯水期,1,ㄎㄨ ㄕㄨㄟˇ ㄑㄧˊ
枯榮,1,ㄎㄨ ㄖㄨㄥˊ
枯燥,1,ㄎㄨ ㄗㄠˋ
枯燥無味,1,ㄎㄨ ㄗㄠˋ ㄨˊ ㄨㄟˋ
枯坐,1,ㄎㄨ ㄗㄨㄛˋ
枯萎,1,ㄎㄨ ㄨㄟ
骷,1,ㄎㄨ
骷髏,1,ㄎㄨ ㄌㄡˊ
哭,1,ㄎㄨ
哭鬧,1,ㄎㄨ ㄋㄠˋ
哭喊,1,ㄎㄨ ㄏㄢˇ
哭泣,1,ㄎㄨ ㄑㄧˋ
哭窮,1,ㄎㄨ ㄑㄩㄥˊ
哭笑不得,1,ㄎㄨ ㄒㄧㄠˋ ㄅㄨˋ ㄉㄜˊ
哭喪著臉,1,ㄎㄨ ㄙㄤ ㄓㄜ˙ ㄌㄧㄢˇ
哭訴,1,ㄎㄨ ㄙㄨˋ
堀,1,ㄎㄨ
窟,1,ㄎㄨ
窟窿,1,ㄎㄨ ㄌㄨㄥˊ
窟窿,1,ㄎㄨ ㄌㄨㄥ˙
苦,1,ㄎㄨˇ
苦不堪言,1,ㄎㄨˇ ㄅㄨˋ ㄎㄢ ㄧㄢˊ
苦悶,1,ㄎㄨˇ ㄇㄣˋ
苦命,1,ㄎㄨˇ ㄇㄧㄥˋ
苦等,1,ㄎㄨˇ ㄉㄥˇ
苦頭,1,ㄎㄨˇ ㄊㄡ˙
苦痛,1,ㄎㄨˇ ㄊㄨㄥˋ
苦惱,1,ㄎㄨˇ ㄋㄠˇ
苦難,1,ㄎㄨˇ ㄋㄢˋ
苦樂,1,ㄎㄨˇ ㄌㄜˋ
苦力,1,ㄎㄨˇ ㄌㄧˋ
苦練,1,ㄎㄨˇ ㄌㄧㄢˋ
苦幹,1,ㄎㄨˇ ㄍㄢˋ
苦瓜,1,ㄎㄨˇ ㄍㄨㄚ
苦果,1,ㄎㄨˇ ㄍㄨㄛˇ
苦工,1,ㄎㄨˇ ㄍㄨㄥ
苦功,1,ㄎㄨˇ ㄍㄨㄥ
苦口,1,ㄎㄨˇ ㄎㄡˇ
苦口婆心,1,ㄎㄨˇ ㄎㄡˇ ㄆㄛˊ ㄒㄧㄣ
苦苦相逼,1,ㄎㄨˇ ㄎㄨˇ ㄒㄧㄤ ㄅㄧ
苦苦哀求,1,ㄎㄨˇ ㄎㄨˇ ㄞ ㄑㄧㄡˊ
苦海,1,ㄎㄨˇ ㄏㄞˇ
苦海無邊,1,ㄎㄨˇ ㄏㄞˇ ㄨˊ ㄅㄧㄢ
苦旱,1,ㄎㄨˇ ㄏㄢˋ
苦盡甘來,1,ㄎㄨˇ ㄐㄧㄣˋ ㄍㄢ ㄌㄞˊ
苦勸,1,ㄎㄨˇ ㄑㄩㄢˋ
苦笑,1,ㄎㄨˇ ㄒㄧㄠˋ
苦修,1,ㄎㄨˇ ㄒㄧㄡ
苦心,1,ㄎㄨˇ ㄒㄧㄣ
苦心孤詣,1,ㄎㄨˇ ㄒㄧㄣ ㄍㄨ ㄧˋ
苦心積慮,1,ㄎㄨˇ ㄒㄧㄣ ㄐㄧ ㄌㄩˋ
苦行,1,ㄎㄨˇ ㄒㄧㄥˊ
苦戰,1,ㄎㄨˇ ㄓㄢˋ
苦主,1,ㄎㄨˇ ㄓㄨˇ
苦中作樂,1,ㄎㄨˇ ㄓㄨㄥ ㄗㄨㄛˋ ㄌㄜˋ
苦衷,1,ㄎㄨˇ ㄓㄨㄥ
苦茶,1,ㄎㄨˇ ㄔㄚˊ
苦茶油,1,ㄎㄨˇ ㄔㄚˊ ㄧㄡˊ
苦撐,1,ㄎㄨˇ ㄔㄥ
苦楚,1,ㄎㄨˇ ㄔㄨˇ
苦處,1,ㄎㄨˇ ㄔㄨˋ
苦水,1,ㄎㄨˇ ㄕㄨㄟˇ
苦日子,1,ㄎㄨˇ ㄖˋ ㄗ˙
苦肉計,1,ㄎㄨˇ ㄖㄡˋ ㄐㄧˋ
苦思,1,ㄎㄨˇ ㄙ
苦澀,1,ㄎㄨˇ ㄙㄜˋ
矻,1,ㄎㄨˋ
矻矻,1,ㄎㄨˋ ㄎㄨˋ
庫,1,ㄎㄨˋ
庫房,1,ㄎㄨˋ ㄈㄤˊ
庫存,1,ㄎㄨˋ ㄘㄨㄣˊ
褲,1,ㄎㄨˋ
褲襠,1,ㄎㄨˋ ㄉㄤ
褲裙,1,ㄎㄨˋ ㄑㄩㄣˊ
褲襪,1,ㄎㄨˋ ㄨㄚˋ
酷,1,ㄎㄨˋ
酷寒,1,ㄎㄨˋ ㄏㄢˊ
酷肖,1,ㄎㄨˋ ㄒㄧㄠˋ
酷刑,1,ㄎㄨˋ ㄒㄧㄥˊ
酷暑,1,ㄎㄨˋ ㄕㄨˇ
酷熱,1,ㄎㄨˋ ㄖㄜˋ
酷似,1,ㄎㄨˋ ㄙˋ
酷愛,1,ㄎㄨˋ ㄞˋ
夸,1,ㄎㄨㄚ
誇,1,ㄎㄨㄚ
誇大,1,ㄎㄨㄚ ㄉㄚˋ
誇口,1,ㄎㄨㄚ ㄎㄡˇ
誇獎,1,ㄎㄨㄚ ㄐㄧㄤˇ
誇下海口,1,ㄎㄨㄚ ㄒㄧㄚˋ ㄏㄞˇ ㄎㄡˇ
誇張,1,ㄎㄨㄚ ㄓㄤ
誇示,1,ㄎㄨㄚ ㄕˋ
誇飾,1,ㄎㄨㄚ ㄕˋ
誇讚,1,ㄎㄨㄚ ㄗㄢˋ
誇耀,1,ㄎㄨㄚ ㄧㄠˋ
垮,1,ㄎㄨㄚˇ
垮臺,1,ㄎㄨㄚˇ ㄊㄞˊ
胯,1,ㄎㄨㄚˋ
胯下之辱,1,ㄎㄨㄚˋ ㄒㄧㄚˋ ㄓ ㄖㄨˋ
跨,1,ㄎㄨㄚˋ
跨步,1,ㄎㄨㄚˋ ㄅㄨˋ
跨刀,1,ㄎㄨㄚˋ ㄉㄠ
跨欄,1,ㄎㄨㄚˋ ㄌㄢˊ
跨國,1,ㄎㄨㄚˋ ㄍㄨㄛˊ
跨海,1,ㄎㄨㄚˋ ㄏㄞˇ
跨行,1,ㄎㄨㄚˋ ㄏㄤˊ
跨越,1,ㄎㄨㄚˋ ㄩㄝˋ
括,1,ㄎㄨㄛˋ
括約肌,1,ㄎㄨㄛˋ ㄩㄝ ㄐㄧ
廓,1,ㄎㄨㄛˋ
廓清,1,ㄎㄨㄛˋ ㄑㄧㄥ
闊,1,ㄎㄨㄛˋ
闊別,1,ㄎㄨㄛˋ ㄅㄧㄝˊ
闊步,1,ㄎㄨㄛˋ ㄅㄨˋ
闊氣,1,ㄎㄨㄛˋ ㄑㄧˋ
闊綽,1,ㄎㄨㄛˋ ㄔㄨㄛˋ
闊少,1,ㄎㄨㄛˋ ㄕㄠˋ
闊葉樹,1,ㄎㄨㄛˋ ㄧㄝˋ ㄕㄨˋ
擴,1,ㄎㄨㄛˋ
擴大,1,ㄎㄨㄛˋ ㄉㄚˋ
擴大機,1,ㄎㄨㄛˋ ㄉㄚˋ ㄐㄧ
擴及,1,ㄎㄨㄛˋ ㄐㄧˊ
擴建,1,ㄎㄨㄛˋ ㄐㄧㄢˋ
擴展,1,ㄎㄨㄛˋ ㄓㄢˇ
擴張,1,ㄎㄨㄛˋ ㄓㄤ
擴充,1,ㄎㄨㄛˋ ㄔㄨㄥ
擴散,1,ㄎㄨㄛˋ ㄙㄢˋ
擴音,1,ㄎㄨㄛˋ ㄧㄣ
擴音器,1,ㄎㄨㄛˋ ㄧㄣ ㄑㄧˋ
蒯,1,ㄎㄨㄞˇ
快,1,ㄎㄨㄞˋ
快報,1,ㄎㄨㄞˋ ㄅㄠˋ
快馬加鞭,1,ㄎㄨㄞˋ ㄇㄚˇ ㄐㄧㄚ ㄅㄧㄢ
快門,1,ㄎㄨㄞˋ ㄇㄣˊ
快刀斬亂麻,1,ㄎㄨㄞˋ ㄉㄠ ㄓㄢˇ ㄌㄨㄢˋ ㄇㄚˊ
快遞,1,ㄎㄨㄞˋ ㄉㄧˋ
快點,1,ㄎㄨㄞˋ ㄉㄧㄢˇ
快動作,1,ㄎㄨㄞˋ ㄉㄨㄥˋ ㄗㄨㄛˋ
快艇,1,ㄎㄨㄞˋ ㄊㄧㄥˇ
快樂,1,ㄎㄨㄞˋ ㄌㄜˋ
快感,1,ㄎㄨㄞˋ ㄍㄢˇ
快克,1,ㄎㄨㄞˋ ㄎㄜˋ
快活,1,ㄎㄨㄞˋ ㄏㄨㄛˊ
快捷,1,ㄎㄨㄞˋ ㄐㄧㄝˊ
快照,1,ㄎㄨㄞˋ ㄓㄠˋ
快車,1,ㄎㄨㄞˋ ㄔㄜ
快車道,1,ㄎㄨㄞˋ ㄔㄜ ㄉㄠˋ
快事,1,ㄎㄨㄞˋ ㄕˋ
快手,1,ㄎㄨㄞˋ ㄕㄡˇ
快人快語,1,ㄎㄨㄞˋ ㄖㄣˊ ㄎㄨㄞˋ ㄩˇ
快嘴,1,ㄎㄨㄞˋ ㄗㄨㄟˇ
快餐,1,ㄎㄨㄞˋ ㄘㄢ
快速,1,ㄎㄨㄞˋ ㄙㄨˋ
快意,1,ㄎㄨㄞˋ ㄧˋ
快慰,1,ㄎㄨㄞˋ ㄨㄟˋ
筷,1,ㄎㄨㄞˋ
筷子,1,ㄎㄨㄞˋ ㄗ˙
塊,1,ㄎㄨㄞˋ
塊頭,1,ㄎㄨㄞˋ ㄊㄡˊ
塊根,1,ㄎㄨㄞˋ ㄍㄣ
塊莖,1,ㄎㄨㄞˋ ㄐㄧㄥ
會,1,ㄎㄨㄞˋ
會計,1,ㄎㄨㄞˋ ㄐㄧˋ
會計年度,1,ㄎㄨㄞˋ ㄐㄧˋ ㄋㄧㄢˊ ㄉㄨˋ
會計師,1,ㄎㄨㄞˋ ㄐㄧˋ ㄕ
儈,1,ㄎㄨㄞˋ
劊,1,ㄎㄨㄞˋ
劊子手,1,ㄎㄨㄞˋ ㄗ˙ ㄕㄡˇ
澮,1,ㄎㄨㄞˋ
獪,1,ㄎㄨㄞˋ
檜,1,ㄎㄨㄞˋ
檜木,1,ㄎㄨㄞˋ ㄇㄨˋ
膾,1,ㄎㄨㄞˋ
膾炙人口,1,ㄎㄨㄞˋ ㄓˋ ㄖㄣˊ ㄎㄡˇ
盔,1,ㄎㄨㄟ
盔甲,1,ㄎㄨㄟ ㄐㄧㄚˇ
窺,1,ㄎㄨㄟ
窺探,1,ㄎㄨㄟ ㄊㄢˋ
窺見,1,ㄎㄨㄟ ㄐㄧㄢˋ
窺測,1,ㄎㄨㄟ ㄘㄜˋ
窺伺,1,ㄎㄨㄟ ㄙˋ
虧,1,ㄎㄨㄟ
虧本,1,ㄎㄨㄟ ㄅㄣˇ
虧待,1,ㄎㄨㄟ ㄉㄞˋ
虧空,1,ㄎㄨㄟ ㄎㄨㄥˋ
虧欠,1,ㄎㄨㄟ ㄑㄧㄢˋ
虧心事,1,ㄎㄨㄟ ㄒㄧㄣ ㄕˋ
虧蝕,1,ㄎㄨㄟ ㄕˊ
虧損,1,ㄎㄨㄟ ㄙㄨㄣˇ
奎,1,ㄎㄨㄟˊ
奎星高照,1,ㄎㄨㄟˊ ㄒㄧㄥ ㄍㄠ ㄓㄠˋ
馗,1,ㄎㄨㄟˊ
逵,1,ㄎㄨㄟˊ
揆,1,ㄎㄨㄟˊ
葵,1,ㄎㄨㄟˊ
葵花,1,ㄎㄨㄟˊ ㄏㄨㄚ
睽,1,ㄎㄨㄟˊ
睽違,1,ㄎㄨㄟˊ ㄨㄟˊ
魁,1,ㄎㄨㄟˊ
魁星,1,ㄎㄨㄟˊ ㄒㄧㄥ
魁梧,1,ㄎㄨㄟˊ ㄨˊ
魁偉,1,ㄎㄨㄟˊ ㄨㄟˇ
夔,1,ㄎㄨㄟˊ
傀,1,ㄎㄨㄟˇ
傀儡,1,ㄎㄨㄟˇ ㄌㄟˇ
傀儡戲,1,ㄎㄨㄟˇ ㄌㄟˇ ㄒㄧˋ
喟,1,ㄎㄨㄟˋ
喟嘆,1,ㄎㄨㄟˋ ㄊㄢˋ
喟然而嘆,1,ㄎㄨㄟˋ ㄖㄢˊ ㄦˊ ㄊㄢˋ
愧,1,ㄎㄨㄟˋ
愧不敢當,1,ㄎㄨㄟˋ ㄅㄨˋ ㄍㄢˇ ㄉㄤ
愧疚,1,ㄎㄨㄟˋ ㄐㄧㄡˋ
餽,1,ㄎㄨㄟˋ
餽贈,1,ㄎㄨㄟˋ ㄗㄥˋ
匱,1,ㄎㄨㄟˋ
匱乏,1,ㄎㄨㄟˋ ㄈㄚˊ
潰,1,ㄎㄨㄟˋ
潰敗,1,ㄎㄨㄟˋ ㄅㄞˋ
潰不成軍,1,ㄎㄨㄟˋ ㄅㄨˋ ㄔㄥˊ ㄐㄩㄣ
潰爛,1,ㄎㄨㄟˋ ㄌㄢˋ
潰亂,1,ㄎㄨㄟˋ ㄌㄨㄢˋ
潰決,1,ㄎㄨㄟˋ ㄐㄩㄝˊ
潰散,1,ㄎㄨㄟˋ ㄙㄢˋ
潰瘍,1,ㄎㄨㄟˋ ㄧㄤˊ
憒,1,ㄎㄨㄟˋ
蕢,1,ㄎㄨㄟˋ
聵,1,ㄎㄨㄟˋ
簣,1,ㄎㄨㄟˋ
饋,1,ㄎㄨㄟˋ
饋贈,1,ㄎㄨㄟˋ ㄗㄥˋ
歸,1,ㄎㄨㄟˋ
寬,1,ㄎㄨㄢ
寬幅,1,ㄎㄨㄢ ㄈㄨˊ
寬大,1,ㄎㄨㄢ ㄉㄚˋ
寬待,1,ㄎㄨㄢ ㄉㄞˋ
寬度,1,ㄎㄨㄢ ㄉㄨˋ
寬廣,1,ㄎㄨㄢ ㄍㄨㄤˇ
寬闊,1,ㄎㄨㄢ ㄎㄨㄛˋ
寬厚,1,ㄎㄨㄢ ㄏㄡˋ
寬宏大量,1,ㄎㄨㄢ ㄏㄨㄥˊ ㄉㄚˋ ㄌㄧㄤˋ
寬限,1,ㄎㄨㄢ ㄒㄧㄢˋ
寬心,1,ㄎㄨㄢ ㄒㄧㄣ
寬敞,1,ㄎㄨㄢ ㄔㄤˇ
寬暢,1,ㄎㄨㄢ ㄔㄤˋ
寬舒,1,ㄎㄨㄢ ㄕㄨ
寬恕,1,ㄎㄨㄢ ㄕㄨˋ
寬容,1,ㄎㄨㄢ ㄖㄨㄥˊ
寬鬆,1,ㄎㄨㄢ ㄙㄨㄥ
寬螢幕電視,1,ㄎㄨㄢ ㄧㄥˊ ㄇㄨˋ ㄉㄧㄢˋ ㄕˋ
寬慰,1,ㄎㄨㄢ ㄨㄟˋ
寬裕,1,ㄎㄨㄢ ㄩˋ
髖,1,ㄎㄨㄢ
款,1,ㄎㄨㄢˇ
款待,1,ㄎㄨㄢˇ ㄉㄞˋ
款款動人,1,ㄎㄨㄢˇ ㄎㄨㄢˇ ㄉㄨㄥˋ ㄖㄣˊ
款曲,1,ㄎㄨㄢˇ ㄑㄩ
款項,1,ㄎㄨㄢˇ ㄒㄧㄤˋ
款式,1,ㄎㄨㄢˇ ㄕˋ
款額,1,ㄎㄨㄢˇ ㄜˊ
款宴,1,ㄎㄨㄢˇ ㄧㄢˋ
坤,1,ㄎㄨㄣ
昆,1,ㄎㄨㄣ
昆布,1,ㄎㄨㄣ ㄅㄨˋ
昆仲,1,ㄎㄨㄣ ㄓㄨㄥˋ
昆蟲,1,ㄎㄨㄣ ㄔㄨㄥˊ
混,1,ㄎㄨㄣ
混夷,1,ㄎㄨㄣ ㄧˊ
崑,1,ㄎㄨㄣ
琨,1,ㄎㄨㄣ
錕,1,ㄎㄨㄣ
錕鋙,1,ㄎㄨㄣ ㄨˊ
鯤,1,ㄎㄨㄣ
髡,1,ㄎㄨㄣ
悃,1,ㄎㄨㄣˇ
捆,1,ㄎㄨㄣˇ
捆工,1,ㄎㄨㄣˇ ㄍㄨㄥ
綑,1,ㄎㄨㄣˇ
綑綁,1,ㄎㄨㄣˇ ㄅㄤˇ
閫,1,ㄎㄨㄣˇ
困,1,ㄎㄨㄣˋ
困乏,1,ㄎㄨㄣˋ ㄈㄚˊ
困頓,1,ㄎㄨㄣˋ ㄉㄨㄣˋ
困難,1,ㄎㄨㄣˋ ㄋㄢˊ
困苦,1,ㄎㄨㄣˋ ㄎㄨˇ
困惑,1,ㄎㄨㄣˋ ㄏㄨㄛˋ
困境,1,ㄎㄨㄣˋ ㄐㄧㄥˋ
困局,1,ㄎㄨㄣˋ ㄐㄩˊ
困窘,1,ㄎㄨㄣˋ ㄐㄩㄥˇ
困窮,1,ㄎㄨㄣˋ ㄑㄩㄥˊ
困住,1,ㄎㄨㄣˋ ㄓㄨˋ
困獸之鬥,1,ㄎㄨㄣˋ ㄕㄡˋ ㄓ ㄉㄡˋ
困獸猶鬥,1,ㄎㄨㄣˋ ㄕㄡˋ ㄧㄡˊ ㄉㄡˋ
困擾,1,ㄎㄨㄣˋ ㄖㄠˇ
困厄,1,ㄎㄨㄣˋ ㄜˋ
睏,1,ㄎㄨㄣˋ
睏倦,1,ㄎㄨㄣˋ ㄐㄩㄢˋ
匡,1,ㄎㄨㄤ
匡復,1,ㄎㄨㄤ ㄈㄨˋ
匡濟,1,ㄎㄨㄤ ㄐㄧˋ
匡正,1,ㄎㄨㄤ ㄓㄥˋ
劻,1,ㄎㄨㄤ
框,1,ㄎㄨㄤ
框框,1,ㄎㄨㄤ ㄎㄨㄤ
框架,1,ㄎㄨㄤ ㄐㄧㄚˋ
眶,1,ㄎㄨㄤ
筐,1,ㄎㄨㄤ
誆,1,ㄎㄨㄤ
誆騙,1,ㄎㄨㄤ ㄆㄧㄢˋ
狂,1,ㄎㄨㄤˊ
狂暴,1,ㄎㄨㄤˊ ㄅㄠˋ
狂奔,1,ㄎㄨㄤˊ ㄅㄣ
狂飆,1,ㄎㄨㄤˊ ㄅㄧㄠ
狂吠,1,ㄎㄨㄤˊ ㄈㄟˋ
狂風暴雨,1,ㄎㄨㄤˊ ㄈㄥ ㄅㄠˋ ㄩˇ
狂跌,1,ㄎㄨㄤˊ ㄉㄧㄝˊ
狂瀾,1,ㄎㄨㄤˊ ㄌㄢˊ
狂歡,1,ㄎㄨㄤˊ ㄏㄨㄢ
狂狷,1,ㄎㄨㄤˊ ㄐㄩㄢˋ
狂犬病,1,ㄎㄨㄤˊ ㄑㄩㄢˇ ㄅㄧㄥˋ
狂喜,1,ㄎㄨㄤˊ ㄒㄧˇ
狂笑,1,ㄎㄨㄤˊ ㄒㄧㄠˋ
狂想,1,ㄎㄨㄤˊ ㄒㄧㄤˇ
狂想曲,1,ㄎㄨㄤˊ ㄒㄧㄤˇ ㄑㄩˇ
狂熱,1,ㄎㄨㄤˊ ㄖㄜˋ
狂人,1,ㄎㄨㄤˊ ㄖㄣˊ
狂草,1,ㄎㄨㄤˊ ㄘㄠˇ
狂言,1,ㄎㄨㄤˊ ㄧㄢˊ
狂妄,1,ㄎㄨㄤˊ ㄨㄤˋ
誑,1,ㄎㄨㄤˊ
誑騙,1,ㄎㄨㄤˊ ㄆㄧㄢˋ
誑語,1,ㄎㄨㄤˊ ㄩˇ
況,1,ㄎㄨㄤˋ
況且,1,ㄎㄨㄤˋ ㄑㄧㄝˇ
鄺,1,ㄎㄨㄤˋ
壙,1,ㄎㄨㄤˋ
曠,1,ㄎㄨㄤˋ
曠廢,1,ㄎㄨㄤˋ ㄈㄟˋ
曠古,1,ㄎㄨㄤˋ ㄍㄨˇ
曠課,1,ㄎㄨㄤˋ ㄎㄜˋ
曠職,1,ㄎㄨㄤˋ ㄓˊ
曠世,1,ㄎㄨㄤˋ ㄕˋ
曠日持久,1,ㄎㄨㄤˋ ㄖˋ ㄔˊ ㄐㄧㄡˇ
曠野,1,ㄎㄨㄤˋ ㄧㄝˇ
礦,1,ㄎㄨㄤˋ
礦工,1,ㄎㄨㄤˋ ㄍㄨㄥ
礦坑,1,ㄎㄨㄤˋ ㄎㄥ
礦區,1,ㄎㄨㄤˋ ㄑㄩ
礦泉,1,ㄎㄨㄤˋ ㄑㄩㄢˊ
礦泉水,1,ㄎㄨㄤˋ ㄑㄩㄢˊ ㄕㄨㄟˇ
礦產,1,ㄎㄨㄤˋ ㄔㄢˇ
礦場,1,ㄎㄨㄤˋ ㄔㄤˇ
礦石,1,ㄎㄨㄤˋ ㄕˊ
礦砂,1,ㄎㄨㄤˋ ㄕㄚ
礦藏,1,ㄎㄨㄤˋ ㄘㄤˊ
礦業,1,ㄎㄨㄤˋ ㄧㄝˋ
礦物,1,ㄎㄨㄤˋ ㄨˋ
礦物質,1,ㄎㄨㄤˋ ㄨˋ ㄓˊ
空,1,ㄎㄨㄥ
空門,1,ㄎㄨㄥ ㄇㄣˊ
空濛,1,ㄎㄨㄥ ㄇㄥˊ
空泛,1,ㄎㄨㄥ ㄈㄢˋ
空防,1,ㄎㄨㄥ ㄈㄤˊ
空檔,1,ㄎㄨㄥ ㄉㄤˇ
空蕩,1,ㄎㄨㄥ ㄉㄤˋ
空等,1,ㄎㄨㄥ ㄉㄥˇ
空洞,1,ㄎㄨㄥ ㄉㄨㄥˋ
空投,1,ㄎㄨㄥ ㄊㄡˊ
空談,1,ㄎㄨㄥ ㄊㄢˊ
空調,1,ㄎㄨㄥ ㄊㄧㄠˊ
空難,1,ㄎㄨㄥ ㄋㄢˋ
空靈,1,ㄎㄨㄥ ㄌㄧㄥˊ
空口無憑,1,ㄎㄨㄥ ㄎㄡˇ ㄨˊ ㄆㄧㄥˊ
空闊,1,ㄎㄨㄥ ㄎㄨㄛˋ
空曠,1,ㄎㄨㄥ ㄎㄨㄤˋ
空話,1,ㄎㄨㄥ ㄏㄨㄚˋ
空架子,1,ㄎㄨㄥ ㄐㄧㄚˋ ㄗ˙
空間,1,ㄎㄨㄥ ㄐㄧㄢ
空間感,1,ㄎㄨㄥ ㄐㄧㄢ ㄍㄢˇ
空降,1,ㄎㄨㄥ ㄐㄧㄤˋ
空軍,1,ㄎㄨㄥ ㄐㄩㄣ
空氣,1,ㄎㄨㄥ ㄑㄧˋ
空氣汙染,1,ㄎㄨㄥ ㄑㄧˋ ㄨ ㄖㄢˇ
空前,1,ㄎㄨㄥ ㄑㄧㄢˊ
空前絕後,1,ㄎㄨㄥ ㄑㄧㄢˊ ㄐㄩㄝˊ ㄏㄡˋ
空襲,1,ㄎㄨㄥ ㄒㄧˊ
空襲警報,1,ㄎㄨㄥ ㄒㄧˊ ㄐㄧㄥˇ ㄅㄠˋ
空心,1,ㄎㄨㄥ ㄒㄧㄣ
空心菜,1,ㄎㄨㄥ ㄒㄧㄣ ㄘㄞˋ
空想,1,ㄎㄨㄥ ㄒㄧㄤˇ
空虛,1,ㄎㄨㄥ ㄒㄩ
空穴來風,1,ㄎㄨㄥ ㄒㄩㄝˋ ㄌㄞˊ ㄈㄥ
空戰,1,ㄎㄨㄥ ㄓㄢˋ
空轉,1,ㄎㄨㄥ ㄓㄨㄢˇ
空中,1,ㄎㄨㄥ ㄓㄨㄥ
空中夫妻,1,ㄎㄨㄥ ㄓㄨㄥ ㄈㄨ ㄑㄧ
空中樓閣,1,ㄎㄨㄥ ㄓㄨㄥ ㄌㄡˊ ㄍㄜˊ
空中交易,1,ㄎㄨㄥ ㄓㄨㄥ ㄐㄧㄠ ㄧˋ
空中學校,1,ㄎㄨㄥ ㄓㄨㄥ ㄒㄩㄝˊ ㄒㄧㄠˋ
空中造雨,1,ㄎㄨㄥ ㄓㄨㄥ ㄗㄠˋ ㄩˇ
空窗期,1,ㄎㄨㄥ ㄔㄨㄤ ㄑㄧˊ
空手,1,ㄎㄨㄥ ㄕㄡˇ
空手道,1,ㄎㄨㄥ ㄕㄡˇ ㄉㄠˋ
空手而回,1,ㄎㄨㄥ ㄕㄡˇ ㄦˊ ㄏㄨㄟˊ
空屋,1,ㄎㄨㄥ ㄨ
空屋率,1,ㄎㄨㄥ ㄨ ㄌㄩˋ
空運,1,ㄎㄨㄥ ㄩㄣˋ
崆,1,ㄎㄨㄥ
崆峒山,1,ㄎㄨㄥ ㄊㄨㄥˊ ㄕㄢ
箜,1,ㄎㄨㄥ
箜篌,1,ㄎㄨㄥ ㄏㄡˊ
孔,1,ㄎㄨㄥˇ
孔廟,1,ㄎㄨㄥˇ ㄇㄧㄠˋ
孔道,1,ㄎㄨㄥˇ ㄉㄠˋ
孔急,1,ㄎㄨㄥˇ ㄐㄧˊ
孔雀,1,ㄎㄨㄥˇ ㄑㄩㄝˋ
孔雀開屏,1,ㄎㄨㄥˇ ㄑㄩㄝˋ ㄎㄞ ㄆㄧㄥˊ
孔雀舞,1,ㄎㄨㄥˇ ㄑㄩㄝˋ ㄨˇ
孔武有力,1,ㄎㄨㄥˇ ㄨˇ ㄧㄡˇ ㄌㄧˋ
恐,1,ㄎㄨㄥˇ
恐怖,1,ㄎㄨㄥˇ ㄅㄨˋ
恐怖分子,1,ㄎㄨㄥˇ ㄅㄨˋ ㄈㄣˋ ㄗˇ
恐怕,1,ㄎㄨㄥˇ ㄆㄚˋ
恐龍,1,ㄎㄨㄥˇ ㄌㄨㄥˊ
恐嚇,1,ㄎㄨㄥˇ ㄏㄜˋ
恐慌,1,ㄎㄨㄥˇ ㄏㄨㄤ
恐懼,1,ㄎㄨㄥˇ ㄐㄩˋ
倥,1,ㄎㄨㄥˇ
倥傯,1,ㄎㄨㄥˇ ㄗㄨㄥˇ
空,1,ㄎㄨㄥˋ
空白,1,ㄎㄨㄥˋ ㄅㄞˊ
空檔,1,ㄎㄨㄥˋ ㄉㄤˇ
空地,1,ㄎㄨㄥˋ ㄉㄧˋ
空地稅,1,ㄎㄨㄥˋ ㄉㄧˋ ㄕㄨㄟˋ
空頭,1,ㄎㄨㄥˋ ㄊㄡˊ
空頭支票,1,ㄎㄨㄥˋ ㄊㄡˊ ㄓ ㄆㄧㄠˋ
空缺,1,ㄎㄨㄥˋ ㄑㄩㄝ
空隙,1,ㄎㄨㄥˋ ㄒㄧˋ
空閒,1,ㄎㄨㄥˋ ㄒㄧㄢˊ
空額,1,ㄎㄨㄥˋ ㄜˊ
空位,1,ㄎㄨㄥˋ ㄨㄟˋ
控,1,ㄎㄨㄥˋ
控告,1,ㄎㄨㄥˋ ㄍㄠˋ
控股公司,1,ㄎㄨㄥˋ ㄍㄨˇ ㄍㄨㄥ ㄙ
控球,1,ㄎㄨㄥˋ ㄑㄧㄡˊ
控制,1,ㄎㄨㄥˋ ㄓˋ
控訴,1,ㄎㄨㄥˋ ㄙㄨˋ
哈,1,ㄏㄚ
哈密瓜,1,ㄏㄚ ㄇㄧˋ ㄍㄨㄚ
哈雷彗星,1,ㄏㄚ ㄌㄟˊ ㄏㄨㄟˋ ㄒㄧㄥ
哈囉,1,ㄏㄚ ㄌㄨㄛˊ
哈哈大笑,1,ㄏㄚ ㄏㄚ ㄉㄚˋ ㄒㄧㄠˋ
哈哈鏡,1,ㄏㄚ ㄏㄚ ㄐㄧㄥˋ
蛤,1,ㄏㄚˊ
蛤蟆,1,ㄏㄚˊ ㄇㄚˊ
蛤蟆,1,ㄏㄚˊ ㄇㄚ˙
蝦,1,ㄏㄚˊ
蝦蟆,1,ㄏㄚˊ ㄇㄚˊ
蝦蟆,1,ㄏㄚˊ ㄇㄚ˙
哈,1,ㄏㄚˇ
哈巴狗,1,ㄏㄚˇ ㄅㄚ ㄍㄡˇ
呵,1,ㄏㄜ
呵呵,1,ㄏㄜ ㄏㄜ
呵護,1,ㄏㄜ ㄏㄨˋ
呵欠,1,ㄏㄜ ㄑㄧㄢˋ
呵叱,1,ㄏㄜ ㄔˋ
呵責,1,ㄏㄜ ㄗㄜˊ
訶,1,ㄏㄜ
喝,1,ㄏㄜ
喝西北風,1,ㄏㄜ ㄒㄧ ㄅㄟˇ ㄈㄥ
禾,1,ㄏㄜˊ
禾苗,1,ㄏㄜˊ ㄇㄧㄠˊ
和,1,ㄏㄜˊ
和盤托出,1,ㄏㄜˊ ㄆㄢˊ ㄊㄨㄛ ㄔㄨ
和平,1,ㄏㄜˊ ㄆㄧㄥˊ
和平鴿,1,ㄏㄜˊ ㄆㄧㄥˊ ㄍㄜ
和睦,1,ㄏㄜˊ ㄇㄨˋ
和風,1,ㄏㄜˊ ㄈㄥ
和風細雨,1,ㄏㄜˊ ㄈㄥ ㄒㄧˋ ㄩˇ
和服,1,ㄏㄜˊ ㄈㄨˊ
和談,1,ㄏㄜˊ ㄊㄢˊ
和樂,1,ㄏㄜˊ ㄌㄜˋ
和好,1,ㄏㄜˊ ㄏㄠˇ
和緩,1,ㄏㄜˊ ㄏㄨㄢˇ
和解,1,ㄏㄜˊ ㄐㄧㄝˇ
和局,1,ㄏㄜˊ ㄐㄩˊ
和氣,1,ㄏㄜˊ ㄑㄧˋ
和協,1,ㄏㄜˊ ㄒㄧㄝˊ
和諧,1,ㄏㄜˊ ㄒㄧㄝˊ
和煦,1,ㄏㄜˊ ㄒㄩˇ
和衷共濟,1,ㄏㄜˊ ㄓㄨㄥ ㄍㄨㄥˋ ㄐㄧˋ
和事佬,1,ㄏㄜˊ ㄕˋ ㄌㄠˇ
和善,1,ㄏㄜˊ ㄕㄢˋ
和尚,1,ㄏㄜˊ ㄕㄤˋ
和聲,1,ㄏㄜˊ ㄕㄥ
和數,1,ㄏㄜˊ ㄕㄨˋ
和順,1,ㄏㄜˊ ㄕㄨㄣˋ
和藹,1,ㄏㄜˊ ㄞˇ
和議,1,ㄏㄜˊ ㄧˋ
和顏悅色,1,ㄏㄜˊ ㄧㄢˊ ㄩㄝˋ ㄙㄜˋ
和婉,1,ㄏㄜˊ ㄨㄢˇ
和約,1,ㄏㄜˊ ㄩㄝ
和悅,1,ㄏㄜˊ ㄩㄝˋ
龢,1,ㄏㄜˊ
合,1,ㄏㄜˊ
合抱,1,ㄏㄜˊ ㄅㄠˋ
合辦,1,ㄏㄜˊ ㄅㄢˋ
合併,1,ㄏㄜˊ ㄅㄧㄥˋ
合法,1,ㄏㄜˊ ㄈㄚˇ
合法化,1,ㄏㄜˊ ㄈㄚˇ ㄏㄨㄚˋ
合同,1,ㄏㄜˊ ㄊㄨㄥˊ
合理,1,ㄏㄜˊ ㄌㄧˇ
合理化,1,ㄏㄜˊ ㄌㄧˇ ㄏㄨㄚˋ
合力,1,ㄏㄜˊ ㄌㄧˋ
合攏,1,ㄏㄜˊ ㄌㄨㄥˇ
合格,1,ㄏㄜˊ ㄍㄜˊ
合該,1,ㄏㄜˊ ㄍㄞ
合股,1,ㄏㄜˊ ㄍㄨˇ
合夥,1,ㄏㄜˊ ㄏㄨㄛˇ
合歡,1,ㄏㄜˊ ㄏㄨㄢ
合婚,1,ㄏㄜˊ ㄏㄨㄣ
合計,1,ㄏㄜˊ ㄐㄧˋ
合家,1,ㄏㄜˊ ㄐㄧㄚ
合金,1,ㄏㄜˊ ㄐㄧㄣ
合氣道,1,ㄏㄜˊ ㄑㄧˋ ㄉㄠˋ
合情合理,1,ㄏㄜˊ ㄑㄧㄥˊ ㄏㄜˊ ㄌㄧˇ
合群,1,ㄏㄜˊ ㄑㄩㄣˊ
合照,1,ㄏㄜˊ ㄓㄠˋ
合掌,1,ㄏㄜˊ ㄓㄤˇ
合唱,1,ㄏㄜˊ ㄔㄤˋ
合成,1,ㄏㄜˊ ㄔㄥˊ
合成樂器,1,ㄏㄜˊ ㄔㄥˊ ㄩㄝˋ ㄑㄧˋ
合十,1,ㄏㄜˊ ㄕˊ
合時,1,ㄏㄜˊ ㄕˊ
合式,1,ㄏㄜˊ ㄕˋ
合適,1,ㄏㄜˊ ㄕˋ
合身,1,ㄏㄜˊ ㄕㄣ
合數,1,ㄏㄜˊ ㄕㄨˋ
合資,1,ㄏㄜˊ ㄗ
合奏,1,ㄏㄜˊ ㄗㄡˋ
合作,1,ㄏㄜˊ ㄗㄨㄛˋ
合作社,1,ㄏㄜˊ ㄗㄨㄛˋ ㄕㄜˋ
合作無間,1,ㄏㄜˊ ㄗㄨㄛˋ ㄨˊ ㄐㄧㄢˋ
合縱,1,ㄏㄜˊ ㄗㄨㄥ
合算,1,ㄏㄜˊ ㄙㄨㄢˋ
合宜,1,ㄏㄜˊ ㄧˊ
合意,1,ㄏㄜˊ ㄧˋ
合營,1,ㄏㄜˊ ㄧㄥˊ
合影,1,ㄏㄜˊ ㄧㄥˇ
合約,1,ㄏㄜˊ ㄩㄝ
合用,1,ㄏㄜˊ ㄩㄥˋ
盒,1,ㄏㄜˊ
盒子,1,ㄏㄜˊ ㄗ˙
盒餐,1,ㄏㄜˊ ㄘㄢ
閤,1,ㄏㄜˊ
何,1,ㄏㄜˊ
何必,1,ㄏㄜˊ ㄅㄧˋ
何妨,1,ㄏㄜˊ ㄈㄤˊ
何樂不為,1,ㄏㄜˊ ㄌㄜˋ ㄅㄨˋ ㄨㄟˊ
何故,1,ㄏㄜˊ ㄍㄨˋ
何堪,1,ㄏㄜˊ ㄎㄢ
何苦,1,ㄏㄜˊ ㄎㄨˇ
何況,1,ㄏㄜˊ ㄎㄨㄤˋ
何去何從,1,ㄏㄜˊ ㄑㄩˋ ㄏㄜˊ ㄘㄨㄥˊ
何止,1,ㄏㄜˊ ㄓˇ
何種,1,ㄏㄜˊ ㄓㄨㄥˇ
何嘗,1,ㄏㄜˊ ㄔㄤˊ
何處,1,ㄏㄜˊ ㄔㄨˋ
何時,1,ㄏㄜˊ ㄕˊ
何首烏,1,ㄏㄜˊ ㄕㄡˇ ㄨ
何足掛齒,1,ㄏㄜˊ ㄗㄨˊ ㄍㄨㄚˋ ㄔˇ
何曾,1,ㄏㄜˊ ㄘㄥˊ
何以見得,1,ㄏㄜˊ ㄧˇ ㄐㄧㄢˋ ㄉㄜ˙
何謂,1,ㄏㄜˊ ㄨㄟˋ
河,1,ㄏㄜˊ
河伯,1,ㄏㄜˊ ㄅㄛˊ
河濱,1,ㄏㄜˊ ㄅㄧㄣ
河畔,1,ㄏㄜˊ ㄆㄢˋ
河馬,1,ㄏㄜˊ ㄇㄚˇ
河道,1,ㄏㄜˊ ㄉㄠˋ
河東獅吼,1,ㄏㄜˊ ㄉㄨㄥ ㄕ ㄏㄡˇ
河堤,1,ㄏㄜˊ ㄊㄧˊ
河豚,1,ㄏㄜˊ ㄊㄨㄣˊ
河流,1,ㄏㄜˊ ㄌㄧㄡˊ
河洛,1,ㄏㄜˊ ㄌㄨㄛˋ
河谷,1,ㄏㄜˊ ㄍㄨˇ
河漢,1,ㄏㄜˊ ㄏㄢˋ
河川,1,ㄏㄜˊ ㄔㄨㄢ
河床,1,ㄏㄜˊ ㄔㄨㄤˊ
河山,1,ㄏㄜˊ ㄕㄢ
荷,1,ㄏㄜˊ
荷包,1,ㄏㄜˊ ㄅㄠ
荷包蛋,1,ㄏㄜˊ ㄅㄠ ㄉㄢˋ
荷塘,1,ㄏㄜˊ ㄊㄤˊ
荷花,1,ㄏㄜˊ ㄏㄨㄚ
荷爾蒙,1,ㄏㄜˊ ㄦˇ ㄇㄥˊ
劾,1,ㄏㄜˊ
核,1,ㄏㄜˊ
核備,1,ㄏㄜˊ ㄅㄟˋ
核爆,1,ㄏㄜˊ ㄅㄠˋ
核辦,1,ㄏㄜˊ ㄅㄢˋ
核派,1,ㄏㄜˊ ㄆㄞˋ
核發,1,ㄏㄜˊ ㄈㄚ
核廢料,1,ㄏㄜˊ ㄈㄟˋ ㄌㄧㄠˋ
核分裂,1,ㄏㄜˊ ㄈㄣ ㄌㄧㄝˋ
核電,1,ㄏㄜˊ ㄉㄧㄢˋ
核電廠,1,ㄏㄜˊ ㄉㄧㄢˋ ㄔㄤˇ
核定,1,ㄏㄜˊ ㄉㄧㄥˋ
核對,1,ㄏㄜˊ ㄉㄨㄟˋ
核桃,1,ㄏㄜˊ ㄊㄠˊ
核能,1,ㄏㄜˊ ㄋㄥˊ
核能發電,1,ㄏㄜˊ ㄋㄥˊ ㄈㄚ ㄉㄧㄢˋ
核果,1,ㄏㄜˊ ㄍㄨㄛˇ
核可,1,ㄏㄜˊ ㄎㄜˇ
核計,1,ㄏㄜˊ ㄐㄧˋ
核銷,1,ㄏㄜˊ ㄒㄧㄠ
核心,1,ㄏㄜˊ ㄒㄧㄣ
核准,1,ㄏㄜˊ ㄓㄨㄣˇ
核實,1,ㄏㄜˊ ㄕˊ
核示,1,ㄏㄜˊ ㄕˋ
核燃料,1,ㄏㄜˊ ㄖㄢˊ ㄌㄧㄠˋ
核仁,1,ㄏㄜˊ ㄖㄣˊ
核融合,1,ㄏㄜˊ ㄖㄨㄥˊ ㄏㄜˊ
核子,1,ㄏㄜˊ ㄗˇ
核子戰爭,1,ㄏㄜˊ ㄗˇ ㄓㄢˋ ㄓㄥ
核子武器,1,ㄏㄜˊ ㄗˇ ㄨˇ ㄑㄧˋ
核酸,1,ㄏㄜˊ ㄙㄨㄢ
核算,1,ㄏㄜˊ ㄙㄨㄢˋ
核汙染,1,ㄏㄜˊ ㄨ ㄖㄢˇ
核閱,1,ㄏㄜˊ ㄩㄝˋ
閡,1,ㄏㄜˊ
曷,1,ㄏㄜˊ
渴,1,ㄏㄜˊ
褐,1,ㄏㄜˊ
褐色,1,ㄏㄜˊ ㄙㄜˋ
紇,1,ㄏㄜˊ
齕,1,ㄏㄜˊ
盍,1,ㄏㄜˊ
闔,1,ㄏㄜˊ
闔府,1,ㄏㄜˊ ㄈㄨˇ
闔家,1,ㄏㄜˊ ㄐㄧㄚ
闔眼,1,ㄏㄜˊ ㄧㄢˇ
涸,1,ㄏㄜˊ
貉,1,ㄏㄜˊ
覈,1,ㄏㄜˊ
和,1,ㄏㄜˋ
荷,1,ㄏㄜˋ
荷槍實彈,1,ㄏㄜˋ ㄑㄧㄤ ㄕˊ ㄉㄢˋ
荷鋤,1,ㄏㄜˋ ㄔㄨˊ
喝,1,ㄏㄜˋ
喝倒采,1,ㄏㄜˋ ㄉㄠˋ ㄘㄞˇ
喝令,1,ㄏㄜˋ ㄌㄧㄥˋ
喝止,1,ㄏㄜˋ ㄓˇ
喝斥,1,ㄏㄜˋ ㄔˋ
喝采,1,ㄏㄜˋ ㄘㄞˇ
賀,1,ㄏㄜˋ
賀電,1,ㄏㄜˋ ㄉㄧㄢˋ
賀年,1,ㄏㄜˋ ㄋㄧㄢˊ
賀禮,1,ㄏㄜˋ ㄌㄧˇ
賀卡,1,ㄏㄜˋ ㄎㄚˇ
賀客,1,ㄏㄜˋ ㄎㄜˋ
賀函,1,ㄏㄜˋ ㄏㄢˊ
賀喜,1,ㄏㄜˋ ㄒㄧˇ
賀忱,1,ㄏㄜˋ ㄔㄣˊ
賀壽,1,ㄏㄜˋ ㄕㄡˋ
賀歲,1,ㄏㄜˋ ㄙㄨㄟˋ
賀儀,1,ㄏㄜˋ ㄧˊ
赫,1,ㄏㄜˋ
赫赫,1,ㄏㄜˋ ㄏㄜˋ
赫赫有名,1,ㄏㄜˋ ㄏㄜˋ ㄧㄡˇ ㄇㄧㄥˊ
赫然,1,ㄏㄜˋ ㄖㄢˊ
赫茲,1,ㄏㄜˋ ㄗ
嚇,1,ㄏㄜˋ
嚇阻,1,ㄏㄜˋ ㄗㄨˇ
鶴,1,ㄏㄜˋ
鶴髮童顏,1,ㄏㄜˋ ㄈㄚˇ ㄊㄨㄥˊ ㄧㄢˊ
鶴立雞群,1,ㄏㄜˋ ㄌㄧˋ ㄐㄧ ㄑㄩㄣˊ
咳,1,ㄏㄞ
咳聲嘆息,1,ㄏㄞ ㄕㄥ ㄊㄢˋ ㄒㄧˊ
嗨,1,ㄏㄞ
孩,1,ㄏㄞˊ
孩提,1,ㄏㄞˊ ㄊㄧˊ
孩童,1,ㄏㄞˊ ㄊㄨㄥˊ
孩子,1,ㄏㄞˊ ㄗ˙
孩子氣,1,ㄏㄞˊ ㄗ˙ ㄑㄧˋ
孩兒,1,ㄏㄞˊ ㄦˊ
頦,1,ㄏㄞˊ
骸,1,ㄏㄞˊ
骸骨,1,ㄏㄞˊ ㄍㄨˇ
還,1,ㄏㄞˊ
還可以,1,ㄏㄞˊ ㄎㄜˇ ㄧˇ
還好,1,ㄏㄞˊ ㄏㄠˇ
還是,1,ㄏㄞˊ ㄕˋ
還早,1,ㄏㄞˊ ㄗㄠˇ
還有,1,ㄏㄞˊ ㄧㄡˇ
海,1,ㄏㄞˇ
海拔,1,ㄏㄞˇ ㄅㄚˊ
海豹,1,ㄏㄞˇ ㄅㄠˋ
海報,1,ㄏㄞˇ ㄅㄠˋ
海濱,1,ㄏㄞˇ ㄅㄧㄣ
海派,1,ㄏㄞˇ ㄆㄞˋ
海埔新生地,1,ㄏㄞˇ ㄆㄨˇ ㄒㄧㄣ ㄕㄥ ㄉㄧˋ
海馬,1,ㄏㄞˇ ㄇㄚˇ
海綿,1,ㄏㄞˇ ㄇㄧㄢˊ
海防,1,ㄏㄞˇ ㄈㄤˊ
海帶,1,ㄏㄞˇ ㄉㄞˋ
海島,1,ㄏㄞˇ ㄉㄠˇ
海盜,1,ㄏㄞˇ ㄉㄠˋ
海膽,1,ㄏㄞˇ ㄉㄢˇ
海底撈針,1,ㄏㄞˇ ㄉㄧˇ ㄌㄠ ㄓㄣ
海釣,1,ㄏㄞˇ ㄉㄧㄠˋ
海苔,1,ㄏㄞˇ ㄊㄞˊ
海濤,1,ㄏㄞˇ ㄊㄠˊ
海灘,1,ㄏㄞˇ ㄊㄢ
海灘排球,1,ㄏㄞˇ ㄊㄢ ㄆㄞˊ ㄑㄧㄡˊ
海豚,1,ㄏㄞˇ ㄊㄨㄣˊ
海內,1,ㄏㄞˇ ㄋㄟˋ
海難,1,ㄏㄞˇ ㄋㄢˋ
海牛,1,ㄏㄞˇ ㄋㄧㄡˊ
海浪,1,ㄏㄞˇ ㄌㄤˋ
海里,1,ㄏㄞˇ ㄌㄧˇ
海流,1,ㄏㄞˇ ㄌㄧㄡˊ
海量,1,ㄏㄞˇ ㄌㄧㄤˋ
海螺,1,ㄏㄞˇ ㄌㄨㄛˊ
海洛因,1,ㄏㄞˇ ㄌㄨㄛˋ ㄧㄣ
海溝,1,ㄏㄞˇ ㄍㄡ
海狗,1,ㄏㄞˇ ㄍㄡˇ
海港,1,ㄏㄞˇ ㄍㄤˇ
海龜,1,ㄏㄞˇ ㄍㄨㄟ
海關,1,ㄏㄞˇ ㄍㄨㄢ
海口,1,ㄏㄞˇ ㄎㄡˇ
海枯石爛,1,ㄏㄞˇ ㄎㄨ ㄕˊ ㄌㄢˋ
海闊天空,1,ㄏㄞˇ ㄎㄨㄛˋ ㄊㄧㄢ ㄎㄨㄥ
海葵,1,ㄏㄞˇ ㄎㄨㄟˊ
海岬,1,ㄏㄞˇ ㄐㄧㄚˇ
海角,1,ㄏㄞˇ ㄐㄧㄠˇ
海軍,1,ㄏㄞˇ ㄐㄩㄣ
海峽,1,ㄏㄞˇ ㄒㄧㄚˊ
海峽兩岸,1,ㄏㄞˇ ㄒㄧㄚˊ ㄌㄧㄤˇ ㄢˋ
海嘯,1,ㄏㄞˇ ㄒㄧㄠˋ
海鮮,1,ㄏㄞˇ ㄒㄧㄢ
海象,1,ㄏㄞˇ ㄒㄧㄤˋ
海星,1,ㄏㄞˇ ㄒㄧㄥ
海蜇,1,ㄏㄞˇ ㄓㄜˊ
海潮,1,ㄏㄞˇ ㄔㄠˊ
海產,1,ㄏㄞˇ ㄔㄢˇ
海獅,1,ㄏㄞˇ ㄕ
海市蜃樓,1,ㄏㄞˇ ㄕˋ ㄕㄣˋ ㄌㄡˊ
海事,1,ㄏㄞˇ ㄕˋ
海誓山盟,1,ㄏㄞˇ ㄕˋ ㄕㄢ ㄇㄥˊ
海砂屋,1,ㄏㄞˇ ㄕㄚ ㄨ
海參,1,ㄏㄞˇ ㄕㄣ
海上,1,ㄏㄞˇ ㄕㄤˋ
海水淡化,1,ㄏㄞˇ ㄕㄨㄟˇ ㄉㄢˋ ㄏㄨㄚˋ
海水浴場,1,ㄏㄞˇ ㄕㄨㄟˇ ㄩˋ ㄔㄤˇ
海藻,1,ㄏㄞˇ ㄗㄠˇ
海葬,1,ㄏㄞˇ ㄗㄤˋ
海菜,1,ㄏㄞˇ ㄘㄞˋ
海鷗,1,ㄏㄞˇ ㄡ
海岸,1,ㄏㄞˇ ㄢˋ
海岸線,1,ㄏㄞˇ ㄢˋ ㄒㄧㄢˋ
海洋,1,ㄏㄞˇ ㄧㄤˊ
海外,1,ㄏㄞˇ ㄨㄞˋ
海王星,1,ㄏㄞˇ ㄨㄤˊ ㄒㄧㄥ
海域,1,ㄏㄞˇ ㄩˋ
海員,1,ㄏㄞˇ ㄩㄢˊ
海運,1,ㄏㄞˇ ㄩㄣˋ
醢,1,ㄏㄞˇ
亥,1,ㄏㄞˋ
氦,1,ㄏㄞˋ
駭,1,ㄏㄞˋ
駭浪,1,ㄏㄞˋ ㄌㄤˋ
駭然,1,ㄏㄞˋ ㄖㄢˊ
駭人聽聞,1,ㄏㄞˋ ㄖㄣˊ ㄊㄧㄥ ㄨㄣˊ
駭異,1,ㄏㄞˋ ㄧˋ
害,1,ㄏㄞˋ
害怕,1,ㄏㄞˋ ㄆㄚˋ
害群之馬,1,ㄏㄞˋ ㄑㄩㄣˊ ㄓ ㄇㄚˇ
害喜,1,ㄏㄞˋ ㄒㄧˇ
害羞,1,ㄏㄞˋ ㄒㄧㄡ
害處,1,ㄏㄞˋ ㄔㄨˋ
害蟲,1,ㄏㄞˋ ㄔㄨㄥˊ
害人害己,1,ㄏㄞˋ ㄖㄣˊ ㄏㄞˋ ㄐㄧˇ
害人精,1,ㄏㄞˋ ㄖㄣˊ ㄐㄧㄥ
害臊,1,ㄏㄞˋ ㄙㄠˋ
黑,1,ㄏㄟ
黑白不分,1,ㄏㄟ ㄅㄞˊ ㄅㄨˋ ㄈㄣ
黑白分明,1,ㄏㄟ ㄅㄞˊ ㄈㄣ ㄇㄧㄥˊ
黑白顛倒,1,ㄏㄟ ㄅㄞˊ ㄉㄧㄢ ㄉㄠˇ
黑白兩道,1,ㄏㄟ ㄅㄞˊ ㄌㄧㄤˇ ㄉㄠˋ
黑斑,1,ㄏㄟ ㄅㄢ
黑板,1,ㄏㄟ ㄅㄢˇ
黑馬,1,ㄏㄟ ㄇㄚˇ
黑名單,1,ㄏㄟ ㄇㄧㄥˊ ㄉㄢ
黑幕,1,ㄏㄟ ㄇㄨˋ
黑道,1,ㄏㄟ ㄉㄠˋ
黑店,1,ㄏㄟ ㄉㄧㄢˋ
黑洞,1,ㄏㄟ ㄉㄨㄥˋ
黑炭,1,ㄏㄟ ㄊㄢˋ
黑輪,1,ㄏㄟ ㄌㄨㄣˊ
黑鍋,1,ㄏㄟ ㄍㄨㄛ
黑官,1,ㄏㄟ ㄍㄨㄢ
黑盒子,1,ㄏㄟ ㄏㄜˊ ㄗ˙
黑話,1,ㄏㄟ ㄏㄨㄚˋ
黑貨,1,ㄏㄟ ㄏㄨㄛˋ
黑漆漆,1,ㄏㄟ ㄑㄧ ㄑㄧ
黑錢,1,ㄏㄟ ㄑㄧㄢˊ
黑槍,1,ㄏㄟ ㄑㄧㄤ
黑心,1,ㄏㄟ ㄒㄧㄣ
黑猩猩,1,ㄏㄟ ㄒㄧㄥ ㄒㄧㄥ
黑猩猩,1,ㄏㄟ ㄒㄧㄥ ㄒㄧㄥ˙
黑熊,1,ㄏㄟ ㄒㄩㄥˊ
黑吃黑,1,ㄏㄟ ㄔ ㄏㄟ
黑市,1,ㄏㄟ ㄕˋ
黑社會,1,ㄏㄟ ㄕㄜˋ ㄏㄨㄟˋ
黑手,1,ㄏㄟ ㄕㄡˇ
黑子,1,ㄏㄟ ㄗˇ
黑死病,1,ㄏㄟ ㄙˇ ㄅㄧㄥˋ
黑色,1,ㄏㄟ ㄙㄜˋ
黑暗,1,ㄏㄟ ㄢˋ
黑壓壓,1,ㄏㄟ ㄧㄚ ㄧㄚ
黑夜,1,ㄏㄟ ㄧㄝˋ
黑煙,1,ㄏㄟ ㄧㄢ
黑影,1,ㄏㄟ ㄧㄥˇ
嘿,1,ㄏㄟ
蒿,1,ㄏㄠ
毫,1,ㄏㄠˊ
毫不留情,1,ㄏㄠˊ ㄅㄨˋ ㄌㄧㄡˊ ㄑㄧㄥˊ
毫不遜色,1,ㄏㄠˊ ㄅㄨˋ ㄒㄩㄣˋ ㄙㄜˋ
毫不遜色,1,ㄏㄠˊ ㄅㄨˊ ㄒㄩㄣˋ ㄙㄜˋ
毫不在意,1,ㄏㄠˊ ㄅㄨˋ ㄗㄞˋ ㄧˋ
毫不在意,1,ㄏㄠˊ ㄅㄨˊ ㄗㄞˋ ㄧˋ
毫不做作,1,ㄏㄠˊ ㄅㄨˋ ㄗㄨㄛˋ ㄗㄨㄛˋ
毫不做作,1,ㄏㄠˊ ㄅㄨˊ ㄗㄨㄛˋ ㄗㄨㄛˋ
毫不猶豫,1,ㄏㄠˊ ㄅㄨˋ ㄧㄡˊ ㄩˋ
毫不掩飾,1,ㄏㄠˊ ㄅㄨˋ ㄧㄢˇ ㄕˋ
毫米,1,ㄏㄠˊ ㄇㄧˇ
毫髮,1,ㄏㄠˊ ㄈㄚˇ
毫克,1,ㄏㄠˊ ㄎㄜˋ
毫升,1,ㄏㄠˊ ㄕㄥ
毫無機心,1,ㄏㄠˊ ㄨˊ ㄐㄧ ㄒㄧㄣ
毫無忌憚,1,ㄏㄠˊ ㄨˊ ㄐㄧˋ ㄉㄢˋ
毫無節制,1,ㄏㄠˊ ㄨˊ ㄐㄧㄝˊ ㄓˋ
毫無章法,1,ㄏㄠˊ ㄨˊ ㄓㄤ ㄈㄚˇ
毫無二致,1,ㄏㄠˊ ㄨˊ ㄦˋ ㄓˋ
豪,1,ㄏㄠˊ
豪邁,1,ㄏㄠˊ ㄇㄞˋ
豪門,1,ㄏㄠˊ ㄇㄣˊ
豪放,1,ㄏㄠˊ ㄈㄤˋ
豪賭,1,ㄏㄠˊ ㄉㄨˇ
豪奪,1,ㄏㄠˊ ㄉㄨㄛˊ
豪華,1,ㄏㄠˊ ㄏㄨㄚˊ
豪傑,1,ㄏㄠˊ ㄐㄧㄝˊ
豪氣,1,ㄏㄠˊ ㄑㄧˋ
豪氣干雲,1,ㄏㄠˊ ㄑㄧˋ ㄍㄢ ㄩㄣˊ
豪情,1,ㄏㄠˊ ㄑㄧㄥˊ
豪情萬丈,1,ㄏㄠˊ ㄑㄧㄥˊ ㄨㄢˋ ㄓㄤˋ
豪豬,1,ㄏㄠˊ ㄓㄨ
豪奢,1,ㄏㄠˊ ㄕㄜ
豪爽,1,ㄏㄠˊ ㄕㄨㄤˇ
豪言壯語,1,ㄏㄠˊ ㄧㄢˊ ㄓㄨㄤˋ ㄩˇ
豪飲,1,ㄏㄠˊ ㄧㄣˇ
豪雨,1,ㄏㄠˊ ㄩˇ
豪語,1,ㄏㄠˊ ㄩˇ
濠,1,ㄏㄠˊ
濠溝,1,ㄏㄠˊ ㄍㄡ
壕,1,ㄏㄠˊ
壕溝,1,ㄏㄠˊ ㄍㄡ
嚎,1,ㄏㄠˊ
嚎啕,1,ㄏㄠˊ ㄊㄠˊ
嚎啕大哭,1,ㄏㄠˊ ㄊㄠˊ ㄉㄚˋ ㄎㄨ
蠔,1,ㄏㄠˊ
蠔油,1,ㄏㄠˊ ㄧㄡˊ
號,1,ㄏㄠˊ
號啕大哭,1,ㄏㄠˊ ㄊㄠˊ ㄉㄚˋ ㄎㄨ
好,1,ㄏㄠˇ
好比,1,ㄏㄠˇ ㄅㄧˇ
好不容易,1,ㄏㄠˇ ㄅㄨˋ ㄖㄨㄥˊ ㄧˋ
好朋友,1,ㄏㄠˇ ㄆㄥˊ ㄧㄡˇ
好評,1,ㄏㄠˇ ㄆㄧㄥˊ
好馬不吃回頭草,1,ㄏㄠˇ ㄇㄚˇ ㄅㄨˋ ㄔ ㄏㄨㄟˊ ㄊㄡˊ ㄘㄠˇ
好歹,1,ㄏㄠˇ ㄉㄞˇ
好端端,1,ㄏㄠˇ ㄉㄨㄢ ㄉㄨㄢ
好萊塢,1,ㄏㄠˇ ㄌㄞˊ ㄨˋ
好感,1,ㄏㄠˇ ㄍㄢˇ
好看,1,ㄏㄠˇ ㄎㄢˋ
好好先生,1,ㄏㄠˇ ㄏㄠˇ ㄒㄧㄢ ㄕㄥ
好漢,1,ㄏㄠˇ ㄏㄢˋ
好漢不怕出身低,1,ㄏㄠˇ ㄏㄢˋ ㄅㄨˋ ㄆㄚˋ ㄔㄨ ㄕㄣ ㄉㄧ
好漢不怕出身低,1,ㄏㄠˇ ㄏㄢˋ ㄅㄨˊ ㄆㄚˋ ㄔㄨ ㄕㄣ ㄉㄧ
好傢伙,1,ㄏㄠˇ ㄐㄧㄚ ㄏㄨㄛˇ
好傢伙,1,ㄏㄠˇ ㄐㄧㄚ ㄏㄨㄛ˙
好久,1,ㄏㄠˇ ㄐㄧㄡˇ
好景不常,1,ㄏㄠˇ ㄐㄧㄥˇ ㄅㄨˋ ㄔㄤˊ
好球,1,ㄏㄠˇ ㄑㄧㄡˊ
好球帶,1,ㄏㄠˇ ㄑㄧㄡˊ ㄉㄞˋ
好險,1,ㄏㄠˇ ㄒㄧㄢˇ
好心,1,ㄏㄠˇ ㄒㄧㄣ
好心沒好報,1,ㄏㄠˇ ㄒㄧㄣ ㄇㄟˊ ㄏㄠˇ ㄅㄠˋ
好像,1,ㄏㄠˇ ㄒㄧㄤˋ
好學,1,ㄏㄠˇ ㄒㄩㄝˊ
好轉,1,ㄏㄠˇ ㄓㄨㄢˇ
好吃,1,ㄏㄠˇ ㄔ
好處,1,ㄏㄠˇ ㄔㄨˋ
好事,1,ㄏㄠˇ ㄕˋ
好事多磨,1,ㄏㄠˇ ㄕˋ ㄉㄨㄛ ㄇㄛˊ
好手,1,ㄏㄠˇ ㄕㄡˇ
好受,1,ㄏㄠˇ ㄕㄡˋ
好生,1,ㄏㄠˇ ㄕㄥ
好說,1,ㄏㄠˇ ㄕㄨㄛ
好惹,1,ㄏㄠˇ ㄖㄜˇ
好人好事,1,ㄏㄠˇ ㄖㄣˊ ㄏㄠˇ ㄕˋ
好容易,1,ㄏㄠˇ ㄖㄨㄥˊ ㄧˋ
好自為之,1,ㄏㄠˇ ㄗˋ ㄨㄟˊ ㄓ
好在,1,ㄏㄠˇ ㄗㄞˋ
好意,1,ㄏㄠˇ ㄧˋ
好意思,1,ㄏㄠˇ ㄧˋ ㄙ˙
好玩,1,ㄏㄠˇ ㄨㄢˊ
好運,1,ㄏㄠˇ ㄩㄣˋ
郝,1,ㄏㄠˇ
好,1,ㄏㄠˋ
好大喜功,1,ㄏㄠˋ ㄉㄚˋ ㄒㄧˇ ㄍㄨㄥ
好高騖遠,1,ㄏㄠˋ ㄍㄠ ㄨˋ ㄩㄢˇ
好客,1,ㄏㄠˋ ㄎㄜˋ
好奇,1,ㄏㄠˋ ㄑㄧˊ
好強,1,ㄏㄠˋ ㄑㄧㄤˊ
好學,1,ㄏㄠˋ ㄒㄩㄝˊ
好學不倦,1,ㄏㄠˋ ㄒㄩㄝˊ ㄅㄨˋ ㄐㄩㄢˋ
好學不倦,1,ㄏㄠˋ ㄒㄩㄝˊ ㄅㄨˊ ㄐㄩㄢˋ
好學專輯,1,ㄏㄠˋ ㄒㄩㄝˊ ㄓㄨㄢ ㄐㄧˊ
好整以暇,1,ㄏㄠˋ ㄓㄥˇ ㄧˇ ㄒㄧㄚˊ
好吃,1,ㄏㄠˋ ㄔ
好吃懶做,1,ㄏㄠˋ ㄔ ㄌㄢˇ ㄗㄨㄛˋ
好事,1,ㄏㄠˋ ㄕˋ
好生之德,1,ㄏㄠˋ ㄕㄥ ㄓ ㄉㄜˊ
好勝,1,ㄏㄠˋ ㄕㄥˋ
好色,1,ㄏㄠˋ ㄙㄜˋ
好逸惡勞,1,ㄏㄠˋ ㄧˋ ㄨˋ ㄌㄠˊ
好惡,1,ㄏㄠˋ ㄨˋ
好玩,1,ㄏㄠˋ ㄨㄢˊ
好勇鬥狠,1,ㄏㄠˋ ㄩㄥˇ ㄉㄡˋ ㄏㄣˇ
昊,1,ㄏㄠˋ
昊天,1,ㄏㄠˋ ㄊㄧㄢ
昊天罔極,1,ㄏㄠˋ ㄊㄧㄢ ㄨㄤˇ ㄐㄧˊ
浩,1,ㄏㄠˋ
浩渺,1,ㄏㄠˋ ㄇㄧㄠˇ
浩繁,1,ㄏㄠˋ ㄈㄢˊ
浩大,1,ㄏㄠˋ ㄉㄚˋ
浩蕩,1,ㄏㄠˋ ㄉㄤˋ
浩歎,1,ㄏㄠˋ ㄊㄢˋ
浩浩,1,ㄏㄠˋ ㄏㄠˋ
浩浩蕩蕩,1,ㄏㄠˋ ㄏㄠˋ ㄉㄤˋ ㄉㄤˋ
浩浩湯湯,1,ㄏㄠˋ ㄏㄠˋ ㄕㄤ ㄕㄤ
浩瀚,1,ㄏㄠˋ ㄏㄢˋ
浩劫,1,ㄏㄠˋ ㄐㄧㄝˊ
浩氣,1,ㄏㄠˋ ㄑㄧˋ
浩然,1,ㄏㄠˋ ㄖㄢˊ
浩然正氣,1,ㄏㄠˋ ㄖㄢˊ ㄓㄥˋ ㄑㄧˋ
皓,1,ㄏㄠˋ
皓齒,1,ㄏㄠˋ ㄔˇ
皓首,1,ㄏㄠˋ ㄕㄡˇ
皓月,1,ㄏㄠˋ ㄩㄝˋ
耗,1,ㄏㄠˋ
耗費,1,ㄏㄠˋ ㄈㄟˋ
耗竭,1,ㄏㄠˋ ㄐㄧㄝˊ
耗盡,1,ㄏㄠˋ ㄐㄧㄣˋ
耗時,1,ㄏㄠˋ ㄕˊ
耗資,1,ㄏㄠˋ ㄗ
耗子,1,ㄏㄠˋ ㄗ˙
耗損,1,ㄏㄠˋ ㄙㄨㄣˇ
號,1,ㄏㄠˋ
號碼,1,ㄏㄠˋ ㄇㄚˇ
號燈,1,ㄏㄠˋ ㄉㄥ
號令,1,ㄏㄠˋ ㄌㄧㄥˋ
號角,1,ㄏㄠˋ ㄐㄧㄠˇ
號誌,1,ㄏㄠˋ ㄓˋ
號召,1,ㄏㄠˋ ㄓㄠˋ
號稱,1,ㄏㄠˋ ㄔㄥ
號子,1,ㄏㄠˋ ㄗ˙
號次,1,ㄏㄠˋ ㄘˋ
號外,1,ㄏㄠˋ ㄨㄞˋ
鎬,1,ㄏㄠˋ
顥,1,ㄏㄠˋ
灝,1,ㄏㄠˋ
侯,1,ㄏㄡˊ
喉,1,ㄏㄡˊ
喉嚨,1,ㄏㄡˊ ㄌㄨㄥˊ
喉嚨,1,ㄏㄡˊ ㄌㄨㄥ˙
喉舌,1,ㄏㄡˊ ㄕㄜˊ
猴,1,ㄏㄡˊ
猴急,1,ㄏㄡˊ ㄐㄧˊ
猴子,1,ㄏㄡˊ ㄗ˙
篌,1,ㄏㄡˊ
吼,1,ㄏㄡˇ
吼叫,1,ㄏㄡˇ ㄐㄧㄠˋ
吼聲,1,ㄏㄡˇ ㄕㄥ
后,1,ㄏㄡˋ
后冠,1,ㄏㄡˋ ㄍㄨㄢ
后座,1,ㄏㄡˋ ㄗㄨㄛˋ
逅,1,ㄏㄡˋ
厚,1,ㄏㄡˋ
厚薄,1,ㄏㄡˋ ㄅㄛˊ
厚道,1,ㄏㄡˋ ㄉㄠˋ
厚度,1,ㄏㄡˋ ㄉㄨˋ
厚利,1,ㄏㄡˋ ㄌㄧˋ
厚臉皮,1,ㄏㄡˋ ㄌㄧㄢˇ ㄆㄧˊ
厚重,1,ㄏㄡˋ ㄓㄨㄥˋ
厚此薄彼,1,ㄏㄡˋ ㄘˇ ㄅㄛˊ ㄅㄧˇ
厚愛,1,ㄏㄡˋ ㄞˋ
厚顏,1,ㄏㄡˋ ㄧㄢˊ
厚顏無恥,1,ㄏㄡˋ ㄧㄢˊ ㄨˊ ㄔˇ
厚誣,1,ㄏㄡˋ ㄨ
厚望,1,ㄏㄡˋ ㄨㄤˋ
後,1,ㄏㄡˋ
後備,1,ㄏㄡˋ ㄅㄟˋ
後輩,1,ㄏㄡˋ ㄅㄟˋ
後門,1,ㄏㄡˋ ㄇㄣˊ
後面,1,ㄏㄡˋ ㄇㄧㄢˋ
後母,1,ㄏㄡˋ ㄇㄨˇ
後方,1,ㄏㄡˋ ㄈㄤ
後代,1,ㄏㄡˋ ㄉㄞˋ
後盾,1,ㄏㄡˋ ㄉㄨㄣˋ
後臺,1,ㄏㄡˋ ㄊㄞˊ
後頭,1,ㄏㄡˋ ㄊㄡ˙
後天,1,ㄏㄡˋ ㄊㄧㄢ
後腿,1,ㄏㄡˋ ㄊㄨㄟˇ
後退,1,ㄏㄡˋ ㄊㄨㄟˋ
後來,1,ㄏㄡˋ ㄌㄞˊ
後來居上,1,ㄏㄡˋ ㄌㄞˊ ㄐㄩ ㄕㄤˋ
後冷戰時期,1,ㄏㄡˋ ㄌㄥˇ ㄓㄢˋ ㄕˊ ㄑㄧˊ
後路,1,ㄏㄡˋ ㄌㄨˋ
後顧之憂,1,ㄏㄡˋ ㄍㄨˋ ㄓ ㄧㄡ
後果,1,ㄏㄡˋ ㄍㄨㄛˇ
後果堪虞,1,ㄏㄡˋ ㄍㄨㄛˇ ㄎㄢ ㄩˊ
後悔,1,ㄏㄡˋ ㄏㄨㄟˇ
後會有期,1,ㄏㄡˋ ㄏㄨㄟˋ ㄧㄡˇ ㄑㄧˊ
後患,1,ㄏㄡˋ ㄏㄨㄢˋ
後級擴大機,1,ㄏㄡˋ ㄐㄧˊ ㄎㄨㄛˋ ㄉㄚˋ ㄐㄧ
後記,1,ㄏㄡˋ ㄐㄧˋ
後繼,1,ㄏㄡˋ ㄐㄧˋ
後進,1,ㄏㄡˋ ㄐㄧㄣˋ
後勁,1,ㄏㄡˋ ㄐㄧㄥˋ
後起之秀,1,ㄏㄡˋ ㄑㄧˇ ㄓ ㄒㄧㄡˋ
後勤,1,ㄏㄡˋ ㄑㄧㄣˊ
後續,1,ㄏㄡˋ ㄒㄩˋ
後學,1,ㄏㄡˋ ㄒㄩㄝˊ
後塵,1,ㄏㄡˋ ㄔㄣˊ
後世,1,ㄏㄡˋ ㄕˋ
後視鏡,1,ㄏㄡˋ ㄕˋ ㄐㄧㄥˋ
後事,1,ㄏㄡˋ ㄕˋ
後生,1,ㄏㄡˋ ㄕㄥ
後生可畏,1,ㄏㄡˋ ㄕㄥ ㄎㄜˇ ㄨㄟˋ
後日,1,ㄏㄡˋ ㄖˋ
後人,1,ㄏㄡˋ ㄖㄣˊ
後任,1,ㄏㄡˋ ㄖㄣˋ
後座,1,ㄏㄡˋ ㄗㄨㄛˋ
後遺症,1,ㄏㄡˋ ㄧˊ ㄓㄥˋ
後裔,1,ㄏㄡˋ ㄧˋ
後衛,1,ㄏㄡˋ ㄨㄟˋ
後援,1,ㄏㄡˋ ㄩㄢˊ
後援會,1,ㄏㄡˋ ㄩㄢˊ ㄏㄨㄟˋ
後院,1,ㄏㄡˋ ㄩㄢˋ
候,1,ㄏㄡˋ
候補,1,ㄏㄡˋ ㄅㄨˇ
候鳥,1,ㄏㄡˋ ㄋㄧㄠˇ
候教,1,ㄏㄡˋ ㄐㄧㄠˋ
候選,1,ㄏㄡˋ ㄒㄩㄢˇ
候選人,1,ㄏㄡˋ ㄒㄩㄢˇ ㄖㄣˊ
候用,1,ㄏㄡˋ ㄩㄥˋ
蚶,1,ㄏㄢ
酣,1,ㄏㄢ
酣戰,1,ㄏㄢ ㄓㄢˋ
酣睡,1,ㄏㄢ ㄕㄨㄟˋ
酣醉,1,ㄏㄢ ㄗㄨㄟˋ
頇,1,ㄏㄢ
鼾,1,ㄏㄢ
鼾聲,1,ㄏㄢ ㄕㄥ
憨,1,ㄏㄢ
憨厚,1,ㄏㄢ ㄏㄡˋ
汗,1,ㄏㄢˊ
汗毛,1,ㄏㄢˋ ㄇㄠˊ
含,1,ㄏㄢˊ
含悲忍淚,1,ㄏㄢˊ ㄅㄟ ㄖㄣˇ ㄌㄟˋ
含苞待放,1,ㄏㄢˊ ㄅㄠ ㄉㄞˋ ㄈㄤˋ
含淚,1,ㄏㄢˊ ㄌㄟˋ
含量,1,ㄏㄢˊ ㄌㄧㄤˋ
含括,1,ㄏㄢˊ ㄍㄨㄚ
含糊,1,ㄏㄢˊ ㄏㄨˊ
含情,1,ㄏㄢˊ ㄑㄧㄥˊ
含血噴人,1,ㄏㄢˊ ㄒㄧㄝˇ ㄆㄣ ㄖㄣˊ
含笑,1,ㄏㄢˊ ㄒㄧㄠˋ
含羞,1,ㄏㄢˊ ㄒㄧㄡ
含羞草,1,ㄏㄢˊ ㄒㄧㄡ ㄘㄠˇ
含辛茹苦,1,ㄏㄢˊ ㄒㄧㄣ ㄖㄨˊ ㄎㄨˇ
含蓄,1,ㄏㄢˊ ㄒㄩˋ
含沙射影,1,ㄏㄢˊ ㄕㄚ ㄕㄜˋ ㄧㄥˇ
含飴弄孫,1,ㄏㄢˊ ㄧˊ ㄋㄨㄥˋ ㄙㄨㄣ
含意,1,ㄏㄢˊ ㄧˋ
含義,1,ㄏㄢˊ ㄧˋ
含冤,1,ㄏㄢˊ ㄩㄢ
含蘊,1,ㄏㄢˊ ㄩㄣˋ
邯,1,ㄏㄢˊ
邯鄲縣,1,ㄏㄢˊ ㄉㄢ ㄒㄧㄢˋ
邯鄲學步,1,ㄏㄢˊ ㄉㄢ ㄒㄩㄝˊ ㄅㄨˋ
函,1,ㄏㄢˊ
函件,1,ㄏㄢˊ ㄐㄧㄢˋ
函請,1,ㄏㄢˊ ㄑㄧㄥˇ
函授,1,ㄏㄢˊ ㄕㄡˋ
函數,1,ㄏㄢˊ ㄕㄨˋ
涵,1,ㄏㄢˊ
涵洞,1,ㄏㄢˊ ㄉㄨㄥˋ
涵蓋,1,ㄏㄢˊ ㄍㄞˋ
涵義,1,ㄏㄢˊ ㄧˋ
涵養,1,ㄏㄢˊ ㄧㄤˇ
寒,1,ㄏㄢˊ
寒毛,1,ㄏㄢˊ ㄇㄠˊ
寒門,1,ㄏㄢˊ ㄇㄣˊ
寒帶,1,ㄏㄢˊ ㄉㄞˋ
寒冬,1,ㄏㄢˊ ㄉㄨㄥ
寒來暑往,1,ㄏㄢˊ ㄌㄞˊ ㄕㄨˇ ㄨㄤˇ
寒冷,1,ㄏㄢˊ ㄌㄥˇ
寒慄,1,ㄏㄢˊ ㄌㄧˋ
寒流,1,ㄏㄢˊ ㄌㄧㄡˊ
寒露,1,ㄏㄢˊ ㄌㄨˋ
寒假,1,ㄏㄢˊ ㄐㄧㄚˋ
寒噤,1,ㄏㄢˊ ㄐㄧㄣˋ
寒氣襲人,1,ㄏㄢˊ ㄑㄧˋ ㄒㄧˊ ㄖㄣˊ
寒心,1,ㄏㄢˊ ㄒㄧㄣ
寒暄,1,ㄏㄢˊ ㄒㄩㄢ
寒顫,1,ㄏㄢˊ ㄓㄢˋ
寒蟬,1,ㄏㄢˊ ㄔㄢˊ
寒窗,1,ㄏㄢˊ ㄔㄨㄤ
寒食,1,ㄏㄢˊ ㄕˊ
寒士,1,ㄏㄢˊ ㄕˋ
寒舍,1,ㄏㄢˊ ㄕㄜˋ
寒暑,1,ㄏㄢˊ ㄕㄨˇ
寒暑表,1,ㄏㄢˊ ㄕㄨˇ ㄅㄧㄠˇ
寒霜,1,ㄏㄢˊ ㄕㄨㄤ
寒傖,1,ㄏㄢˊ ㄘㄤ
寒酸,1,ㄏㄢˊ ㄙㄨㄢ
寒衣,1,ㄏㄢˊ ㄧ
寒意,1,ㄏㄢˊ ㄧˋ
寒微,1,ㄏㄢˊ ㄨㄟˊ
幹,1,ㄏㄢˊ
榦,1,ㄏㄢˊ
韓,1,ㄏㄢˊ
韓戰,1,ㄏㄢˊ ㄓㄢˋ
罕,1,ㄏㄢˇ
罕見,1,ㄏㄢˇ ㄐㄧㄢˋ
罕有,1,ㄏㄢˇ ㄧㄡˇ
罕用,1,ㄏㄢˇ ㄩㄥˋ
喊,1,ㄏㄢˇ
喊話,1,ㄏㄢˇ ㄏㄨㄚˋ
喊價,1,ㄏㄢˇ ㄐㄧㄚˋ
喊叫,1,ㄏㄢˇ ㄐㄧㄠˋ
喊冤,1,ㄏㄢˇ ㄩㄢ
汗,1,ㄏㄢˋ
汗斑,1,ㄏㄢˋ ㄅㄢ
汗馬功勞,1,ㄏㄢˋ ㄇㄚˇ ㄍㄨㄥ ㄌㄠˊ
汗牛充棟,1,ㄏㄢˋ ㄋㄧㄡˊ ㄔㄨㄥ ㄉㄨㄥˋ
汗流浹背,1,ㄏㄢˋ ㄌㄧㄡˊ ㄐㄧㄚˊ ㄅㄟˋ
汗青,1,ㄏㄢˋ ㄑㄧㄥ
汗腺,1,ㄏㄢˋ ㄒㄧㄢˋ
汗疹,1,ㄏㄢˋ ㄓㄣˇ
汗衫,1,ㄏㄢˋ ㄕㄢ
汗涔涔,1,ㄏㄢˋ ㄘㄣˊ ㄘㄣˊ
汗顏,1,ㄏㄢˋ ㄧㄢˊ
扞,1,ㄏㄢˋ
扞格,1,ㄏㄢˋ ㄍㄜˊ
旱,1,ㄏㄢˋ
旱田,1,ㄏㄢˋ ㄊㄧㄢˊ
旱澇,1,ㄏㄢˋ ㄌㄠˋ
旱象,1,ㄏㄢˋ ㄒㄧㄤˋ
旱災,1,ㄏㄢˋ ㄗㄞ
旱鴨子,1,ㄏㄢˋ ㄧㄚ ㄗ˙
悍,1,ㄏㄢˋ
悍將,1,ㄏㄢˋ ㄐㄧㄤˋ
悍然,1,ㄏㄢˋ ㄖㄢˊ
捍,1,ㄏㄢˋ
捍衛,1,ㄏㄢˋ ㄨㄟˋ
焊,1,ㄏㄢˋ
銲,1,ㄏㄢˋ
銲接,1,ㄏㄢˋ ㄐㄧㄝ
和,1,ㄏㄢˋ
菡,1,ㄏㄢˋ
菡萏,1,ㄏㄢˋ ㄉㄢˋ
漢,1,ㄏㄢˋ
漢堡,1,ㄏㄢˋ ㄅㄠˇ
漢奸,1,ㄏㄢˋ ㄐㄧㄢ
漢化,1,ㄏㄢˋ ㄏㄨㄚˋ
漢學,1,ㄏㄢˋ ㄒㄩㄝˊ
漢水,1,ㄏㄢˋ ㄕㄨㄟˇ
漢字,1,ㄏㄢˋ ㄗˋ
漢子,1,ㄏㄢˋ ㄗ˙
漢醫,1,ㄏㄢˋ ㄧ
漢文,1,ㄏㄢˋ ㄨㄣˊ
漢語,1,ㄏㄢˋ ㄩˇ
憾,1,ㄏㄢˋ
憾恨,1,ㄏㄢˋ ㄏㄣˋ
憾事,1,ㄏㄢˋ ㄕˋ
撼,1,ㄏㄢˋ
撼動,1,ㄏㄢˋ ㄉㄨㄥˋ
翰,1,ㄏㄢˋ
翰墨,1,ㄏㄢˋ ㄇㄛˋ
翰林,1,ㄏㄢˋ ㄌㄧㄣˊ
翰海,1,ㄏㄢˋ ㄏㄞˇ
瀚,1,ㄏㄢˋ
頷,1,ㄏㄢˋ
頷首,1,ㄏㄢˋ ㄕㄡˇ
痕,1,ㄏㄣˊ
痕跡,1,ㄏㄣˊ ㄐㄧ
很,1,ㄏㄣˇ
狠,1,ㄏㄣˇ
狠毒,1,ㄏㄣˇ ㄉㄨˊ
狠狠的,1,ㄏㄣˇ ㄏㄣˇ ㄉㄜ˙
狠心,1,ㄏㄣˇ ㄒㄧㄣ
恨,1,ㄏㄣˋ
恨不得,1,ㄏㄣˋ ㄅㄨˋ ㄉㄜ˙
恨鐵不成鋼,1,ㄏㄣˋ ㄊㄧㄝˇ ㄅㄨˋ ㄔㄥˊ ㄍㄤ
恨之入骨,1,ㄏㄣˋ ㄓ ㄖㄨˋ ㄍㄨˇ
夯,1,ㄏㄤ
行,1,ㄏㄤˊ
行當,1,ㄏㄤˊ ㄉㄤ˙
行列,1,ㄏㄤˊ ㄌㄧㄝˋ
行規,1,ㄏㄤˊ ㄍㄨㄟ
行庫,1,ㄏㄤˊ ㄎㄨˋ
行號,1,ㄏㄤˊ ㄏㄠˋ
行行出狀元,1,ㄏㄤˊ ㄏㄤˊ ㄔㄨ ㄓㄨㄤˋ ㄩㄢˊ
行家,1,ㄏㄤˊ ㄐㄧㄚ
行情,1,ㄏㄤˊ ㄑㄧㄥˊ
行業,1,ㄏㄤˊ ㄧㄝˋ
行伍,1,ㄏㄤˊ ㄨˇ
行員,1,ㄏㄤˊ ㄩㄢˊ
吭,1,ㄏㄤˊ
迒,1,ㄏㄤˊ
杭,1,ㄏㄤˊ
航,1,ㄏㄤˊ
航班,1,ㄏㄤˊ ㄅㄢ
航發中心,1,ㄏㄤˊ ㄈㄚ ㄓㄨㄥ ㄒㄧㄣ
航道,1,ㄏㄤˊ ㄉㄠˋ
航太,1,ㄏㄤˊ ㄊㄞˋ
航空,1,ㄏㄤˊ ㄎㄨㄥ
航空母艦,1,ㄏㄤˊ ㄎㄨㄥ ㄇㄨˇ ㄐㄧㄢˋ
航空公司,1,ㄏㄤˊ ㄎㄨㄥ ㄍㄨㄥ ㄙ
航空站,1,ㄏㄤˊ ㄎㄨㄥ ㄓㄢˋ
航海,1,ㄏㄤˊ ㄏㄞˇ
航權,1,ㄏㄤˊ ㄑㄩㄢˊ
航線,1,ㄏㄤˊ ㄒㄧㄢˋ
航向,1,ㄏㄤˊ ㄒㄧㄤˋ
航行,1,ㄏㄤˊ ㄒㄧㄥˊ
航程,1,ㄏㄤˊ ㄔㄥˊ
航速,1,ㄏㄤˊ ㄙㄨˋ
航業,1,ㄏㄤˊ ㄧㄝˋ
航運,1,ㄏㄤˊ ㄩㄣˋ
頏,1,ㄏㄤˊ
行,1,ㄏㄤˋ
行行,1,ㄏㄤˋ ㄏㄤˋ
沆,1,ㄏㄤˋ
沆瀣,1,ㄏㄤˋ ㄒㄧㄝˋ
沆瀣一氣,1,ㄏㄤˋ ㄒㄧㄝˋ ㄧ ㄑㄧˋ
沆瀣一氣,1,ㄏㄤˋ ㄒㄧㄝˋ ㄧˊ ㄑㄧˋ
亨,1,ㄏㄥ
亨通,1,ㄏㄥ ㄊㄨㄥ
哼,1,ㄏㄥ
恆,1,ㄏㄥˊ
恆久,1,ㄏㄥˊ ㄐㄧㄡˇ
恆心,1,ㄏㄥˊ ㄒㄧㄣ
恆星,1,ㄏㄥˊ ㄒㄧㄥ
恆產,1,ㄏㄥˊ ㄔㄢˇ
恆常,1,ㄏㄥˊ ㄔㄤˊ
姮,1,ㄏㄥˊ
姮娥,1,ㄏㄥˊ ㄜˊ
珩,1,ㄏㄥˊ
桁,1,ㄏㄥˊ
橫,1,ㄏㄥˊ
橫剖面,1,ㄏㄥˊ ㄆㄡˇ ㄇㄧㄢˋ
橫眉豎目,1,ㄏㄥˊ ㄇㄟˊ ㄕㄨˋ ㄇㄨˋ
橫幅,1,ㄏㄥˊ ㄈㄨˊ
橫笛,1,ㄏㄥˊ ㄉㄧˊ
橫渡,1,ㄏㄥˊ ㄉㄨˋ
橫斷面,1,ㄏㄥˊ ㄉㄨㄢˋ ㄇㄧㄢˋ
橫列,1,ㄏㄥˊ ㄌㄧㄝˋ
橫梁,1,ㄏㄥˊ ㄌㄧㄤˊ
橫膈膜,1,ㄏㄥˊ ㄍㄜˊ ㄇㄛˊ
橫亙,1,ㄏㄥˊ ㄍㄣˋ
橫貫,1,ㄏㄥˊ ㄍㄨㄢˋ
橫跨,1,ㄏㄥˊ ㄎㄨㄚˋ
橫七豎八,1,ㄏㄥˊ ㄑㄧ ㄕㄨˋ ㄅㄚ
橫切,1,ㄏㄥˊ ㄑㄧㄝ
橫寫,1,ㄏㄥˊ ㄒㄧㄝˇ
橫向,1,ㄏㄥˊ ㄒㄧㄤˋ
橫行,1,ㄏㄥˊ ㄒㄧㄥˊ
橫行霸道,1,ㄏㄥˋ ㄒㄧㄥˊ ㄅㄚˋ ㄉㄠˋ
橫衝直撞,1,ㄏㄥˊ ㄔㄨㄥ ㄓˊ ㄓㄨㄤˋ
橫生枝節,1,ㄏㄥˊ ㄕㄥ ㄓ ㄐㄧㄝˊ
橫豎,1,ㄏㄥˊ ㄕㄨˋ
橫說豎說,1,ㄏㄥˊ ㄕㄨㄛ ㄕㄨˋ ㄕㄨㄛ
橫肉,1,ㄏㄥˊ ㄖㄡˋ
橫掃,1,ㄏㄥˊ ㄙㄠˇ
橫越,1,ㄏㄥˊ ㄩㄝˋ
衡,1,ㄏㄥˊ
衡量,1,ㄏㄥˊ ㄌㄧㄤˊ
蘅,1,ㄏㄥˊ
橫,1,ㄏㄥˋ
橫流,1,ㄏㄥˋ ㄌㄧㄡˊ
橫禍,1,ㄏㄥˋ ㄏㄨㄛˋ
橫加,1,ㄏㄥˋ ㄐㄧㄚ
橫財,1,ㄏㄥˋ ㄘㄞˊ
橫死,1,ㄏㄥˋ ㄙˇ
乎,1,ㄏㄨ
呼,1,ㄏㄨ
呼朋引伴,1,ㄏㄨ ㄆㄥˊ ㄧㄣˇ ㄅㄢˋ
呼風喚雨,1,ㄏㄨ ㄈㄥ ㄏㄨㄢˋ ㄩˇ
呼天搶地,1,ㄏㄨ ㄊㄧㄢ ㄑㄧㄤ ㄉㄧˋ
呼拉圈,1,ㄏㄨ ㄌㄚ ㄑㄩㄢ
呼號,1,ㄏㄨ ㄏㄠˊ
呼號,1,ㄏㄨ ㄏㄠˋ
呼喊,1,ㄏㄨ ㄏㄢˇ
呼呼大睡,1,ㄏㄨ ㄏㄨ ㄉㄚˋ ㄕㄨㄟˋ
呼喚,1,ㄏㄨ ㄏㄨㄢˋ
呼叫,1,ㄏㄨ ㄐㄧㄠˋ
呼叫器,1,ㄏㄨ ㄐㄧㄠˋ ㄑㄧˋ
呼救,1,ㄏㄨ ㄐㄧㄡˋ
呼吸,1,ㄏㄨ ㄒㄧ
呼嘯,1,ㄏㄨ ㄒㄧㄠˋ
呼兄喚弟,1,ㄏㄨ ㄒㄩㄥ ㄏㄨㄢˋ ㄉㄧˋ
呼之欲出,1,ㄏㄨ ㄓ ㄩˋ ㄔㄨ
呼聲,1,ㄏㄨ ㄕㄥ
呼應,1,ㄏㄨ ㄧㄥˋ
呼籲,1,ㄏㄨ ㄩˋ
忽,1,ㄏㄨ
忽地,1,ㄏㄨ ㄉㄧˋ
忽略,1,ㄏㄨ ㄌㄩㄝˋ
忽視,1,ㄏㄨ ㄕˋ
忽然,1,ㄏㄨ ㄖㄢˊ
惚,1,ㄏㄨ
戲,1,ㄏㄨ
囫,1,ㄏㄨˊ
囫圇,1,ㄏㄨˊ ㄌㄨㄣˊ
囫圇吞棗,1,ㄏㄨˊ ㄌㄨㄣˊ ㄊㄨㄣ ㄗㄠˇ
和,1,ㄏㄨˊ
狐,1,ㄏㄨˊ
狐步舞,1,ㄏㄨˊ ㄅㄨˋ ㄨˇ
狐媚,1,ㄏㄨˊ ㄇㄟˋ
狐狸,1,ㄏㄨˊ ㄌㄧˊ
狐狸,1,ㄏㄨˊ ㄌㄧ˙
狐假虎威,1,ㄏㄨˊ ㄐㄧㄚˇ ㄏㄨˇ ㄨㄟ
狐群狗黨,1,ㄏㄨˊ ㄑㄩㄣˊ ㄍㄡˇ ㄉㄤˇ
狐疑,1,ㄏㄨˊ ㄧˊ
弧,1,ㄏㄨˊ
弧線,1,ㄏㄨˊ ㄒㄧㄢˋ
弧形,1,ㄏㄨˊ ㄒㄧㄥˊ
胡,1,ㄏㄨˊ
胡麻油,1,ㄏㄨˊ ㄇㄚˊ ㄧㄡˊ
胡桃,1,ㄏㄨˊ ㄊㄠˊ
胡桃木,1,ㄏㄨˊ ㄊㄠˊ ㄇㄨˋ
胡同,1,ㄏㄨˊ ㄊㄨㄥˊ
胡同,1,ㄏㄨˊ ㄊㄨㄥ˙
胡鬧,1,ㄏㄨˊ ㄋㄠˋ
胡來,1,ㄏㄨˊ ㄌㄞˊ
胡亂,1,ㄏㄨˊ ㄌㄨㄢˋ
胡搞,1,ㄏㄨˊ ㄍㄠˇ
胡瓜,1,ㄏㄨˊ ㄍㄨㄚ
胡攪蠻纏,1,ㄏㄨˊ ㄐㄧㄠˇ ㄇㄢˊ ㄔㄢˊ
胡琴,1,ㄏㄨˊ ㄑㄧㄣˊ
胡扯,1,ㄏㄨˊ ㄔㄜˇ
胡說,1,ㄏㄨˊ ㄕㄨㄛ
胡說八道,1,ㄏㄨˊ ㄕㄨㄛ ㄅㄚ ㄉㄠˋ
胡謅,1,ㄏㄨˊ ㄗㄡ
胡作非為,1,ㄏㄨˊ ㄗㄨㄛˋ ㄈㄟ ㄨㄟˊ
胡思亂想,1,ㄏㄨˊ ㄙ ㄌㄨㄢˋ ㄒㄧㄤˇ
胡言亂語,1,ㄏㄨˊ ㄧㄢˊ ㄌㄨㄢˋ ㄩˇ
湖,1,ㄏㄨˊ
湖泊,1,ㄏㄨˊ ㄅㄛˊ
湖畔,1,ㄏㄨˊ ㄆㄢˋ
湖光山色,1,ㄏㄨˊ ㄍㄨㄤ ㄕㄢ ㄙㄜˋ
湖沼,1,ㄏㄨˊ ㄓㄠˇ
猢,1,ㄏㄨˊ
猢猻,1,ㄏㄨˊ ㄙㄨㄣ
瑚,1,ㄏㄨˊ
葫,1,ㄏㄨˊ
葫蘆,1,ㄏㄨˊ ㄌㄨˊ
葫蘆,1,ㄏㄨˊ ㄌㄨ˙
糊,1,ㄏㄨˊ
糊塗,1,ㄏㄨˊ ㄊㄨˊ
糊里糊塗,1,ㄏㄨˊ ㄌㄧˇ ㄏㄨˊ ㄊㄨˊ
蝴,1,ㄏㄨˊ
蝴蝶,1,ㄏㄨˊ ㄉㄧㄝˊ
蝴蝶蘭,1,ㄏㄨˊ ㄉㄧㄝˊ ㄌㄢˊ
蝴蝶結,1,ㄏㄨˊ ㄉㄧㄝˊ ㄐㄧㄝˊ
衚,1,ㄏㄨˊ
衚衕,1,ㄏㄨˊ ㄊㄨㄥˊ
衚衕,1,ㄏㄨˊ ㄊㄨㄥ˙
醐,1,ㄏㄨˊ
餬,1,ㄏㄨˊ
餬口,1,ㄏㄨˊ ㄎㄡˇ
鬍,1,ㄏㄨˊ
鬍鬚,1,ㄏㄨˊ ㄒㄩ
鬍子,1,ㄏㄨˊ ㄗ˙
鶘,1,ㄏㄨˊ
斛,1,ㄏㄨˊ
壺,1,ㄏㄨˊ
觳,1,ㄏㄨˊ
觳觫,1,ㄏㄨˊ ㄙㄨˋ
鵠,1,ㄏㄨˊ
鵠立,1,ㄏㄨˊ ㄌㄧˋ
鶻,1,ㄏㄨˊ
虎,1,ㄏㄨˇ
虎背熊腰,1,ㄏㄨˇ ㄅㄟˋ ㄒㄩㄥˊ ㄧㄠ
虎父無犬子,1,ㄏㄨˇ ㄈㄨˋ ㄨˊ ㄑㄩㄢˇ ㄗˇ
虎頭蜂,1,ㄏㄨˇ ㄊㄡˊ ㄈㄥ
虎頭蛇尾,1,ㄏㄨˇ ㄊㄡˊ ㄕㄜˊ ㄨㄟˇ
虎落平陽被犬欺,1,ㄏㄨˇ ㄌㄨㄛˋ ㄆㄧㄥˊ ㄧㄤˊ ㄅㄟˋ ㄑㄩㄢˇ ㄑㄧ
虎口,1,ㄏㄨˇ ㄎㄡˇ
虎口餘生,1,ㄏㄨˇ ㄎㄡˇ ㄩˊ ㄕㄥ
虎虎生風,1,ㄏㄨˇ ㄏㄨˇ ㄕㄥ ㄈㄥ
虎將,1,ㄏㄨˇ ㄐㄧㄤˋ
虎穴,1,ㄏㄨˇ ㄒㄩㄝˋ
虎視眈眈,1,ㄏㄨˇ ㄕˋ ㄉㄢ ㄉㄢ
虎入羊群,1,ㄏㄨˇ ㄖㄨˋ ㄧㄤˊ ㄑㄩㄣˊ
虎牙,1,ㄏㄨˇ ㄧㄚˊ
虎威,1,ㄏㄨˇ ㄨㄟ
唬,1,ㄏㄨˇ
唬人,1,ㄏㄨˇ ㄖㄣˊ
琥,1,ㄏㄨˇ
琥珀,1,ㄏㄨˇ ㄆㄛˋ
滸,1,ㄏㄨˇ
互,1,ㄏㄨˋ
互別苗頭,1,ㄏㄨˋ ㄅㄧㄝˊ ㄇㄧㄠˊ ㄊㄡ˙
互補,1,ㄏㄨˋ ㄅㄨˇ
互不侵犯,1,ㄏㄨˋ ㄅㄨˋ ㄑㄧㄣ ㄈㄢˋ
互不相讓,1,ㄏㄨˋ ㄅㄨˋ ㄒㄧㄤ ㄖㄤˋ
互勉,1,ㄏㄨˋ ㄇㄧㄢˇ
互動,1,ㄏㄨˋ ㄉㄨㄥˋ
互動式媒體,1,ㄏㄨˋ ㄉㄨㄥˋ ㄕˋ ㄇㄟˊ ㄊㄧˇ
互通,1,ㄏㄨˋ ㄊㄨㄥ
互通有無,1,ㄏㄨˋ ㄊㄨㄥ ㄧㄡˇ ㄨˊ
互利,1,ㄏㄨˋ ㄌㄧˋ
互惠,1,ㄏㄨˋ ㄏㄨㄟˋ
互換,1,ㄏㄨˋ ㄏㄨㄢˋ
互信,1,ㄏㄨˋ ㄒㄧㄣˋ
互相,1,ㄏㄨˋ ㄒㄧㄤ
互助,1,ㄏㄨˋ ㄓㄨˋ
互助會,1,ㄏㄨˋ ㄓㄨˋ ㄏㄨㄟˋ
互毆,1,ㄏㄨˋ ㄡ
戶,1,ㄏㄨˋ
戶名,1,ㄏㄨˋ ㄇㄧㄥˊ
戶頭,1,ㄏㄨˋ ㄊㄡˊ
戶口,1,ㄏㄨˋ ㄎㄡˇ
戶口名簿,1,ㄏㄨˋ ㄎㄡˇ ㄇㄧㄥˊ ㄅㄨˋ
戶籍,1,ㄏㄨˋ ㄐㄧˊ
戶籍謄本,1,ㄏㄨˋ ㄐㄧˊ ㄊㄥˊ ㄅㄣˇ
戶長,1,ㄏㄨˋ ㄓㄤˇ
戶政,1,ㄏㄨˋ ㄓㄥˋ
戶主,1,ㄏㄨˋ ㄓㄨˇ
戶外,1,ㄏㄨˋ ㄨㄞˋ
戶外廣告,1,ㄏㄨˋ ㄨㄞˋ ㄍㄨㄤˇ ㄍㄠˋ
戶外活動,1,ㄏㄨˋ ㄨㄞˋ ㄏㄨㄛˊ ㄉㄨㄥˋ
戽,1,ㄏㄨˋ
戽斗,1,ㄏㄨˋ ㄉㄡˇ
扈,1,ㄏㄨˋ
扈從,1,ㄏㄨˋ ㄗㄨㄥˋ
滬,1,ㄏㄨˋ
怙,1,ㄏㄨˋ
祜,1,ㄏㄨˋ
笏,1,ㄏㄨˋ
瓠,1,ㄏㄨˋ
護,1,ㄏㄨˋ
護坡,1,ㄏㄨˋ ㄆㄛ
護坡工程,1,ㄏㄨˋ ㄆㄛ ㄍㄨㄥ ㄔㄥˊ
護盤,1,ㄏㄨˋ ㄆㄢˊ
護法,1,ㄏㄨˋ ㄈㄚˇ
護短,1,ㄏㄨˋ ㄉㄨㄢˇ
護套,1,ㄏㄨˋ ㄊㄠˋ
護理,1,ㄏㄨˋ ㄌㄧˇ
護航,1,ㄏㄨˋ ㄏㄤˊ
護花使者,1,ㄏㄨˋ ㄏㄨㄚ ㄕˇ ㄓㄜˇ
護駕,1,ㄏㄨˋ ㄐㄧㄚˋ
護膝,1,ㄏㄨˋ ㄒㄧ
護照,1,ㄏㄨˋ ㄓㄠˋ
護士,1,ㄏㄨˋ ㄕˋ
護身符,1,ㄏㄨˋ ㄕㄣ ㄈㄨˊ
護送,1,ㄏㄨˋ ㄙㄨㄥˋ
護養,1,ㄏㄨˋ ㄧㄤˇ
護衛,1,ㄏㄨˋ ㄨㄟˋ
化,1,ㄏㄨㄚ
化子,1,ㄏㄨㄚ ㄗ˙
花,1,ㄏㄨㄚ
花白,1,ㄏㄨㄚ ㄅㄞˊ
花苞,1,ㄏㄨㄚ ㄅㄠ
花瓣,1,ㄏㄨㄚ ㄅㄢˋ
花邊,1,ㄏㄨㄚ ㄅㄧㄢ
花邊新聞,1,ㄏㄨㄚ ㄅㄧㄢ ㄒㄧㄣ ㄨㄣˊ
花盆,1,ㄏㄨㄚ ㄆㄣˊ
花瓶,1,ㄏㄨㄚ ㄆㄧㄥˊ
花圃,1,ㄏㄨㄚ ㄆㄨˇ
花蜜,1,ㄏㄨㄚ ㄇㄧˋ
花木,1,ㄏㄨㄚ ㄇㄨˋ
花木扶疏,1,ㄏㄨㄚ ㄇㄨˋ ㄈㄨˊ ㄕㄨ
花費,1,ㄏㄨㄚ ㄈㄟˋ
花旦,1,ㄏㄨㄚ ㄉㄢˋ
花燈,1,ㄏㄨㄚ ㄉㄥ
花掉,1,ㄏㄨㄚ ㄉㄧㄠˋ
花頭,1,ㄏㄨㄚ ㄊㄡ˙
花壇,1,ㄏㄨㄚ ㄊㄢˊ
花天酒地,1,ㄏㄨㄚ ㄊㄧㄢ ㄐㄧㄡˇ ㄉㄧˋ
花托,1,ㄏㄨㄚ ㄊㄨㄛ
花團錦簇,1,ㄏㄨㄚ ㄊㄨㄢˊ ㄐㄧㄣˇ ㄘㄨˋ
花童,1,ㄏㄨㄚ ㄊㄨㄥˊ
花蕾,1,ㄏㄨㄚ ㄌㄟˇ
花籃,1,ㄏㄨㄚ ㄌㄢˊ
花臉,1,ㄏㄨㄚ ㄌㄧㄢˇ
花露水,1,ㄏㄨㄚ ㄌㄨˋ ㄕㄨㄟˇ
花鼓,1,ㄏㄨㄚ ㄍㄨˇ
花冠,1,ㄏㄨㄚ ㄍㄨㄢ
花和尚,1,ㄏㄨㄚ ㄏㄜˊ ㄕㄤˋ
花好月圓,1,ㄏㄨㄚ ㄏㄠˇ ㄩㄝˋ ㄩㄢˊ
花花綠綠,1,ㄏㄨㄚ ㄏㄨㄚ ㄌㄩˋ ㄌㄩˋ
花花公子,1,ㄏㄨㄚ ㄏㄨㄚ ㄍㄨㄥ ㄗˇ
花花世界,1,ㄏㄨㄚ ㄏㄨㄚ ㄕˋ ㄐㄧㄝˋ
花卉,1,ㄏㄨㄚ ㄏㄨㄟˋ
花環,1,ㄏㄨㄚ ㄏㄨㄢˊ
花紅柳綠,1,ㄏㄨㄚ ㄏㄨㄥˊ ㄌㄧㄡˇ ㄌㄩˋ
花甲,1,ㄏㄨㄚ ㄐㄧㄚˇ
花甲之年,1,ㄏㄨㄚ ㄐㄧㄚˇ ㄓ ㄋㄧㄢˊ
花椒,1,ㄏㄨㄚ ㄐㄧㄠ
花轎,1,ㄏㄨㄚ ㄐㄧㄠˋ
花酒,1,ㄏㄨㄚ ㄐㄧㄡˇ
花匠,1,ㄏㄨㄚ ㄐㄧㄤˋ
花捲,1,ㄏㄨㄚ ㄐㄩㄢˇ
花俏,1,ㄏㄨㄚ ㄑㄧㄠˋ
花前月下,1,ㄏㄨㄚ ㄑㄧㄢˊ ㄩㄝˋ ㄒㄧㄚˋ
花錢,1,ㄏㄨㄚ ㄑㄧㄢˊ
花圈,1,ㄏㄨㄚ ㄑㄩㄢ
花拳繡腿,1,ㄏㄨㄚ ㄑㄩㄢˊ ㄒㄧㄡˋ ㄊㄨㄟˇ
花心,1,ㄏㄨㄚ ㄒㄧㄣ
花序,1,ㄏㄨㄚ ㄒㄩˋ
花絮,1,ㄏㄨㄚ ㄒㄩˋ
花枝招展,1,ㄏㄨㄚ ㄓ ㄓㄠ ㄓㄢˇ
花招,1,ㄏㄨㄚ ㄓㄠ
花茶,1,ㄏㄨㄚ ㄔㄚˊ
花車,1,ㄏㄨㄚ ㄔㄜ
花市,1,ㄏㄨㄚ ㄕˋ
花式,1,ㄏㄨㄚ ㄕˋ
花式滑冰,1,ㄏㄨㄚ ㄕˋ ㄏㄨㄚˊ ㄅㄧㄥ
花式撞球,1,ㄏㄨㄚ ㄕˋ ㄓㄨㄤˋ ㄑㄧㄡˊ
花生,1,ㄏㄨㄚ ㄕㄥ
花生米,1,ㄏㄨㄚ ㄕㄥ ㄇㄧˇ
花蕊,1,ㄏㄨㄚ ㄖㄨㄟˇ
花容,1,ㄏㄨㄚ ㄖㄨㄥˊ
花叢,1,ㄏㄨㄚ ㄘㄨㄥˊ
花色,1,ㄏㄨㄚ ㄙㄜˋ
花萼,1,ㄏㄨㄚ ㄜˋ
花葯,1,ㄏㄨㄚ ㄧㄠˋ
花言巧語,1,ㄏㄨㄚ ㄧㄢˊ ㄑㄧㄠˇ ㄩˇ
花樣,1,ㄏㄨㄚ ㄧㄤˋ
花樣翻新,1,ㄏㄨㄚ ㄧㄤˋ ㄈㄢ ㄒㄧㄣ
花紋,1,ㄏㄨㄚ ㄨㄣˊ
花園,1,ㄏㄨㄚ ㄩㄢˊ
花用,1,ㄏㄨㄚ ㄩㄥˋ
華,1,ㄏㄨㄚ
嘩,1,ㄏㄨㄚ
嘩喇喇,1,ㄏㄨㄚ ㄌㄚ ㄌㄚ
划,1,ㄏㄨㄚˊ
划不來,1,ㄏㄨㄚˊ ㄅㄨˋ ㄌㄞˊ
划龍舟,1,ㄏㄨㄚˊ ㄌㄨㄥˊ ㄓㄡ
划拳,1,ㄏㄨㄚˊ ㄑㄩㄢˊ
划算,1,ㄏㄨㄚˊ ㄙㄨㄢˋ
華,1,ㄏㄨㄚˊ
華髮,1,ㄏㄨㄚˊ ㄈㄚˇ
華誕,1,ㄏㄨㄚˊ ㄉㄢˋ
華燈初上,1,ㄏㄨㄚˊ ㄉㄥ ㄔㄨ ㄕㄤˋ
華麗,1,ㄏㄨㄚˊ ㄌㄧˋ
華貴,1,ㄏㄨㄚˊ ㄍㄨㄟˋ
華氏,1,ㄏㄨㄚˊ ㄕˋ
華沙公約,1,ㄏㄨㄚˊ ㄕㄚ ㄍㄨㄥ ㄩㄝ
華人,1,ㄏㄨㄚˊ ㄖㄣˊ
華而不實,1,ㄏㄨㄚˊ ㄦˊ ㄅㄨˋ ㄕˊ
華爾街,1,ㄏㄨㄚˊ ㄦˇ ㄐㄧㄝ
華爾滋,1,ㄏㄨㄚˊ ㄦˇ ㄗ
華裔,1,ㄏㄨㄚˊ ㄧˋ
譁,1,ㄏㄨㄚˊ
譁變,1,ㄏㄨㄚˊ ㄅㄧㄢˋ
譁眾取寵,1,ㄏㄨㄚˊ ㄓㄨㄥˋ ㄑㄩˇ ㄔㄨㄥˇ
譁然,1,ㄏㄨㄚˊ ㄖㄢˊ
驊,1,ㄏㄨㄚˊ
驊騮,1,ㄏㄨㄚˊ ㄌㄧㄡˊ
滑,1,ㄏㄨㄚˊ
滑板,1,ㄏㄨㄚˊ ㄅㄢˇ
滑板運動,1,ㄏㄨㄚˊ ㄅㄢˇ ㄩㄣˋ ㄉㄨㄥˋ
滑冰,1,ㄏㄨㄚˊ ㄅㄧㄥ
滑頭,1,ㄏㄨㄚˊ ㄊㄡˊ
滑頭滑腦,1,ㄏㄨㄚˊ ㄊㄡˊ ㄏㄨㄚˊ ㄋㄠˇ
滑梯,1,ㄏㄨㄚˊ ㄊㄧ
滑膩,1,ㄏㄨㄚˊ ㄋㄧˋ
滑溜,1,ㄏㄨㄚˊ ㄌㄧㄡ
滑落,1,ㄏㄨㄚˊ ㄌㄨㄛˋ
滑輪,1,ㄏㄨㄚˊ ㄌㄨㄣˊ
滑稽,1,ㄏㄨㄚˊ ㄐㄧ
滑稽,1,ㄍㄨˇ ㄐㄧ
滑翔,1,ㄏㄨㄚˊ ㄒㄧㄤˊ
滑翔機,1,ㄏㄨㄚˊ ㄒㄧㄤˊ ㄐㄧ
滑翔翼,1,ㄏㄨㄚˊ ㄒㄧㄤˊ ㄧˋ
滑行,1,ㄏㄨㄚˊ ㄒㄧㄥˊ
滑雪,1,ㄏㄨㄚˊ ㄒㄩㄝˇ
滑鼠,1,ㄏㄨㄚˊ ㄕㄨˇ
滑水,1,ㄏㄨㄚˊ ㄕㄨㄟˇ
滑潤,1,ㄏㄨㄚˊ ㄖㄨㄣˋ
滑草,1,ㄏㄨㄚˊ ㄘㄠˇ
猾,1,ㄏㄨㄚˊ
劃,1,ㄏㄨㄚˊ
豁,1,ㄏㄨㄚˊ
化,1,ㄏㄨㄚˋ
化名,1,ㄏㄨㄚˋ ㄇㄧㄥˊ
化繁為簡,1,ㄏㄨㄚˋ ㄈㄢˊ ㄨㄟˊ ㄐㄧㄢˇ
化糞池,1,ㄏㄨㄚˋ ㄈㄣˋ ㄔˊ
化敵為友,1,ㄏㄨㄚˋ ㄉㄧˊ ㄨㄟˊ ㄧㄡˇ
化膿,1,ㄏㄨㄚˋ ㄋㄨㄥˊ
化干戈為玉帛,1,ㄏㄨㄚˋ ㄍㄢ ㄍㄜ ㄨㄟˊ ㄩˋ ㄅㄛˊ
化工,1,ㄏㄨㄚˋ ㄍㄨㄥ
化合,1,ㄏㄨㄚˋ ㄏㄜˊ
化解,1,ㄏㄨㄚˋ ㄐㄧㄝˇ
化險為夷,1,ㄏㄨㄚˋ ㄒㄧㄢˇ ㄨㄟˊ ㄧˊ
化學,1,ㄏㄨㄚˋ ㄒㄩㄝˊ
化學變化,1,ㄏㄨㄚˋ ㄒㄩㄝˊ ㄅㄧㄢˋ ㄏㄨㄚˋ
化學肥料,1,ㄏㄨㄚˋ ㄒㄩㄝˊ ㄈㄟˊ ㄌㄧㄠˋ
化學鍵,1,ㄏㄨㄚˋ ㄒㄩㄝˊ ㄐㄧㄢˋ
化學治療,1,ㄏㄨㄚˋ ㄒㄩㄝˊ ㄓˋ ㄌㄧㄠˊ
化學作用,1,ㄏㄨㄚˋ ㄒㄩㄝˊ ㄗㄨㄛˋ ㄩㄥˋ
化學元素,1,ㄏㄨㄚˋ ㄒㄩㄝˊ ㄩㄢˊ ㄙㄨˋ
化整為零,1,ㄏㄨㄚˋ ㄓㄥˇ ㄨㄟˊ ㄌㄧㄥˊ
化妝,1,ㄏㄨㄚˋ ㄓㄨㄤ
化妝品,1,ㄏㄨㄚˋ ㄓㄨㄤ ㄆㄧㄣˇ
化裝,1,ㄏㄨㄚˋ ㄓㄨㄤ
化裝舞會,1,ㄏㄨㄚˋ ㄓㄨㄤ ㄨˇ ㄏㄨㄟˋ
化除,1,ㄏㄨㄚˋ ㄔㄨˊ
化石,1,ㄏㄨㄚˋ ㄕˊ
化身,1,ㄏㄨㄚˋ ㄕㄣ
化暗為明,1,ㄏㄨㄚˋ ㄢˋ ㄨㄟˊ ㄇㄧㄥˊ
化驗,1,ㄏㄨㄚˋ ㄧㄢˋ
化武,1,ㄏㄨㄚˋ ㄨˇ
化為烏有,1,ㄏㄨㄚˋ ㄨㄟˊ ㄨ ㄧㄡˇ
化外,1,ㄏㄨㄚˋ ㄨㄞˋ
化育,1,ㄏㄨㄚˋ ㄩˋ
化緣,1,ㄏㄨㄚˋ ㄩㄢˊ
華,1,ㄏㄨㄚˋ
華山,1,ㄏㄨㄚˋ ㄕㄢ
華佗再世,1,ㄏㄨㄚˋ ㄊㄨㄛˊ ㄗㄞˋ ㄕˋ
樺,1,ㄏㄨㄚˋ
畫,1,ㄏㄨㄚˋ
畫報,1,ㄏㄨㄚˋ ㄅㄠˋ
畫板,1,ㄏㄨㄚˋ ㄅㄢˇ
畫餅充饑,1,ㄏㄨㄚˋ ㄅㄧㄥˇ ㄔㄨㄥ ㄐㄧ
畫布,1,ㄏㄨㄚˋ ㄅㄨˋ
畫派,1,ㄏㄨㄚˋ ㄆㄞˋ
畫皮,1,ㄏㄨㄚˋ ㄆㄧˊ
畫眉,1,ㄏㄨㄚˋ ㄇㄟˊ
畫面,1,ㄏㄨㄚˋ ㄇㄧㄢˋ
畫法,1,ㄏㄨㄚˋ ㄈㄚˇ
畫舫,1,ㄏㄨㄚˋ ㄈㄤˇ
畫風,1,ㄏㄨㄚˋ ㄈㄥ
畫地自限,1,ㄏㄨㄚˋ ㄉㄧˋ ㄗˋ ㄒㄧㄢˋ
畫壇,1,ㄏㄨㄚˋ ㄊㄢˊ
畫糖,1,ㄏㄨㄚˋ ㄊㄤˊ
畫圖,1,ㄏㄨㄚˋ ㄊㄨˊ
畫廊,1,ㄏㄨㄚˋ ㄌㄤˊ
畫龍點睛,1,ㄏㄨㄚˋ ㄌㄨㄥˊ ㄉㄧㄢˇ ㄐㄧㄥ
畫刊,1,ㄏㄨㄚˋ ㄎㄢ
畫虎不成反類犬,1,ㄏㄨㄚˋ ㄏㄨˇ ㄅㄨˋ ㄔㄥˊ ㄈㄢˇ ㄌㄟˋ ㄑㄩㄢˇ
畫會,1,ㄏㄨㄚˋ ㄏㄨㄟˋ
畫家,1,ㄏㄨㄚˋ ㄐㄧㄚ
畫匠,1,ㄏㄨㄚˋ ㄐㄧㄤˋ
畫境,1,ㄏㄨㄚˋ ㄐㄧㄥˋ
畫像,1,ㄏㄨㄚˋ ㄒㄧㄤˋ
畫展,1,ㄏㄨㄚˋ ㄓㄢˇ
畫中有詩,1,ㄏㄨㄚˋ ㄓㄨㄥ ㄧㄡˇ ㄕ
畫室,1,ㄏㄨㄚˋ ㄕˋ
畫蛇添足,1,ㄏㄨㄚˋ ㄕㄜˊ ㄊㄧㄢ ㄗㄨˊ
畫冊,1,ㄏㄨㄚˋ ㄘㄜˋ
畫押,1,ㄏㄨㄚˋ ㄧㄚ
劃,1,ㄏㄨㄚˋ
劃撥,1,ㄏㄨㄚˋ ㄅㄛ
劃分,1,ㄏㄨㄚˋ ㄈㄣ
劃地為王,1,ㄏㄨㄚˋ ㄉㄧˋ ㄨㄟˊ ㄨㄤˊ
劃掉,1,ㄏㄨㄚˋ ㄉㄧㄠˋ
劃定,1,ㄏㄨㄚˋ ㄉㄧㄥˋ
劃歸,1,ㄏㄨㄚˋ ㄍㄨㄟ
劃清界線,1,ㄏㄨㄚˋ ㄑㄧㄥ ㄐㄧㄝˋ ㄒㄧㄢˋ
劃時代,1,ㄏㄨㄚˋ ㄕˊ ㄉㄞˋ
劃座位,1,ㄏㄨㄚˋ ㄗㄨㄛˋ ㄨㄟˋ
劃一,1,ㄏㄨㄚˋ ㄧ
話,1,ㄏㄨㄚˋ
話本,1,ㄏㄨㄚˋ ㄅㄣˇ
話別,1,ㄏㄨㄚˋ ㄅㄧㄝˊ
話柄,1,ㄏㄨㄚˋ ㄅㄧㄥˇ
話不投機,1,ㄏㄨㄚˋ ㄅㄨˋ ㄊㄡˊ ㄐㄧ
話梅,1,ㄏㄨㄚˋ ㄇㄟˊ
話鋒,1,ㄏㄨㄚˋ ㄈㄥ
話題,1,ㄏㄨㄚˋ ㄊㄧˊ
話家常,1,ㄏㄨㄚˋ ㄐㄧㄚ ㄔㄤˊ
話舊,1,ㄏㄨㄚˋ ㄐㄧㄡˋ
話劇,1,ㄏㄨㄚˋ ㄐㄩˋ
話匣子,1,ㄏㄨㄚˋ ㄒㄧㄚˊ ㄗ˙
話中有話,1,ㄏㄨㄚˋ ㄓㄨㄥ ㄧㄡˇ ㄏㄨㄚˋ
話務員,1,ㄏㄨㄚˋ ㄨˋ ㄩㄢˊ
活,1,ㄏㄨㄛˊ
活蹦亂跳,1,ㄏㄨㄛˊ ㄅㄥˋ ㄌㄨㄢˋ ㄊㄧㄠˋ
活潑,1,ㄏㄨㄛˊ ㄆㄛ
活埋,1,ㄏㄨㄛˊ ㄇㄞˊ
活門,1,ㄏㄨㄛˊ ㄇㄣˊ
活命,1,ㄏㄨㄛˊ ㄇㄧㄥˋ
活佛,1,ㄏㄨㄛˊ ㄈㄛˊ
活到老學到老,1,ㄏㄨㄛˊ ㄉㄠˋ ㄌㄠˇ ㄒㄩㄝˊ ㄉㄠˋ ㄌㄠˇ
活動,1,ㄏㄨㄛˊ ㄉㄨㄥˋ
活動中心,1,ㄏㄨㄛˊ ㄉㄨㄥˋ ㄓㄨㄥ ㄒㄧㄣ
活力,1,ㄏㄨㄛˊ ㄌㄧˋ
活路,1,ㄏㄨㄛˊ ㄌㄨˋ
活絡,1,ㄏㄨㄛˊ ㄌㄨㄛˋ
活該,1,ㄏㄨㄛˊ ㄍㄞ
活口,1,ㄏㄨㄛˊ ㄎㄡˇ
活化,1,ㄏㄨㄛˊ ㄏㄨㄚˋ
活火山,1,ㄏㄨㄛˊ ㄏㄨㄛˇ ㄕㄢ
活見鬼,1,ㄏㄨㄛˊ ㄐㄧㄢˋ ㄍㄨㄟˇ
活期存款,1,ㄏㄨㄛˊ ㄑㄧˊ ㄘㄨㄣˊ ㄎㄨㄢˇ
活血化瘀,1,ㄏㄨㄛˊ ㄒㄧㄝˇ ㄏㄨㄚˋ ㄩ
活性,1,ㄏㄨㄛˊ ㄒㄧㄥˋ
活儲,1,ㄏㄨㄛˊ ㄔㄨˊ
活受罪,1,ㄏㄨㄛˊ ㄕㄡˋ ㄗㄨㄟˋ
活神活現,1,ㄏㄨㄛˊ ㄕㄣˊ ㄏㄨㄛˊ ㄒㄧㄢˋ
活生生,1,ㄏㄨㄛˊ ㄕㄥ ㄕㄥ
活水,1,ㄏㄨㄛˊ ㄕㄨㄟˇ
活存,1,ㄏㄨㄛˊ ㄘㄨㄣˊ
活塞,1,ㄏㄨㄛˊ ㄙㄞ
活頁,1,ㄏㄨㄛˊ ㄧㄝˋ
活頁夾,1,ㄏㄨㄛˊ ㄧㄝˋ ㄐㄧㄚˊ
活頁紙,1,ㄏㄨㄛˊ ㄧㄝˋ ㄓˇ
活躍,1,ㄏㄨㄛˊ ㄩㄝˋ
活用,1,ㄏㄨㄛˊ ㄩㄥˋ
火,1,ㄏㄨㄛˇ
火把,1,ㄏㄨㄛˇ ㄅㄚˇ
火爆,1,ㄏㄨㄛˇ ㄅㄠˋ
火盆,1,ㄏㄨㄛˇ ㄆㄣˊ
火拼,1,ㄏㄨㄛˇ ㄆㄧㄣ
火冒三丈,1,ㄏㄨㄛˇ ㄇㄠˋ ㄙㄢ ㄓㄤˋ
火苗,1,ㄏㄨㄛˇ ㄇㄧㄠˊ
火大,1,ㄏㄨㄛˇ ㄉㄚˋ
火腿,1,ㄏㄨㄛˇ ㄊㄨㄟˇ
火辣,1,ㄏㄨㄛˇ ㄌㄚˋ
火辣辣,1,ㄏㄨㄛˇ ㄌㄚˋ ㄌㄚˋ
火力,1,ㄏㄨㄛˇ ㄌㄧˋ
火力發電,1,ㄏㄨㄛˇ ㄌㄧˋ ㄈㄚ ㄉㄧㄢˋ
火力發電廠,1,ㄏㄨㄛˇ ㄌㄧˋ ㄈㄚ ㄉㄧㄢˋ ㄔㄤˇ
火爐,1,ㄏㄨㄛˇ ㄌㄨˊ
火籠,1,ㄏㄨㄛˇ ㄌㄨㄥˊ
火鍋,1,ㄏㄨㄛˇ ㄍㄨㄛ
火光,1,ㄏㄨㄛˇ ㄍㄨㄤ
火坑,1,ㄏㄨㄛˇ ㄎㄥ
火海,1,ㄏㄨㄛˇ ㄏㄞˇ
火候,1,ㄏㄨㄛˇ ㄏㄡˋ
火花,1,ㄏㄨㄛˇ ㄏㄨㄚ
火化,1,ㄏㄨㄛˇ ㄏㄨㄚˋ
火紅,1,ㄏㄨㄛˇ ㄏㄨㄥˊ
火雞,1,ㄏㄨㄛˇ ㄐㄧ
火急,1,ㄏㄨㄛˇ ㄐㄧˊ
火箭,1,ㄏㄨㄛˇ ㄐㄧㄢˋ
火警,1,ㄏㄨㄛˇ ㄐㄧㄥˇ
火炬,1,ㄏㄨㄛˇ ㄐㄩˋ
火氣,1,ㄏㄨㄛˇ ㄑㄧˋ
火鉗,1,ㄏㄨㄛˇ ㄑㄧㄢˊ
火線,1,ㄏㄨㄛˇ ㄒㄧㄢˋ
火巷,1,ㄏㄨㄛˇ ㄒㄧㄤˋ
火星,1,ㄏㄨㄛˇ ㄒㄧㄥ
火星塞,1,ㄏㄨㄛˇ ㄒㄧㄥ ㄙㄞ
火燭,1,ㄏㄨㄛˇ ㄓㄨˊ
火種,1,ㄏㄨㄛˇ ㄓㄨㄥˇ
火車,1,ㄏㄨㄛˇ ㄔㄜ
火車頭,1,ㄏㄨㄛˇ ㄔㄜ ㄊㄡˊ
火車站,1,ㄏㄨㄛˇ ㄔㄜ ㄓㄢˋ
火柴,1,ㄏㄨㄛˇ ㄔㄞˊ
火場,1,ㄏㄨㄛˇ ㄔㄤˇ
火成岩,1,ㄏㄨㄛˇ ㄔㄥˊ ㄧㄢˊ
火石,1,ㄏㄨㄛˇ ㄕˊ
火勢,1,ㄏㄨㄛˇ ㄕˋ
火舌,1,ㄏㄨㄛˇ ㄕㄜˊ
火燒,1,ㄏㄨㄛˇ ㄕㄠ
火燒眉毛,1,ㄏㄨㄛˇ ㄕㄠ ㄇㄟˊ ㄇㄠˊ
火山,1,ㄏㄨㄛˇ ㄕㄢ
火神,1,ㄏㄨㄛˇ ㄕㄣˊ
火上加油,1,ㄏㄨㄛˇ ㄕㄤˋ ㄐㄧㄚ ㄧㄡˊ
火樹銀花,1,ㄏㄨㄛˇ ㄕㄨˋ ㄧㄣˊ ㄏㄨㄚ
火熱,1,ㄏㄨㄛˇ ㄖㄜˋ
火災,1,ㄏㄨㄛˇ ㄗㄞ
火災保險,1,ㄏㄨㄛˇ ㄗㄞ ㄅㄠˇ ㄒㄧㄢˇ
火葬,1,ㄏㄨㄛˇ ㄗㄤˋ
火傘,1,ㄏㄨㄛˇ ㄙㄢˇ
火速,1,ㄏㄨㄛˇ ㄙㄨˋ
火藥,1,ㄏㄨㄛˇ ㄧㄠˋ
火眼金睛,1,ㄏㄨㄛˇ ㄧㄢˇ ㄐㄧㄣ ㄐㄧㄥ
火焰,1,ㄏㄨㄛˇ ㄧㄢˋ
火網,1,ㄏㄨㄛˇ ㄨㄤˇ
伙,1,ㄏㄨㄛˇ
伙伴,1,ㄏㄨㄛˇ ㄅㄢˋ
伙伕,1,ㄏㄨㄛˇ ㄈㄨ
伙計,1,ㄏㄨㄛˇ ㄐㄧˋ
伙食,1,ㄏㄨㄛˇ ㄕˊ
夥,1,ㄏㄨㄛˇ
夥伴,1,ㄏㄨㄛˇ ㄅㄢˋ
夥同,1,ㄏㄨㄛˇ ㄊㄨㄥˊ
夥計,1,ㄏㄨㄛˇ ㄐㄧˋ
或,1,ㄏㄨㄛˋ
或缺,1,ㄏㄨㄛˋ ㄑㄩㄝ
或許,1,ㄏㄨㄛˋ ㄒㄩˇ
或者,1,ㄏㄨㄛˋ ㄓㄜˇ
或是,1,ㄏㄨㄛˋ ㄕˋ
或然率,1,ㄏㄨㄛˋ ㄖㄢˊ ㄌㄩˋ
惑,1,ㄏㄨㄛˋ
惑眾,1,ㄏㄨㄛˋ ㄓㄨㄥˋ
和,1,ㄏㄨㄛˋ
和稀泥,1,ㄏㄨㄛˋ ㄒㄧ ㄋㄧˊ
貨,1,ㄏㄨㄛˋ
貨幣,1,ㄏㄨㄛˋ ㄅㄧˋ
貨幣供給額,1,ㄏㄨㄛˋ ㄅㄧˋ ㄍㄨㄥ ㄐㄧˇ ㄜˊ
貨幣市場,1,ㄏㄨㄛˋ ㄅㄧˋ ㄕˋ ㄔㄤˇ
貨品,1,ㄏㄨㄛˋ ㄆㄧㄣˇ
貨輪,1,ㄏㄨㄛˋ ㄌㄨㄣˊ
貨櫃,1,ㄏㄨㄛˋ ㄍㄨㄟˋ
貨款,1,ㄏㄨㄛˋ ㄎㄨㄢˇ
貨價,1,ㄏㄨㄛˋ ㄐㄧㄚˋ
貨棧,1,ㄏㄨㄛˋ ㄓㄢˋ
貨真價實,1,ㄏㄨㄛˋ ㄓㄣ ㄐㄧㄚˋ ㄕˊ
貨主,1,ㄏㄨㄛˋ ㄓㄨˇ
貨車,1,ㄏㄨㄛˋ ㄔㄜ
貨暢其流,1,ㄏㄨㄛˋ ㄔㄤˋ ㄑㄧˊ ㄌㄧㄡˊ
貨倉,1,ㄏㄨㄛˋ ㄘㄤ
貨艙,1,ㄏㄨㄛˋ ㄘㄤ
貨色,1,ㄏㄨㄛˋ ㄙㄜˋ
貨物,1,ㄏㄨㄛˋ ㄨˋ
貨物稅,1,ㄏㄨㄛˋ ㄨˋ ㄕㄨㄟˋ
貨源,1,ㄏㄨㄛˋ ㄩㄢˊ
貨運,1,ㄏㄨㄛˋ ㄩㄣˋ
禍,1,ㄏㄨㄛˋ
禍不單行,1,ㄏㄨㄛˋ ㄅㄨˋ ㄉㄢ ㄒㄧㄥˊ
禍福與共,1,ㄏㄨㄛˋ ㄈㄨˊ ㄩˇ ㄍㄨㄥˋ
禍端,1,ㄏㄨㄛˋ ㄉㄨㄢ
禍根,1,ㄏㄨㄛˋ ㄍㄣ
禍國殃民,1,ㄏㄨㄛˋ ㄍㄨㄛˊ ㄧㄤ ㄇㄧㄣˊ
禍害,1,ㄏㄨㄛˋ ㄏㄞˋ
禍患,1,ㄏㄨㄛˋ ㄏㄨㄢˋ
禍起蕭牆,1,ㄏㄨㄛˋ ㄑㄧˇ ㄒㄧㄠ ㄑㄧㄤˊ
禍心,1,ㄏㄨㄛˋ ㄒㄧㄣ
禍首,1,ㄏㄨㄛˋ ㄕㄡˇ
禍從天降,1,ㄏㄨㄛˋ ㄘㄨㄥˊ ㄊㄧㄢ ㄐㄧㄤˋ
禍從口出,1,ㄏㄨㄛˋ ㄘㄨㄥˊ ㄎㄡˇ ㄔㄨ
霍,1,ㄏㄨㄛˋ
霍亂,1,ㄏㄨㄛˋ ㄌㄨㄢˋ
霍霍,1,ㄏㄨㄛˋ ㄏㄨㄛˋ
霍然,1,ㄏㄨㄛˋ ㄖㄢˊ
豁,1,ㄏㄨㄛˋ
豁免,1,ㄏㄨㄛˋ ㄇㄧㄢˇ
豁達,1,ㄏㄨㄛˋ ㄉㄚˊ
豁出去,1,ㄏㄨㄛˋ ㄔㄨ ㄑㄩˋ
豁然,1,ㄏㄨㄛˋ ㄖㄢˊ
豁然貫通,1,ㄏㄨㄛˋ ㄖㄢˊ ㄍㄨㄢˋ ㄊㄨㄥ
豁然開朗,1,ㄏㄨㄛˋ ㄖㄢˊ ㄎㄞ ㄌㄤˇ
壑,1,ㄏㄨㄛˋ
獲,1,ㄏㄨㄛˋ
獲得,1,ㄏㄨㄛˋ ㄉㄜˊ
獲利,1,ㄏㄨㄛˋ ㄌㄧˋ
獲救,1,ㄏㄨㄛˋ ㄐㄧㄡˋ
獲獎,1,ㄏㄨㄛˋ ㄐㄧㄤˇ
獲取,1,ㄏㄨㄛˋ ㄑㄩˇ
獲悉,1,ㄏㄨㄛˋ ㄒㄧ
獲知,1,ㄏㄨㄛˋ ㄓ
獲致,1,ㄏㄨㄛˋ ㄓˋ
獲准,1,ㄏㄨㄛˋ ㄓㄨㄣˇ
獲釋,1,ㄏㄨㄛˋ ㄕˋ
獲勝,1,ㄏㄨㄛˋ ㄕㄥˋ
獲罪,1,ㄏㄨㄛˋ ㄗㄨㄟˋ
獲益,1,ㄏㄨㄛˋ ㄧˋ
獲益匪淺,1,ㄏㄨㄛˋ ㄧˋ ㄈㄟˇ ㄑㄧㄢˇ
矱,1,ㄏㄨㄛˋ
穫,1,ㄏㄨㄛˋ
鑊,1,ㄏㄨㄛˋ
午,1,ㄏㄨㄛ˙
和,1,ㄏㄨㄛ˙
徊,1,ㄏㄨㄞˊ
淮,1,ㄏㄨㄞˊ
淮河,1,ㄏㄨㄞˊ ㄏㄜˊ
槐,1,ㄏㄨㄞˊ
踝,1,ㄏㄨㄞˊ
踝骨,1,ㄏㄨㄞˊ ㄍㄨˇ
懷,1,ㄏㄨㄞˊ
懷抱,1,ㄏㄨㄞˊ ㄅㄠˋ
懷璧其罪,1,ㄏㄨㄞˊ ㄅㄧˋ ㄑㄧˊ ㄗㄨㄟˋ
懷念,1,ㄏㄨㄞˊ ㄋㄧㄢˋ
懷古,1,ㄏㄨㄞˊ ㄍㄨˇ
懷恨,1,ㄏㄨㄞˊ ㄏㄣˋ
懷舊,1,ㄏㄨㄞˊ ㄐㄧㄡˋ
懷鄉,1,ㄏㄨㄞˊ ㄒㄧㄤ
懷柔,1,ㄏㄨㄞˊ ㄖㄡˊ
懷才不遇,1,ㄏㄨㄞˊ ㄘㄞˊ ㄅㄨˋ ㄩˋ
懷才不遇,1,ㄏㄨㄞˊ ㄘㄞˊ ㄅㄨˊ ㄩˋ
懷疑,1,ㄏㄨㄞˊ ㄧˊ
懷憂,1,ㄏㄨㄞˊ ㄧㄡ
懷孕,1,ㄏㄨㄞˊ ㄩㄣˋ
壞,1,ㄏㄨㄞˋ
壞痞子,1,ㄏㄨㄞˋ ㄆㄧˇ ㄗ˙
壞蛋,1,ㄏㄨㄞˋ ㄉㄢˋ
壞話,1,ㄏㄨㄞˋ ㄏㄨㄚˋ
壞球,1,ㄏㄨㄞˋ ㄑㄧㄡˊ
壞血病,1,ㄏㄨㄞˋ ㄒㄧㄝˇ ㄅㄧㄥˋ
壞處,1,ㄏㄨㄞˋ ㄔㄨˋ
壞事,1,ㄏㄨㄞˋ ㄕˋ
壞人,1,ㄏㄨㄞˋ ㄖㄣˊ
壞死,1,ㄏㄨㄞˋ ㄙˇ
灰,1,ㄏㄨㄟ
灰白,1,ㄏㄨㄟ ㄅㄞˊ
灰濛濛,1,ㄏㄨㄟ ㄇㄥˊ ㄇㄥˊ
灰飛煙滅,1,ㄏㄨㄟ ㄈㄟ ㄧㄢ ㄇㄧㄝˋ
灰頭土臉,1,ㄏㄨㄟ ㄊㄡˊ ㄊㄨˇ ㄌㄧㄢˇ
灰姑娘,1,ㄏㄨㄟ ㄍㄨ ㄋㄧㄤ˙
灰燼,1,ㄏㄨㄟ ㄐㄧㄣˋ
灰心,1,ㄏㄨㄟ ㄒㄧㄣ
灰心喪氣,1,ㄏㄨㄟ ㄒㄧㄣ ㄙㄤˋ ㄑㄧˋ
灰塵,1,ㄏㄨㄟ ㄔㄣˊ
灰色,1,ㄏㄨㄟ ㄙㄜˋ
灰暗,1,ㄏㄨㄟ ㄢˋ
恢,1,ㄏㄨㄟ
恢復,1,ㄏㄨㄟ ㄈㄨˋ
恢恢,1,ㄏㄨㄟ ㄏㄨㄟ
恢弘,1,ㄏㄨㄟ ㄏㄨㄥˊ
詼,1,ㄏㄨㄟ
詼諧,1,ㄏㄨㄟ ㄒㄧㄝˊ
虺,1,ㄏㄨㄟ
虺隤,1,ㄏㄨㄟ ㄊㄨㄟˊ
揮,1,ㄏㄨㄟ
揮別,1,ㄏㄨㄟ ㄅㄧㄝˊ
揮兵,1,ㄏㄨㄟ ㄅㄧㄥ
揮拍,1,ㄏㄨㄟ ㄆㄞ
揮發,1,ㄏㄨㄟ ㄈㄚ
揮動,1,ㄏㄨㄟ ㄉㄨㄥˋ
揮淚,1,ㄏㄨㄟ ㄌㄟˋ
揮毫,1,ㄏㄨㄟ ㄏㄠˊ
揮汗,1,ㄏㄨㄟ ㄏㄢˋ
揮汗如雨,1,ㄏㄨㄟ ㄏㄢˋ ㄖㄨˊ ㄩˇ
揮霍,1,ㄏㄨㄟ ㄏㄨㄛˋ
揮霍無度,1,ㄏㄨㄟ ㄏㄨㄛˋ ㄨˊ ㄉㄨˋ
揮金如土,1,ㄏㄨㄟ ㄐㄧㄣ ㄖㄨˊ ㄊㄨˇ
揮拳,1,ㄏㄨㄟ ㄑㄩㄢˊ
揮之不去,1,ㄏㄨㄟ ㄓ ㄅㄨˋ ㄑㄩˋ
揮之不去,1,ㄏㄨㄟ ㄓ ㄅㄨˊ ㄑㄩˋ
揮手,1,ㄏㄨㄟ ㄕㄡˇ
揮灑,1,ㄏㄨㄟ ㄙㄚˇ
揮灑自如,1,ㄏㄨㄟ ㄙㄚˇ ㄗˋ ㄖㄨˊ
揮舞,1,ㄏㄨㄟ ㄨˇ
暉,1,ㄏㄨㄟ
輝,1,ㄏㄨㄟ
輝煌,1,ㄏㄨㄟ ㄏㄨㄤˊ
輝映,1,ㄏㄨㄟ ㄧㄥˋ
麾,1,ㄏㄨㄟ
麾下,1,ㄏㄨㄟ ㄒㄧㄚˋ
徽,1,ㄏㄨㄟ
徽幟,1,ㄏㄨㄟ ㄓˋ
徽章,1,ㄏㄨㄟ ㄓㄤ
隳,1,ㄏㄨㄟ
回,1,ㄏㄨㄟˊ
回報,1,ㄏㄨㄟˊ ㄅㄠˋ
回眸一笑,1,ㄏㄨㄟˊ ㄇㄡˊ ㄧ ㄒㄧㄠˋ
回眸一笑,1,ㄏㄨㄟˊ ㄇㄡˊ ㄧˊ ㄒㄧㄠˋ
回門,1,ㄏㄨㄟˊ ㄇㄣˊ
回防,1,ㄏㄨㄟˊ ㄈㄤˊ
回復,1,ㄏㄨㄟˊ ㄈㄨˋ
回覆,1,ㄏㄨㄟˊ ㄈㄨˋ
回答,1,ㄏㄨㄟˊ ㄉㄚˊ
回電,1,ㄏㄨㄟˊ ㄉㄧㄢˋ
回頭,1,ㄏㄨㄟˊ ㄊㄡˊ
回頭是岸,1,ㄏㄨㄟˊ ㄊㄡˊ ㄕˋ ㄢˋ
回頭書,1,ㄏㄨㄟˊ ㄊㄡˊ ㄕㄨ
回條,1,ㄏㄨㄟˊ ㄊㄧㄠˊ
回天乏術,1,ㄏㄨㄟˊ ㄊㄧㄢ ㄈㄚˊ ㄕㄨˋ
回來,1,ㄏㄨㄟˊ ㄌㄞˊ
回老家,1,ㄏㄨㄟˊ ㄌㄠˇ ㄐㄧㄚ
回力球,1,ㄏㄨㄟˊ ㄌㄧˋ ㄑㄧㄡˊ
回祿,1,ㄏㄨㄟˊ ㄌㄨˋ
回籠,1,ㄏㄨㄟˊ ㄌㄨㄥˊ
回顧,1,ㄏㄨㄟˊ ㄍㄨˋ
回鍋,1,ㄏㄨㄟˊ ㄍㄨㄛ
回國,1,ㄏㄨㄟˊ ㄍㄨㄛˊ
回歸,1,ㄏㄨㄟˊ ㄍㄨㄟ
回扣,1,ㄏㄨㄟˊ ㄎㄡˋ
回饋,1,ㄏㄨㄟˊ ㄎㄨㄟˋ
回合,1,ㄏㄨㄟˊ ㄏㄜˊ
回函,1,ㄏㄨㄟˊ ㄏㄢˊ
回話,1,ㄏㄨㄟˊ ㄏㄨㄚˋ
回回,1,ㄏㄨㄟˊ ㄏㄨㄟˊ
回回,1,ㄏㄨㄟˊ ㄏㄨㄟ˙
回家,1,ㄏㄨㄟˊ ㄐㄧㄚ
回教,1,ㄏㄨㄟˊ ㄐㄧㄠˋ
回敬,1,ㄏㄨㄟˊ ㄐㄧㄥˋ
回絕,1,ㄏㄨㄟˊ ㄐㄩㄝˊ
回去,1,ㄏㄨㄟˊ ㄑㄩˋ
回心轉意,1,ㄏㄨㄟˊ ㄒㄧㄣ ㄓㄨㄢˇ ㄧˋ
回信,1,ㄏㄨㄟˊ ㄒㄧㄣˋ
回想,1,ㄏㄨㄟˊ ㄒㄧㄤˇ
回響,1,ㄏㄨㄟˊ ㄒㄧㄤˇ
回執,1,ㄏㄨㄟˊ ㄓˊ
回轉,1,ㄏㄨㄟˊ ㄓㄨㄢˇ
回程,1,ㄏㄨㄟˊ ㄔㄥˊ
回春,1,ㄏㄨㄟˊ ㄔㄨㄣ
回收,1,ㄏㄨㄟˊ ㄕㄡ
回首,1,ㄏㄨㄟˊ ㄕㄡˇ
回身,1,ㄏㄨㄟˊ ㄕㄣ
回聲,1,ㄏㄨㄟˊ ㄕㄥ
回贈,1,ㄏㄨㄟˊ ㄗㄥˋ
回嘴,1,ㄏㄨㄟˊ ㄗㄨㄟˇ
回溯,1,ㄏㄨㄟˊ ㄙㄨˋ
回憶,1,ㄏㄨㄟˊ ㄧˋ
回郵,1,ㄏㄨㄟˊ ㄧㄡˊ
回音,1,ㄏㄨㄟˊ ㄧㄣ
回應,1,ㄏㄨㄟˊ ㄧㄥˋ
回味,1,ㄏㄨㄟˊ ㄨㄟˋ
回文,1,ㄏㄨㄟˊ ㄨㄣˊ
洄,1,ㄏㄨㄟˊ
茴,1,ㄏㄨㄟˊ
茴香,1,ㄏㄨㄟˊ ㄒㄧㄤ
迴,1,ㄏㄨㄟˊ
迴避,1,ㄏㄨㄟˊ ㄅㄧˋ
迴帶,1,ㄏㄨㄟˊ ㄉㄞˋ
迴蕩,1,ㄏㄨㄟˊ ㄉㄤˋ
迴盪,1,ㄏㄨㄟˊ ㄉㄤˋ
迴廊,1,ㄏㄨㄟˊ ㄌㄤˊ
迴光返照,1,ㄏㄨㄟˊ ㄍㄨㄤ ㄈㄢˇ ㄓㄠˋ
迴響,1,ㄏㄨㄟˊ ㄒㄧㄤˇ
迴旋,1,ㄏㄨㄟˊ ㄒㄩㄢˊ
迴旋曲,1,ㄏㄨㄟˊ ㄒㄩㄢˊ ㄑㄩˇ
迴轉,1,ㄏㄨㄟˊ ㄓㄨㄢˇ
迴腸蕩氣,1,ㄏㄨㄟˊ ㄔㄤˊ ㄉㄤˋ ㄑㄧˋ
迴紋針,1,ㄏㄨㄟˊ ㄨㄣˊ ㄓㄣ
蛔,1,ㄏㄨㄟˊ
蛔蟲,1,ㄏㄨㄟˊ ㄔㄨㄥˊ
虫,1,ㄏㄨㄟˇ
虺,1,ㄏㄨㄟˇ
悔,1,ㄏㄨㄟˇ
悔不當初,1,ㄏㄨㄟˇ ㄅㄨˋ ㄉㄤ ㄔㄨ
悔改,1,ㄏㄨㄟˇ ㄍㄞˇ
悔過,1,ㄏㄨㄟˇ ㄍㄨㄛˋ
悔恨,1,ㄏㄨㄟˇ ㄏㄣˋ
悔意,1,ㄏㄨㄟˇ ㄧˋ
悔悟,1,ㄏㄨㄟˇ ㄨˋ
毀,1,ㄏㄨㄟˇ
毀謗,1,ㄏㄨㄟˇ ㄅㄤˋ
毀滅,1,ㄏㄨㄟˇ ㄇㄧㄝˋ
毀掉,1,ㄏㄨㄟˇ ㄉㄧㄠˋ
毀壞,1,ㄏㄨㄟˇ ㄏㄨㄞˋ
毀棄,1,ㄏㄨㄟˇ ㄑㄧˋ
毀容,1,ㄏㄨㄟˇ ㄖㄨㄥˊ
毀損,1,ㄏㄨㄟˇ ㄙㄨㄣˇ
毀於一旦,1,ㄏㄨㄟˇ ㄩˊ ㄧ ㄉㄢˋ
毀於一旦,1,ㄏㄨㄟˇ ㄩˊ ㄧˊ ㄉㄢˋ
毀譽,1,ㄏㄨㄟˇ ㄩˋ
毀譽參半,1,ㄏㄨㄟˇ ㄩˋ ㄘㄢ ㄅㄢˋ
毀約,1,ㄏㄨㄟˇ ㄩㄝ
燬,1,ㄏㄨㄟˇ
會,1,ㄏㄨㄟˇ
卉,1,ㄏㄨㄟˋ
恚,1,ㄏㄨㄟˋ
彗,1,ㄏㄨㄟˋ
彗星,1,ㄏㄨㄟˋ ㄒㄧㄥ
慧,1,ㄏㄨㄟˋ
慧根,1,ㄏㄨㄟˋ ㄍㄣ
慧黠,1,ㄏㄨㄟˋ ㄒㄧㄚˊ
慧心,1,ㄏㄨㄟˋ ㄒㄧㄣ
慧眼,1,ㄏㄨㄟˋ ㄧㄢˇ
慧眼識英雄,1,ㄏㄨㄟˋ ㄧㄢˇ ㄕˋ ㄧㄥ ㄒㄩㄥˊ
晦,1,ㄏㄨㄟˋ
晦氣,1,ㄏㄨㄟˋ ㄑㄧˋ
晦暗,1,ㄏㄨㄟˋ ㄢˋ
誨,1,ㄏㄨㄟˋ
誨盜,1,ㄏㄨㄟˋ ㄉㄠˋ
誨人不倦,1,ㄏㄨㄟˋ ㄖㄣˊ ㄅㄨˋ ㄐㄩㄢˋ
誨人不倦,1,ㄏㄨㄟˋ ㄖㄣˊ ㄅㄨˊ ㄐㄩㄢˋ
誨淫,1,ㄏㄨㄟˋ ㄧㄣˊ
惠,1,ㄏㄨㄟˋ
惠顧,1,ㄏㄨㄟˋ ㄍㄨˋ
惠存,1,ㄏㄨㄟˋ ㄘㄨㄣˊ
惠而不費,1,ㄏㄨㄟˋ ㄦˊ ㄅㄨˋ ㄈㄟˋ
惠而不費,1,ㄏㄨㄟˋ ㄦˊ ㄅㄨˊ ㄈㄟˋ
蕙,1,ㄏㄨㄟˋ
蕙蘭,1,ㄏㄨㄟˋ ㄌㄢˊ
蕙質,1,ㄏㄨㄟˋ ㄓˊ
蕙質蘭心,1,ㄏㄨㄟˋ ㄓˊ ㄌㄢˊ ㄒㄧㄣ
蟪,1,ㄏㄨㄟˋ
蟪蛄,1,ㄏㄨㄟˋ ㄍㄨ
喙,1,ㄏㄨㄟˋ
匯,1,ㄏㄨㄟˋ
匯報,1,ㄏㄨㄟˋ ㄅㄠˋ
匯票,1,ㄏㄨㄟˋ ㄆㄧㄠˋ
匯費,1,ㄏㄨㄟˋ ㄈㄟˋ
匯兌,1,ㄏㄨㄟˋ ㄉㄨㄟˋ
匯率,1,ㄏㄨㄟˋ ㄌㄩˋ
匯款,1,ㄏㄨㄟˋ ㄎㄨㄢˇ
匯合,1,ㄏㄨㄟˋ ㄏㄜˊ
匯集,1,ㄏㄨㄟˋ ㄐㄧˊ
匯聚,1,ㄏㄨㄟˋ ㄐㄩˋ
匯市,1,ㄏㄨㄟˋ ㄕˋ
賄,1,ㄏㄨㄟˋ
賄賂,1,ㄏㄨㄟˋ ㄌㄨˋ
賄款,1,ㄏㄨㄟˋ ㄎㄨㄢˇ
賄選,1,ㄏㄨㄟˋ ㄒㄩㄢˇ
會,1,ㄏㄨㄟˋ
會報,1,ㄏㄨㄟˋ ㄅㄠˋ
會面,1,ㄏㄨㄟˋ ㄇㄧㄢˋ
會費,1,ㄏㄨㄟˋ ㄈㄟˋ
會頭,1,ㄏㄨㄟˋ ㄊㄡˊ
會談,1,ㄏㄨㄟˋ ㄊㄢˊ
會同,1,ㄏㄨㄟˋ ㄊㄨㄥˊ
會規,1,ㄏㄨㄟˋ ㄍㄨㄟ
會館,1,ㄏㄨㄟˋ ㄍㄨㄢˇ
會客,1,ㄏㄨㄟˋ ㄎㄜˋ
會考,1,ㄏㄨㄟˋ ㄎㄠˇ
會合,1,ㄏㄨㄟˋ ㄏㄜˊ
會話,1,ㄏㄨㄟˋ ㄏㄨㄚˋ
會籍,1,ㄏㄨㄟˋ ㄐㄧˊ
會見,1,ㄏㄨㄟˋ ㄐㄧㄢˋ
會期,1,ㄏㄨㄟˋ ㄑㄧˊ
會錢,1,ㄏㄨㄟˋ ㄑㄧㄢˊ
會心,1,ㄏㄨㄟˋ ㄒㄧㄣ
會心一笑,1,ㄏㄨㄟˋ ㄒㄧㄣ ㄧ ㄒㄧㄠˋ
會心一笑,1,ㄏㄨㄟˋ ㄒㄧㄣ ㄧˊ ㄒㄧㄠˋ
會戰,1,ㄏㄨㄟˋ ㄓㄢˋ
會診,1,ㄏㄨㄟˋ ㄓㄣˇ
會章,1,ㄏㄨㄟˋ ㄓㄤ
會長,1,ㄏㄨㄟˋ ㄓㄤˇ
會場,1,ㄏㄨㄟˋ ㄔㄤˇ
會師,1,ㄏㄨㄟˋ ㄕ
會首,1,ㄏㄨㄟˋ ㄕㄡˇ
會審,1,ㄏㄨㄟˋ ㄕㄣˇ
會商,1,ㄏㄨㄟˋ ㄕㄤ
會餐,1,ㄏㄨㄟˋ ㄘㄢ
會錯意,1,ㄏㄨㄟˋ ㄘㄨㄛˋ ㄧˋ
會所,1,ㄏㄨㄟˋ ㄙㄨㄛˇ
會意,1,ㄏㄨㄟˋ ㄧˋ
會議,1,ㄏㄨㄟˋ ㄧˋ
會要,1,ㄏㄨㄟˋ ㄧㄠˋ
會友,1,ㄏㄨㄟˋ ㄧㄡˇ
會陰,1,ㄏㄨㄟˋ ㄧㄣ
會務,1,ㄏㄨㄟˋ ㄨˋ
會晤,1,ㄏㄨㄟˋ ㄨˋ
會員,1,ㄏㄨㄟˋ ㄩㄢˊ
燴,1,ㄏㄨㄟˋ
燴飯,1,ㄏㄨㄟˋ ㄈㄢˋ
薈,1,ㄏㄨㄟˋ
薈萃,1,ㄏㄨㄟˋ ㄘㄨㄟˋ
繪,1,ㄏㄨㄟˋ
繪圖,1,ㄏㄨㄟˋ ㄊㄨˊ
繪畫,1,ㄏㄨㄟˋ ㄏㄨㄚˋ
繪像,1,ㄏㄨㄟˋ ㄒㄧㄤˋ
繪製,1,ㄏㄨㄟˋ ㄓˋ
繪聲繪影,1,ㄏㄨㄟˋ ㄕㄥ ㄏㄨㄟˋ ㄧㄥˇ
彙,1,ㄏㄨㄟˋ
彙報,1,ㄏㄨㄟˋ ㄅㄠˋ
彙編,1,ㄏㄨㄟˋ ㄅㄧㄢ
彙集,1,ㄏㄨㄟˋ ㄐㄧˊ
彙整,1,ㄏㄨㄟˋ ㄓㄥˇ
諱,1,ㄏㄨㄟˋ
諱莫如深,1,ㄏㄨㄟˋ ㄇㄛˋ ㄖㄨˊ ㄕㄣ
諱疾忌醫,1,ㄏㄨㄟˋ ㄐㄧˊ ㄐㄧˋ ㄧ
諱言,1,ㄏㄨㄟˋ ㄧㄢˊ
穢,1,ㄏㄨㄟˋ
穢言,1,ㄏㄨㄟˋ ㄧㄢˊ
穢物,1,ㄏㄨㄟˋ ㄨˋ
穢語,1,ㄏㄨㄟˋ ㄩˇ
獾,1,ㄏㄨㄢ
歡,1,ㄏㄨㄢ
歡度,1,ㄏㄨㄢ ㄉㄨˋ
歡騰,1,ㄏㄨㄢ ㄊㄥˊ
歡天喜地,1,ㄏㄨㄢ ㄊㄧㄢ ㄒㄧˇ ㄉㄧˋ
歡樂,1,ㄏㄨㄢ ㄌㄜˋ
歡呼,1,ㄏㄨㄢ ㄏㄨ
歡聚,1,ㄏㄨㄢ ㄐㄩˋ
歡聚一堂,1,ㄏㄨㄢ ㄐㄩˋ ㄧ ㄊㄤˊ
歡聚一堂,1,ㄏㄨㄢ ㄐㄩˋ ㄧˋ ㄊㄤˊ
歡喜,1,ㄏㄨㄢ ㄒㄧˇ
歡喜冤家,1,ㄏㄨㄢ ㄒㄧˇ ㄩㄢ ㄐㄧㄚ
歡喜冤家,1,ㄏㄨㄢ ㄒㄧˇ ㄩㄢ ㄐㄧㄚ˙
歡笑,1,ㄏㄨㄢ ㄒㄧㄠˋ
歡心,1,ㄏㄨㄢ ㄒㄧㄣ
歡欣鼓舞,1,ㄏㄨㄢ ㄒㄧㄣ ㄍㄨˇ ㄨˇ
歡唱,1,ㄏㄨㄢ ㄔㄤˋ
歡聲雷動,1,ㄏㄨㄢ ㄕㄥ ㄌㄟˊ ㄉㄨㄥˋ
歡送,1,ㄏㄨㄢ ㄙㄨㄥˋ
歡顏,1,ㄏㄨㄢ ㄧㄢˊ
歡迎,1,ㄏㄨㄢ ㄧㄥˊ
歡娛,1,ㄏㄨㄢ ㄩˊ
歡愉,1,ㄏㄨㄢ ㄩˊ
歡悅,1,ㄏㄨㄢ ㄩㄝˋ
桓,1,ㄏㄨㄢˊ
寰,1,ㄏㄨㄢˊ
寰宇,1,ㄏㄨㄢˊ ㄩˇ
圜,1,ㄏㄨㄢˊ
環,1,ㄏㄨㄢˊ
環保,1,ㄏㄨㄢˊ ㄅㄠˇ
環抱,1,ㄏㄨㄢˊ ㄅㄠˋ
環幕電影,1,ㄏㄨㄢˊ ㄇㄨˋ ㄉㄧㄢˋ ㄧㄥˇ
環肥燕瘦,1,ㄏㄨㄢˊ ㄈㄟˊ ㄧㄢˋ ㄕㄡˋ
環島,1,ㄏㄨㄢˊ ㄉㄠˇ
環堵蕭然,1,ㄏㄨㄢˊ ㄉㄨˇ ㄒㄧㄠ ㄖㄢˊ
環環相扣,1,ㄏㄨㄢˊ ㄏㄨㄢˊ ㄒㄧㄤ ㄎㄡˋ
環節,1,ㄏㄨㄢˊ ㄐㄧㄝˊ
環境,1,ㄏㄨㄢˊ ㄐㄧㄥˋ
環境保護,1,ㄏㄨㄢˊ ㄐㄧㄥˋ ㄅㄠˇ ㄏㄨˋ
環境汙染,1,ㄏㄨㄢˊ ㄐㄧㄥˋ ㄨ ㄖㄢˇ
環境衛生,1,ㄏㄨㄢˊ ㄐㄧㄥˋ ㄨㄟˋ ㄕㄥ
環球,1,ㄏㄨㄢˊ ㄑㄧㄡˊ
環視,1,ㄏㄨㄢˊ ㄕˋ
環繞,1,ㄏㄨㄢˊ ㄖㄠˋ
環繞喇叭,1,ㄏㄨㄢˊ ㄖㄠˋ ㄌㄚˇ ㄅㄚ
環遊,1,ㄏㄨㄢˊ ㄧㄡˊ
還,1,ㄏㄨㄢˊ
還本,1,ㄏㄨㄢˊ ㄅㄣˇ
還禮,1,ㄏㄨㄢˊ ㄌㄧˇ
還魂,1,ㄏㄨㄢˊ ㄏㄨㄣˊ
還擊,1,ㄏㄨㄢˊ ㄐㄧˊ
還價,1,ㄏㄨㄢˊ ㄐㄧㄚˋ
還錢,1,ㄏㄨㄢˊ ㄑㄧㄢˊ
還債,1,ㄏㄨㄢˊ ㄓㄞˋ
還手,1,ㄏㄨㄢˊ ㄕㄡˇ
還俗,1,ㄏㄨㄢˊ ㄙㄨˊ
還以顏色,1,ㄏㄨㄢˊ ㄧˇ ㄧㄢˊ ㄙㄜˋ
還我河山,1,ㄏㄨㄢˊ ㄨㄛˇ ㄏㄜˊ ㄕㄢ
還原,1,ㄏㄨㄢˊ ㄩㄢˊ
還願,1,ㄏㄨㄢˊ ㄩㄢˋ
繯,1,ㄏㄨㄢˊ
鬟,1,ㄏㄨㄢˊ
鍰,1,ㄏㄨㄢˊ
緩,1,ㄏㄨㄢˇ
緩兵之計,1,ㄏㄨㄢˇ ㄅㄧㄥ ㄓ ㄐㄧˋ
緩不濟急,1,ㄏㄨㄢˇ ㄅㄨˋ ㄐㄧˋ ㄐㄧˊ
緩不濟急,1,ㄏㄨㄢˇ ㄅㄨˊ ㄐㄧˋ ㄐㄧˊ
緩步,1,ㄏㄨㄢˇ ㄅㄨˋ
緩慢,1,ㄏㄨㄢˇ ㄇㄢˋ
緩和,1,ㄏㄨㄢˇ ㄏㄜˊ
緩緩,1,ㄏㄨㄢˇ ㄏㄨㄢˇ
緩急,1,ㄏㄨㄢˇ ㄐㄧˊ
緩刑,1,ㄏㄨㄢˇ ㄒㄧㄥˊ
緩召,1,ㄏㄨㄢˇ ㄓㄠˋ
緩徵,1,ㄏㄨㄢˇ ㄓㄥ
緩衝,1,ㄏㄨㄢˇ ㄔㄨㄥ
緩衝地帶,1,ㄏㄨㄢˇ ㄔㄨㄥ ㄉㄧˋ ㄉㄞˋ
緩議,1,ㄏㄨㄢˇ ㄧˋ
澣,1,ㄏㄨㄢˇ
幻,1,ㄏㄨㄢˋ
幻滅,1,ㄏㄨㄢˋ ㄇㄧㄝˋ
幻燈,1,ㄏㄨㄢˋ ㄉㄥ
幻燈片,1,ㄏㄨㄢˋ ㄉㄥ ㄆㄧㄢˋ
幻化,1,ㄏㄨㄢˋ ㄏㄨㄚˋ
幻景,1,ㄏㄨㄢˋ ㄐㄧㄥˇ
幻境,1,ㄏㄨㄢˋ ㄐㄧㄥˋ
幻覺,1,ㄏㄨㄢˋ ㄐㄩㄝˊ
幻想,1,ㄏㄨㄢˋ ㄒㄧㄤˇ
幻象,1,ㄏㄨㄢˋ ㄒㄧㄤˋ
幻象二○○○戰機,1,ㄏㄨㄢˋ ㄒㄧㄤˋ ㄦˋ ㄌㄧㄥˊ ㄌㄧㄥˊ ㄌㄧㄥˊ ㄓㄢˋ ㄐㄧ
幻術,1,ㄏㄨㄢˋ ㄕㄨˋ
幻影,1,ㄏㄨㄢˋ ㄧㄥˇ
宦,1,ㄏㄨㄢˋ
宦途,1,ㄏㄨㄢˋ ㄊㄨˊ
宦官,1,ㄏㄨㄢˋ ㄍㄨㄢ
宦海,1,ㄏㄨㄢˋ ㄏㄞˇ
宦遊,1,ㄏㄨㄢˋ ㄧㄡˊ
奐,1,ㄏㄨㄢˋ
渙,1,ㄏㄨㄢˋ
渙然冰釋,1,ㄏㄨㄢˋ ㄖㄢˊ ㄅㄧㄥ ㄕˋ
渙散,1,ㄏㄨㄢˋ ㄙㄢˋ
換,1,ㄏㄨㄢˋ
換班,1,ㄏㄨㄢˋ ㄅㄢ
換湯不換藥,1,ㄏㄨㄢˋ ㄊㄤ ㄅㄨˋ ㄏㄨㄢˋ ㄧㄠˋ
換湯不換藥,1,ㄏㄨㄢˋ ㄊㄤ ㄅㄨˊ ㄏㄨㄢˋ ㄧㄠˋ
換季,1,ㄏㄨㄢˋ ㄐㄧˋ
換句話說,1,ㄏㄨㄢˋ ㄐㄩˋ ㄏㄨㄚˋ ㄕㄨㄛ
換錢,1,ㄏㄨㄢˋ ㄑㄧㄢˊ
換取,1,ㄏㄨㄢˋ ㄑㄩˇ
換血,1,ㄏㄨㄢˋ ㄒㄧㄝˇ
換新,1,ㄏㄨㄢˋ ㄒㄧㄣ
換手,1,ㄏㄨㄢˋ ㄕㄡˇ
換算,1,ㄏㄨㄢˋ ㄙㄨㄢˋ
換約,1,ㄏㄨㄢˋ ㄩㄝ
喚,1,ㄏㄨㄢˋ
喚醒,1,ㄏㄨㄢˋ ㄒㄧㄥˇ
煥,1,ㄏㄨㄢˋ
煥發,1,ㄏㄨㄢˋ ㄈㄚ
煥然一新,1,ㄏㄨㄢˋ ㄖㄢˊ ㄧ ㄒㄧㄣ
煥然一新,1,ㄏㄨㄢˋ ㄖㄢˊ ㄧˋ ㄒㄧㄣ
瘓,1,ㄏㄨㄢˋ
患,1,ㄏㄨㄢˋ
患病,1,ㄏㄨㄢˋ ㄅㄧㄥˋ
患得患失,1,ㄏㄨㄢˋ ㄉㄜˊ ㄏㄨㄢˋ ㄕ
患難,1,ㄏㄨㄢˋ ㄋㄢˋ
患難之交,1,ㄏㄨㄢˋ ㄋㄢˋ ㄓ ㄐㄧㄠ
患難與共,1,ㄏㄨㄢˋ ㄋㄢˋ ㄩˇ ㄍㄨㄥˋ
患者,1,ㄏㄨㄢˋ ㄓㄜˇ
患處,1,ㄏㄨㄢˋ ㄔㄨˋ
漶,1,ㄏㄨㄢˋ
逭,1,ㄏㄨㄢˋ
豢,1,ㄏㄨㄢˋ
豢養,1,ㄏㄨㄢˋ ㄧㄤˇ
鯇,1,ㄏㄨㄢˋ
昏,1,ㄏㄨㄣ
昏昧,1,ㄏㄨㄣ ㄇㄟˋ
昏迷,1,ㄏㄨㄣ ㄇㄧˊ
昏倒,1,ㄏㄨㄣ ㄉㄠˇ
昏頭轉向,1,ㄏㄨㄣ ㄊㄡˊ ㄓㄨㄢˋ ㄒㄧㄤˋ
昏天黑地,1,ㄏㄨㄣ ㄊㄧㄢ ㄏㄟ ㄉㄧˋ
昏天暗地,1,ㄏㄨㄣ ㄊㄧㄢ ㄢˋ ㄉㄧˋ
昏亂,1,ㄏㄨㄣ ㄌㄨㄢˋ
昏聵,1,ㄏㄨㄣ ㄎㄨㄟˋ
昏花,1,ㄏㄨㄣ ㄏㄨㄚ
昏昏沉沉,1,ㄏㄨㄣ ㄏㄨㄣ ㄔㄣˊ ㄔㄣˊ
昏昏欲睡,1,ㄏㄨㄣ ㄏㄨㄣ ㄩˋ ㄕㄨㄟˋ
昏黃,1,ㄏㄨㄣ ㄏㄨㄤˊ
昏厥,1,ㄏㄨㄣ ㄐㄩㄝˊ
昏眩,1,ㄏㄨㄣ ㄒㄩㄢˋ
昏沉,1,ㄏㄨㄣ ㄔㄣˊ
昏睡,1,ㄏㄨㄣ ㄕㄨㄟˋ
昏暗,1,ㄏㄨㄣ ㄢˋ
昏庸,1,ㄏㄨㄣ ㄩㄥ
婚,1,ㄏㄨㄣ
婚變,1,ㄏㄨㄣ ㄅㄧㄢˋ
婚配,1,ㄏㄨㄣ ㄆㄟˋ
婚禮,1,ㄏㄨㄣ ㄌㄧˇ
婚嫁,1,ㄏㄨㄣ ㄐㄧㄚˋ
婚事,1,ㄏㄨㄣ ㄕˋ
婚紗,1,ㄏㄨㄣ ㄕㄚ
婚喪喜慶,1,ㄏㄨㄣ ㄙㄤ ㄒㄧˇ ㄑㄧㄥˋ
婚友社,1,ㄏㄨㄣ ㄧㄡˇ ㄕㄜˋ
婚宴,1,ㄏㄨㄣ ㄧㄢˋ
婚姻,1,ㄏㄨㄣ ㄧㄣ
婚姻暴力,1,ㄏㄨㄣ ㄧㄣ ㄅㄠˋ ㄌㄧˋ
婚姻懇談,1,ㄏㄨㄣ ㄧㄣ ㄎㄣˇ ㄊㄢˊ
婚約,1,ㄏㄨㄣ ㄩㄝ
葷,1,ㄏㄨㄣ
葷腥,1,ㄏㄨㄣ ㄒㄧㄥ
葷菜,1,ㄏㄨㄣ ㄘㄞˋ
葷素不忌,1,ㄏㄨㄣ ㄙㄨˋ ㄅㄨˋ ㄐㄧˋ
葷素不忌,1,ㄏㄨㄣ ㄙㄨˋ ㄅㄨˊ ㄐㄧˋ
渾,1,ㄏㄨㄣˊ
渾厚,1,ㄏㄨㄣˊ ㄏㄡˋ
渾渾噩噩,1,ㄏㄨㄣˊ ㄏㄨㄣˊ ㄜˋ ㄜˋ
渾家,1,ㄏㄨㄣˊ ㄐㄧㄚ
渾濁,1,ㄏㄨㄣˊ ㄓㄨㄛˊ
渾身,1,ㄏㄨㄣˊ ㄕㄣ
渾身解數,1,ㄏㄨㄣˊ ㄕㄣ ㄐㄧㄝˇ ㄕㄨˋ
渾水,1,ㄏㄨㄣˊ ㄕㄨㄟˇ
渾然天成,1,ㄏㄨㄣˊ ㄖㄢˊ ㄊㄧㄢ ㄔㄥˊ
渾然忘我,1,ㄏㄨㄣˊ ㄖㄢˊ ㄨㄤˋ ㄨㄛˇ
渾圓,1,ㄏㄨㄣˊ ㄩㄢˊ
琿,1,ㄏㄨㄣˊ
魂,1,ㄏㄨㄣˊ
魂不附體,1,ㄏㄨㄣˊ ㄅㄨˋ ㄈㄨˋ ㄊㄧˇ
魂不附體,1,ㄏㄨㄣˊ ㄅㄨˊ ㄈㄨˋ ㄊㄧˇ
魂不守舍,1,ㄏㄨㄣˊ ㄅㄨˋ ㄕㄡˇ ㄕㄜˋ
魂魄,1,ㄏㄨㄣˊ ㄆㄛˋ
魂飛魄散,1,ㄏㄨㄣˊ ㄈㄟ ㄆㄛˋ ㄙㄢˋ
魂牽夢縈,1,ㄏㄨㄣˊ ㄑㄧㄢ ㄇㄥˋ ㄧㄥˊ
餛,1,ㄏㄨㄣˊ
餛飩,1,ㄏㄨㄣˊ ㄉㄨㄣˋ
混,1,ㄏㄨㄣˋ
混紡,1,ㄏㄨㄣˋ ㄈㄤˇ
混蛋,1,ㄏㄨㄣˋ ㄉㄢˋ
混沌,1,ㄏㄨㄣˋ ㄉㄨㄣˋ
混凝土,1,ㄏㄨㄣˋ ㄋㄧㄥˊ ㄊㄨˇ
混亂,1,ㄏㄨㄣˋ ㄌㄨㄢˋ
混合,1,ㄏㄨㄣˋ ㄏㄜˊ
混合物,1,ㄏㄨㄣˋ ㄏㄜˊ ㄨˋ
混跡,1,ㄏㄨㄣˋ ㄐㄧ
混球,1,ㄏㄨㄣˋ ㄑㄧㄡˊ
混血兒,1,ㄏㄨㄣˋ ㄒㄧㄝˇ ㄦˊ
混戰,1,ㄏㄨㄣˋ ㄓㄢˋ
混帳,1,ㄏㄨㄣˋ ㄓㄤˋ
混濁,1,ㄏㄨㄣˋ ㄓㄨㄛˊ
混水,1,ㄏㄨㄣˋ ㄕㄨㄟˇ
混水摸魚,1,ㄏㄨㄣˋ ㄕㄨㄟˇ ㄇㄛ ㄩˊ
混雜,1,ㄏㄨㄣˋ ㄗㄚˊ
混淆,1,ㄏㄨㄣˋ ㄧㄠˊ
混淆不清,1,ㄏㄨㄣˋ ㄧㄠˊ ㄅㄨˋ ㄑㄧㄥ
混音,1,ㄏㄨㄣˋ ㄧㄣ
混為一談,1,ㄏㄨㄣˋ ㄨㄟˊ ㄧ ㄊㄢˊ
混為一談,1,ㄏㄨㄣˋ ㄨㄟˊ ㄧˋ ㄊㄢˊ
渾,1,ㄏㄨㄣˋ
渾沌,1,ㄏㄨㄣˋ ㄉㄨㄣˋ
渾天儀,1,ㄏㄨㄣˋ ㄊㄧㄢ ㄧˊ
渾元,1,ㄏㄨㄣˋ ㄩㄢˊ
諢,1,ㄏㄨㄣˋ
諢名,1,ㄏㄨㄣˋ ㄇㄧㄥˊ
肓,1,ㄏㄨㄤ
荒,1,ㄏㄨㄤ
荒僻,1,ㄏㄨㄤ ㄆㄧˋ
荒漠,1,ㄏㄨㄤ ㄇㄛˋ
荒謬,1,ㄏㄨㄤ ㄇㄧㄡˋ
荒廢,1,ㄏㄨㄤ ㄈㄟˋ
荒誕,1,ㄏㄨㄤ ㄉㄢˋ
荒誕不經,1,ㄏㄨㄤ ㄉㄢˋ ㄅㄨˋ ㄐㄧㄥ
荒地,1,ㄏㄨㄤ ㄉㄧˋ
荒唐,1,ㄏㄨㄤ ㄊㄤˊ
荒年,1,ㄏㄨㄤ ㄋㄧㄢˊ
荒涼,1,ㄏㄨㄤ ㄌㄧㄤˊ
荒郊,1,ㄏㄨㄤ ㄐㄧㄠ
荒郊野外,1,ㄏㄨㄤ ㄐㄧㄠ ㄧㄝˇ ㄨㄞˋ
荒塚,1,ㄏㄨㄤ ㄓㄨㄥˇ
荒草,1,ㄏㄨㄤ ㄘㄠˇ
荒野,1,ㄏㄨㄤ ㄧㄝˇ
荒蕪,1,ㄏㄨㄤ ㄨˊ
慌,1,ㄏㄨㄤ
慌忙,1,ㄏㄨㄤ ㄇㄤˊ
慌亂,1,ㄏㄨㄤ ㄌㄨㄢˋ
慌張,1,ㄏㄨㄤ ㄓㄤ
慌成一團,1,ㄏㄨㄤ ㄔㄥˊ ㄧ ㄊㄨㄢˊ
慌成一團,1,ㄏㄨㄤ ㄔㄥˊ ㄧˋ ㄊㄨㄢˊ
皇,1,ㄏㄨㄤˊ
皇帝,1,ㄏㄨㄤˊ ㄉㄧˋ
皇太子,1,ㄏㄨㄤˊ ㄊㄞˋ ㄗˇ
皇天,1,ㄏㄨㄤˊ ㄊㄧㄢ
皇天不負苦心人,1,ㄏㄨㄤˊ ㄊㄧㄢ ㄅㄨˋ ㄈㄨˋ ㄎㄨˇ ㄒㄧㄣ ㄖㄣˊ
皇天不負苦心人,1,ㄏㄨㄤˊ ㄊㄧㄢ ㄅㄨˊ ㄈㄨˋ ㄎㄨˇ ㄒㄧㄣ ㄖㄣˊ
皇天后土,1,ㄏㄨㄤˊ ㄊㄧㄢ ㄏㄡˋ ㄊㄨˇ
皇冠,1,ㄏㄨㄤˊ ㄍㄨㄢ
皇宮,1,ㄏㄨㄤˊ ㄍㄨㄥ
皇后,1,ㄏㄨㄤˊ ㄏㄡˋ
皇家,1,ㄏㄨㄤˊ ㄐㄧㄚ
皇親國戚,1,ㄏㄨㄤˊ ㄑㄧㄣ ㄍㄨㄛˊ ㄑㄧ
皇室,1,ㄏㄨㄤˊ ㄕˋ
皇上,1,ㄏㄨㄤˊ ㄕㄤˋ
皇族,1,ㄏㄨㄤˊ ㄗㄨˊ
皇位,1,ㄏㄨㄤˊ ㄨㄟˋ
凰,1,ㄏㄨㄤˊ
惶,1,ㄏㄨㄤˊ
惶恐,1,ㄏㄨㄤˊ ㄎㄨㄥˇ
惶惑,1,ㄏㄨㄤˊ ㄏㄨㄛˋ
惶惶,1,ㄏㄨㄤˊ ㄏㄨㄤˊ
惶然,1,ㄏㄨㄤˊ ㄖㄢˊ
徨,1,ㄏㄨㄤˊ
隍,1,ㄏㄨㄤˊ
煌,1,ㄏㄨㄤˊ
遑,1,ㄏㄨㄤˊ
遑論,1,ㄏㄨㄤˊ ㄌㄨㄣˋ
蝗,1,ㄏㄨㄤˊ
蝗蟲,1,ㄏㄨㄤˊ ㄔㄨㄥˊ
蝗蟲過境,1,ㄏㄨㄤˊ ㄔㄨㄥˊ ㄍㄨㄛˋ ㄐㄧㄥˋ
蝗災,1,ㄏㄨㄤˊ ㄗㄞ
篁,1,ㄏㄨㄤˊ
黃,1,ㄏㄨㄤˊ
黃包車,1,ㄏㄨㄤˊ ㄅㄠ ㄔㄜ
黃牌,1,ㄏㄨㄤˊ ㄆㄞˊ
黃袍,1,ㄏㄨㄤˊ ㄆㄠˊ
黃皮書,1,ㄏㄨㄤˊ ㄆㄧˊ ㄕㄨ
黃梅,1,ㄏㄨㄤˊ ㄇㄟˊ
黃梅調,1,ㄏㄨㄤˊ ㄇㄟˊ ㄉㄧㄠˋ
黃梅雨,1,ㄏㄨㄤˊ ㄇㄟˊ ㄩˇ
黃毛丫頭,1,ㄏㄨㄤˊ ㄇㄠˊ ㄧㄚ ㄊㄡ˙
黃道吉日,1,ㄏㄨㄤˊ ㄉㄠˋ ㄐㄧˊ ㄖˋ
黃豆,1,ㄏㄨㄤˊ ㄉㄡˋ
黃疸,1,ㄏㄨㄤˊ ㄉㄢˇ
黃帝,1,ㄏㄨㄤˊ ㄉㄧˋ
黃湯,1,ㄏㄨㄤˊ ㄊㄤ
黃銅,1,ㄏㄨㄤˊ ㄊㄨㄥˊ
黃牛,1,ㄏㄨㄤˊ ㄋㄧㄡˊ
黃老,1,ㄏㄨㄤˊ ㄌㄠˇ
黃鸝,1,ㄏㄨㄤˊ ㄌㄧˊ
黃曆,1,ㄏㄨㄤˊ ㄌㄧˋ
黃連,1,ㄏㄨㄤˊ ㄌㄧㄢˊ
黃粱一夢,1,ㄏㄨㄤˊ ㄌㄧㄤˊ ㄧ ㄇㄥˋ
黃粱一夢,1,ㄏㄨㄤˊ ㄌㄧㄤˊ ㄧˊ ㄇㄥˋ
黃花閨女,1,ㄏㄨㄤˊ ㄏㄨㄚ ㄍㄨㄟ ㄋㄩˇ
黃昏,1,ㄏㄨㄤˊ ㄏㄨㄣ
黃巾,1,ㄏㄨㄤˊ ㄐㄧㄣ
黃金,1,ㄏㄨㄤˊ ㄐㄧㄣ
黃金時代,1,ㄏㄨㄤˊ ㄐㄧㄣ ㄕˊ ㄉㄞˋ
黃金時段,1,ㄏㄨㄤˊ ㄐㄧㄣ ㄕˊ ㄉㄨㄢˋ
黃腔,1,ㄏㄨㄤˊ ㄑㄧㄤ
黃泉,1,ㄏㄨㄤˊ ㄑㄩㄢˊ
黃鼠狼,1,ㄏㄨㄤˊ ㄕㄨˇ ㄌㄤˊ
黃色,1,ㄏㄨㄤˊ ㄙㄜˋ
黃色新聞,1,ㄏㄨㄤˊ ㄙㄜˋ ㄒㄧㄣ ㄨㄣˊ
黃油,1,ㄏㄨㄤˊ ㄧㄡˊ
潢,1,ㄏㄨㄤˊ
璜,1,ㄏㄨㄤˊ
磺,1,ㄏㄨㄤˊ
磺胺劑,1,ㄏㄨㄤˊ ㄢ ㄐㄧˋ
簧,1,ㄏㄨㄤˊ
簧片,1,ㄏㄨㄤˊ ㄆㄧㄢˋ
恍,1,ㄏㄨㄤˇ
恍惚,1,ㄏㄨㄤˇ ㄏㄨ
恍然,1,ㄏㄨㄤˇ ㄖㄢˊ
恍然大悟,1,ㄏㄨㄤˇ ㄖㄢˊ ㄉㄚˋ ㄨˋ
恍如隔世,1,ㄏㄨㄤˇ ㄖㄨˊ ㄍㄜˊ ㄕˋ
恍若,1,ㄏㄨㄤˇ ㄖㄨㄛˋ
恍若隔世,1,ㄏㄨㄤˇ ㄖㄨㄛˋ ㄍㄜˊ ㄕˋ
晃,1,ㄏㄨㄤˇ
幌,1,ㄏㄨㄤˇ
幌子,1,ㄏㄨㄤˇ ㄗ˙
謊,1,ㄏㄨㄤˇ
謊報,1,ㄏㄨㄤˇ ㄅㄠˋ
謊話,1,ㄏㄨㄤˇ ㄏㄨㄚˋ
謊言,1,ㄏㄨㄤˇ ㄧㄢˊ
晃,1,ㄏㄨㄤˋ
晃蕩,1,ㄏㄨㄤˋ ㄉㄤˋ
晃動,1,ㄏㄨㄤˋ ㄉㄨㄥˋ
吽,1,ㄏㄨㄥ
哄,1,ㄏㄨㄥ
哄抬物價,1,ㄏㄨㄥ ㄊㄞˊ ㄨˋ ㄐㄧㄚˋ
哄堂大笑,1,ㄏㄨㄥ ㄊㄤˊ ㄉㄚˋ ㄒㄧㄠˋ
烘,1,ㄏㄨㄥ
烘焙,1,ㄏㄨㄥ ㄅㄟˋ
烘托,1,ㄏㄨㄥ ㄊㄨㄛ
烘乾,1,ㄏㄨㄥ ㄍㄢ
烘烤,1,ㄏㄨㄥ ㄎㄠˇ
烘製,1,ㄏㄨㄥ ㄓˋ
烘雲托月,1,ㄏㄨㄥ ㄩㄣˊ ㄊㄨㄛ ㄩㄝˋ
訇,1,ㄏㄨㄥ
薨,1,ㄏㄨㄥ
轟,1,ㄏㄨㄥ
轟動,1,ㄏㄨㄥ ㄉㄨㄥˋ
轟轟烈烈,1,ㄏㄨㄥ ㄏㄨㄥ ㄌㄧㄝˋ ㄌㄧㄝˋ
轟擊,1,ㄏㄨㄥ ㄐㄧˊ
轟炸,1,ㄏㄨㄥ ㄓㄚˋ
弘,1,ㄏㄨㄥˊ
弘法,1,ㄏㄨㄥˊ ㄈㄚˇ
弘毅,1,ㄏㄨㄥˊ ㄧˋ
弘揚,1,ㄏㄨㄥˊ ㄧㄤˊ
弘願,1,ㄏㄨㄥˊ ㄩㄢˋ
泓,1,ㄏㄨㄥˊ
宏,1,ㄏㄨㄥˊ
宏大,1,ㄏㄨㄥˊ ㄉㄚˋ
宏圖,1,ㄏㄨㄥˊ ㄊㄨˊ
宏亮,1,ㄏㄨㄥˊ ㄌㄧㄤˋ
宏觀,1,ㄏㄨㄥˊ ㄍㄨㄢ
宏旨,1,ㄏㄨㄥˊ ㄓˇ
宏儒碩學,1,ㄏㄨㄥˊ ㄖㄨˊ ㄕㄨㄛˋ ㄒㄩㄝˊ
宏揚,1,ㄏㄨㄥˊ ㄧㄤˊ
宏偉,1,ㄏㄨㄥˊ ㄨㄟˇ
宏偉壯觀,1,ㄏㄨㄥˊ ㄨㄟˇ ㄓㄨㄤˋ ㄍㄨㄢ
宏願,1,ㄏㄨㄥˊ ㄩㄢˋ
紘,1,ㄏㄨㄥˊ
閎,1,ㄏㄨㄥˊ
洪,1,ㄏㄨㄥˊ
洪福,1,ㄏㄨㄥˊ ㄈㄨˊ
洪福齊天,1,ㄏㄨㄥˊ ㄈㄨˊ ㄑㄧˊ ㄊㄧㄢ
洪濤,1,ㄏㄨㄥˊ ㄊㄠˊ
洪洞縣,1,ㄏㄨㄥˊ ㄊㄨㄥˊ ㄒㄧㄢˋ
洪流,1,ㄏㄨㄥˊ ㄌㄧㄡˊ
洪亮,1,ㄏㄨㄥˊ ㄌㄧㄤˋ
洪量,1,ㄏㄨㄥˊ ㄌㄧㄤˋ
洪爐,1,ㄏㄨㄥˊ ㄌㄨˊ
洪荒,1,ㄏㄨㄥˊ ㄏㄨㄤ
洪荒時代,1,ㄏㄨㄥˊ ㄏㄨㄤ ㄕˊ ㄉㄞˋ
洪水,1,ㄏㄨㄥˊ ㄕㄨㄟˇ
洪水猛獸,1,ㄏㄨㄥˊ ㄕㄨㄟˇ ㄇㄥˇ ㄕㄡˋ
虹,1,ㄏㄨㄥˊ
虹膜,1,ㄏㄨㄥˊ ㄇㄛˊ
虹吸管,1,ㄏㄨㄥˊ ㄒㄧ ㄍㄨㄢˇ
虹吸現象,1,ㄏㄨㄥˊ ㄒㄧ ㄒㄧㄢˋ ㄒㄧㄤˋ
紅,1,ㄏㄨㄥˊ
紅白事,1,ㄏㄨㄥˊ ㄅㄞˊ ㄕˋ
紅包,1,ㄏㄨㄥˊ ㄅㄠ
紅寶石,1,ㄏㄨㄥˊ ㄅㄠˇ ㄕˊ
紅牌,1,ㄏㄨㄥˊ ㄆㄞˊ
紅盤,1,ㄏㄨㄥˊ ㄆㄢˊ
紅毛,1,ㄏㄨㄥˊ ㄇㄠˊ
紅木,1,ㄏㄨㄥˊ ㄇㄨˋ
紅粉知己,1,ㄏㄨㄥˊ ㄈㄣˇ ㄓ ㄐㄧˇ
紅得發紫,1,ㄏㄨㄥˊ ㄉㄜ˙ ㄈㄚ ㄗˇ
紅毯,1,ㄏㄨㄥˊ ㄊㄢˇ
紅糖,1,ㄏㄨㄥˊ ㄊㄤˊ
紅男綠女,1,ㄏㄨㄥˊ ㄋㄢˊ ㄌㄩˋ ㄋㄩˇ
紅娘,1,ㄏㄨㄥˊ ㄋㄧㄤˊ
紅利,1,ㄏㄨㄥˊ ㄌㄧˋ
紅綠燈,1,ㄏㄨㄥˊ ㄌㄩˋ ㄉㄥ
紅光,1,ㄏㄨㄥˊ ㄍㄨㄤ
紅花綠葉,1,ㄏㄨㄥˊ ㄏㄨㄚ ㄌㄩˋ ㄧㄝˋ
紅軍,1,ㄏㄨㄥˊ ㄐㄩㄣ
紅血球,1,ㄏㄨㄥˊ ㄒㄧㄝˇ ㄑㄧㄡˊ
紅星,1,ㄏㄨㄥˊ ㄒㄧㄥ
紅杏出牆,1,ㄏㄨㄥˊ ㄒㄧㄥˋ ㄔㄨ ㄑㄧㄤˊ
紅中,1,ㄏㄨㄥˊ ㄓㄨㄥ
紅腫,1,ㄏㄨㄥˊ ㄓㄨㄥˇ
紅塵,1,ㄏㄨㄥˊ ㄔㄣˊ
紅塵萬丈,1,ㄏㄨㄥˊ ㄔㄣˊ ㄨㄢˋ ㄓㄤˋ
紅脣族,1,ㄏㄨㄥˊ ㄔㄨㄣˊ ㄗㄨˊ
紅十字會,1,ㄏㄨㄥˊ ㄕˊ ㄗˋ ㄏㄨㄟˋ
紅燒,1,ㄏㄨㄥˊ ㄕㄠ
紅樹林,1,ㄏㄨㄥˊ ㄕㄨˋ ㄌㄧㄣˊ
紅人,1,ㄏㄨㄥˊ ㄖㄣˊ
紅潤,1,ㄏㄨㄥˊ ㄖㄨㄣˋ
紅色,1,ㄏㄨㄥˊ ㄙㄜˋ
紅葉,1,ㄏㄨㄥˊ ㄧㄝˋ
紅顏,1,ㄏㄨㄥˊ ㄧㄢˊ
紅眼,1,ㄏㄨㄥˊ ㄧㄢˇ
紅外線,1,ㄏㄨㄥˊ ㄨㄞˋ ㄒㄧㄢˋ
訌,1,ㄏㄨㄥˊ
鴻,1,ㄏㄨㄥˊ
鴻毛,1,ㄏㄨㄥˊ ㄇㄠˊ
鴻福,1,ㄏㄨㄥˊ ㄈㄨˊ
鴻圖,1,ㄏㄨㄥˊ ㄊㄨˊ
鴻圖大展,1,ㄏㄨㄥˊ ㄊㄨˊ ㄉㄚˋ ㄓㄢˇ
鴻溝,1,ㄏㄨㄥˊ ㄍㄡ
鴻鵠大志,1,ㄏㄨㄥˊ ㄏㄨˊ ㄉㄚˋ ㄓˋ
鴻爪,1,ㄏㄨㄥˊ ㄓㄠˇ
鴻爪,1,ㄏㄨㄥˊ ㄓㄨㄚˇ
鴻儒,1,ㄏㄨㄥˊ ㄖㄨˊ
鴻文,1,ㄏㄨㄥˊ ㄨㄣˊ
鴻運,1,ㄏㄨㄥˊ ㄩㄣˋ
黌,1,ㄏㄨㄥˊ
黌宮,1,ㄏㄨㄥˊ ㄍㄨㄥ
哄,1,ㄏㄨㄥˇ
哄騙,1,ㄏㄨㄥˇ ㄆㄧㄢˋ
鬨,1,ㄏㄨㄥˋ
几,1,ㄐㄧ
肌,1,ㄐㄧ
肌膚,1,ㄐㄧ ㄈㄨ
肌膚之親,1,ㄐㄧ ㄈㄨ ㄓ ㄑㄧㄣ
肌腱,1,ㄐㄧ ㄐㄧㄢˋ
肌肉,1,ㄐㄧ ㄖㄡˋ
飢,1,ㄐㄧ
飢不擇食,1,ㄐㄧ ㄅㄨˋ ㄗㄜˊ ㄕˊ
飢民,1,ㄐㄧ ㄇㄧㄣˊ
飢渴,1,ㄐㄧ ㄎㄜˇ
飢寒,1,ㄐㄧ ㄏㄢˊ
飢寒交迫,1,ㄐㄧ ㄏㄢˊ ㄐㄧㄠ ㄆㄛˋ
飢腸轆轆,1,ㄐㄧ ㄔㄤˊ ㄌㄨˋ ㄌㄨˋ
飢餓,1,ㄐㄧ ㄜˋ
乩,1,ㄐㄧ
乩童,1,ㄐㄧ ㄊㄨㄥˊ
其,1,ㄐㄧ
基,1,ㄐㄧ
基本,1,ㄐㄧ ㄅㄣˇ
基本工資,1,ㄐㄧ ㄅㄣˇ ㄍㄨㄥ ㄗ
基肥,1,ㄐㄧ ㄈㄟˊ
基地,1,ㄐㄧ ㄉㄧˋ
基點,1,ㄐㄧ ㄉㄧㄢˇ
基督,1,ㄐㄧ ㄉㄨ
基督教,1,ㄐㄧ ㄉㄨ ㄐㄧㄠˋ
基金,1,ㄐㄧ ㄐㄧㄣ
基金會,1,ㄐㄧ ㄐㄧㄣ ㄏㄨㄟˋ
基準,1,ㄐㄧ ㄓㄨㄣˇ
基礎,1,ㄐㄧ ㄔㄨˇ
基石,1,ㄐㄧ ㄕˊ
基數,1,ㄐㄧ ㄕㄨˋ
基座,1,ㄐㄧ ㄗㄨㄛˋ
基層,1,ㄐㄧ ㄘㄥˊ
基業,1,ㄐㄧ ㄧㄝˋ
基因,1,ㄐㄧ ㄧㄣ
期,1,ㄐㄧ
棋,1,ㄐㄧ
箕,1,ㄐㄧ
奇,1,ㄐㄧ
奇數,1,ㄐㄧ ㄕㄨˋ
犄,1,ㄐㄧ
犄角,1,ㄐㄧ ㄐㄧㄠˇ
畸,1,ㄐㄧ
畸零,1,ㄐㄧ ㄌㄧㄥˊ
畸零地,1,ㄐㄧ ㄌㄧㄥˊ ㄉㄧˋ
畸形,1,ㄐㄧ ㄒㄧㄥˊ
笄,1,ㄐㄧ
屐,1,ㄐㄧ
姬,1,ㄐㄧ
嵇,1,ㄐㄧ
稽,1,ㄐㄧ
稽核,1,ㄐㄧ ㄏㄜˊ
稽徵,1,ㄐㄧ ㄓㄥ
稽查,1,ㄐㄧ ㄔㄚˊ
稽查員,1,ㄐㄧ ㄔㄚˊ ㄩㄢˊ
幾,1,ㄐㄧ
幾乎,1,ㄐㄧ ㄏㄨ
嘰,1,ㄐㄧ
嘰哩咕嚕,1,ㄐㄧ ㄌㄧ ㄍㄨ ㄌㄨ
嘰嘰喳喳,1,ㄐㄧ ㄐㄧ ㄓㄚ ㄓㄚ
畿,1,ㄐㄧ
璣,1,ㄐㄧ
機,1,ㄐㄧ
機不可失,1,ㄐㄧ ㄅㄨˋ ㄎㄜˇ ㄕ
機票,1,ㄐㄧ ㄆㄧㄠˋ
機密,1,ㄐㄧ ㄇㄧˋ
機密文件,1,ㄐㄧ ㄇㄧˋ ㄨㄣˊ ㄐㄧㄢˋ
機房,1,ㄐㄧ ㄈㄤˊ
機動,1,ㄐㄧ ㄉㄨㄥˋ
機能,1,ㄐㄧ ㄋㄥˊ
機伶,1,ㄐㄧ ㄌㄧㄥˊ
機靈,1,ㄐㄧ ㄌㄧㄥˊ
機率,1,ㄐㄧ ㄌㄩˋ
機構,1,ㄐㄧ ㄍㄡˋ
機關,1,ㄐㄧ ㄍㄨㄢ
機關槍,1,ㄐㄧ ㄍㄨㄢ ㄑㄧㄤ
機關車,1,ㄐㄧ ㄍㄨㄢ ㄔㄜ
機會,1,ㄐㄧ ㄏㄨㄟˋ
機會主義,1,ㄐㄧ ㄏㄨㄟˋ ㄓㄨˇ ㄧˋ
機會成本,1,ㄐㄧ ㄏㄨㄟˋ ㄔㄥˊ ㄅㄣˇ
機件,1,ㄐㄧ ㄐㄧㄢˋ
機警,1,ㄐㄧ ㄐㄧㄥˇ
機具,1,ㄐㄧ ㄐㄩˋ
機器,1,ㄐㄧ ㄑㄧˋ
機器設備,1,ㄐㄧ ㄑㄧˋ ㄕㄜˋ ㄅㄟˋ
機器人,1,ㄐㄧ ㄑㄧˋ ㄖㄣˊ
機槍,1,ㄐㄧ ㄑㄧㄤ
機械,1,ㄐㄧ ㄒㄧㄝˋ
機械化,1,ㄐㄧ ㄒㄧㄝˋ ㄏㄨㄚˋ
機先,1,ㄐㄧ ㄒㄧㄢ
機智,1,ㄐㄧ ㄓˋ
機車,1,ㄐㄧ ㄔㄜ
機場,1,ㄐㄧ ㄔㄤˇ
機師,1,ㄐㄧ ㄕ
機宜,1,ㄐㄧ ㄧˊ
機要,1,ㄐㄧ ㄧㄠˋ
機油,1,ㄐㄧ ㄧㄡˊ
機遇,1,ㄐㄧ ㄩˋ
機緣,1,ㄐㄧ ㄩㄢˊ
機緣湊巧,1,ㄐㄧ ㄩㄢˊ ㄘㄡˋ ㄑㄧㄠˇ
機運,1,ㄐㄧ ㄩㄣˋ
禨,1,ㄐㄧ
禨祥,1,ㄐㄧ ㄒㄧㄤˊ
磯,1,ㄐㄧ
磯釣,1,ㄐㄧ ㄉㄧㄠˋ
譏,1,ㄐㄧ
譏評,1,ㄐㄧ ㄆㄧㄥˊ
譏諷,1,ㄐㄧ ㄈㄥˋ
譏笑,1,ㄐㄧ ㄒㄧㄠˋ
饑,1,ㄐㄧ
饑荒,1,ㄐㄧ ㄏㄨㄤ
跡,1,ㄐㄧ
跡象,1,ㄐㄧ ㄒㄧㄤˋ
激,1,ㄐㄧ
激辯,1,ㄐㄧ ㄅㄧㄢˋ
激變,1,ㄐㄧ ㄅㄧㄢˋ
激發,1,ㄐㄧ ㄈㄚ
激憤,1,ㄐㄧ ㄈㄣˋ
激奮,1,ㄐㄧ ㄈㄣˋ
激盪,1,ㄐㄧ ㄉㄤˋ
激動,1,ㄐㄧ ㄉㄨㄥˋ
激怒,1,ㄐㄧ ㄋㄨˋ
激勵,1,ㄐㄧ ㄌㄧˋ
激烈,1,ㄐㄧ ㄌㄧㄝˋ
激流,1,ㄐㄧ ㄌㄧㄡˊ
激化,1,ㄐㄧ ㄏㄨㄚˋ
激進,1,ㄐㄧ ㄐㄧㄣˋ
激將法,1,ㄐㄧ ㄐㄧㄤˋ ㄈㄚˇ
激切,1,ㄐㄧ ㄑㄧㄝˋ
激情,1,ㄐㄧ ㄑㄧㄥˊ
激戰,1,ㄐㄧ ㄓㄢˋ
激賞,1,ㄐㄧ ㄕㄤˇ
激增,1,ㄐㄧ ㄗㄥ
激素,1,ㄐㄧ ㄙㄨˋ
激昂,1,ㄐㄧ ㄤˊ
積,1,ㄐㄧ
積弊,1,ㄐㄧ ㄅㄧˋ
積木,1,ㄐㄧ ㄇㄨˋ
積非成是,1,ㄐㄧ ㄈㄟ ㄔㄥˊ ㄕˋ
積分,1,ㄐㄧ ㄈㄣ
積德,1,ㄐㄧ ㄉㄜˊ
積體電路,1,ㄐㄧ ㄊㄧˇ ㄉㄧㄢˋ ㄌㄨˋ
積累,1,ㄐㄧ ㄌㄟˇ
積勞成疾,1,ㄐㄧ ㄌㄠˊ ㄔㄥˊ ㄐㄧˊ
積極,1,ㄐㄧ ㄐㄧˊ
積漸,1,ㄐㄧ ㄐㄧㄢˋ
積聚,1,ㄐㄧ ㄐㄩˋ
積欠,1,ㄐㄧ ㄑㄧㄢˋ
積蓄,1,ㄐㄧ ㄒㄩˋ
積重難返,1,ㄐㄧ ㄓㄨㄥˋ ㄋㄢˊ ㄈㄢˇ
積少成多,1,ㄐㄧ ㄕㄠˇ ㄔㄥˊ ㄉㄨㄛ
積壓,1,ㄐㄧ ㄧㄚ
積鬱,1,ㄐㄧ ㄩˋ
積怨,1,ㄐㄧ ㄩㄢˋ
績,1,ㄐㄧ
績效,1,ㄐㄧ ㄒㄧㄠˋ
績學,1,ㄐㄧ ㄒㄩㄝˊ
績優,1,ㄐㄧ ㄧㄡ
蹟,1,ㄐㄧ
雞,1,ㄐㄧ
雞婆,1,ㄐㄧ ㄆㄛˊ
雞皮疙瘩,1,ㄐㄧ ㄆㄧˊ ㄍㄜ ㄉㄚˊ
雞皮疙瘩,1,ㄐㄧ ㄆㄧˊ ㄍㄜ ㄉㄚ˙
雞皮鶴髮,1,ㄐㄧ ㄆㄧˊ ㄏㄜˋ ㄈㄚˇ
雞毛撢子,1,ㄐㄧ ㄇㄠˊ ㄉㄢˇ ㄗ˙
雞毛蒜皮,1,ㄐㄧ ㄇㄠˊ ㄙㄨㄢˋ ㄆㄧˊ
雞鳴狗盜,1,ㄐㄧ ㄇㄧㄥˊ ㄍㄡˇ ㄉㄠˋ
雞飛狗跳,1,ㄐㄧ ㄈㄟ ㄍㄡˇ ㄊㄧㄠˋ
雞蛋裡挑骨頭,1,ㄐㄧ ㄉㄢˋ ㄌㄧˇ ㄊㄧㄠ ㄍㄨˊ ㄊㄡ˙
雞同鴨講,1,ㄐㄧ ㄊㄨㄥˊ ㄧㄚ ㄐㄧㄤˇ
雞肋,1,ㄐㄧ ㄌㄜˋ
雞冠,1,ㄐㄧ ㄍㄨㄢ
雞口牛後,1,ㄐㄧ ㄎㄡˇ ㄋㄧㄡˊ ㄏㄡˋ
雞犬不寧,1,ㄐㄧ ㄑㄩㄢˇ ㄅㄨˋ ㄋㄧㄥˊ
雞犬不留,1,ㄐㄧ ㄑㄩㄢˇ ㄅㄨˋ ㄌㄧㄡˊ
雞胸,1,ㄐㄧ ㄒㄩㄥ
雞眼,1,ㄐㄧ ㄧㄢˇ
雞尾酒,1,ㄐㄧ ㄨㄟˇ ㄐㄧㄡˇ
齎,1,ㄐㄧ
躋,1,ㄐㄧ
躋身,1,ㄐㄧ ㄕㄣ
齏,1,ㄐㄧ
羈,1,ㄐㄧ
羈絆,1,ㄐㄧ ㄅㄢˋ
羈留,1,ㄐㄧ ㄌㄧㄡˊ
羈束,1,ㄐㄧ ㄕㄨˋ
羈押,1,ㄐㄧ ㄧㄚ
及,1,ㄐㄧˊ
及第,1,ㄐㄧˊ ㄉㄧˋ
及格,1,ㄐㄧˊ ㄍㄜˊ
及時,1,ㄐㄧˊ ㄕˊ
及早,1,ㄐㄧˊ ㄗㄠˇ
伋,1,ㄐㄧˊ
汲,1,ㄐㄧˊ
汲汲,1,ㄐㄧˊ ㄐㄧˊ
汲汲營營,1,ㄐㄧˊ ㄐㄧˊ ㄧㄥˊ ㄧㄥˊ
汲取,1,ㄐㄧˊ ㄑㄩˇ
汲水,1,ㄐㄧˊ ㄕㄨㄟˇ
汲引,1,ㄐㄧˊ ㄧㄣˇ
岌,1,ㄐㄧˊ
岌岌,1,ㄐㄧˊ ㄐㄧˊ
岌岌可危,1,ㄐㄧˊ ㄐㄧˊ ㄎㄜˇ ㄨㄟˊ
笈,1,ㄐㄧˊ
級,1,ㄐㄧˊ
級別,1,ㄐㄧˊ ㄅㄧㄝˊ
級會,1,ㄐㄧˊ ㄏㄨㄟˋ
級距,1,ㄐㄧˊ ㄐㄩˋ
級長,1,ㄐㄧˊ ㄓㄤˇ
級數,1,ㄐㄧˊ ㄕㄨˋ
級任,1,ㄐㄧˊ ㄖㄣˋ
級任導師,1,ㄐㄧˊ ㄖㄣˋ ㄉㄠˇ ㄕ
級任制,1,ㄐㄧˊ ㄖㄣˋ ㄓˋ
級次,1,ㄐㄧˊ ㄘˋ
吉,1,ㄐㄧˊ
吉普車,1,ㄐㄧˊ ㄆㄨˇ ㄔㄜ
吉他,1,ㄐㄧˊ ㄊㄚ
吉利,1,ㄐㄧˊ ㄌㄧˋ
吉魯巴,1,ㄐㄧˊ ㄌㄨˇ ㄅㄚ
吉光片羽,1,ㄐㄧˊ ㄍㄨㄤ ㄆㄧㄢˋ ㄩˇ
吉慶,1,ㄐㄧˊ ㄑㄧㄥˋ
吉羊,1,ㄐㄧˊ ㄒㄧㄤˊ
吉祥,1,ㄐㄧˊ ㄒㄧㄤˊ
吉兆,1,ㄐㄧˊ ㄓㄠˋ
吉日,1,ㄐㄧˊ ㄖˋ
吉人天相,1,ㄐㄧˊ ㄖㄣˊ ㄊㄧㄢ ㄒㄧㄤˋ
佶,1,ㄐㄧˊ
佶屈聱牙,1,ㄐㄧˊ ㄑㄩ ㄠˊ ㄧㄚˊ
吃,1,ㄐㄧˊ
即,1,ㄐㄧˊ
即可,1,ㄐㄧˊ ㄎㄜˇ
即刻,1,ㄐㄧˊ ㄎㄜˋ
即今,1,ㄐㄧˊ ㄐㄧㄣ
即將,1,ㄐㄧˊ ㄐㄧㄤ
即席,1,ㄐㄧˊ ㄒㄧˊ
即興,1,ㄐㄧˊ ㄒㄧㄥˋ
即時,1,ㄐㄧˊ ㄕˊ
即使,1,ㄐㄧˊ ㄕˇ
即日,1,ㄐㄧˊ ㄖˋ
即位,1,ㄐㄧˊ ㄨㄟˋ
唧,1,ㄐㄧˊ
唧筒,1,ㄐㄧˊ ㄊㄨㄥˇ
革,1,ㄐㄧˊ
亟,1,ㄐㄧˊ
亟待,1,ㄐㄧˊ ㄉㄞˋ
亟欲,1,ㄐㄧˊ ㄩˋ
亟需,1,ㄐㄧˊ ㄒㄩ
亟思,1,ㄐㄧˊ ㄙ
極,1,ㄐㄧˊ
極品,1,ㄐㄧˊ ㄆㄧㄣˇ
極目,1,ㄐㄧˊ ㄇㄨˋ
極地,1,ㄐㄧˊ ㄉㄧˋ
極點,1,ㄐㄧˊ ㄉㄧㄢˇ
極度,1,ㄐㄧˊ ㄉㄨˋ
極端,1,ㄐㄧˊ ㄉㄨㄢ
極樂,1,ㄐㄧˊ ㄌㄜˋ
極樂世界,1,ㄐㄧˊ ㄌㄜˋ ㄕˋ ㄐㄧㄝˋ
極力,1,ㄐㄧˊ ㄌㄧˋ
極光,1,ㄐㄧˊ ㄍㄨㄤ
極權,1,ㄐㄧˊ ㄑㄩㄢˊ
極限,1,ㄐㄧˊ ㄒㄧㄢˋ
極刑,1,ㄐㄧˊ ㄒㄧㄥˊ
極致,1,ㄐㄧˊ ㄓˋ
殛,1,ㄐㄧˊ
急,1,ㄐㄧˊ
急迫,1,ㄐㄧˊ ㄆㄛˋ
急忙,1,ㄐㄧˊ ㄇㄤˊ
急待,1,ㄐㄧˊ ㄉㄞˋ
急湍,1,ㄐㄧˊ ㄊㄨㄢ
急難,1,ㄐㄧˊ ㄋㄢˋ
急流,1,ㄐㄧˊ ㄌㄧㄡˊ
急流勇退,1,ㄐㄧˊ ㄌㄧㄡˊ ㄩㄥˇ ㄊㄨㄟˋ
急公好義,1,ㄐㄧˊ ㄍㄨㄥ ㄏㄠˋ ㄧˋ
急功近利,1,ㄐㄧˊ ㄍㄨㄥ ㄐㄧㄣˋ ㄌㄧˋ
急救,1,ㄐㄧˊ ㄐㄧㄡˋ
急就章,1,ㄐㄧˊ ㄐㄧㄡˋ ㄓㄤ
急件,1,ㄐㄧˊ ㄐㄧㄢˋ
急進,1,ㄐㄧˊ ㄐㄧㄣˋ
急驚風,1,ㄐㄧˊ ㄐㄧㄥ ㄈㄥ
急劇,1,ㄐㄧˊ ㄐㄩˋ
急遽,1,ㄐㄧˊ ㄐㄩˋ
急起直追,1,ㄐㄧˊ ㄑㄧˇ ㄓˊ ㄓㄨㄟ
急切,1,ㄐㄧˊ ㄑㄧㄝˋ
急性,1,ㄐㄧˊ ㄒㄧㄥˋ
急性子,1,ㄐㄧˊ ㄒㄧㄥˋ ㄗ˙
急需,1,ㄐㄧˊ ㄒㄩ
急診,1,ㄐㄧˊ ㄓㄣˇ
急症,1,ㄐㄧˊ ㄓㄥˋ
急轉直下,1,ㄐㄧˊ ㄓㄨㄢˇ ㄓˊ ㄒㄧㄚˋ
急中生智,1,ㄐㄧˊ ㄓㄨㄥ ㄕㄥ ㄓˋ
急煞,1,ㄐㄧˊ ㄕㄚˋ
急躁,1,ㄐㄧˊ ㄗㄠˋ
急驟,1,ㄐㄧˊ ㄗㄡˋ
急促,1,ㄐㄧˊ ㄘㄨˋ
急速,1,ㄐㄧˊ ㄙㄨˋ
急務,1,ㄐㄧˊ ㄨˋ
急用,1,ㄐㄧˊ ㄩㄥˋ
疾,1,ㄐㄧˊ
疾病,1,ㄐㄧˊ ㄅㄧㄥˋ
疾步,1,ㄐㄧˊ ㄅㄨˋ
疾風,1,ㄐㄧˊ ㄈㄥ
疾風迅雷,1,ㄐㄧˊ ㄈㄥ ㄒㄩㄣˋ ㄌㄟˊ
疾苦,1,ㄐㄧˊ ㄎㄨˇ
疾呼,1,ㄐㄧˊ ㄏㄨ
疾行,1,ㄐㄧˊ ㄒㄧㄥˊ
疾馳,1,ㄐㄧˊ ㄔˊ
疾駛,1,ㄐㄧˊ ㄕˇ
疾惡如仇,1,ㄐㄧˊ ㄜˋ ㄖㄨˊ ㄔㄡˊ
疾言厲色,1,ㄐㄧˊ ㄧㄢˊ ㄌㄧˋ ㄙㄜˋ
嫉,1,ㄐㄧˊ
嫉妒,1,ㄐㄧˊ ㄉㄨˋ
嫉惡如仇,1,ㄐㄧˊ ㄜˋ ㄖㄨˊ ㄔㄡˊ
蒺,1,ㄐㄧˊ
蒺藜,1,ㄐㄧˊ ㄌㄧˊ
寂,1,ㄐㄧˊ
寂寞,1,ㄐㄧˊ ㄇㄛˋ
寂滅,1,ㄐㄧˊ ㄇㄧㄝˋ
寂寥,1,ㄐㄧˊ ㄌㄧㄠˊ
寂靜,1,ㄐㄧˊ ㄐㄧㄥˋ
棘,1,ㄐㄧˊ
棘皮動物,1,ㄐㄧˊ ㄆㄧˊ ㄉㄨㄥˋ ㄨˋ
棘手,1,ㄐㄧˊ ㄕㄡˇ
集,1,ㄐㄧˊ
集體,1,ㄐㄧˊ ㄊㄧˇ
集體訴訟,1,ㄐㄧˊ ㄊㄧˇ ㄙㄨˋ ㄙㄨㄥˋ
集團,1,ㄐㄧˊ ㄊㄨㄢˊ
集合,1,ㄐㄧˊ ㄏㄜˊ
集會,1,ㄐㄧˊ ㄏㄨㄟˋ
集結,1,ㄐㄧˊ ㄐㄧㄝˊ
集錦,1,ㄐㄧˊ ㄐㄧㄣˇ
集聚,1,ㄐㄧˊ ㄐㄩˋ
集權,1,ㄐㄧˊ ㄑㄩㄢˊ
集訓,1,ㄐㄧˊ ㄒㄩㄣˋ
集中,1,ㄐㄧˊ ㄓㄨㄥ
集資,1,ㄐㄧˊ ㄗ
集思廣益,1,ㄐㄧˊ ㄙ ㄍㄨㄤˇ ㄧˋ
集散,1,ㄐㄧˊ ㄙㄢˋ
集腋成裘,1,ㄐㄧˊ ㄧㄝˋ ㄔㄥˊ ㄑㄧㄡˊ
集郵,1,ㄐㄧˊ ㄧㄡˊ
楫,1,ㄐㄧˊ
戢,1,ㄐㄧˊ
輯,1,ㄐㄧˊ
輯錄,1,ㄐㄧˊ ㄌㄨˋ
輯要,1,ㄐㄧˊ ㄧㄠˋ
瘠,1,ㄐㄧˊ
蹐,1,ㄐㄧˊ
鶺,1,ㄐㄧˊ
鶺鴒,1,ㄐㄧˊ ㄌㄧㄥˊ
擊,1,ㄐㄧˊ
擊敗,1,ㄐㄧˊ ㄅㄞˋ
擊斃,1,ㄐㄧˊ ㄅㄧˋ
擊破,1,ㄐㄧˊ ㄆㄛˋ
擊倒,1,ㄐㄧˊ ㄉㄠˇ
擊退,1,ㄐㄧˊ ㄊㄨㄟˋ
擊落,1,ㄐㄧˊ ㄌㄨㄛˋ
擊鼓申冤,1,ㄐㄧˊ ㄍㄨˇ ㄕㄣ ㄩㄢ
擊潰,1,ㄐㄧˊ ㄎㄨㄟˋ
擊毀,1,ㄐㄧˊ ㄏㄨㄟˇ
擊劍,1,ㄐㄧˊ ㄐㄧㄢˋ
擊掌,1,ㄐㄧˊ ㄓㄤˇ
擊中,1,ㄐㄧˊ ㄓㄨㄥˋ
擊出,1,ㄐㄧˊ ㄔㄨ
擊傷,1,ㄐㄧˊ ㄕㄤ
藉,1,ㄐㄧˊ
籍,1,ㄐㄧˊ
籍貫,1,ㄐㄧˊ ㄍㄨㄢˋ
籍籍無名,1,ㄐㄧˊ ㄐㄧˊ ㄨˊ ㄇㄧㄥˊ
己,1,ㄐㄧˇ
己飢己溺,1,ㄐㄧˇ ㄐㄧ ㄐㄧˇ ㄋㄧˋ
己所不欲勿施於人,1,ㄐㄧˇ ㄙㄨㄛˇ ㄅㄨˋ ㄩˋ ㄨˋ ㄕ ㄩˊ ㄖㄣˊ
己所不欲勿施於人,1,ㄐㄧˇ ㄙㄨㄛˇ ㄅㄨˊ ㄩˋ ㄨˋ ㄕ ㄩˊ ㄖㄣˊ
脊,1,ㄐㄧˇ
脊梁,1,ㄐㄧˇ ㄌㄧㄤˊ
脊柱,1,ㄐㄧˇ ㄓㄨˋ
脊椎,1,ㄐㄧˇ ㄓㄨㄟ
脊椎動物,1,ㄐㄧˇ ㄓㄨㄟ ㄉㄨㄥˋ ㄨˋ
脊髓,1,ㄐㄧˇ ㄙㄨㄟˇ
戟,1,ㄐㄧˇ
給,1,ㄐㄧˇ
給付,1,ㄐㄧˇ ㄈㄨˋ
給水,1,ㄐㄧˇ ㄕㄨㄟˇ
給予,1,ㄐㄧˇ ㄩˇ
給與,1,ㄐㄧˇ ㄩˇ
幾,1,ㄐㄧˇ
幾多,1,ㄐㄧˇ ㄉㄨㄛ
幾何,1,ㄐㄧˇ ㄏㄜˊ
幾何學,1,ㄐㄧˇ ㄏㄜˊ ㄒㄩㄝˊ
幾許,1,ㄐㄧˇ ㄒㄩˇ
麂,1,ㄐㄧˇ
踦,1,ㄐㄧˇ
濟,1,ㄐㄧˇ
濟濟,1,ㄐㄧˇ ㄐㄧˇ
濟濟多士,1,ㄐㄧˇ ㄐㄧˇ ㄉㄨㄛ ㄕˋ
擠,1,ㄐㄧˇ
擠眉弄眼,1,ㄐㄧˇ ㄇㄟˊ ㄋㄨㄥˋ ㄧㄢˇ
擠滿,1,ㄐㄧˇ ㄇㄢˇ
擠兌,1,ㄐㄧˇ ㄉㄨㄟˋ
擠成一團,1,ㄐㄧˇ ㄔㄥˊ ㄧ ㄊㄨㄢˊ
擠成一團,1,ㄐㄧˇ ㄔㄥˊ ㄧˋ ㄊㄨㄢˊ
擠壓,1,ㄐㄧˇ ㄧㄚ
伎,1,ㄐㄧˋ
伎倆,1,ㄐㄧˋ ㄌㄧㄤˇ
技,1,ㄐㄧˋ
技法,1,ㄐㄧˋ ㄈㄚˇ
技能,1,ㄐㄧˋ ㄋㄥˊ
技倆,1,ㄐㄧˋ ㄌㄧㄤˇ
技高一籌,1,ㄐㄧˋ ㄍㄠ ㄧ ㄔㄡˊ
技高一籌,1,ㄐㄧˋ ㄍㄠ ㄧˋ ㄔㄡˊ
技工,1,ㄐㄧˋ ㄍㄨㄥ
技巧,1,ㄐㄧˋ ㄑㄧㄠˇ
技正,1,ㄐㄧˋ ㄓㄥˋ
技師,1,ㄐㄧˋ ㄕ
技士,1,ㄐㄧˋ ㄕˋ
技術,1,ㄐㄧˋ ㄕㄨˋ
技術合作,1,ㄐㄧˋ ㄕㄨˋ ㄏㄜˊ ㄗㄨㄛˋ
技藝,1,ㄐㄧˋ ㄧˋ
技癢,1,ㄐㄧˋ ㄧㄤˇ
妓,1,ㄐㄧˋ
妓女,1,ㄐㄧˋ ㄋㄩˇ
妓院,1,ㄐㄧˋ ㄩㄢˋ
芰,1,ㄐㄧˋ
忌,1,ㄐㄧˋ
忌憚,1,ㄐㄧˋ ㄉㄢˋ
忌口,1,ㄐㄧˋ ㄎㄡˇ
忌諱,1,ㄐㄧˋ ㄏㄨㄟˋ
忌日,1,ㄐㄧˋ ㄖˋ
紀,1,ㄐㄧˋ
紀年,1,ㄐㄧˋ ㄋㄧㄢˊ
紀念,1,ㄐㄧˋ ㄋㄧㄢˋ
紀念碑,1,ㄐㄧˋ ㄋㄧㄢˋ ㄅㄟ
紀念幣,1,ㄐㄧˋ ㄋㄧㄢˋ ㄅㄧˋ
紀念品,1,ㄐㄧˋ ㄋㄧㄢˋ ㄆㄧㄣˇ
紀念堂,1,ㄐㄧˋ ㄋㄧㄢˋ ㄊㄤˊ
紀念日,1,ㄐㄧˋ ㄋㄧㄢˋ ㄖˋ
紀念冊,1,ㄐㄧˋ ㄋㄧㄢˋ ㄘㄜˋ
紀錄,1,ㄐㄧˋ ㄌㄨˋ
紀錄片,1,ㄐㄧˋ ㄌㄨˋ ㄆㄧㄢˋ
紀律,1,ㄐㄧˋ ㄌㄩˋ
紀實,1,ㄐㄧˋ ㄕˊ
紀事,1,ㄐㄧˋ ㄕˋ
紀要,1,ㄐㄧˋ ㄧㄠˋ
紀聞,1,ㄐㄧˋ ㄨㄣˊ
紀元,1,ㄐㄧˋ ㄩㄢˊ
記,1,ㄐㄧˋ
記名,1,ㄐㄧˋ ㄇㄧㄥˊ
記得,1,ㄐㄧˋ ㄉㄜ˙
記錄,1,ㄐㄧˋ ㄌㄨˋ
記掛,1,ㄐㄧˋ ㄍㄨㄚˋ
記過,1,ㄐㄧˋ ㄍㄨㄛˋ
記功,1,ㄐㄧˋ ㄍㄨㄥ
記號,1,ㄐㄧˋ ㄏㄠˋ
記取,1,ㄐㄧˋ ㄑㄩˇ
記趣,1,ㄐㄧˋ ㄑㄩˋ
記性,1,ㄐㄧˋ ㄒㄧㄥˋ
記敘文,1,ㄐㄧˋ ㄒㄩˋ ㄨㄣˊ
記者,1,ㄐㄧˋ ㄓㄜˇ
記帳,1,ㄐㄧˋ ㄓㄤˋ
記住,1,ㄐㄧˋ ㄓㄨˋ
記事,1,ㄐㄧˋ ㄕˋ
記述,1,ㄐㄧˋ ㄕㄨˋ
記載,1,ㄐㄧˋ ㄗㄞˋ
記憶,1,ㄐㄧˋ ㄧˋ
記憶體,1,ㄐㄧˋ ㄧˋ ㄊㄧˇ
記憶猶新,1,ㄐㄧˋ ㄧˋ ㄧㄡˊ ㄒㄧㄣ
跽,1,ㄐㄧˋ
季,1,ㄐㄧˋ
季風,1,ㄐㄧˋ ㄈㄥ
季刊,1,ㄐㄧˋ ㄎㄢ
季節,1,ㄐㄧˋ ㄐㄧㄝˊ
季節性,1,ㄐㄧˋ ㄐㄧㄝˊ ㄒㄧㄥˋ
季軍,1,ㄐㄧˋ ㄐㄩㄣ
悸,1,ㄐㄧˋ
悸動,1,ㄐㄧˋ ㄉㄨㄥˋ
洎,1,ㄐㄧˋ
計,1,ㄐㄧˋ
計票,1,ㄐㄧˋ ㄆㄧㄠˋ
計謀,1,ㄐㄧˋ ㄇㄡˊ
計費,1,ㄐㄧˋ ㄈㄟˋ
計分,1,ㄐㄧˋ ㄈㄣ
計量,1,ㄐㄧˋ ㄌㄧㄤˊ
計量,1,ㄐㄧˋ ㄌㄧㄤˋ
計畫,1,ㄐㄧˋ ㄏㄨㄚˋ
計畫經濟,1,ㄐㄧˋ ㄏㄨㄚˋ ㄐㄧㄥ ㄐㄧˋ
計劃,1,ㄐㄧˋ ㄏㄨㄚˋ
計價,1,ㄐㄧˋ ㄐㄧㄚˋ
計較,1,ㄐㄧˋ ㄐㄧㄠˋ
計程車,1,ㄐㄧˋ ㄔㄥˊ ㄔㄜ
計時,1,ㄐㄧˋ ㄕˊ
計策,1,ㄐㄧˋ ㄘㄜˋ
計算,1,ㄐㄧˋ ㄙㄨㄢˋ
計算機,1,ㄐㄧˋ ㄙㄨㄢˋ ㄐㄧ
既,1,ㄐㄧˋ
既得利益,1,ㄐㄧˋ ㄉㄜˊ ㄌㄧˋ ㄧˋ
既定,1,ㄐㄧˋ ㄉㄧㄥˋ
既成事實,1,ㄐㄧˋ ㄔㄥˊ ㄕˋ ㄕˊ
既然,1,ㄐㄧˋ ㄖㄢˊ
既有,1,ㄐㄧˋ ㄧㄡˇ
暨,1,ㄐㄧˋ
寄,1,ㄐㄧˋ
寄賣,1,ㄐㄧˋ ㄇㄞˋ
寄發,1,ㄐㄧˋ ㄈㄚ
寄放,1,ㄐㄧˋ ㄈㄤˋ
寄託,1,ㄐㄧˋ ㄊㄨㄛ
寄籍,1,ㄐㄧˋ ㄐㄧˊ
寄居,1,ㄐㄧˋ ㄐㄩ
寄居蟹,1,ㄐㄧˋ ㄐㄩ ㄒㄧㄝˋ
寄情,1,ㄐㄧˋ ㄑㄧㄥˊ
寄信,1,ㄐㄧˋ ㄒㄧㄣˋ
寄主,1,ㄐㄧˋ ㄓㄨˇ
寄生,1,ㄐㄧˋ ㄕㄥ
寄生蟲,1,ㄐㄧˋ ㄕㄥ ㄔㄨㄥˊ
寄人籬下,1,ㄐㄧˋ ㄖㄣˊ ㄌㄧˊ ㄒㄧㄚˋ
寄存,1,ㄐㄧˋ ㄘㄨㄣˊ
寄宿,1,ㄐㄧˋ ㄙㄨˋ
寄養,1,ㄐㄧˋ ㄧㄤˇ
寄望,1,ㄐㄧˋ ㄨㄤˋ
寄予,1,ㄐㄧˋ ㄩˇ
寄語,1,ㄐㄧˋ ㄩˇ
偈,1,ㄐㄧˋ
祭,1,ㄐㄧˋ
祭拜,1,ㄐㄧˋ ㄅㄞˋ
祭品,1,ㄐㄧˋ ㄆㄧㄣˇ
祭禱,1,ㄐㄧˋ ㄉㄠˇ
祭悼,1,ㄐㄧˋ ㄉㄠˋ
祭典,1,ㄐㄧˋ ㄉㄧㄢˇ
祭壇,1,ㄐㄧˋ ㄊㄢˊ
祭禮,1,ㄐㄧˋ ㄌㄧˇ
祭灶,1,ㄐㄧˋ ㄗㄠˋ
祭祖,1,ㄐㄧˋ ㄗㄨˇ
祭司,1,ㄐㄧˋ ㄙ
祭祀,1,ㄐㄧˋ ㄙˋ
祭掃,1,ㄐㄧˋ ㄙㄠˇ
祭文,1,ㄐㄧˋ ㄨㄣˊ
際,1,ㄐㄧˋ
際會,1,ㄐㄧˋ ㄏㄨㄟˋ
際遇,1,ㄐㄧˋ ㄩˋ
齊,1,ㄐㄧˋ
劑,1,ㄐㄧˋ
濟,1,ㄐㄧˋ
濟貧,1,ㄐㄧˋ ㄆㄧㄣˊ
濟急,1,ㄐㄧˋ ㄐㄧˊ
濟助,1,ㄐㄧˋ ㄓㄨˋ
濟世,1,ㄐㄧˋ ㄕˋ
濟弱扶傾,1,ㄐㄧˋ ㄖㄨㄛˋ ㄈㄨˊ ㄑㄧㄥ
薺,1,ㄐㄧˋ
霽,1,ㄐㄧˋ
稷,1,ㄐㄧˋ
髻,1,ㄐㄧˋ
冀,1,ㄐㄧˋ
冀圖,1,ㄐㄧˋ ㄊㄨˊ
冀求,1,ㄐㄧˋ ㄑㄧㄡˊ
冀望,1,ㄐㄧˋ ㄨㄤˋ
驥,1,ㄐㄧˋ
薊,1,ㄐㄧˋ
覬,1,ㄐㄧˋ
覬覦,1,ㄐㄧˋ ㄩˊ
鯽,1,ㄐㄧˋ
繫,1,ㄐㄧˋ
繼,1,ㄐㄧˋ
繼母,1,ㄐㄧˋ ㄇㄨˇ
繼父,1,ㄐㄧˋ ㄈㄨˋ
繼續,1,ㄐㄧˋ ㄒㄩˋ
繼志,1,ㄐㄧˋ ㄓˋ
繼承,1,ㄐㄧˋ ㄔㄥˊ
繼室,1,ㄐㄧˋ ㄕˋ
繼任,1,ㄐㄧˋ ㄖㄣˋ
繼子,1,ㄐㄧˋ ㄗˇ
繼位,1,ㄐㄧˋ ㄨㄟˋ
繼往開來,1,ㄐㄧˋ ㄨㄤˇ ㄎㄞ ㄌㄞˊ
加,1,ㄐㄧㄚ
加把勁,1,ㄐㄧㄚ ㄅㄚˇ ㄐㄧㄥˋ
加倍,1,ㄐㄧㄚ ㄅㄟˋ
加班,1,ㄐㄧㄚ ㄅㄢ
加派,1,ㄐㄧㄚ ㄆㄞˋ
加碼,1,ㄐㄧㄚ ㄇㄚˇ
加盟,1,ㄐㄧㄚ ㄇㄥˊ
加冕,1,ㄐㄧㄚ ㄇㄧㄢˇ
加添,1,ㄐㄧㄚ ㄊㄧㄢ
加料,1,ㄐㄧㄚ ㄌㄧㄠˋ
加侖,1,ㄐㄧㄚ ㄌㄨㄣˊ
加工,1,ㄐㄧㄚ ㄍㄨㄥ
加工區,1,ㄐㄧㄚ ㄍㄨㄥ ㄑㄩ
加工出口區,1,ㄐㄧㄚ ㄍㄨㄥ ㄔㄨ ㄎㄡˇ ㄑㄩ
加快,1,ㄐㄧㄚ ㄎㄨㄞˋ
加害,1,ㄐㄧㄚ ㄏㄞˋ
加護病房,1,ㄐㄧㄚ ㄏㄨˋ ㄅㄧㄥˋ ㄈㄤˊ
加給,1,ㄐㄧㄚ ㄐㄧˇ
加減,1,ㄐㄧㄚ ㄐㄧㄢˇ
加緊,1,ㄐㄧㄚ ㄐㄧㄣˇ
加劇,1,ㄐㄧㄚ ㄐㄩˋ
加強,1,ㄐㄧㄚ ㄑㄧㄤˊ
加薪,1,ㄐㄧㄚ ㄒㄧㄣ
加值網路,1,ㄐㄧㄚ ㄓˊ ㄨㄤˇ ㄌㄨˋ
加裝,1,ㄐㄧㄚ ㄓㄨㄤ
加重,1,ㄐㄧㄚ ㄓㄨㄥˋ
加成,1,ㄐㄧㄚ ㄔㄥˊ
加深,1,ㄐㄧㄚ ㄕㄣ
加熱,1,ㄐㄧㄚ ㄖㄜˋ
加入,1,ㄐㄧㄚ ㄖㄨˋ
加足馬力,1,ㄐㄧㄚ ㄗㄨˊ ㄇㄚˇ ㄌㄧˋ
加菜金,1,ㄐㄧㄚ ㄘㄞˋ ㄐㄧㄣ
加速,1,ㄐㄧㄚ ㄙㄨˋ
加速度,1,ㄐㄧㄚ ㄙㄨˋ ㄉㄨˋ
加壓,1,ㄐㄧㄚ ㄧㄚ
加油,1,ㄐㄧㄚ ㄧㄡˊ
加油添醋,1,ㄐㄧㄚ ㄧㄡˊ ㄊㄧㄢ ㄘㄨˋ
加油站,1,ㄐㄧㄚ ㄧㄡˊ ㄓㄢˋ
伽,1,ㄐㄧㄚ
珈,1,ㄐㄧㄚ
枷,1,ㄐㄧㄚ
枷鎖,1,ㄐㄧㄚ ㄙㄨㄛˇ
茄,1,ㄐㄧㄚ
迦,1,ㄐㄧㄚ
迦葉尊者,1,ㄐㄧㄚ ㄧㄝˋ ㄗㄨㄣ ㄓㄜˇ
痂,1,ㄐㄧㄚ
笳,1,ㄐㄧㄚ
袈,1,ㄐㄧㄚ
袈裟,1,ㄐㄧㄚ ㄕㄚ
跏,1,ㄐㄧㄚ
跏趺,1,ㄐㄧㄚ ㄈㄨ
嘉,1,ㄐㄧㄚ
嘉賓,1,ㄐㄧㄚ ㄅㄧㄣ
嘉勉,1,ㄐㄧㄚ ㄇㄧㄢˇ
嘉年華會,1,ㄐㄧㄚ ㄋㄧㄢˊ ㄏㄨㄚˊ ㄏㄨㄟˋ
嘉禾,1,ㄐㄧㄚ ㄏㄜˊ
嘉惠,1,ㄐㄧㄚ ㄏㄨㄟˋ
嘉獎,1,ㄐㄧㄚ ㄐㄧㄤˇ
嘉許,1,ㄐㄧㄚ ㄒㄩˇ
佳,1,ㄐㄧㄚ
佳評如潮,1,ㄐㄧㄚ ㄆㄧㄥˊ ㄖㄨˊ ㄔㄠˊ
佳釀,1,ㄐㄧㄚ ㄋㄧㄤˋ
佳麗,1,ㄐㄧㄚ ㄌㄧˋ
佳話,1,ㄐㄧㄚ ㄏㄨㄚˋ
佳績,1,ㄐㄧㄚ ㄐㄧ
佳節,1,ㄐㄧㄚ ㄐㄧㄝˊ
佳境,1,ㄐㄧㄚ ㄐㄧㄥˋ
佳句,1,ㄐㄧㄚ ㄐㄩˋ
佳期,1,ㄐㄧㄚ ㄑㄧˊ
佳城,1,ㄐㄧㄚ ㄔㄥˊ
佳人,1,ㄐㄧㄚ ㄖㄣˊ
佳作,1,ㄐㄧㄚ ㄗㄨㄛˋ
佳偶,1,ㄐㄧㄚ ㄡˇ
佳偶天成,1,ㄐㄧㄚ ㄡˇ ㄊㄧㄢ ㄔㄥˊ
佳餚,1,ㄐㄧㄚ ㄧㄠˊ
佳音,1,ㄐㄧㄚ ㄧㄣ
家,1,ㄐㄧㄚ
家破人亡,1,ㄐㄧㄚ ㄆㄛˋ ㄖㄣˊ ㄨㄤˊ
家貧,1,ㄐㄧㄚ ㄆㄧㄣˊ
家譜,1,ㄐㄧㄚ ㄆㄨˇ
家門,1,ㄐㄧㄚ ㄇㄣˊ
家母,1,ㄐㄧㄚ ㄇㄨˇ
家法,1,ㄐㄧㄚ ㄈㄚˇ
家風,1,ㄐㄧㄚ ㄈㄥ
家父,1,ㄐㄧㄚ ㄈㄨˋ
家道,1,ㄐㄧㄚ ㄉㄠˋ
家道中落,1,ㄐㄧㄚ ㄉㄠˋ ㄓㄨㄥ ㄌㄨㄛˋ
家當,1,ㄐㄧㄚ ㄉㄤˋ
家電,1,ㄐㄧㄚ ㄉㄧㄢˋ
家丁,1,ㄐㄧㄚ ㄉㄧㄥ
家天下,1,ㄐㄧㄚ ㄊㄧㄢ ㄒㄧㄚˋ
家庭,1,ㄐㄧㄚ ㄊㄧㄥˊ
家庭計畫,1,ㄐㄧㄚ ㄊㄧㄥˊ ㄐㄧˋ ㄏㄨㄚˋ
家庭教育,1,ㄐㄧㄚ ㄊㄧㄥˊ ㄐㄧㄠˋ ㄩˋ
家庭醫師,1,ㄐㄧㄚ ㄊㄧㄥˊ ㄧ ㄕ
家徒四壁,1,ㄐㄧㄚ ㄊㄨˊ ㄙˋ ㄅㄧˋ
家奴,1,ㄐㄧㄚ ㄋㄨˊ
家規,1,ㄐㄧㄚ ㄍㄨㄟ
家計,1,ㄐㄧㄚ ㄐㄧˋ
家祭,1,ㄐㄧㄚ ㄐㄧˋ
家家戶戶,1,ㄐㄧㄚ ㄐㄧㄚ ㄏㄨˋ ㄏㄨˋ
家家酒,1,ㄐㄧㄚ ㄐㄧㄚ ㄐㄧㄡˇ
家教,1,ㄐㄧㄚ ㄐㄧㄠˋ
家境,1,ㄐㄧㄚ ㄐㄧㄥˋ
家具,1,ㄐㄧㄚ ㄐㄩˋ
家眷,1,ㄐㄧㄚ ㄐㄩㄢˋ
家禽,1,ㄐㄧㄚ ㄑㄧㄣˊ
家小,1,ㄐㄧㄚ ㄒㄧㄠˇ
家信,1,ㄐㄧㄚ ㄒㄧㄣˋ
家鄉,1,ㄐㄧㄚ ㄒㄧㄤ
家學淵源,1,ㄐㄧㄚ ㄒㄩㄝˊ ㄩㄢ ㄩㄢˊ
家長,1,ㄐㄧㄚ ㄓㄤˇ
家政,1,ㄐㄧㄚ ㄓㄥˋ
家醜,1,ㄐㄧㄚ ㄔㄡˇ
家產,1,ㄐㄧㄚ ㄔㄢˇ
家常,1,ㄐㄧㄚ ㄔㄤˊ
家常便飯,1,ㄐㄧㄚ ㄔㄤˊ ㄅㄧㄢˋ ㄈㄢˋ
家畜,1,ㄐㄧㄚ ㄔㄨˋ
家傳,1,ㄐㄧㄚ ㄔㄨㄢˊ
家世,1,ㄐㄧㄚ ㄕˋ
家事,1,ㄐㄧㄚ ㄕˋ
家室,1,ㄐㄧㄚ ㄕˋ
家商,1,ㄐㄧㄚ ㄕㄤ
家書,1,ㄐㄧㄚ ㄕㄨ
家屬,1,ㄐㄧㄚ ㄕㄨˇ
家人,1,ㄐㄧㄚ ㄖㄣˊ
家賊,1,ㄐㄧㄚ ㄗㄟˊ
家族,1,ㄐㄧㄚ ㄗㄨˊ
家祠,1,ㄐㄧㄚ ㄘˊ
家慈,1,ㄐㄧㄚ ㄘˊ
家財,1,ㄐㄧㄚ ㄘㄞˊ
家業,1,ㄐㄧㄚ ㄧㄝˋ
家嚴,1,ㄐㄧㄚ ㄧㄢˊ
家務,1,ㄐㄧㄚ ㄨˋ
家喻戶曉,1,ㄐㄧㄚ ㄩˋ ㄏㄨˋ ㄒㄧㄠˇ
家園,1,ㄐㄧㄚ ㄩㄢˊ
家用,1,ㄐㄧㄚ ㄩㄥˋ
傢,1,ㄐㄧㄚ
傢伙,1,ㄐㄧㄚ ㄏㄨㄛˇ
傢伙,1,ㄐㄧㄚ ㄏㄨㄛ˙
葭,1,ㄐㄧㄚ
夾,1,ㄐㄧㄚˊ
夾板,1,ㄐㄧㄚˊ ㄅㄢˇ
夾縫,1,ㄐㄧㄚˊ ㄈㄥˋ
夾帶,1,ㄐㄧㄚˊ ㄉㄞˋ
夾道,1,ㄐㄧㄚˊ ㄉㄠˋ
夾攻,1,ㄐㄧㄚˊ ㄍㄨㄥ
夾克,1,ㄐㄧㄚˊ ㄎㄜˋ
夾擊,1,ㄐㄧㄚˊ ㄐㄧˊ
夾竹桃,1,ㄐㄧㄚˊ ㄓㄨˊ ㄊㄠˊ
夾注號,1,ㄐㄧㄚˊ ㄓㄨˋ ㄏㄠˋ
夾子,1,ㄐㄧㄚˊ ㄗ˙
夾雜,1,ㄐㄧㄚˊ ㄗㄚˊ
夾層,1,ㄐㄧㄚˊ ㄘㄥˊ
夾層屋,1,ㄐㄧㄚˊ ㄘㄥˊ ㄨ
浹,1,ㄐㄧㄚˊ
莢,1,ㄐㄧㄚˊ
蛺,1,ㄐㄧㄚˊ
蛺蝶,1,ㄐㄧㄚˊ ㄉㄧㄝˊ
鋏,1,ㄐㄧㄚˊ
頰,1,ㄐㄧㄚˊ
戛,1,ㄐㄧㄚˊ
戛然而止,1,ㄐㄧㄚˊ ㄖㄢˊ ㄦˊ ㄓˇ
甲,1,ㄐㄧㄚˇ
甲板,1,ㄐㄧㄚˇ ㄅㄢˇ
甲等,1,ㄐㄧㄚˇ ㄉㄥˇ
甲骨文,1,ㄐㄧㄚˇ ㄍㄨˇ ㄨㄣˊ
甲殼,1,ㄐㄧㄚˇ ㄎㄜˊ
甲冑,1,ㄐㄧㄚˇ ㄓㄡˋ
甲狀腺,1,ㄐㄧㄚˇ ㄓㄨㄤˋ ㄒㄧㄢˋ
甲蟲,1,ㄐㄧㄚˇ ㄔㄨㄥˊ
甲子,1,ㄐㄧㄚˇ ㄗˇ
甲魚,1,ㄐㄧㄚˇ ㄩˊ
岬,1,ㄐㄧㄚˇ
胛,1,ㄐㄧㄚˇ
舺,1,ㄐㄧㄚˇ
鉀,1,ㄐㄧㄚˇ
夏,1,ㄐㄧㄚˇ
假,1,ㄐㄧㄚˇ
假扮,1,ㄐㄧㄚˇ ㄅㄢˋ
假寐,1,ㄐㄧㄚˇ ㄇㄟˋ
假冒,1,ㄐㄧㄚˇ ㄇㄠˋ
假面具,1,ㄐㄧㄚˇ ㄇㄧㄢˋ ㄐㄩˋ
假髮,1,ㄐㄧㄚˇ ㄈㄚˇ
假道學,1,ㄐㄧㄚˇ ㄉㄠˋ ㄒㄩㄝˊ
假定,1,ㄐㄧㄚˇ ㄉㄧㄥˋ
假公濟私,1,ㄐㄧㄚˇ ㄍㄨㄥ ㄐㄧˋ ㄙ
假扣押,1,ㄐㄧㄚˇ ㄎㄡˋ ㄧㄚ
假借,1,ㄐㄧㄚˇ ㄐㄧㄝˋ
假戲真做,1,ㄐㄧㄚˇ ㄒㄧˋ ㄓㄣ ㄗㄨㄛˋ
假仙,1,ㄐㄧㄚˇ ㄒㄧㄢ
假想,1,ㄐㄧㄚˇ ㄒㄧㄤˇ
假象,1,ㄐㄧㄚˇ ㄒㄧㄤˋ
假惺惺,1,ㄐㄧㄚˇ ㄒㄧㄥ ㄒㄧㄥ
假性近視,1,ㄐㄧㄚˇ ㄒㄧㄥˋ ㄐㄧㄣˋ ㄕˋ
假裝,1,ㄐㄧㄚˇ ㄓㄨㄤ
假使,1,ㄐㄧㄚˇ ㄕˇ
假釋,1,ㄐㄧㄚˇ ㄕˋ
假設,1,ㄐㄧㄚˇ ㄕㄜˋ
假手他人,1,ㄐㄧㄚˇ ㄕㄡˇ ㄊㄚ ㄖㄣˊ
假山,1,ㄐㄧㄚˇ ㄕㄢ
假如,1,ㄐㄧㄚˇ ㄖㄨˊ
假若,1,ㄐㄧㄚˇ ㄖㄨㄛˋ
假造,1,ㄐㄧㄚˇ ㄗㄠˋ
假以顏色,1,ㄐㄧㄚˇ ㄧˇ ㄧㄢˊ ㄙㄜˋ
假意,1,ㄐㄧㄚˇ ㄧˋ
假牙,1,ㄐㄧㄚˇ ㄧㄚˊ
賈,1,ㄐㄧㄚˇ
架,1,ㄐㄧㄚˋ
架構,1,ㄐㄧㄚˋ ㄍㄡˋ
架空,1,ㄐㄧㄚˋ ㄎㄨㄥ
架勢,1,ㄐㄧㄚˋ ㄕˋ
架式,1,ㄐㄧㄚˋ ㄕˋ
架設,1,ㄐㄧㄚˋ ㄕㄜˋ
架子,1,ㄐㄧㄚˋ ㄗ˙
架走,1,ㄐㄧㄚˋ ㄗㄡˇ
駕,1,ㄐㄧㄚˋ
駕崩,1,ㄐㄧㄚˋ ㄅㄥ
駕臨,1,ㄐㄧㄚˋ ㄌㄧㄣˊ
駕鶴西歸,1,ㄐㄧㄚˋ ㄏㄜˋ ㄒㄧ ㄍㄨㄟ
駕輕就熟,1,ㄐㄧㄚˋ ㄑㄧㄥ ㄐㄧㄡˋ ㄕㄡˊ
駕照,1,ㄐㄧㄚˋ ㄓㄠˋ
駕車,1,ㄐㄧㄚˋ ㄔㄜ
駕駛,1,ㄐㄧㄚˋ ㄕˇ
駕馭,1,ㄐㄧㄚˋ ㄩˋ
假,1,ㄐㄧㄚˋ
假期,1,ㄐㄧㄚˋ ㄑㄧˊ
假日,1,ㄐㄧㄚˋ ㄖˋ
假日花市,1,ㄐㄧㄚˋ ㄖˋ ㄏㄨㄚ ㄕˋ
嫁,1,ㄐㄧㄚˋ
嫁奩,1,ㄐㄧㄚˋ ㄌㄧㄢˊ
嫁禍,1,ㄐㄧㄚˋ ㄏㄨㄛˋ
嫁雞隨雞嫁狗隨狗,1,ㄐㄧㄚˋ ㄐㄧ ㄙㄨㄟˊ ㄐㄧ ㄐㄧㄚˋ ㄍㄡˇ ㄙㄨㄟˊ ㄍㄡˇ
嫁接,1,ㄐㄧㄚˋ ㄐㄧㄝ
嫁娶,1,ㄐㄧㄚˋ ㄑㄩˇ
嫁妝,1,ㄐㄧㄚˋ ㄓㄨㄤ
稼,1,ㄐㄧㄚˋ
價,1,ㄐㄧㄚˋ
價碼,1,ㄐㄧㄚˋ ㄇㄚˇ
價目,1,ㄐㄧㄚˋ ㄇㄨˋ
價廉物美,1,ㄐㄧㄚˋ ㄌㄧㄢˊ ㄨˋ ㄇㄟˇ
價格,1,ㄐㄧㄚˋ ㄍㄜˊ
價款,1,ㄐㄧㄚˋ ㄎㄨㄢˇ
價錢,1,ㄐㄧㄚˋ ㄑㄧㄢˊ
價值,1,ㄐㄧㄚˋ ㄓˊ
價值連城,1,ㄐㄧㄚˋ ㄓˊ ㄌㄧㄢˊ ㄔㄥˊ
價值觀,1,ㄐㄧㄚˋ ㄓˊ ㄍㄨㄢ
價位,1,ㄐㄧㄚˋ ㄨㄟˋ
皆,1,ㄐㄧㄝ
皆大歡喜,1,ㄐㄧㄝ ㄉㄚˋ ㄏㄨㄢ ㄒㄧˇ
階,1,ㄐㄧㄝ
階段,1,ㄐㄧㄝ ㄉㄨㄢˋ
階梯,1,ㄐㄧㄝ ㄊㄧ
階級,1,ㄐㄧㄝ ㄐㄧˊ
階下囚,1,ㄐㄧㄝ ㄒㄧㄚˋ ㄑㄧㄡˊ
階層,1,ㄐㄧㄝ ㄘㄥˊ
接,1,ㄐㄧㄝ
接駁,1,ㄐㄧㄝ ㄅㄛˊ
接班,1,ㄐㄧㄝ ㄅㄢ
接辦,1,ㄐㄧㄝ ㄅㄢˋ
接棒,1,ㄐㄧㄝ ㄅㄤˋ
接風,1,ㄐㄧㄝ ㄈㄥ
接縫,1,ㄐㄧㄝ ㄈㄥˋ
接待,1,ㄐㄧㄝ ㄉㄞˋ
接頭,1,ㄐㄧㄝ ㄊㄡˊ
接替,1,ㄐㄧㄝ ㄊㄧˋ
接納,1,ㄐㄧㄝ ㄋㄚˋ
接力賽,1,ㄐㄧㄝ ㄌㄧˋ ㄙㄞˋ
接連,1,ㄐㄧㄝ ㄌㄧㄢˊ
接骨,1,ㄐㄧㄝ ㄍㄨˇ
接管,1,ㄐㄧㄝ ㄍㄨㄢˇ
接客,1,ㄐㄧㄝ ㄎㄜˋ
接合,1,ㄐㄧㄝ ㄏㄜˊ
接獲,1,ㄐㄧㄝ ㄏㄨㄛˋ
接濟,1,ㄐㄧㄝ ㄐㄧˋ
接見,1,ㄐㄧㄝ ㄐㄧㄢˋ
接近,1,ㄐㄧㄝ ㄐㄧㄣˋ
接洽,1,ㄐㄧㄝ ㄑㄧㄚˋ
接線生,1,ㄐㄧㄝ ㄒㄧㄢˋ ㄕㄥ
接續,1,ㄐㄧㄝ ㄒㄩˋ
接枝,1,ㄐㄧㄝ ㄓ
接招,1,ㄐㄧㄝ ㄓㄠ
接掌,1,ㄐㄧㄝ ㄓㄤˇ
接踵,1,ㄐㄧㄝ ㄓㄨㄥˇ
接踵而來,1,ㄐㄧㄝ ㄓㄨㄥˇ ㄦˊ ㄌㄞˊ
接種,1,ㄐㄧㄝ ㄓㄨㄥˋ
接觸,1,ㄐㄧㄝ ㄔㄨˋ
接殺,1,ㄐㄧㄝ ㄕㄚ
接收,1,ㄐㄧㄝ ㄕㄡ
接手,1,ㄐㄧㄝ ㄕㄡˇ
接受,1,ㄐㄧㄝ ㄕㄡˋ
接生,1,ㄐㄧㄝ ㄕㄥ
接任,1,ㄐㄧㄝ ㄖㄣˋ
接壤,1,ㄐㄧㄝ ㄖㄤˇ
接二連三,1,ㄐㄧㄝ ㄦˋ ㄌㄧㄢˊ ㄙㄢ
接引,1,ㄐㄧㄝ ㄧㄣˇ
接應,1,ㄐㄧㄝ ㄧㄥˋ
接吻,1,ㄐㄧㄝ ㄨㄣˇ
揭,1,ㄐㄧㄝ
揭幕,1,ㄐㄧㄝ ㄇㄨˋ
揭發,1,ㄐㄧㄝ ㄈㄚ
揭露,1,ㄐㄧㄝ ㄌㄨˋ
揭竿,1,ㄐㄧㄝ ㄍㄢ
揭開,1,ㄐㄧㄝ ㄎㄞ
揭曉,1,ㄐㄧㄝ ㄒㄧㄠˇ
揭櫫,1,ㄐㄧㄝ ㄓㄨ
揭穿,1,ㄐㄧㄝ ㄔㄨㄢ
揭示,1,ㄐㄧㄝ ㄕˋ
街,1,ㄐㄧㄝ
街坊,1,ㄐㄧㄝ ㄈㄤ
街道,1,ㄐㄧㄝ ㄉㄠˋ
街頭巷尾,1,ㄐㄧㄝ ㄊㄡˊ ㄒㄧㄤˋ ㄨㄟˇ
街談巷議,1,ㄐㄧㄝ ㄊㄢˊ ㄒㄧㄤˋ ㄧˋ
街角,1,ㄐㄧㄝ ㄐㄧㄠˇ
街市,1,ㄐㄧㄝ ㄕˋ
街舞,1,ㄐㄧㄝ ㄨˇ
結,1,ㄐㄧㄝ
結巴,1,ㄐㄧㄝ ㄅㄚ
結巴,1,ㄐㄧㄝ ㄅㄚ˙
結實,1,ㄐㄧㄝ ㄕ˙
嗟,1,ㄐㄧㄝ
嗟嘆,1,ㄐㄧㄝ ㄊㄢˋ
嗟來食,1,ㄐㄧㄝ ㄌㄞˊ ㄕˊ
孑,1,ㄐㄧㄝˊ
孑孓,1,ㄐㄧㄝˊ ㄐㄩㄝˊ
孑然一身,1,ㄐㄧㄝˊ ㄖㄢˊ ㄧ ㄕㄣ
孑然一身,1,ㄐㄧㄝˊ ㄖㄢˊ ㄧˋ ㄕㄣ
劫,1,ㄐㄧㄝˊ
劫匪,1,ㄐㄧㄝˊ ㄈㄟˇ
劫難,1,ㄐㄧㄝˊ ㄋㄢˋ
劫掠,1,ㄐㄧㄝˊ ㄌㄩㄝˋ
劫後餘生,1,ㄐㄧㄝˊ ㄏㄡˋ ㄩˊ ㄕㄥ
劫機,1,ㄐㄧㄝˊ ㄐㄧ
劫持,1,ㄐㄧㄝˊ ㄔˊ
劫殺,1,ㄐㄧㄝˊ ㄕㄚ
劫數,1,ㄐㄧㄝˊ ㄕㄨˋ
杰,1,ㄐㄧㄝˊ
拮,1,ㄐㄧㄝˊ
拮据,1,ㄐㄧㄝˊ ㄐㄩ
桔,1,ㄐㄧㄝˊ
桔梗,1,ㄐㄧㄝˊ ㄍㄥˇ
結,1,ㄐㄧㄝˊ
結拜,1,ㄐㄧㄝˊ ㄅㄞˋ
結伴,1,ㄐㄧㄝˊ ㄅㄢˋ
結冰,1,ㄐㄧㄝˊ ㄅㄧㄥ
結膜,1,ㄐㄧㄝˊ ㄇㄛˊ
結盟,1,ㄐㄧㄝˊ ㄇㄥˊ
結髮,1,ㄐㄧㄝˊ ㄈㄚˇ
結黨,1,ㄐㄧㄝˊ ㄉㄤˇ
結黨營私,1,ㄐㄧㄝˊ ㄉㄤˇ ㄧㄥˊ ㄙ
結連理,1,ㄐㄧㄝˊ ㄌㄧㄢˊ ㄌㄧˇ
結論,1,ㄐㄧㄝˊ ㄌㄨㄣˋ
結構,1,ㄐㄧㄝˊ ㄍㄡˋ
結果,1,ㄐㄧㄝˊ ㄍㄨㄛˇ
結合,1,ㄐㄧㄝˊ ㄏㄜˊ
結核病,1,ㄐㄧㄝˊ ㄏㄜˊ ㄅㄧㄥˋ
結夥,1,ㄐㄧㄝˊ ㄏㄨㄛˇ
結匯,1,ㄐㄧㄝˊ ㄏㄨㄟˋ
結婚,1,ㄐㄧㄝˊ ㄏㄨㄣ
結交,1,ㄐㄧㄝˊ ㄐㄧㄠ
結晶,1,ㄐㄧㄝˊ ㄐㄧㄥ
結局,1,ㄐㄧㄝˊ ㄐㄩˊ
結訓,1,ㄐㄧㄝˊ ㄒㄩㄣˋ
結帳,1,ㄐㄧㄝˊ ㄓㄤˋ
結腸,1,ㄐㄧㄝˊ ㄔㄤˊ
結石,1,ㄐㄧㄝˊ ㄕˊ
結實,1,ㄐㄧㄝˊ ㄕˊ
結識,1,ㄐㄧㄝˊ ㄕˋ
結社,1,ㄐㄧㄝˊ ㄕㄜˋ
結束,1,ㄐㄧㄝˊ ㄕㄨˋ
結紮,1,ㄐㄧㄝˊ ㄓㄚˊ
結存,1,ㄐㄧㄝˊ ㄘㄨㄣˊ
結算,1,ㄐㄧㄝˊ ㄙㄨㄢˋ
結案,1,ㄐㄧㄝˊ ㄢˋ
結義,1,ㄐㄧㄝˊ ㄧˋ
結業,1,ㄐㄧㄝˊ ㄧㄝˋ
結尾,1,ㄐㄧㄝˊ ㄨㄟˇ
結餘,1,ㄐㄧㄝˊ ㄩˊ
結語,1,ㄐㄧㄝˊ ㄩˇ
結緣,1,ㄐㄧㄝˊ ㄩㄢˊ
結怨,1,ㄐㄧㄝˊ ㄩㄢˋ
詰,1,ㄐㄧㄝˊ
詰屈聱牙,1,ㄐㄧㄝˊ ㄑㄩ ㄠˊ ㄧㄚˊ
詰問,1,ㄐㄧㄝˊ ㄨㄣˋ
頡,1,ㄐㄧㄝˊ
擷,1,ㄐㄧㄝˊ
擷取,1,ㄐㄧㄝˊ ㄑㄩˇ
訐,1,ㄐㄧㄝˊ
桀,1,ㄐㄧㄝˊ
桀驁不馴,1,ㄐㄧㄝˊ ㄠˊ ㄅㄨˋ ㄒㄩㄣˊ
傑,1,ㄐㄧㄝˊ
傑出,1,ㄐㄧㄝˊ ㄔㄨ
傑作,1,ㄐㄧㄝˊ ㄗㄨㄛˋ
捷,1,ㄐㄧㄝˊ
捷報,1,ㄐㄧㄝˊ ㄅㄠˋ
捷徑,1,ㄐㄧㄝˊ ㄐㄧㄥˋ
捷足先登,1,ㄐㄧㄝˊ ㄗㄨˊ ㄒㄧㄢ ㄉㄥ
捷運系統,1,ㄐㄧㄝˊ ㄩㄣˋ ㄒㄧˋ ㄊㄨㄥˇ
婕,1,ㄐㄧㄝˊ
婕妤,1,ㄐㄧㄝˊ ㄩˊ
睫,1,ㄐㄧㄝˊ
睫毛,1,ㄐㄧㄝˊ ㄇㄠˊ
偈,1,ㄐㄧㄝˊ
竭,1,ㄐㄧㄝˊ
竭力,1,ㄐㄧㄝˊ ㄌㄧˋ
竭盡,1,ㄐㄧㄝˊ ㄐㄧㄣˋ
竭誠歡迎,1,ㄐㄧㄝˊ ㄔㄥˊ ㄏㄨㄢ ㄧㄥˊ
碣,1,ㄐㄧㄝˊ
羯,1,ㄐㄧㄝˊ
節,1,ㄐㄧㄝˊ
節拍,1,ㄐㄧㄝˊ ㄆㄞ
節目,1,ㄐㄧㄝˊ ㄇㄨˋ
節流,1,ㄐㄧㄝˊ ㄌㄧㄡˊ
節令,1,ㄐㄧㄝˊ ㄌㄧㄥˋ
節錄,1,ㄐㄧㄝˊ ㄌㄨˋ
節略,1,ㄐㄧㄝˊ ㄌㄩㄝˋ
節骨眼,1,ㄐㄧㄝˊ ㄍㄨˇ ㄧㄢˇ
節骨眼,1,ㄐㄧㄝˊ ㄍㄨ˙ ㄧㄢˇ
節節敗退,1,ㄐㄧㄝˊ ㄐㄧㄝˊ ㄅㄞˋ ㄊㄨㄟˋ
節節攀高,1,ㄐㄧㄝˊ ㄐㄧㄝˊ ㄆㄢ ㄍㄠ
節節失利,1,ㄐㄧㄝˊ ㄐㄧㄝˊ ㄕ ㄌㄧˋ
節儉,1,ㄐㄧㄝˊ ㄐㄧㄢˇ
節氣,1,ㄐㄧㄝˊ ㄑㄧˋ
節慶,1,ㄐㄧㄝˊ ㄑㄧㄥˋ
節制,1,ㄐㄧㄝˊ ㄓˋ
節食,1,ㄐㄧㄝˊ ㄕˊ
節省,1,ㄐㄧㄝˊ ㄕㄥˇ
節稅,1,ㄐㄧㄝˊ ㄕㄨㄟˋ
節日,1,ㄐㄧㄝˊ ㄖˋ
節奏,1,ㄐㄧㄝˊ ㄗㄡˋ
節操,1,ㄐㄧㄝˊ ㄘㄠ
節哀,1,ㄐㄧㄝˊ ㄞ
節哀順變,1,ㄐㄧㄝˊ ㄞ ㄕㄨㄣˋ ㄅㄧㄢˋ
節衣縮食,1,ㄐㄧㄝˊ ㄧ ㄙㄨㄛ ㄕˊ
節外生枝,1,ㄐㄧㄝˊ ㄨㄞˋ ㄕㄥ ㄓ
節餘,1,ㄐㄧㄝˊ ㄩˊ
節育,1,ㄐㄧㄝˊ ㄩˋ
節約,1,ㄐㄧㄝˊ ㄩㄝ
櫛,1,ㄐㄧㄝˊ
櫛比鱗次,1,ㄐㄧㄝˊ ㄅㄧˋ ㄌㄧㄣˊ ㄘˋ
櫛風沐雨,1,ㄐㄧㄝˊ ㄈㄥ ㄇㄨˋ ㄩˇ
癤,1,ㄐㄧㄝˊ
癤子,1,ㄐㄧㄝˊ ㄗ˙
截,1,ㄐㄧㄝˊ
截斷,1,ㄐㄧㄝˊ ㄉㄨㄢˋ
截稿,1,ㄐㄧㄝˊ ㄍㄠˇ
截獲,1,ㄐㄧㄝˊ ㄏㄨㄛˋ
截擊,1,ㄐㄧㄝˊ ㄐㄧˊ
截止,1,ㄐㄧㄝˊ ㄓˇ
截長補短,1,ㄐㄧㄝˊ ㄔㄤˊ ㄅㄨˇ ㄉㄨㄢˇ
截然不同,1,ㄐㄧㄝˊ ㄖㄢˊ ㄅㄨˋ ㄊㄨㄥˊ
截彎取直,1,ㄐㄧㄝˊ ㄨㄢ ㄑㄩˇ ㄓˊ
潔,1,ㄐㄧㄝˊ
潔白,1,ㄐㄧㄝˊ ㄅㄞˊ
潔白無瑕,1,ㄐㄧㄝˊ ㄅㄞˊ ㄨˊ ㄒㄧㄚˊ
潔淨,1,ㄐㄧㄝˊ ㄐㄧㄥˋ
潔身自好,1,ㄐㄧㄝˊ ㄕㄣ ㄗˋ ㄏㄠˋ
潔身自愛,1,ㄐㄧㄝˊ ㄕㄣ ㄗˋ ㄞˋ
姐,1,ㄐㄧㄝˇ
姐妹,1,ㄐㄧㄝˇ ㄇㄟˋ
姐妹花,1,ㄐㄧㄝˇ ㄇㄟˋ ㄏㄨㄚ
姐夫,1,ㄐㄧㄝˇ ㄈㄨ
姊,1,ㄐㄧㄝˇ
解,1,ㄐㄧㄝˇ
解剖,1,ㄐㄧㄝˇ ㄆㄡˇ
解聘,1,ㄐㄧㄝˇ ㄆㄧㄥˋ
解悶,1,ㄐㄧㄝˇ ㄇㄣˋ
解夢,1,ㄐㄧㄝˇ ㄇㄥˋ
解謎,1,ㄐㄧㄝˇ ㄇㄧˊ
解放,1,ㄐㄧㄝˇ ㄈㄤˋ
解答,1,ㄐㄧㄝˇ ㄉㄚˊ
解毒,1,ㄐㄧㄝˇ ㄉㄨˊ
解讀,1,ㄐㄧㄝˇ ㄉㄨˊ
解凍,1,ㄐㄧㄝˇ ㄉㄨㄥˋ
解套,1,ㄐㄧㄝˇ ㄊㄠˋ
解體,1,ㄐㄧㄝˇ ㄊㄧˇ
解脫,1,ㄐㄧㄝˇ ㄊㄨㄛ
解囊,1,ㄐㄧㄝˇ ㄋㄤˊ
解鈴還須繫鈴人,1,ㄐㄧㄝˇ ㄌㄧㄥˊ ㄏㄞˊ ㄒㄩ ㄒㄧˋ ㄌㄧㄥˊ ㄖㄣˊ
解僱,1,ㄐㄧㄝˇ ㄍㄨˋ
解渴,1,ㄐㄧㄝˇ ㄎㄜˇ
解開,1,ㄐㄧㄝˇ ㄎㄞ
解惑,1,ㄐㄧㄝˇ ㄏㄨㄛˋ
解甲歸田,1,ㄐㄧㄝˇ ㄐㄧㄚˇ ㄍㄨㄟ ㄊㄧㄢˊ
解酒,1,ㄐㄧㄝˇ ㄐㄧㄡˇ
解救,1,ㄐㄧㄝˇ ㄐㄧㄡˋ
解決,1,ㄐㄧㄝˇ ㄐㄩㄝˊ
解析,1,ㄐㄧㄝˇ ㄒㄧ
解嘲,1,ㄐㄧㄝˇ ㄔㄠˊ
解除,1,ㄐㄧㄝˇ ㄔㄨˊ
解釋,1,ㄐㄧㄝˇ ㄕˋ
解說,1,ㄐㄧㄝˇ ㄕㄨㄛ
解散,1,ㄐㄧㄝˇ ㄙㄢˋ
解衣推食,1,ㄐㄧㄝˇ ㄧ ㄊㄨㄟ ㄕˊ
解藥,1,ㄐㄧㄝˇ ㄧㄠˋ
解嚴,1,ㄐㄧㄝˇ ㄧㄢˊ
解圍,1,ㄐㄧㄝˇ ㄨㄟˊ
解約,1,ㄐㄧㄝˇ ㄩㄝ
介,1,ㄐㄧㄝˋ
介面卡,1,ㄐㄧㄝˋ ㄇㄧㄢˋ ㄎㄚˇ
介殼,1,ㄐㄧㄝˋ ㄎㄜˊ
介紹,1,ㄐㄧㄝˋ ㄕㄠˋ
介入,1,ㄐㄧㄝˋ ㄖㄨˋ
介詞,1,ㄐㄧㄝˋ ㄘˊ
介意,1,ㄐㄧㄝˋ ㄧˋ
芥,1,ㄐㄧㄝˋ
芥末,1,ㄐㄧㄝˋ ㄇㄛˋ
芥蒂,1,ㄐㄧㄝˋ ㄉㄧˋ
芥藍菜,1,ㄐㄧㄝˋ ㄌㄢˊ ㄘㄞˋ
芥子,1,ㄐㄧㄝˋ ㄗˇ
芥菜,1,ㄐㄧㄝˋ ㄘㄞˋ
疥,1,ㄐㄧㄝˋ
疥瘡,1,ㄐㄧㄝˋ ㄔㄨㄤ
界,1,ㄐㄧㄝˋ
界標,1,ㄐㄧㄝˋ ㄅㄧㄠ
界定,1,ㄐㄧㄝˋ ㄉㄧㄥˋ
界內球,1,ㄐㄧㄝˋ ㄋㄟˋ ㄑㄧㄡˊ
界限,1,ㄐㄧㄝˋ ㄒㄧㄢˋ
界線,1,ㄐㄧㄝˋ ㄒㄧㄢˋ
界址,1,ㄐㄧㄝˋ ㄓˇ
界說,1,ㄐㄧㄝˋ ㄕㄨㄛ
界外球,1,ㄐㄧㄝˋ ㄨㄞˋ ㄑㄧㄡˊ
蚧,1,ㄐㄧㄝˋ
戒,1,ㄐㄧㄝˋ
戒備,1,ㄐㄧㄝˋ ㄅㄟˋ
戒毒,1,ㄐㄧㄝˋ ㄉㄨˊ
戒律,1,ㄐㄧㄝˋ ㄌㄩˋ
戒護,1,ㄐㄧㄝˋ ㄏㄨˋ
戒懼,1,ㄐㄧㄝˋ ㄐㄩˋ
戒心,1,ㄐㄧㄝˋ ㄒㄧㄣ
戒指,1,ㄐㄧㄝˋ ㄓˇ
戒尺,1,ㄐㄧㄝˋ ㄔˇ
戒除,1,ㄐㄧㄝˋ ㄔㄨˊ
戒嚴,1,ㄐㄧㄝˋ ㄧㄢˊ
誡,1,ㄐㄧㄝˋ
屆,1,ㄐㄧㄝˋ
屆滿,1,ㄐㄧㄝˋ ㄇㄢˇ
屆臨,1,ㄐㄧㄝˋ ㄌㄧㄣˊ
屆期,1,ㄐㄧㄝˋ ㄑㄧˊ
屆時,1,ㄐㄧㄝˋ ㄕˊ
借,1,ㄐㄧㄝˋ
借貸,1,ㄐㄧㄝˋ ㄉㄞˋ
借刀殺人,1,ㄐㄧㄝˋ ㄉㄠ ㄕㄚ ㄖㄣˊ
借調,1,ㄐㄧㄝˋ ㄉㄧㄠˋ
借題發揮,1,ㄐㄧㄝˋ ㄊㄧˊ ㄈㄚ ㄏㄨㄟ
借款,1,ㄐㄧㄝˋ ㄎㄨㄢˇ
借花獻佛,1,ㄐㄧㄝˋ ㄏㄨㄚ ㄒㄧㄢˋ ㄈㄛˊ
借酒澆愁,1,ㄐㄧㄝˋ ㄐㄧㄡˇ ㄐㄧㄠ ㄔㄡˊ
借鏡,1,ㄐㄧㄝˋ ㄐㄧㄥˋ
借據,1,ㄐㄧㄝˋ ㄐㄩˋ
借債,1,ㄐㄧㄝˋ ㄓㄞˋ
借助,1,ㄐㄧㄝˋ ㄓㄨˋ
借重,1,ㄐㄧㄝˋ ㄓㄨㄥˋ
借屍還魂,1,ㄐㄧㄝˋ ㄕ ㄏㄨㄢˊ ㄏㄨㄣˊ
借宿,1,ㄐㄧㄝˋ ㄙㄨˋ
借用,1,ㄐㄧㄝˋ ㄩㄥˋ
藉,1,ㄐㄧㄝˋ
藉故,1,ㄐㄧㄝˋ ㄍㄨˋ
藉口,1,ㄐㄧㄝˋ ㄎㄡˇ
藉機,1,ㄐㄧㄝˋ ㄐㄧ
藉助,1,ㄐㄧㄝˋ ㄓㄨˋ
藉詞,1,ㄐㄧㄝˋ ㄘˊ
解,1,ㄐㄧㄝˋ
解送,1,ㄐㄧㄝˋ ㄙㄨㄥˋ
解元,1,ㄐㄧㄝˋ ㄩㄢˊ
交,1,ㄐㄧㄠ
交白卷,1,ㄐㄧㄠ ㄅㄞˊ ㄐㄩㄢˋ
交杯酒,1,ㄐㄧㄠ ㄅㄟ ㄐㄧㄡˇ
交保,1,ㄐㄧㄠ ㄅㄠˇ
交班,1,ㄐㄧㄠ ㄅㄢ
交棒,1,ㄐㄧㄠ ㄅㄤˋ
交兵,1,ㄐㄧㄠ ㄅㄧㄥ
交配,1,ㄐㄧㄠ ㄆㄟˋ
交鋒,1,ㄐㄧㄠ ㄈㄥ
交付,1,ㄐㄧㄠ ㄈㄨˋ
交代,1,ㄐㄧㄠ ㄉㄞˋ
交頭接耳,1,ㄐㄧㄠ ㄊㄡˊ ㄐㄧㄝ ㄦˇ
交談,1,ㄐㄧㄠ ㄊㄢˊ
交替,1,ㄐㄧㄠ ㄊㄧˋ
交通,1,ㄐㄧㄠ ㄊㄨㄥ
交通工具,1,ㄐㄧㄠ ㄊㄨㄥ ㄍㄨㄥ ㄐㄩˋ
交通安全,1,ㄐㄧㄠ ㄊㄨㄥ ㄢ ㄑㄩㄢˊ
交流,1,ㄐㄧㄠ ㄌㄧㄡˊ
交流道,1,ㄐㄧㄠ ㄌㄧㄡˊ ㄉㄠˋ
交割,1,ㄐㄧㄠ ㄍㄜ
交感神經,1,ㄐㄧㄠ ㄍㄢˇ ㄕㄣˊ ㄐㄧㄥ
交互作用,1,ㄐㄧㄠ ㄏㄨˋ ㄗㄨㄛˋ ㄩㄥˋ
交貨,1,ㄐㄧㄠ ㄏㄨㄛˋ
交回,1,ㄐㄧㄠ ㄏㄨㄟˊ
交會,1,ㄐㄧㄠ ㄏㄨㄟˋ
交還,1,ㄐㄧㄠ ㄏㄨㄢˊ
交換,1,ㄐㄧㄠ ㄏㄨㄢˋ
交際,1,ㄐㄧㄠ ㄐㄧˋ
交際花,1,ㄐㄧㄠ ㄐㄧˋ ㄏㄨㄚ
交加,1,ㄐㄧㄠ ㄐㄧㄚ
交接,1,ㄐㄧㄠ ㄐㄧㄝ
交界,1,ㄐㄧㄠ ㄐㄧㄝˋ
交卷,1,ㄐㄧㄠ ㄐㄩㄢˋ
交情,1,ㄐㄧㄠ ㄑㄧㄥˊ
交響曲,1,ㄐㄧㄠ ㄒㄧㄤˇ ㄑㄩˇ
交響詩,1,ㄐㄧㄠ ㄒㄧㄤˇ ㄕ
交響樂,1,ㄐㄧㄠ ㄒㄧㄤˇ ㄩㄝˋ
交織,1,ㄐㄧㄠ ㄓ
交戰,1,ㄐㄧㄠ ㄓㄢˋ
交叉,1,ㄐㄧㄠ ㄔㄚ
交叉口,1,ㄐㄧㄠ ㄔㄚ ㄎㄡˇ
交差,1,ㄐㄧㄠ ㄔㄞ
交出,1,ㄐㄧㄠ ㄔㄨ
交涉,1,ㄐㄧㄠ ㄕㄜˋ
交手,1,ㄐㄧㄠ ㄕㄡˇ
交錯,1,ㄐㄧㄠ ㄘㄨㄛˋ
交易,1,ㄐㄧㄠ ㄧˋ
交誼,1,ㄐㄧㄠ ㄧˋ
交遊,1,ㄐㄧㄠ ㄧㄡˊ
交惡,1,ㄐㄧㄠ ㄨˋ
交往,1,ㄐㄧㄠ ㄨㄤˇ
交運,1,ㄐㄧㄠ ㄩㄣˋ
郊,1,ㄐㄧㄠ
郊區,1,ㄐㄧㄠ ㄑㄩ
郊野,1,ㄐㄧㄠ ㄧㄝˇ
郊遊,1,ㄐㄧㄠ ㄧㄡˊ
郊外,1,ㄐㄧㄠ ㄨㄞˋ
茭,1,ㄐㄧㄠ
茭白,1,ㄐㄧㄠ ㄅㄞˊ
蛟,1,ㄐㄧㄠ
蛟龍,1,ㄐㄧㄠ ㄌㄨㄥˊ
跤,1,ㄐㄧㄠ
鮫,1,ㄐㄧㄠ
教,1,ㄐㄧㄠ
教書,1,ㄐㄧㄠ ㄕㄨ
椒,1,ㄐㄧㄠ
焦,1,ㄐㄧㄠ
焦孟不離,1,ㄐㄧㄠ ㄇㄥˋ ㄅㄨˋ ㄌㄧˊ
焦點,1,ㄐㄧㄠ ㄉㄧㄢˇ
焦頭爛額,1,ㄐㄧㄠ ㄊㄡˊ ㄌㄢˋ ㄜˊ
焦炭,1,ㄐㄧㄠ ㄊㄢˋ
焦土,1,ㄐㄧㄠ ㄊㄨˇ
焦慮,1,ㄐㄧㄠ ㄌㄩˋ
焦黑,1,ㄐㄧㄠ ㄏㄟ
焦黃,1,ㄐㄧㄠ ㄏㄨㄤˊ
焦急,1,ㄐㄧㄠ ㄐㄧˊ
焦距,1,ㄐㄧㄠ ㄐㄩˋ
焦灼,1,ㄐㄧㄠ ㄓㄨㄛˊ
焦躁,1,ㄐㄧㄠ ㄗㄠˋ
焦耳,1,ㄐㄧㄠ ㄦˇ
蕉,1,ㄐㄧㄠ
蕉農,1,ㄐㄧㄠ ㄋㄨㄥˊ
礁,1,ㄐㄧㄠ
礁石,1,ㄐㄧㄠ ㄕˊ
礁岩,1,ㄐㄧㄠ ㄧㄢˊ
鷦,1,ㄐㄧㄠ
鷦鷯,1,ㄐㄧㄠ ㄌㄧㄠˊ
澆,1,ㄐㄧㄠ
澆薄,1,ㄐㄧㄠ ㄅㄛˊ
澆冷水,1,ㄐㄧㄠ ㄌㄥˇ ㄕㄨㄟˇ
澆漓,1,ㄐㄧㄠ ㄌㄧˊ
澆灌,1,ㄐㄧㄠ ㄍㄨㄢˋ
澆水,1,ㄐㄧㄠ ㄕㄨㄟˇ
膠,1,ㄐㄧㄠ
膠布,1,ㄐㄧㄠ ㄅㄨˋ
膠片,1,ㄐㄧㄠ ㄆㄧㄢˋ
膠帶,1,ㄐㄧㄠ ㄉㄞˋ
膠囊,1,ㄐㄧㄠ ㄋㄤˊ
膠卷,1,ㄐㄧㄠ ㄐㄩㄢˇ
膠鞋,1,ㄐㄧㄠ ㄒㄧㄝˊ
膠紙,1,ㄐㄧㄠ ㄓˇ
膠柱鼓瑟,1,ㄐㄧㄠ ㄓㄨˋ ㄍㄨˇ ㄙㄜˋ
膠著狀態,1,ㄐㄧㄠ ㄓㄨㄛˊ ㄓㄨㄤˋ ㄊㄞˋ
膠水,1,ㄐㄧㄠ ㄕㄨㄟˇ
嬌,1,ㄐㄧㄠ
嬌美,1,ㄐㄧㄠ ㄇㄟˇ
嬌媚,1,ㄐㄧㄠ ㄇㄟˋ
嬌滴滴,1,ㄐㄧㄠ ㄉㄧ ㄉㄧ
嬌嫩,1,ㄐㄧㄠ ㄋㄣˋ
嬌貴,1,ㄐㄧㄠ ㄍㄨㄟˋ
嬌客,1,ㄐㄧㄠ ㄎㄜˋ
嬌妻,1,ㄐㄧㄠ ㄑㄧ
嬌氣,1,ㄐㄧㄠ ㄑㄧˋ
嬌小,1,ㄐㄧㄠ ㄒㄧㄠˇ
嬌小玲瓏,1,ㄐㄧㄠ ㄒㄧㄠˇ ㄌㄧㄥˊ ㄌㄨㄥˊ
嬌羞,1,ㄐㄧㄠ ㄒㄧㄡ
嬌嗔,1,ㄐㄧㄠ ㄔㄣ
嬌生慣養,1,ㄐㄧㄠ ㄕㄥ ㄍㄨㄢˋ ㄧㄤˇ
嬌嬈,1,ㄐㄧㄠ ㄖㄠˊ
嬌柔,1,ㄐㄧㄠ ㄖㄡˊ
嬌縱,1,ㄐㄧㄠ ㄗㄨㄥˋ
嬌豔,1,ㄐㄧㄠ ㄧㄢˋ
嬌娃,1,ㄐㄧㄠ ㄨㄚˊ
驕,1,ㄐㄧㄠ
驕橫,1,ㄐㄧㄠ ㄏㄥˋ
驕矜,1,ㄐㄧㄠ ㄐㄧㄣ
驕寵,1,ㄐㄧㄠ ㄔㄨㄥˇ
驕奢,1,ㄐㄧㄠ ㄕㄜ
驕奢淫逸,1,ㄐㄧㄠ ㄕㄜ ㄧㄣˊ ㄧˋ
驕恣,1,ㄐㄧㄠ ㄗˋ
驕縱,1,ㄐㄧㄠ ㄗㄨㄥˋ
驕傲,1,ㄐㄧㄠ ㄠˋ
驕陽,1,ㄐㄧㄠ ㄧㄤˊ
徼,1,ㄐㄧㄠ
嚼,1,ㄐㄧㄠˊ
嚼舌,1,ㄐㄧㄠˊ ㄕㄜˊ
角,1,ㄐㄧㄠˇ
角膜,1,ㄐㄧㄠˇ ㄇㄛˊ
角門,1,ㄐㄧㄠˇ ㄇㄣˊ
角度,1,ㄐㄧㄠˇ ㄉㄨˋ
角力,1,ㄐㄧㄠˇ ㄌㄧˋ
角落,1,ㄐㄧㄠˇ ㄌㄨㄛˋ
角鋼,1,ㄐㄧㄠˇ ㄍㄤ
角逐,1,ㄐㄧㄠˇ ㄓㄨˊ
角尺,1,ㄐㄧㄠˇ ㄔˇ
佼,1,ㄐㄧㄠˇ
佼佼,1,ㄐㄧㄠˇ ㄐㄧㄠˇ
狡,1,ㄐㄧㄠˇ
狡辯,1,ㄐㄧㄠˇ ㄅㄧㄢˋ
狡兔三窟,1,ㄐㄧㄠˇ ㄊㄨˋ ㄙㄢ ㄎㄨ
狡賴,1,ㄐㄧㄠˇ ㄌㄞˋ
狡猾,1,ㄐㄧㄠˇ ㄏㄨㄚˊ
狡黠,1,ㄐㄧㄠˇ ㄒㄧㄚˊ
狡詐,1,ㄐㄧㄠˇ ㄓㄚˋ
姣,1,ㄐㄧㄠˇ
皎,1,ㄐㄧㄠˇ
皎潔,1,ㄐㄧㄠˇ ㄐㄧㄝˊ
筊,1,ㄐㄧㄠˇ
筊杯,1,ㄐㄧㄠˇ ㄅㄟ
絞,1,ㄐㄧㄠˇ
絞痛,1,ㄐㄧㄠˇ ㄊㄨㄥˋ
絞盡腦汁,1,ㄐㄧㄠˇ ㄐㄧㄣˋ ㄋㄠˇ ㄓ
絞碎,1,ㄐㄧㄠˇ ㄙㄨㄟˋ
鉸,1,ㄐㄧㄠˇ
餃,1,ㄐㄧㄠˇ
餃子,1,ㄐㄧㄠˇ ㄗ˙
腳,1,ㄐㄧㄠˇ
腳本,1,ㄐㄧㄠˇ ㄅㄣˇ
腳步,1,ㄐㄧㄠˇ ㄅㄨˋ
腳踏車,1,ㄐㄧㄠˇ ㄊㄚˋ ㄔㄜ
腳踏實地,1,ㄐㄧㄠˇ ㄊㄚˋ ㄕˊ ㄉㄧˋ
腳力,1,ㄐㄧㄠˇ ㄌㄧˋ
腳跟,1,ㄐㄧㄠˇ ㄍㄣ
腳踝,1,ㄐㄧㄠˇ ㄏㄨㄞˊ
腳架,1,ㄐㄧㄠˇ ㄐㄧㄚˋ
腳氣病,1,ㄐㄧㄠˇ ㄑㄧˋ ㄅㄧㄥˋ
腳趾,1,ㄐㄧㄠˇ ㄓˇ
腳程,1,ㄐㄧㄠˇ ㄔㄥˊ
腳色,1,ㄐㄧㄠˇ ㄙㄜˋ
腳丫子,1,ㄐㄧㄠˇ ㄧㄚ ㄗ˙
剿,1,ㄐㄧㄠˇ
剿匪,1,ㄐㄧㄠˇ ㄈㄟˇ
勦,1,ㄐㄧㄠˇ
僥,1,ㄐㄧㄠˇ
僥倖,1,ㄐㄧㄠˇ ㄒㄧㄥˋ
矯,1,ㄐㄧㄠˇ
矯健,1,ㄐㄧㄠˇ ㄐㄧㄢˋ
矯情,1,ㄐㄧㄠˇ ㄑㄧㄥˊ
矯治,1,ㄐㄧㄠˇ ㄓˋ
矯正,1,ㄐㄧㄠˇ ㄓㄥˋ
矯飾,1,ㄐㄧㄠˇ ㄕˋ
矯揉造作,1,ㄐㄧㄠˇ ㄖㄡˊ ㄗㄠˋ ㄗㄨㄛˋ
矯枉過正,1,ㄐㄧㄠˇ ㄨㄤˇ ㄍㄨㄛˋ ㄓㄥˋ
繳,1,ㄐㄧㄠˇ
繳白卷,1,ㄐㄧㄠˇ ㄅㄞˊ ㄐㄩㄢˋ
繳費,1,ㄐㄧㄠˇ ㄈㄟˋ
繳付,1,ㄐㄧㄠˇ ㄈㄨˋ
繳納,1,ㄐㄧㄠˇ ㄋㄚˋ
繳款,1,ㄐㄧㄠˇ ㄎㄨㄢˇ
繳交,1,ㄐㄧㄠˇ ㄐㄧㄠ
繳械,1,ㄐㄧㄠˇ ㄒㄧㄝˋ
繳稅,1,ㄐㄧㄠˇ ㄕㄨㄟˋ
攪,1,ㄐㄧㄠˇ
攪拌,1,ㄐㄧㄠˇ ㄅㄢˋ
攪亂,1,ㄐㄧㄠˇ ㄌㄨㄢˋ
攪和,1,ㄐㄧㄠˇ ㄏㄨㄛˋ
攪混,1,ㄐㄧㄠˇ ㄏㄨㄣˋ
攪局,1,ㄐㄧㄠˇ ㄐㄩˊ
叫,1,ㄐㄧㄠˋ
叫罵,1,ㄐㄧㄠˋ ㄇㄚˋ
叫賣,1,ㄐㄧㄠˋ ㄇㄞˋ
叫苦連天,1,ㄐㄧㄠˋ ㄎㄨˇ ㄌㄧㄢˊ ㄊㄧㄢ
叫好,1,ㄐㄧㄠˋ ㄏㄠˇ
叫好不叫座,1,ㄐㄧㄠˋ ㄏㄠˇ ㄅㄨˋ ㄐㄧㄠˋ ㄗㄨㄛˋ
叫好不叫座,1,ㄐㄧㄠˋ ㄏㄠˇ ㄅㄨˊ ㄐㄧㄠˋ ㄗㄨㄛˋ
叫好又叫座,1,ㄐㄧㄠˋ ㄏㄠˇ ㄧㄡˋ ㄐㄧㄠˋ ㄗㄨㄛˋ
叫喊,1,ㄐㄧㄠˋ ㄏㄢˇ
叫喚,1,ㄐㄧㄠˋ ㄏㄨㄢˋ
叫屈,1,ㄐㄧㄠˋ ㄑㄩ
叫囂,1,ㄐㄧㄠˋ ㄒㄧㄠ
叫醒,1,ㄐㄧㄠˋ ㄒㄧㄥˇ
叫陣,1,ㄐㄧㄠˋ ㄓㄣˋ
叫嚷,1,ㄐㄧㄠˋ ㄖㄤˇ
叫座,1,ㄐㄧㄠˋ ㄗㄨㄛˋ
校,1,ㄐㄧㄠˋ
校訂,1,ㄐㄧㄠˋ ㄉㄧㄥˋ
校對,1,ㄐㄧㄠˋ ㄉㄨㄟˋ
校稿,1,ㄐㄧㄠˋ ㄍㄠˇ
校勘,1,ㄐㄧㄠˋ ㄎㄢ
校勘學,1,ㄐㄧㄠˋ ㄎㄢ ㄒㄩㄝˊ
校正,1,ㄐㄧㄠˋ ㄓㄥˋ
校閱,1,ㄐㄧㄠˋ ㄩㄝˋ
較,1,ㄐㄧㄠˋ
較量,1,ㄐㄧㄠˋ ㄌㄧㄤˋ
較勁,1,ㄐㄧㄠˋ ㄐㄧㄥˋ
教,1,ㄐㄧㄠˋ
教鞭,1,ㄐㄧㄠˋ ㄅㄧㄢ
教派,1,ㄐㄧㄠˋ ㄆㄞˋ
教導,1,ㄐㄧㄠˋ ㄉㄠˇ
教堂,1,ㄐㄧㄠˋ ㄊㄤˊ
教條,1,ㄐㄧㄠˋ ㄊㄧㄠˊ
教廷,1,ㄐㄧㄠˋ ㄊㄧㄥˊ
教徒,1,ㄐㄧㄠˋ ㄊㄨˊ
教練,1,ㄐㄧㄠˋ ㄌㄧㄢˋ
教練車,1,ㄐㄧㄠˋ ㄌㄧㄢˋ ㄔㄜ
教規,1,ㄐㄧㄠˋ ㄍㄨㄟ
教官,1,ㄐㄧㄠˋ ㄍㄨㄢ
教科書,1,ㄐㄧㄠˋ ㄎㄜ ㄕㄨ
教化,1,ㄐㄧㄠˋ ㄏㄨㄚˋ
教誨,1,ㄐㄧㄠˋ ㄏㄨㄟˋ
教會,1,ㄐㄧㄠˋ ㄏㄨㄟˋ
教皇,1,ㄐㄧㄠˋ ㄏㄨㄤˊ
教具,1,ㄐㄧㄠˋ ㄐㄩˋ
教席,1,ㄐㄧㄠˋ ㄒㄧˊ
教學,1,ㄐㄧㄠˋ ㄒㄩㄝˊ
教學相長,1,ㄐㄧㄠˋ ㄒㄩㄝˊ ㄒㄧㄤ ㄓㄤˇ
教訓,1,ㄐㄧㄠˋ ㄒㄩㄣˋ
教主,1,ㄐㄧㄠˋ ㄓㄨˇ
教師,1,ㄐㄧㄠˋ ㄕ
教師節,1,ㄐㄧㄠˋ ㄕ ㄐㄧㄝˊ
教士,1,ㄐㄧㄠˋ ㄕˋ
教室,1,ㄐㄧㄠˋ ㄕˋ
教授,1,ㄐㄧㄠˋ ㄕㄡˋ
教宗,1,ㄐㄧㄠˋ ㄗㄨㄥ
教材,1,ㄐㄧㄠˋ ㄘㄞˊ
教唆,1,ㄐㄧㄠˋ ㄙㄨㄛ
教案,1,ㄐㄧㄠˋ ㄢˋ
教義,1,ㄐㄧㄠˋ ㄧˋ
教友,1,ㄐㄧㄠˋ ㄧㄡˇ
教養,1,ㄐㄧㄠˋ ㄧㄤˇ
教務,1,ㄐㄧㄠˋ ㄨˋ
教育,1,ㄐㄧㄠˋ ㄩˋ
教育家,1,ㄐㄧㄠˋ ㄩˋ ㄐㄧㄚ
教員,1,ㄐㄧㄠˋ ㄩㄢˊ
窖,1,ㄐㄧㄠˋ
嶠,1,ㄐㄧㄠˋ
轎,1,ㄐㄧㄠˋ
轎夫,1,ㄐㄧㄠˋ ㄈㄨ
轎車,1,ㄐㄧㄠˋ ㄔㄜ
轎子,1,ㄐㄧㄠˋ ㄗ˙
徼,1,ㄐㄧㄠˋ
醮,1,ㄐㄧㄠˋ
覺,1,ㄐㄧㄠˋ
糾,1,ㄐㄧㄡ
糾紛,1,ㄐㄧㄡ ㄈㄣ
糾彈,1,ㄐㄧㄡ ㄊㄢˊ
糾葛,1,ㄐㄧㄡ ㄍㄜˊ
糾合,1,ㄐㄧㄡ ㄏㄜˊ
糾集,1,ㄐㄧㄡ ㄐㄧˊ
糾結,1,ㄐㄧㄡ ㄐㄧㄝˊ
糾舉,1,ㄐㄧㄡ ㄐㄩˇ
糾正,1,ㄐㄧㄡ ㄓㄥˋ
糾眾,1,ㄐㄧㄡ ㄓㄨㄥˋ
糾察,1,ㄐㄧㄡ ㄔㄚˊ
糾察隊,1,ㄐㄧㄡ ㄔㄚˊ ㄉㄨㄟˋ
糾纏,1,ㄐㄧㄡ ㄔㄢˊ
赳,1,ㄐㄧㄡ
揪,1,ㄐㄧㄡ
揪出,1,ㄐㄧㄡ ㄔㄨ
啾,1,ㄐㄧㄡ
啾啾,1,ㄐㄧㄡ ㄐㄧㄡ
鳩,1,ㄐㄧㄡ
鳩占鵲巢,1,ㄐㄧㄡ ㄓㄢˋ ㄑㄩㄝˋ ㄔㄠˊ
鬮,1,ㄐㄧㄡ
九,1,ㄐㄧㄡˇ
九牛二虎之力,1,ㄐㄧㄡˇ ㄋㄧㄡˊ ㄦˋ ㄏㄨˇ ㄓ ㄌㄧˋ
九牛一毛,1,ㄐㄧㄡˇ ㄋㄧㄡˊ ㄧ ㄇㄠˊ
九牛一毛,1,ㄐㄧㄡˇ ㄋㄧㄡˊ ㄧˋ ㄇㄠˊ
九宮格,1,ㄐㄧㄡˇ ㄍㄨㄥ ㄍㄜˊ
九孔,1,ㄐㄧㄡˇ ㄎㄨㄥˇ
九泉,1,ㄐㄧㄡˇ ㄑㄩㄢˊ
九霄雲外,1,ㄐㄧㄡˇ ㄒㄧㄠ ㄩㄣˊ ㄨㄞˋ
九重葛,1,ㄐㄧㄡˇ ㄔㄨㄥˊ ㄍㄜˊ
九層塔,1,ㄐㄧㄡˇ ㄘㄥˊ ㄊㄚˇ
九死一生,1,ㄐㄧㄡˇ ㄙˇ ㄧ ㄕㄥ
九死一生,1,ㄐㄧㄡˇ ㄙˇ ㄧˋ ㄕㄥ
九一八事變,1,ㄐㄧㄡˇ ㄧ ㄅㄚ ㄕˋ ㄅㄧㄢˋ
九嶷山,1,ㄐㄧㄡˇ ㄧˊ ㄕㄢ
九五之尊,1,ㄐㄧㄡˇ ㄨˇ ㄓ ㄗㄨㄣ
久,1,ㄐㄧㄡˇ
久別,1,ㄐㄧㄡˇ ㄅㄧㄝˊ
久病成良醫,1,ㄐㄧㄡˇ ㄅㄧㄥˋ ㄔㄥˊ ㄌㄧㄤˊ ㄧ
久病成醫,1,ㄐㄧㄡˇ ㄅㄧㄥˋ ㄔㄥˊ ㄧ
久留,1,ㄐㄧㄡˇ ㄌㄧㄡˊ
久候,1,ㄐㄧㄡˇ ㄏㄡˋ
久旱不雨,1,ㄐㄧㄡˇ ㄏㄢˋ ㄅㄨˋ ㄩˇ
久旱逢甘霖,1,ㄐㄧㄡˇ ㄏㄢˋ ㄈㄥˊ ㄍㄢ ㄌㄧㄣˊ
久久,1,ㄐㄧㄡˇ ㄐㄧㄡˇ
久而久之,1,ㄐㄧㄡˇ ㄦˊ ㄐㄧㄡˇ ㄓ
久仰,1,ㄐㄧㄡˇ ㄧㄤˇ
久違,1,ㄐㄧㄡˇ ㄨㄟˊ
久遠,1,ㄐㄧㄡˇ ㄩㄢˇ
玖,1,ㄐㄧㄡˇ
灸,1,ㄐㄧㄡˇ
韭,1,ㄐㄧㄡˇ
韭黃,1,ㄐㄧㄡˇ ㄏㄨㄤˊ
韭菜,1,ㄐㄧㄡˇ ㄘㄞˋ
酒,1,ㄐㄧㄡˇ
酒吧,1,ㄐㄧㄡˇ ㄅㄚ
酒保,1,ㄐㄧㄡˇ ㄅㄠˇ
酒瓶,1,ㄐㄧㄡˇ ㄆㄧㄥˊ
酒母,1,ㄐㄧㄡˇ ㄇㄨˇ
酒店,1,ㄐㄧㄡˇ ㄉㄧㄢˋ
酒囊飯袋,1,ㄐㄧㄡˇ ㄋㄤˊ ㄈㄢˋ ㄉㄞˋ
酒樓,1,ㄐㄧㄡˇ ㄌㄡˊ
酒力,1,ㄐㄧㄡˇ ㄌㄧˋ
酒量,1,ㄐㄧㄡˇ ㄌㄧㄤˋ
酒令,1,ㄐㄧㄡˇ ㄌㄧㄥˋ
酒過三巡,1,ㄐㄧㄡˇ ㄍㄨㄛˋ ㄙㄢ ㄒㄩㄣˊ
酒鬼,1,ㄐㄧㄡˇ ㄍㄨㄟˇ
酒酣耳熱,1,ㄐㄧㄡˇ ㄏㄢ ㄦˇ ㄖㄜˋ
酒話,1,ㄐㄧㄡˇ ㄏㄨㄚˋ
酒會,1,ㄐㄧㄡˇ ㄏㄨㄟˋ
酒家,1,ㄐㄧㄡˇ ㄐㄧㄚ
酒精,1,ㄐㄧㄡˇ ㄐㄧㄥ
酒席,1,ㄐㄧㄡˇ ㄒㄧˊ
酒肉朋友,1,ㄐㄧㄡˇ ㄖㄡˋ ㄆㄥˊ ㄧㄡˇ
酒足飯飽,1,ㄐㄧㄡˇ ㄗㄨˊ ㄈㄢˋ ㄅㄠˇ
酒醉,1,ㄐㄧㄡˇ ㄗㄨㄟˋ
酒意,1,ㄐㄧㄡˇ ㄧˋ
酒宴,1,ㄐㄧㄡˇ ㄧㄢˋ
酒癮,1,ㄐㄧㄡˇ ㄧㄣˇ
酒窩,1,ㄐㄧㄡˇ ㄨㄛ
臼,1,ㄐㄧㄡˋ
舅,1,ㄐㄧㄡˋ
舅媽,1,ㄐㄧㄡˋ ㄇㄚ
舅母,1,ㄐㄧㄡˋ ㄇㄨˇ
舅父,1,ㄐㄧㄡˋ ㄈㄨˋ
舅公,1,ㄐㄧㄡˋ ㄍㄨㄥ
舅舅,1,ㄐㄧㄡˋ ㄐㄧㄡ˙
舊,1,ㄐㄧㄡˋ
舊地,1,ㄐㄧㄡˋ ㄉㄧˋ
舊地重遊,1,ㄐㄧㄡˋ ㄉㄧˋ ㄔㄨㄥˊ ㄧㄡˊ
舊調重彈,1,ㄐㄧㄡˋ ㄉㄧㄠˋ ㄔㄨㄥˊ ㄊㄢˊ
舊曆,1,ㄐㄧㄡˋ ㄌㄧˋ
舊觀,1,ㄐㄧㄡˋ ㄍㄨㄢ
舊貨,1,ㄐㄧㄡˋ ㄏㄨㄛˋ
舊疾復發,1,ㄐㄧㄡˋ ㄐㄧˊ ㄈㄨˋ ㄈㄚ
舊交,1,ㄐㄧㄡˋ ㄐㄧㄠ
舊居,1,ㄐㄧㄡˋ ㄐㄩ
舊情,1,ㄐㄧㄡˋ ㄑㄧㄥˊ
舊習,1,ㄐㄧㄡˋ ㄒㄧˊ
舊型,1,ㄐㄧㄡˋ ㄒㄧㄥˊ
舊址,1,ㄐㄧㄡˋ ㄓˇ
舊制,1,ㄐㄧㄡˋ ㄓˋ
舊稱,1,ㄐㄧㄡˋ ㄔㄥ
舊石器時代,1,ㄐㄧㄡˋ ㄕˊ ㄑㄧˋ ㄕˊ ㄉㄞˋ
舊式,1,ㄐㄧㄡˋ ㄕˋ
舊事,1,ㄐㄧㄡˋ ㄕˋ
舊書,1,ㄐㄧㄡˋ ㄕㄨ
舊書攤,1,ㄐㄧㄡˋ ㄕㄨ ㄊㄢ
舊屬,1,ㄐㄧㄡˋ ㄕㄨˇ
舊日,1,ㄐㄧㄡˋ ㄖˋ
舊人,1,ㄐㄧㄡˋ ㄖㄣˊ
舊歲,1,ㄐㄧㄡˋ ㄙㄨㄟˋ
舊案,1,ㄐㄧㄡˋ ㄢˋ
舊業,1,ㄐㄧㄡˋ ㄧㄝˋ
舊雨新知,1,ㄐㄧㄡˋ ㄩˇ ㄒㄧㄣ ㄓ
舊聞,1,ㄐㄧㄡˋ ㄨㄣˊ
究,1,ㄐㄧㄡˋ
究辦,1,ㄐㄧㄡˋ ㄅㄢˋ
究竟,1,ㄐㄧㄡˋ ㄐㄧㄥˋ
疚,1,ㄐㄧㄡˋ
柩,1,ㄐㄧㄡˋ
咎,1,ㄐㄧㄡˋ
咎由自取,1,ㄐㄧㄡˋ ㄧㄡˊ ㄗˋ ㄑㄩˇ
救,1,ㄐㄧㄡˋ
救兵,1,ㄐㄧㄡˋ ㄅㄧㄥ
救命,1,ㄐㄧㄡˋ ㄇㄧㄥˋ
救難,1,ㄐㄧㄡˋ ㄋㄢˋ
救國,1,ㄐㄧㄡˋ ㄍㄨㄛˊ
救苦救難,1,ㄐㄧㄡˋ ㄎㄨˇ ㄐㄧㄡˋ ㄋㄢˋ
救護,1,ㄐㄧㄡˋ ㄏㄨˋ
救護車,1,ㄐㄧㄡˋ ㄏㄨˋ ㄔㄜ
救火車,1,ㄐㄧㄡˋ ㄏㄨㄛˇ ㄔㄜ
救急,1,ㄐㄧㄡˋ ㄐㄧˊ
救濟,1,ㄐㄧㄡˋ ㄐㄧˋ
救星,1,ㄐㄧㄡˋ ㄒㄧㄥ
救治,1,ㄐㄧㄡˋ ㄓˋ
救助,1,ㄐㄧㄡˋ ㄓㄨˋ
救世主,1,ㄐㄧㄡˋ ㄕˋ ㄓㄨˇ
救生圈,1,ㄐㄧㄡˋ ㄕㄥ ㄑㄩㄢ
救生衣,1,ㄐㄧㄡˋ ㄕㄥ ㄧ
救生員,1,ㄐㄧㄡˋ ㄕㄥ ㄩㄢˊ
救災,1,ㄐㄧㄡˋ ㄗㄞ
救亡圖存,1,ㄐㄧㄡˋ ㄨㄤˊ ㄊㄨˊ ㄘㄨㄣˊ
救援,1,ㄐㄧㄡˋ ㄩㄢˊ
就,1,ㄐㄧㄡˋ
就範,1,ㄐㄧㄡˋ ㄈㄢˋ
就逮,1,ㄐㄧㄡˋ ㄉㄞˇ
就地,1,ㄐㄧㄡˋ ㄉㄧˋ
就地取材,1,ㄐㄧㄡˋ ㄉㄧˋ ㄑㄩˇ ㄘㄞˊ
就地正法,1,ㄐㄧㄡˋ ㄉㄧˋ ㄓㄥˋ ㄈㄚˇ
就讀,1,ㄐㄧㄡˋ ㄉㄨˊ
就教,1,ㄐㄧㄡˋ ㄐㄧㄠˋ
就近,1,ㄐㄧㄡˋ ㄐㄧㄣˋ
就寢,1,ㄐㄧㄡˋ ㄑㄧㄣˇ
就緒,1,ㄐㄧㄡˋ ㄒㄩˋ
就學,1,ㄐㄧㄡˋ ㄒㄩㄝˊ
就職,1,ㄐㄧㄡˋ ㄓˊ
就診,1,ㄐㄧㄡˋ ㄓㄣˇ
就事論事,1,ㄐㄧㄡˋ ㄕˋ ㄌㄨㄣˋ ㄕˋ
就任,1,ㄐㄧㄡˋ ㄖㄣˋ
就坐,1,ㄐㄧㄡˋ ㄗㄨㄛˋ
就此罷手,1,ㄐㄧㄡˋ ㄘˇ ㄅㄚˋ ㄕㄡˇ
就此打住,1,ㄐㄧㄡˋ ㄘˇ ㄉㄚˇ ㄓㄨˋ
就醫,1,ㄐㄧㄡˋ ㄧ
就義,1,ㄐㄧㄡˋ ㄧˋ
就業,1,ㄐㄧㄡˋ ㄧㄝˋ
就位,1,ㄐㄧㄡˋ ㄨㄟˋ
鷲,1,ㄐㄧㄡˋ
廄,1,ㄐㄧㄡˋ
尖,1,ㄐㄧㄢ
尖兵,1,ㄐㄧㄢ ㄅㄧㄥ
尖峰,1,ㄐㄧㄢ ㄈㄥ
尖刀,1,ㄐㄧㄢ ㄉㄠ
尖端,1,ㄐㄧㄢ ㄉㄨㄢ
尖端科技,1,ㄐㄧㄢ ㄉㄨㄢ ㄎㄜ ㄐㄧˋ
尖刻,1,ㄐㄧㄢ ㄎㄜˋ
尖叫,1,ㄐㄧㄢ ㄐㄧㄠˋ
尖銳,1,ㄐㄧㄢ ㄖㄨㄟˋ
尖嘴薄舌,1,ㄐㄧㄢ ㄗㄨㄟˇ ㄅㄛˊ ㄕㄜˊ
尖嘴猴腮,1,ㄐㄧㄢ ㄗㄨㄟˇ ㄏㄡˊ ㄙㄞ
尖酸,1,ㄐㄧㄢ ㄙㄨㄢ
奸,1,ㄐㄧㄢ
奸細,1,ㄐㄧㄢ ㄒㄧˋ
奸笑,1,ㄐㄧㄢ ㄒㄧㄠˋ
奸險,1,ㄐㄧㄢ ㄒㄧㄢˇ
奸雄,1,ㄐㄧㄢ ㄒㄩㄥˊ
奸詐,1,ㄐㄧㄢ ㄓㄚˋ
奸臣,1,ㄐㄧㄢ ㄔㄣˊ
奸商,1,ㄐㄧㄢ ㄕㄤ
奸賊,1,ㄐㄧㄢ ㄗㄟˊ
肩,1,ㄐㄧㄢ
肩膀,1,ㄐㄧㄢ ㄅㄤˇ
肩負,1,ㄐㄧㄢ ㄈㄨˋ
肩頭,1,ㄐㄧㄢ ㄊㄡˊ
肩胛骨,1,ㄐㄧㄢ ㄐㄧㄚˇ ㄍㄨˇ
肩章,1,ㄐㄧㄢ ㄓㄤ
姦,1,ㄐㄧㄢ
姦情,1,ㄐㄧㄢ ㄑㄧㄥˊ
姦殺,1,ㄐㄧㄢ ㄕㄚ
姦淫,1,ㄐㄧㄢ ㄧㄣˊ
兼,1,ㄐㄧㄢ
兼備,1,ㄐㄧㄢ ㄅㄟˋ
兼辦,1,ㄐㄧㄢ ㄅㄢˋ
兼併,1,ㄐㄧㄢ ㄅㄧㄥˋ
兼顧,1,ㄐㄧㄢ ㄍㄨˋ
兼管,1,ㄐㄧㄢ ㄍㄨㄢˇ
兼課,1,ㄐㄧㄢ ㄎㄜˋ
兼具,1,ㄐㄧㄢ ㄐㄩˋ
兼職,1,ㄐㄧㄢ ㄓˊ
兼差,1,ㄐㄧㄢ ㄔㄞ
兼籌並顧,1,ㄐㄧㄢ ㄔㄡˊ ㄅㄧㄥˋ ㄍㄨˋ
兼程,1,ㄐㄧㄢ ㄔㄥˊ
兼善天下,1,ㄐㄧㄢ ㄕㄢˋ ㄊㄧㄢ ㄒㄧㄚˋ
兼任,1,ㄐㄧㄢ ㄖㄣˋ
兼容並蓄,1,ㄐㄧㄢ ㄖㄨㄥˊ ㄅㄧㄥˋ ㄒㄩˋ
兼營,1,ㄐㄧㄢ ㄧㄥˊ
蒹,1,ㄐㄧㄢ
縑,1,ㄐㄧㄢ
鶼,1,ㄐㄧㄢ
鶼鰈,1,ㄐㄧㄢ ㄉㄧㄝˊ
鶼鰈情深,1,ㄐㄧㄢ ㄉㄧㄝˊ ㄑㄧㄥˊ ㄕㄣ
堅,1,ㄐㄧㄢ
堅壁清野,1,ㄐㄧㄢ ㄅㄧˋ ㄑㄧㄥ ㄧㄝˇ
堅定,1,ㄐㄧㄢ ㄉㄧㄥˋ
堅固,1,ㄐㄧㄢ ㄍㄨˋ
堅果,1,ㄐㄧㄢ ㄍㄨㄛˇ
堅苦卓絕,1,ㄐㄧㄢ ㄎㄨˇ ㄓㄨㄛˊ ㄐㄩㄝˊ
堅拒,1,ㄐㄧㄢ ㄐㄩˋ
堅決,1,ㄐㄧㄢ ㄐㄩㄝˊ
堅強,1,ㄐㄧㄢ ㄑㄧㄤˊ
堅信,1,ㄐㄧㄢ ㄒㄧㄣˋ
堅貞,1,ㄐㄧㄢ ㄓㄣ
堅持,1,ㄐㄧㄢ ㄔˊ
堅稱,1,ㄐㄧㄢ ㄔㄥ
堅實,1,ㄐㄧㄢ ㄕˊ
堅守,1,ㄐㄧㄢ ㄕㄡˇ
堅忍,1,ㄐㄧㄢ ㄖㄣˇ
堅忍不拔,1,ㄐㄧㄢ ㄖㄣˇ ㄅㄨˋ ㄅㄚˊ
堅韌,1,ㄐㄧㄢ ㄖㄣˋ
堅毅,1,ㄐㄧㄢ ㄧˋ
堅硬,1,ㄐㄧㄢ ㄧㄥˋ
鰹,1,ㄐㄧㄢ
湔,1,ㄐㄧㄢ
湔江,1,ㄐㄧㄢ ㄐㄧㄤ
湔雪,1,ㄐㄧㄢ ㄒㄩㄝˇ
煎,1,ㄐㄧㄢ
煎熬,1,ㄐㄧㄢ ㄠˊ
煎藥,1,ㄐㄧㄢ ㄧㄠˋ
菅,1,ㄐㄧㄢ
間,1,ㄐㄧㄢ
間奏,1,ㄐㄧㄢ ㄗㄡˋ
牋,1,ㄐㄧㄢ
箋,1,ㄐㄧㄢ
犍,1,ㄐㄧㄢ
犍陀羅,1,ㄐㄧㄢ ㄊㄨㄛˊ ㄌㄨㄛˊ
監,1,ㄐㄧㄢ
監票,1,ㄐㄧㄢ ㄆㄧㄠˋ
監督,1,ㄐㄧㄢ ㄉㄨ
監牢,1,ㄐㄧㄢ ㄌㄠˊ
監管,1,ㄐㄧㄢ ㄍㄨㄢˇ
監工,1,ㄐㄧㄢ ㄍㄨㄥ
監考,1,ㄐㄧㄢ ㄎㄠˇ
監護,1,ㄐㄧㄢ ㄏㄨˋ
監禁,1,ㄐㄧㄢ ㄐㄧㄣˋ
監製,1,ㄐㄧㄢ ㄓˋ
監察,1,ㄐㄧㄢ ㄔㄚˊ
監察委員,1,ㄐㄧㄢ ㄔㄚˊ ㄨㄟˇ ㄩㄢˊ
監事,1,ㄐㄧㄢ ㄕˋ
監視,1,ㄐㄧㄢ ㄕˋ
監試,1,ㄐㄧㄢ ㄕˋ
監守自盜,1,ㄐㄧㄢ ㄕㄡˇ ㄗˋ ㄉㄠˋ
監造,1,ㄐㄧㄢ ㄗㄠˋ
監測,1,ㄐㄧㄢ ㄘㄜˋ
監獄,1,ㄐㄧㄢ ㄩˋ
緘,1,ㄐㄧㄢ
緘默,1,ㄐㄧㄢ ㄇㄛˋ
艱,1,ㄐㄧㄢ
艱難,1,ㄐㄧㄢ ㄋㄢˊ
艱苦,1,ㄐㄧㄢ ㄎㄨˇ
艱困,1,ㄐㄧㄢ ㄎㄨㄣˋ
艱巨,1,ㄐㄧㄢ ㄐㄩˋ
艱鉅,1,ㄐㄧㄢ ㄐㄩˋ
艱險,1,ㄐㄧㄢ ㄒㄧㄢˇ
艱辛,1,ㄐㄧㄢ ㄒㄧㄣ
艱深,1,ㄐㄧㄢ ㄕㄣ
艱澀,1,ㄐㄧㄢ ㄙㄜˋ
殲,1,ㄐㄧㄢ
殲滅,1,ㄐㄧㄢ ㄇㄧㄝˋ
柬,1,ㄐㄧㄢˇ
揀,1,ㄐㄧㄢˇ
揀破爛,1,ㄐㄧㄢˇ ㄆㄛˋ ㄌㄢˋ
揀選,1,ㄐㄧㄢˇ ㄒㄩㄢˇ
剪,1,ㄐㄧㄢˇ
剪報,1,ㄐㄧㄢˇ ㄅㄠˋ
剪票,1,ㄐㄧㄢˇ ㄆㄧㄠˋ
剪刀,1,ㄐㄧㄢˇ ㄉㄠ
剪貼,1,ㄐㄧㄢˇ ㄊㄧㄝ
剪輯,1,ㄐㄧㄢˇ ㄐㄧˊ
剪接,1,ㄐㄧㄢˇ ㄐㄧㄝ
剪紙,1,ㄐㄧㄢˇ ㄓˇ
剪除,1,ㄐㄧㄢˇ ㄔㄨˊ
剪裁,1,ㄐㄧㄢˇ ㄘㄞˊ
剪綵,1,ㄐㄧㄢˇ ㄘㄞˇ
剪影,1,ㄐㄧㄢˇ ㄧㄥˇ
翦,1,ㄐㄧㄢˇ
減,1,ㄐㄧㄢˇ
減班,1,ㄐㄧㄢˇ ㄅㄢ
減半,1,ㄐㄧㄢˇ ㄅㄢˋ
減免,1,ㄐㄧㄢˇ ㄇㄧㄢˇ
減法,1,ㄐㄧㄢˇ ㄈㄚˇ
減肥,1,ㄐㄧㄢˇ ㄈㄟˊ
減低,1,ㄐㄧㄢˇ ㄉㄧ
減退,1,ㄐㄧㄢˇ ㄊㄨㄟˋ
減緩,1,ㄐㄧㄢˇ ㄏㄨㄢˇ
減價,1,ㄐㄧㄢˇ ㄐㄧㄚˋ
減輕,1,ㄐㄧㄢˇ ㄑㄧㄥ
減刑,1,ㄐㄧㄢˇ ㄒㄧㄥˊ
減產,1,ㄐㄧㄢˇ ㄔㄢˇ
減少,1,ㄐㄧㄢˇ ㄕㄠˇ
減省,1,ㄐㄧㄢˇ ㄕㄥˇ
減數,1,ㄐㄧㄢˇ ㄕㄨˋ
減稅,1,ㄐㄧㄢˇ ㄕㄨㄟˋ
減弱,1,ㄐㄧㄢˇ ㄖㄨㄛˋ
減速,1,ㄐㄧㄢˇ ㄙㄨˋ
減縮,1,ㄐㄧㄢˇ ㄙㄨㄛ
減損,1,ㄐㄧㄢˇ ㄙㄨㄣˇ
減壓,1,ㄐㄧㄢˇ ㄧㄚ
筧,1,ㄐㄧㄢˇ
戩,1,ㄐㄧㄢˇ
儉,1,ㄐㄧㄢˇ
儉樸,1,ㄐㄧㄢˇ ㄆㄨˊ
儉省,1,ㄐㄧㄢˇ ㄕㄥˇ
撿,1,ㄐㄧㄢˇ
撿破爛,1,ㄐㄧㄢˇ ㄆㄛˋ ㄌㄢˋ
撿便宜,1,ㄐㄧㄢˇ ㄆㄧㄢˊ ㄧˊ
撿骨,1,ㄐㄧㄢˇ ㄍㄨˇ
撿現成,1,ㄐㄧㄢˇ ㄒㄧㄢˋ ㄔㄥˊ
檢,1,ㄐㄧㄢˇ
檢方,1,ㄐㄧㄢˇ ㄈㄤ
檢點,1,ㄐㄧㄢˇ ㄉㄧㄢˇ
檢定,1,ㄐㄧㄢˇ ㄉㄧㄥˋ
檢定考試,1,ㄐㄧㄢˇ ㄉㄧㄥˋ ㄎㄠˇ ㄕˋ
檢討,1,ㄐㄧㄢˇ ㄊㄠˇ
檢討會,1,ㄐㄧㄢˇ ㄊㄠˇ ㄏㄨㄟˋ
檢覈,1,ㄐㄧㄢˇ ㄏㄜˊ
檢舉,1,ㄐㄧㄢˇ ㄐㄩˇ
檢修,1,ㄐㄧㄢˇ ㄒㄧㄡ
檢查,1,ㄐㄧㄢˇ ㄔㄚˊ
檢察,1,ㄐㄧㄢˇ ㄔㄚˊ
檢察官,1,ㄐㄧㄢˇ ㄔㄚˊ ㄍㄨㄢ
檢場,1,ㄐㄧㄢˇ ㄔㄤˇ
檢視,1,ㄐㄧㄢˇ ㄕˋ
檢字,1,ㄐㄧㄢˇ ㄗˋ
檢測,1,ㄐㄧㄢˇ ㄘㄜˋ
檢肅,1,ㄐㄧㄢˇ ㄙㄨˋ
檢索,1,ㄐㄧㄢˇ ㄙㄨㄛˇ
檢疫,1,ㄐㄧㄢˇ ㄧˋ
檢驗,1,ㄐㄧㄢˇ ㄧㄢˋ
檢閱,1,ㄐㄧㄢˇ ㄩㄝˋ
瞼,1,ㄐㄧㄢˇ
鹼,1,ㄐㄧㄢˇ
鹼性,1,ㄐㄧㄢˇ ㄒㄧㄥˋ
蹇,1,ㄐㄧㄢˇ
簡,1,ㄐㄧㄢˇ
簡報,1,ㄐㄧㄢˇ ㄅㄠˋ
簡便,1,ㄐㄧㄢˇ ㄅㄧㄢˋ
簡樸,1,ㄐㄧㄢˇ ㄆㄨˊ
簡慢,1,ㄐㄧㄢˇ ㄇㄢˋ
簡明,1,ㄐㄧㄢˇ ㄇㄧㄥˊ
簡單,1,ㄐㄧㄢˇ ㄉㄢ
簡牘,1,ㄐㄧㄢˇ ㄉㄨˊ
簡短,1,ㄐㄧㄢˇ ㄉㄨㄢˇ
簡體字,1,ㄐㄧㄢˇ ㄊㄧˇ ㄗˋ
簡陋,1,ㄐㄧㄢˇ ㄌㄡˋ
簡練,1,ㄐㄧㄢˇ ㄌㄧㄢˋ
簡略,1,ㄐㄧㄢˇ ㄌㄩㄝˋ
簡化,1,ㄐㄧㄢˇ ㄏㄨㄚˋ
簡潔,1,ㄐㄧㄢˇ ㄐㄧㄝˊ
簡介,1,ㄐㄧㄢˇ ㄐㄧㄝˋ
簡直,1,ㄐㄧㄢˇ ㄓˊ
簡章,1,ㄐㄧㄢˇ ㄓㄤ
簡稱,1,ㄐㄧㄢˇ ㄔㄥ
簡任,1,ㄐㄧㄢˇ ㄖㄣˋ
簡易,1,ㄐㄧㄢˇ ㄧˋ
簡要,1,ㄐㄧㄢˇ ㄧㄠˋ
繭,1,ㄐㄧㄢˇ
件,1,ㄐㄧㄢˋ
件數,1,ㄐㄧㄢˋ ㄕㄨˋ
見,1,ㄐㄧㄢˋ
見報,1,ㄐㄧㄢˋ ㄅㄠˋ
見面,1,ㄐㄧㄢˋ ㄇㄧㄢˋ
見面禮,1,ㄐㄧㄢˋ ㄇㄧㄢˋ ㄌㄧˇ
見分曉,1,ㄐㄧㄢˋ ㄈㄣ ㄒㄧㄠˇ
見風轉舵,1,ㄐㄧㄢˋ ㄈㄥ ㄓㄨㄢˇ ㄉㄨㄛˋ
見地,1,ㄐㄧㄢˋ ㄉㄧˋ
見多識廣,1,ㄐㄧㄢˋ ㄉㄨㄛ ㄕˋ ㄍㄨㄤˇ
見利忘義,1,ㄐㄧㄢˋ ㄌㄧˋ ㄨㄤˋ ㄧˋ
見獵心喜,1,ㄐㄧㄢˋ ㄌㄧㄝˋ ㄒㄧㄣ ㄒㄧˇ
見諒,1,ㄐㄧㄢˋ ㄌㄧㄤˋ
見高低,1,ㄐㄧㄢˋ ㄍㄠ ㄉㄧ
見怪,1,ㄐㄧㄢˋ ㄍㄨㄞˋ
見怪不怪,1,ㄐㄧㄢˋ ㄍㄨㄞˋ ㄅㄨˋ ㄍㄨㄞˋ
見怪不怪,1,ㄐㄧㄢˋ ㄍㄨㄞˋ ㄅㄨˊ ㄍㄨㄞˋ
見鬼,1,ㄐㄧㄢˋ ㄍㄨㄟˇ
見好就收,1,ㄐㄧㄢˋ ㄏㄠˇ ㄐㄧㄡˋ ㄕㄡ
見機行事,1,ㄐㄧㄢˋ ㄐㄧ ㄒㄧㄥˊ ㄕˋ
見解,1,ㄐㄧㄢˋ ㄐㄧㄝˇ
見錢眼開,1,ㄐㄧㄢˋ ㄑㄧㄢˊ ㄧㄢˇ ㄎㄞ
見習,1,ㄐㄧㄢˋ ㄒㄧˊ
見效,1,ㄐㄧㄢˋ ㄒㄧㄠˋ
見笑,1,ㄐㄧㄢˋ ㄒㄧㄠˋ
見賢思齊,1,ㄐㄧㄢˋ ㄒㄧㄢˊ ㄙ ㄑㄧˊ
見真章,1,ㄐㄧㄢˋ ㄓㄣ ㄓㄤ
見證,1,ㄐㄧㄢˋ ㄓㄥˋ
見長,1,ㄐㄧㄢˋ ㄔㄤˊ
見稱,1,ㄐㄧㄢˋ ㄔㄥ
見識,1,ㄐㄧㄢˋ ㄕˋ
見仁見智,1,ㄐㄧㄢˋ ㄖㄣˊ ㄐㄧㄢˋ ㄓˋ
見死不救,1,ㄐㄧㄢˋ ㄙˇ ㄅㄨˋ ㄐㄧㄡˋ
見死不救,1,ㄐㄧㄢˋ ㄙˇ ㄅㄨˊ ㄐㄧㄡˋ
見異思遷,1,ㄐㄧㄢˋ ㄧˋ ㄙ ㄑㄧㄢ
見義勇為,1,ㄐㄧㄢˋ ㄧˋ ㄩㄥˇ ㄨㄟˊ
見外,1,ㄐㄧㄢˋ ㄨㄞˋ
見聞,1,ㄐㄧㄢˋ ㄨㄣˊ
建,1,ㄐㄧㄢˋ
建蔽率,1,ㄐㄧㄢˋ ㄅㄧˋ ㄌㄩˋ
建坪,1,ㄐㄧㄢˋ ㄆㄧㄥˊ
建檔,1,ㄐㄧㄢˋ ㄉㄤˇ
建黨,1,ㄐㄧㄢˋ ㄉㄤˇ
建地,1,ㄐㄧㄢˋ ㄉㄧˋ
建都,1,ㄐㄧㄢˋ ㄉㄨ
建立,1,ㄐㄧㄢˋ ㄌㄧˋ
建構,1,ㄐㄧㄢˋ ㄍㄡˋ
建國,1,ㄐㄧㄢˋ ㄍㄨㄛˊ
建功,1,ㄐㄧㄢˋ ㄍㄨㄥ
建交,1,ㄐㄧㄢˋ ㄐㄧㄠ
建教合作,1,ㄐㄧㄢˋ ㄐㄧㄠˋ ㄏㄜˊ ㄗㄨㄛˋ
建醮,1,ㄐㄧㄢˋ ㄐㄧㄠˋ
建軍,1,ㄐㄧㄢˋ ㄐㄩㄣ
建照,1,ㄐㄧㄢˋ ㄓㄠˋ
建築,1,ㄐㄧㄢˋ ㄓㄨˊ
建築師,1,ㄐㄧㄢˋ ㄓㄨˊ ㄕ
建設,1,ㄐㄧㄢˋ ㄕㄜˋ
建設性,1,ㄐㄧㄢˋ ㄕㄜˋ ㄒㄧㄥˋ
建商,1,ㄐㄧㄢˋ ㄕㄤ
建樹,1,ㄐㄧㄢˋ ㄕㄨˋ
建造,1,ㄐㄧㄢˋ ㄗㄠˋ
建材,1,ㄐㄧㄢˋ ㄘㄞˊ
建議,1,ㄐㄧㄢˋ ㄧˋ
建言,1,ㄐㄧㄢˋ ㄧㄢˊ
建物,1,ㄐㄧㄢˋ ㄨˋ
健,1,ㄐㄧㄢˋ
健保,1,ㄐㄧㄢˋ ㄅㄠˇ
健步如飛,1,ㄐㄧㄢˋ ㄅㄨˋ ㄖㄨˊ ㄈㄟ
健美,1,ㄐㄧㄢˋ ㄇㄟˇ
健談,1,ㄐㄧㄢˋ ㄊㄢˊ
健朗,1,ㄐㄧㄢˋ ㄌㄤˇ
健力,1,ㄐㄧㄢˋ ㄌㄧˋ
健康,1,ㄐㄧㄢˋ ㄎㄤ
健康教育,1,ㄐㄧㄢˋ ㄎㄤ ㄐㄧㄠˋ ㄩˋ
健康食品,1,ㄐㄧㄢˋ ㄎㄤ ㄕˊ ㄆㄧㄣˇ
健康醋,1,ㄐㄧㄢˋ ㄎㄤ ㄘㄨˋ
健將,1,ㄐㄧㄢˋ ㄐㄧㄤˋ
健全,1,ㄐㄧㄢˋ ㄑㄩㄢˊ
健行,1,ㄐㄧㄢˋ ㄒㄧㄥˊ
健壯,1,ㄐㄧㄢˋ ㄓㄨㄤˋ
健身,1,ㄐㄧㄢˋ ㄕㄣ
健碩,1,ㄐㄧㄢˋ ㄕㄨㄛˋ
健在,1,ㄐㄧㄢˋ ㄗㄞˋ
健兒,1,ㄐㄧㄢˋ ㄦˊ
健忘,1,ㄐㄧㄢˋ ㄨㄤˋ
毽,1,ㄐㄧㄢˋ
毽子,1,ㄐㄧㄢˋ ㄗ˙
腱,1,ㄐㄧㄢˋ
鍵,1,ㄐㄧㄢˋ
鍵盤,1,ㄐㄧㄢˋ ㄆㄢˊ
荐,1,ㄐㄧㄢˋ
間,1,ㄐㄧㄢˋ
間不容髮,1,ㄐㄧㄢˋ ㄅㄨˋ ㄖㄨㄥˊ ㄈㄚˇ
間諜,1,ㄐㄧㄢˋ ㄉㄧㄝˊ
間斷,1,ㄐㄧㄢˋ ㄉㄨㄢˋ
間隔,1,ㄐㄧㄢˋ ㄍㄜˊ
間接,1,ㄐㄧㄢˋ ㄐㄧㄝ
間隙,1,ㄐㄧㄢˋ ㄒㄧˋ
間歇,1,ㄐㄧㄢˋ ㄒㄧㄝ
間雜,1,ㄐㄧㄢˋ ㄗㄚˊ
澗,1,ㄐㄧㄢˋ
瞷,1,ㄐㄧㄢˋ
漸,1,ㄐㄧㄢˋ
漸漸,1,ㄐㄧㄢˋ ㄐㄧㄢˋ
漸進,1,ㄐㄧㄢˋ ㄐㄧㄣˋ
漸趨式微,1,ㄐㄧㄢˋ ㄑㄩ ㄕˋ ㄨㄟˊ
漸入佳境,1,ㄐㄧㄢˋ ㄖㄨˋ ㄐㄧㄚ ㄐㄧㄥˋ
漸次,1,ㄐㄧㄢˋ ㄘˋ
監,1,ㄐㄧㄢˋ
檻,1,ㄐㄧㄢˋ
艦,1,ㄐㄧㄢˋ
艦隊,1,ㄐㄧㄢˋ ㄉㄨㄟˋ
艦艇,1,ㄐㄧㄢˋ ㄊㄧㄥˇ
艦隻,1,ㄐㄧㄢˋ ㄓ
艦長,1,ㄐㄧㄢˋ ㄓㄤˇ
鑒,1,ㄐㄧㄢˋ
鑒定,1,ㄐㄧㄢˋ ㄉㄧㄥˋ
鑒賞,1,ㄐㄧㄢˋ ㄕㄤˇ
鑑,1,ㄐㄧㄢˋ
鑑別,1,ㄐㄧㄢˋ ㄅㄧㄝˊ
鑑定,1,ㄐㄧㄢˋ ㄉㄧㄥˋ
鑑古推今,1,ㄐㄧㄢˋ ㄍㄨˇ ㄊㄨㄟ ㄐㄧㄣ
鑑識,1,ㄐㄧㄢˋ ㄕˋ
鑑賞,1,ㄐㄧㄢˋ ㄕㄤˇ
僭,1,ㄐㄧㄢˋ
僭越,1,ㄐㄧㄢˋ ㄩㄝˋ
賤,1,ㄐㄧㄢˋ
賤賣,1,ㄐㄧㄢˋ ㄇㄞˋ
賤骨頭,1,ㄐㄧㄢˋ ㄍㄨˊ ㄊㄡ˙
賤價,1,ㄐㄧㄢˋ ㄐㄧㄚˋ
踐,1,ㄐㄧㄢˋ
踐踏,1,ㄐㄧㄢˋ ㄊㄚˋ
踐諾,1,ㄐㄧㄢˋ ㄋㄨㄛˋ
踐祚,1,ㄐㄧㄢˋ ㄗㄨㄛˋ
餞,1,ㄐㄧㄢˋ
餞別,1,ㄐㄧㄢˋ ㄅㄧㄝˊ
餞行,1,ㄐㄧㄢˋ ㄒㄧㄥˊ
濺,1,ㄐㄧㄢˋ
箭,1,ㄐㄧㄢˋ
箭靶,1,ㄐㄧㄢˋ ㄅㄚˇ
箭步,1,ㄐㄧㄢˋ ㄅㄨˋ
箭竹,1,ㄐㄧㄢˋ ㄓㄨˊ
箭在弦上,1,ㄐㄧㄢˋ ㄗㄞˋ ㄒㄧㄢˊ ㄕㄤˋ
箭也似的,1,ㄐㄧㄢˋ ㄧㄝˇ ㄙˋ ㄉㄜ˙
箭無虛發,1,ㄐㄧㄢˋ ㄨˊ ㄒㄩ ㄈㄚ
劍,1,ㄐㄧㄢˋ
劍拔弩張,1,ㄐㄧㄢˋ ㄅㄚˊ ㄋㄨˇ ㄓㄤ
劍道,1,ㄐㄧㄢˋ ㄉㄠˋ
劍及履及,1,ㄐㄧㄢˋ ㄐㄧˊ ㄌㄩˇ ㄐㄧˊ
劍術,1,ㄐㄧㄢˋ ㄕㄨˋ
諫,1,ㄐㄧㄢˋ
諫臣,1,ㄐㄧㄢˋ ㄔㄣˊ
諫言,1,ㄐㄧㄢˋ ㄧㄢˊ
薦,1,ㄐㄧㄢˋ
薦任,1,ㄐㄧㄢˋ ㄖㄣˋ
巾,1,ㄐㄧㄣ
巾幗,1,ㄐㄧㄣ ㄍㄨㄛˊ
巾幗英雄,1,ㄐㄧㄣ ㄍㄨㄛˊ ㄧㄥ ㄒㄩㄥˊ
今,1,ㄐㄧㄣ
今非昔比,1,ㄐㄧㄣ ㄈㄟ ㄒㄧˊ ㄅㄧˇ
今天,1,ㄐㄧㄣ ㄊㄧㄢ
今年,1,ㄐㄧㄣ ㄋㄧㄢˊ
今後,1,ㄐㄧㄣ ㄏㄡˋ
今昔,1,ㄐㄧㄣ ㄒㄧˊ
今世,1,ㄐㄧㄣ ㄕˋ
今是昨非,1,ㄐㄧㄣ ㄕˋ ㄗㄨㄛˊ ㄈㄟ
今生,1,ㄐㄧㄣ ㄕㄥ
今日,1,ㄐㄧㄣ ㄖˋ
今晚,1,ㄐㄧㄣ ㄨㄢˇ
矜,1,ㄐㄧㄣ
矜持,1,ㄐㄧㄣ ㄔˊ
衿,1,ㄐㄧㄣ
斤,1,ㄐㄧㄣ
斤兩,1,ㄐㄧㄣ ㄌㄧㄤˇ
斤斤計較,1,ㄐㄧㄣ ㄐㄧㄣ ㄐㄧˋ ㄐㄧㄠˋ
金,1,ㄐㄧㄣ
金箔,1,ㄐㄧㄣ ㄅㄛˊ
金榜題名,1,ㄐㄧㄣ ㄅㄤˇ ㄊㄧˊ ㄇㄧㄥˊ
金碧輝煌,1,ㄐㄧㄣ ㄅㄧˋ ㄏㄨㄟ ㄏㄨㄤˊ
金臂人,1,ㄐㄧㄣ ㄅㄧˋ ㄖㄣˊ
金牌,1,ㄐㄧㄣ ㄆㄞˊ
金盆洗手,1,ㄐㄧㄣ ㄆㄣˊ ㄒㄧˇ ㄕㄡˇ
金馬獎,1,ㄐㄧㄣ ㄇㄚˇ ㄐㄧㄤˇ
金黴素,1,ㄐㄧㄣ ㄇㄟˊ ㄙㄨˋ
金飯碗,1,ㄐㄧㄣ ㄈㄢˋ ㄨㄢˇ
金風,1,ㄐㄧㄣ ㄈㄥ
金風玉露,1,ㄐㄧㄣ ㄈㄥ ㄩˋ ㄌㄨˋ
金鼎獎,1,ㄐㄧㄣ ㄉㄧㄥˇ ㄐㄧㄤˇ
金湯,1,ㄐㄧㄣ ㄊㄤ
金條,1,ㄐㄧㄣ ㄊㄧㄠˊ
金童玉女,1,ㄐㄧㄣ ㄊㄨㄥˊ ㄩˋ ㄋㄩˇ
金蘭,1,ㄐㄧㄣ ㄌㄢˊ
金蘭之交,1,ㄐㄧㄣ ㄌㄢˊ ㄓ ㄐㄧㄠ
金縷玉衣,1,ㄐㄧㄣ ㄌㄩˇ ㄩˋ ㄧ
金剛,1,ㄐㄧㄣ ㄍㄤ
金龜婿,1,ㄐㄧㄣ ㄍㄨㄟ ㄒㄩˋ
金光黨,1,ㄐㄧㄣ ㄍㄨㄤ ㄉㄤˇ
金光閃耀,1,ㄐㄧㄣ ㄍㄨㄤ ㄕㄢˇ ㄧㄠˋ
金科玉律,1,ㄐㄧㄣ ㄎㄜ ㄩˋ ㄌㄩˋ
金口,1,ㄐㄧㄣ ㄎㄡˇ
金庫,1,ㄐㄧㄣ ㄎㄨˋ
金礦,1,ㄐㄧㄣ ㄎㄨㄤˋ
金婚,1,ㄐㄧㄣ ㄏㄨㄣ
金黃色,1,ㄐㄧㄣ ㄏㄨㄤˊ ㄙㄜˋ
金價,1,ㄐㄧㄣ ㄐㄧㄚˋ
金錢,1,ㄐㄧㄣ ㄑㄧㄢˊ
金錢豹,1,ㄐㄧㄣ ㄑㄧㄢˊ ㄅㄠˋ
金權政治,1,ㄐㄧㄣ ㄑㄩㄢˊ ㄓㄥˋ ㄓˋ
金像獎,1,ㄐㄧㄣ ㄒㄧㄤˋ ㄐㄧㄤˇ
金星,1,ㄐㄧㄣ ㄒㄧㄥ
金枝玉葉,1,ㄐㄧㄣ ㄓ ㄩˋ ㄧㄝˋ
金質,1,ㄐㄧㄣ ㄓˊ
金針,1,ㄐㄧㄣ ㄓㄣ
金針菜,1,ㄐㄧㄣ ㄓㄣ ㄘㄞˋ
金釵,1,ㄐㄧㄣ ㄔㄞ
金蟬脫殼,1,ㄐㄧㄣ ㄔㄢˊ ㄊㄨㄛ ㄎㄜˊ
金石,1,ㄐㄧㄣ ㄕˊ
金飾,1,ㄐㄧㄣ ㄕˋ
金身,1,ㄐㄧㄣ ㄕㄣ
金屬,1,ㄐㄧㄣ ㄕㄨˇ
金屬疲勞,1,ㄐㄧㄣ ㄕㄨˇ ㄆㄧˊ ㄌㄠˊ
金融,1,ㄐㄧㄣ ㄖㄨㄥˊ
金融市場,1,ㄐㄧㄣ ㄖㄨㄥˊ ㄕˋ ㄔㄤˇ
金字塔,1,ㄐㄧㄣ ㄗˋ ㄊㄚˇ
金字招牌,1,ㄐㄧㄣ ㄗˋ ㄓㄠ ㄆㄞˊ
金絲雀,1,ㄐㄧㄣ ㄙ ㄑㄩㄝˋ
金色年華,1,ㄐㄧㄣ ㄙㄜˋ ㄋㄧㄢˊ ㄏㄨㄚˊ
金三角,1,ㄐㄧㄣ ㄙㄢ ㄐㄧㄠˇ
金嗓子,1,ㄐㄧㄣ ㄙㄤˇ ㄗ˙
金額,1,ㄐㄧㄣ ㄜˊ
金言,1,ㄐㄧㄣ ㄧㄢˊ
金屋藏嬌,1,ㄐㄧㄣ ㄨ ㄘㄤˊ ㄐㄧㄠ
金文,1,ㄐㄧㄣ ㄨㄣˊ
金魚,1,ㄐㄧㄣ ㄩˊ
金玉滿堂,1,ㄐㄧㄣ ㄩˋ ㄇㄢˇ ㄊㄤˊ
金玉良言,1,ㄐㄧㄣ ㄩˋ ㄌㄧㄤˊ ㄧㄢˊ
金玉其外敗絮其中,1,ㄐㄧㄣ ㄩˋ ㄑㄧˊ ㄨㄞˋ ㄅㄞˋ ㄒㄩˋ ㄑㄧˊ ㄓㄨㄥ
津,1,ㄐㄧㄣ
津貼,1,ㄐㄧㄣ ㄊㄧㄝ
津梁,1,ㄐㄧㄣ ㄌㄧㄤˊ
津津樂道,1,ㄐㄧㄣ ㄐㄧㄣ ㄌㄜˋ ㄉㄠˋ
津津有味,1,ㄐㄧㄣ ㄐㄧㄣ ㄧㄡˇ ㄨㄟˋ
津要,1,ㄐㄧㄣ ㄧㄠˋ
觔,1,ㄐㄧㄣ
觔斗,1,ㄐㄧㄣ ㄉㄡˇ
筋,1,ㄐㄧㄣ
筋疲力竭,1,ㄐㄧㄣ ㄆㄧˊ ㄌㄧˋ ㄐㄧㄝˊ
筋疲力盡,1,ㄐㄧㄣ ㄆㄧˊ ㄌㄧˋ ㄐㄧㄣˋ
筋斗,1,ㄐㄧㄣ ㄉㄡˇ
筋絡,1,ㄐㄧㄣ ㄌㄨㄛˋ
筋骨,1,ㄐㄧㄣ ㄍㄨˇ
禁,1,ㄐㄧㄣ
禁不起,1,ㄐㄧㄣ ㄅㄨˋ ㄑㄧˇ
禁不住,1,ㄐㄧㄣ ㄅㄨˋ ㄓㄨˋ
禁不住,1,ㄐㄧㄣ ㄅㄨˊ ㄓㄨˋ
襟,1,ㄐㄧㄣ
襟懷,1,ㄐㄧㄣ ㄏㄨㄞˊ
巹,1,ㄐㄧㄣˇ
堇,1,ㄐㄧㄣˇ
菫,1,ㄐㄧㄣˇ
僅,1,ㄐㄧㄣˇ
僅僅,1,ㄐㄧㄣˇ ㄐㄧㄣˇ
僅有,1,ㄐㄧㄣˇ ㄧㄡˇ
瑾,1,ㄐㄧㄣˇ
瑾瑜,1,ㄐㄧㄣˇ ㄩˊ
槿,1,ㄐㄧㄣˇ
謹,1,ㄐㄧㄣˇ
謹防,1,ㄐㄧㄣˇ ㄈㄤˊ
謹記,1,ㄐㄧㄣˇ ㄐㄧˋ
謹守,1,ㄐㄧㄣˇ ㄕㄡˇ
謹慎,1,ㄐㄧㄣˇ ㄕㄣˋ
謹言,1,ㄐㄧㄣˇ ㄧㄢˊ
謹言慎行,1,ㄐㄧㄣˇ ㄧㄢˊ ㄕㄣˋ ㄒㄧㄥˊ
謹嚴,1,ㄐㄧㄣˇ ㄧㄢˊ
饉,1,ㄐㄧㄣˇ
緊,1,ㄐㄧㄣˇ
緊繃,1,ㄐㄧㄣˇ ㄅㄥ
緊閉,1,ㄐㄧㄣˇ ㄅㄧˋ
緊迫,1,ㄐㄧㄣˇ ㄆㄛˋ
緊迫盯人,1,ㄐㄧㄣˇ ㄆㄛˋ ㄉㄧㄥ ㄖㄣˊ
緊密,1,ㄐㄧㄣˇ ㄇㄧˋ
緊鄰,1,ㄐㄧㄣˇ ㄌㄧㄣˊ
緊鑼密鼓,1,ㄐㄧㄣˇ ㄌㄨㄛˊ ㄇㄧˋ ㄍㄨˇ
緊箍咒,1,ㄐㄧㄣˇ ㄍㄨ ㄓㄡˋ
緊急,1,ㄐㄧㄣˇ ㄐㄧˊ
緊急處分,1,ㄐㄧㄣˇ ㄐㄧˊ ㄔㄨˇ ㄈㄣˋ
緊記,1,ㄐㄧㄣˇ ㄐㄧˋ
緊接,1,ㄐㄧㄣˇ ㄐㄧㄝ
緊緊,1,ㄐㄧㄣˇ ㄐㄧㄣˇ
緊張,1,ㄐㄧㄣˇ ㄓㄤ
緊追不捨,1,ㄐㄧㄣˇ ㄓㄨㄟ ㄅㄨˋ ㄕㄜˇ
緊身衣,1,ㄐㄧㄣˇ ㄕㄣ ㄧ
緊湊,1,ㄐㄧㄣˇ ㄘㄡˋ
緊縮,1,ㄐㄧㄣˇ ㄙㄨㄛ
緊要,1,ㄐㄧㄣˇ ㄧㄠˋ
緊要關頭,1,ㄐㄧㄣˇ ㄧㄠˋ ㄍㄨㄢ ㄊㄡˊ
儘,1,ㄐㄧㄣˇ
儘量,1,ㄐㄧㄣˇ ㄌㄧㄤˋ
儘管,1,ㄐㄧㄣˇ ㄍㄨㄢˇ
儘快,1,ㄐㄧㄣˇ ㄎㄨㄞˋ
儘早,1,ㄐㄧㄣˇ ㄗㄠˇ
錦,1,ㄐㄧㄣˇ
錦標,1,ㄐㄧㄣˇ ㄅㄧㄠ
錦緞,1,ㄐㄧㄣˇ ㄉㄨㄢˋ
錦囊,1,ㄐㄧㄣˇ ㄋㄤˊ
錦囊妙計,1,ㄐㄧㄣˇ ㄋㄤˊ ㄇㄧㄠˋ ㄐㄧˋ
錦旗,1,ㄐㄧㄣˇ ㄑㄧˊ
錦繡,1,ㄐㄧㄣˇ ㄒㄧㄡˋ
錦上添花,1,ㄐㄧㄣˇ ㄕㄤˋ ㄊㄧㄢ ㄏㄨㄚ
錦衣玉食,1,ㄐㄧㄣˇ ㄧ ㄩˋ ㄕˊ
近,1,ㄐㄧㄣˋ
近年,1,ㄐㄧㄣˋ ㄋㄧㄢˊ
近來,1,ㄐㄧㄣˋ ㄌㄞˊ
近鄰,1,ㄐㄧㄣˋ ㄌㄧㄣˊ
近況,1,ㄐㄧㄣˋ ㄎㄨㄤˋ
近海,1,ㄐㄧㄣˋ ㄏㄞˇ
近畿,1,ㄐㄧㄣˋ ㄐㄧ
近郊,1,ㄐㄧㄣˋ ㄐㄧㄠ
近期,1,ㄐㄧㄣˋ ㄑㄧˊ
近親,1,ㄐㄧㄣˋ ㄑㄧㄣ
近情近理,1,ㄐㄧㄣˋ ㄑㄧㄥˊ ㄐㄧㄣˋ ㄌㄧˇ
近朱者赤近墨者黑,1,ㄐㄧㄣˋ ㄓㄨ ㄓㄜˇ ㄔˋ ㄐㄧㄣˋ ㄇㄛˋ ㄓㄜˇ ㄏㄟ
近處,1,ㄐㄧㄣˋ ㄔㄨˋ
近視,1,ㄐㄧㄣˋ ㄕˋ
近視眼,1,ㄐㄧㄣˋ ㄕˋ ㄧㄢˇ
近水樓臺,1,ㄐㄧㄣˋ ㄕㄨㄟˇ ㄌㄡˊ ㄊㄞˊ
近日,1,ㄐㄧㄣˋ ㄖˋ
近在咫尺,1,ㄐㄧㄣˋ ㄗㄞˋ ㄓˇ ㄔˇ
近在眼前,1,ㄐㄧㄣˋ ㄗㄞˋ ㄧㄢˇ ㄑㄧㄢˊ
近作,1,ㄐㄧㄣˋ ㄗㄨㄛˋ
近似,1,ㄐㄧㄣˋ ㄙˋ
近因,1,ㄐㄧㄣˋ ㄧㄣ
近悅遠來,1,ㄐㄧㄣˋ ㄩㄝˋ ㄩㄢˇ ㄌㄞˊ
浸,1,ㄐㄧㄣˋ
浸泡,1,ㄐㄧㄣˋ ㄆㄠˋ
浸透,1,ㄐㄧㄣˋ ㄊㄡˋ
浸溼,1,ㄐㄧㄣˋ ㄕ
浸蝕,1,ㄐㄧㄣˋ ㄕˊ
浸染,1,ㄐㄧㄣˋ ㄖㄢˇ
浸潤,1,ㄐㄧㄣˋ ㄖㄨㄣˋ
浸漬,1,ㄐㄧㄣˋ ㄗˋ
浸淫,1,ㄐㄧㄣˋ ㄧㄣˊ
晉,1,ㄐㄧㄣˋ
晉級,1,ㄐㄧㄣˋ ㄐㄧˊ
晉階,1,ㄐㄧㄣˋ ㄐㄧㄝ
晉見,1,ㄐㄧㄣˋ ㄐㄧㄢˋ
晉升,1,ㄐㄧㄣˋ ㄕㄥ
晉用,1,ㄐㄧㄣˋ ㄩㄥˋ
搢,1,ㄐㄧㄣˋ
搢紳,1,ㄐㄧㄣˋ ㄕㄣ
進,1,ㄐㄧㄣˋ
進逼,1,ㄐㄧㄣˋ ㄅㄧ
進補,1,ㄐㄧㄣˋ ㄅㄨˇ
進步,1,ㄐㄧㄣˋ ㄅㄨˋ
進發,1,ㄐㄧㄣˋ ㄈㄚ
進犯,1,ㄐㄧㄣˋ ㄈㄢˋ
進德,1,ㄐㄧㄣˋ ㄉㄜˊ
進度,1,ㄐㄧㄣˋ ㄉㄨˋ
進退兩難,1,ㄐㄧㄣˋ ㄊㄨㄟˋ ㄌㄧㄤˇ ㄋㄢˊ
進退失據,1,ㄐㄧㄣˋ ㄊㄨㄟˋ ㄕ ㄐㄩˋ
進退維谷,1,ㄐㄧㄣˋ ㄊㄨㄟˋ ㄨㄟˊ ㄍㄨˇ
進來,1,ㄐㄧㄣˋ ㄌㄞˊ
進攻,1,ㄐㄧㄣˋ ㄍㄨㄥ
進貢,1,ㄐㄧㄣˋ ㄍㄨㄥˋ
進口,1,ㄐㄧㄣˋ ㄎㄡˇ
進口貨,1,ㄐㄧㄣˋ ㄎㄡˇ ㄏㄨㄛˋ
進貨,1,ㄐㄧㄣˋ ㄏㄨㄛˋ
進擊,1,ㄐㄧㄣˋ ㄐㄧˊ
進階,1,ㄐㄧㄣˋ ㄐㄧㄝ
進剿,1,ㄐㄧㄣˋ ㄐㄧㄠˇ
進軍,1,ㄐㄧㄣˋ ㄐㄩㄣ
進取,1,ㄐㄧㄣˋ ㄑㄩˇ
進去,1,ㄐㄧㄣˋ ㄑㄩˋ
進襲,1,ㄐㄧㄣˋ ㄒㄧˊ
進修,1,ㄐㄧㄣˋ ㄒㄧㄡ
進賢,1,ㄐㄧㄣˋ ㄒㄧㄢˊ
進香,1,ㄐㄧㄣˋ ㄒㄧㄤ
進行,1,ㄐㄧㄣˋ ㄒㄧㄥˊ
進行曲,1,ㄐㄧㄣˋ ㄒㄧㄥˊ ㄑㄩˇ
進學,1,ㄐㄧㄣˋ ㄒㄩㄝˊ
進展,1,ㄐㄧㄣˋ ㄓㄢˇ
進帳,1,ㄐㄧㄣˋ ㄓㄤˋ
進駐,1,ㄐㄧㄣˋ ㄓㄨˋ
進場,1,ㄐㄧㄣˋ ㄔㄤˇ
進廠,1,ㄐㄧㄣˋ ㄔㄤˇ
進城,1,ㄐㄧㄣˋ ㄔㄥˊ
進程,1,ㄐㄧㄣˋ ㄔㄥˊ
進食,1,ㄐㄧㄣˋ ㄕˊ
進士,1,ㄐㄧㄣˋ ㄕˋ
進入,1,ㄐㄧㄣˋ ㄖㄨˋ
進餐,1,ㄐㄧㄣˋ ㄘㄢ
進一步,1,ㄐㄧㄣˋ ㄧ ㄅㄨˋ
進一步,1,ㄐㄧㄣˋ ㄧˊ ㄅㄨˋ
進言,1,ㄐㄧㄣˋ ㄧㄢˊ
進用,1,ㄐㄧㄣˋ ㄩㄥˋ
靳,1,ㄐㄧㄣˋ
禁,1,ㄐㄧㄣˋ
禁閉,1,ㄐㄧㄣˋ ㄅㄧˋ
禁品,1,ㄐㄧㄣˋ ㄆㄧㄣˇ
禁地,1,ㄐㄧㄣˋ ㄉㄧˋ
禁令,1,ㄐㄧㄣˋ ㄌㄧㄥˋ
禁臠,1,ㄐㄧㄣˋ ㄌㄨㄢˊ
禁錮,1,ㄐㄧㄣˋ ㄍㄨˋ
禁果,1,ㄐㄧㄣˋ ㄍㄨㄛˇ
禁忌,1,ㄐㄧㄣˋ ㄐㄧˋ
禁絕,1,ㄐㄧㄣˋ ㄐㄩㄝˊ
禁區,1,ㄐㄧㄣˋ ㄑㄩ
禁止,1,ㄐㄧㄣˋ ㄓˇ
禁制,1,ㄐㄧㄣˋ ㄓˋ
禁中,1,ㄐㄧㄣˋ ㄓㄨㄥ
禁書,1,ㄐㄧㄣˋ ㄕㄨ
禁足,1,ㄐㄧㄣˋ ㄗㄨˊ
禁藥,1,ㄐㄧㄣˋ ㄧㄠˋ
禁菸,1,ㄐㄧㄣˋ ㄧㄢ
禁演,1,ㄐㄧㄣˋ ㄧㄢˇ
噤,1,ㄐㄧㄣˋ
噤若寒蟬,1,ㄐㄧㄣˋ ㄖㄨㄛˋ ㄏㄢˊ ㄔㄢˊ
盡,1,ㄐㄧㄣˋ
盡頭,1,ㄐㄧㄣˋ ㄊㄡˊ
盡力,1,ㄐㄧㄣˋ ㄌㄧˋ
盡力而為,1,ㄐㄧㄣˋ ㄌㄧˋ ㄦˊ ㄨㄟˊ
盡量,1,ㄐㄧㄣˋ ㄌㄧㄤˋ
盡可能,1,ㄐㄧㄣˋ ㄎㄜˇ ㄋㄥˊ
盡快,1,ㄐㄧㄣˋ ㄎㄨㄞˋ
盡歡,1,ㄐㄧㄣˋ ㄏㄨㄢ
盡其在我,1,ㄐㄧㄣˋ ㄑㄧˊ ㄗㄞˋ ㄨㄛˇ
盡情,1,ㄐㄧㄣˋ ㄑㄧㄥˊ
盡心盡力,1,ㄐㄧㄣˋ ㄒㄧㄣ ㄐㄧㄣˋ ㄌㄧˋ
盡興,1,ㄐㄧㄣˋ ㄒㄧㄥˋ
盡職,1,ㄐㄧㄣˋ ㄓˊ
盡忠,1,ㄐㄧㄣˋ ㄓㄨㄥ
盡善盡美,1,ㄐㄧㄣˋ ㄕㄢˋ ㄐㄧㄣˋ ㄇㄟˇ
盡人事,1,ㄐㄧㄣˋ ㄖㄣˊ ㄕˋ
盡人事聽天命,1,ㄐㄧㄣˋ ㄖㄣˊ ㄕˋ ㄊㄧㄥˋ ㄊㄧㄢ ㄇㄧㄥˋ
盡責,1,ㄐㄧㄣˋ ㄗㄜˊ
盡義務,1,ㄐㄧㄣˋ ㄧˋ ㄨˋ
燼,1,ㄐㄧㄣˋ
贐,1,ㄐㄧㄣˋ
覲,1,ㄐㄧㄣˋ
覲見,1,ㄐㄧㄣˋ ㄐㄧㄢˋ
江,1,ㄐㄧㄤ
江米人,1,ㄐㄧㄤ ㄇㄧˇ ㄖㄣˊ
江郎才盡,1,ㄐㄧㄤ ㄌㄤˊ ㄘㄞˊ ㄐㄧㄣˋ
江流,1,ㄐㄧㄤ ㄌㄧㄡˊ
江輪,1,ㄐㄧㄤ ㄌㄨㄣˊ
江河日下,1,ㄐㄧㄤ ㄏㄜˊ ㄖˋ ㄒㄧㄚˋ
江湖,1,ㄐㄧㄤ ㄏㄨˊ
江心,1,ㄐㄧㄤ ㄒㄧㄣ
江山,1,ㄐㄧㄤ ㄕㄢ
江洋大盜,1,ㄐㄧㄤ ㄧㄤˊ ㄉㄚˋ ㄉㄠˋ
豇,1,ㄐㄧㄤ
豇豆,1,ㄐㄧㄤ ㄉㄡˋ
姜,1,ㄐㄧㄤ
將,1,ㄐㄧㄤ
將本求利,1,ㄐㄧㄤ ㄅㄣˇ ㄑㄧㄡˊ ㄌㄧˋ
將來,1,ㄐㄧㄤ ㄌㄞˊ
將功贖罪,1,ㄐㄧㄤ ㄍㄨㄥ ㄕㄨˊ ㄗㄨㄟˋ
將功折罪,1,ㄐㄧㄤ ㄍㄨㄥ ㄓㄜˊ ㄗㄨㄟˋ
將計就計,1,ㄐㄧㄤ ㄐㄧˋ ㄐㄧㄡˋ ㄐㄧˋ
將就,1,ㄐㄧㄤ ㄐㄧㄡˋ
將近,1,ㄐㄧㄤ ㄐㄧㄣˋ
將軍,1,ㄐㄧㄤ ㄐㄩㄣ
將心比心,1,ㄐㄧㄤ ㄒㄧㄣ ㄅㄧˇ ㄒㄧㄣ
將信將疑,1,ㄐㄧㄤ ㄒㄧㄣˋ ㄐㄧㄤ ㄧˊ
將錯就錯,1,ㄐㄧㄤ ㄘㄨㄛˋ ㄐㄧㄡˋ ㄘㄨㄛˋ
將要,1,ㄐㄧㄤ ㄧㄠˋ
漿,1,ㄐㄧㄤ
漿糊,1,ㄐㄧㄤˋ ㄏㄨˊ
僵,1,ㄐㄧㄤ
僵冷,1,ㄐㄧㄤ ㄌㄥˇ
僵立,1,ㄐㄧㄤ ㄌㄧˋ
僵固,1,ㄐㄧㄤ ㄍㄨˋ
僵化,1,ㄐㄧㄤ ㄏㄨㄚˋ
僵局,1,ㄐㄧㄤ ㄐㄩˊ
僵持,1,ㄐㄧㄤ ㄔˊ
僵硬,1,ㄐㄧㄤ ㄧㄥˋ
殭,1,ㄐㄧㄤ
殭屍,1,ㄐㄧㄤ ㄕ
薑,1,ㄐㄧㄤ
薑母鴨,1,ㄐㄧㄤ ㄇㄨˇ ㄧㄚ
薑湯,1,ㄐㄧㄤ ㄊㄤ
薑是老的辣,1,ㄐㄧㄤ ㄕˋ ㄌㄠˇ ㄉㄜ˙ ㄌㄚˋ
疆,1,ㄐㄧㄤ
疆土,1,ㄐㄧㄤ ㄊㄨˇ
疆界,1,ㄐㄧㄤ ㄐㄧㄝˋ
疆場,1,ㄐㄧㄤ ㄔㄤˇ
疆埸,1,ㄐㄧㄤ ㄧˋ
疆域,1,ㄐㄧㄤ ㄩˋ
韁,1,ㄐㄧㄤ
韁繩,1,ㄐㄧㄤ ㄕㄥˊ
蔣,1,ㄐㄧㄤˇ
槳,1,ㄐㄧㄤˇ
獎,1,ㄐㄧㄤˇ
獎杯,1,ㄐㄧㄤˇ ㄅㄟ
獎牌,1,ㄐㄧㄤˇ ㄆㄞˊ
獎品,1,ㄐㄧㄤˇ ㄆㄧㄣˇ
獎勉,1,ㄐㄧㄤˇ ㄇㄧㄢˇ
獎勵,1,ㄐㄧㄤˇ ㄌㄧˋ
獎金,1,ㄐㄧㄤˇ ㄐㄧㄣ
獎券,1,ㄐㄧㄤˇ ㄑㄩㄢˋ
獎學金,1,ㄐㄧㄤˇ ㄒㄩㄝˊ ㄐㄧㄣ
獎章,1,ㄐㄧㄤˇ ㄓㄤ
獎助,1,ㄐㄧㄤˇ ㄓㄨˋ
獎狀,1,ㄐㄧㄤˇ ㄓㄨㄤˋ
獎懲,1,ㄐㄧㄤˇ ㄔㄥˊ
獎賞,1,ㄐㄧㄤˇ ㄕㄤˇ
講,1,ㄐㄧㄤˇ
講評,1,ㄐㄧㄤˇ ㄆㄧㄥˊ
講臺,1,ㄐㄧㄤˇ ㄊㄞˊ
講堂,1,ㄐㄧㄤˇ ㄊㄤˊ
講題,1,ㄐㄧㄤˇ ㄊㄧˊ
講理,1,ㄐㄧㄤˇ ㄌㄧˇ
講稿,1,ㄐㄧㄤˇ ㄍㄠˇ
講和,1,ㄐㄧㄤˇ ㄏㄜˊ
講話,1,ㄐㄧㄤˇ ㄏㄨㄚˋ
講價,1,ㄐㄧㄤˇ ㄐㄧㄚˋ
講解,1,ㄐㄧㄤˇ ㄐㄧㄝˇ
講交情,1,ㄐㄧㄤˇ ㄐㄧㄠ ㄑㄧㄥˊ
講究,1,ㄐㄧㄤˇ ㄐㄧㄡˋ
講求,1,ㄐㄧㄤˇ ㄑㄧㄡˊ
講情,1,ㄐㄧㄤˇ ㄑㄧㄥˊ
講習,1,ㄐㄧㄤˇ ㄒㄧˊ
講學,1,ㄐㄧㄤˇ ㄒㄩㄝˊ
講師,1,ㄐㄧㄤˇ ㄕ
講授,1,ㄐㄧㄤˇ ㄕㄡˋ
講述,1,ㄐㄧㄤˇ ㄕㄨˋ
講座,1,ㄐㄧㄤˇ ㄗㄨㄛˋ
講義,1,ㄐㄧㄤˇ ㄧˋ
講演,1,ㄐㄧㄤˇ ㄧㄢˇ
匠,1,ㄐㄧㄤˋ
匠心,1,ㄐㄧㄤˋ ㄒㄧㄣ
匠心獨具,1,ㄐㄧㄤˋ ㄒㄧㄣ ㄉㄨˊ ㄐㄩˋ
匠心獨運,1,ㄐㄧㄤˋ ㄒㄧㄣ ㄉㄨˊ ㄩㄣˋ
降,1,ㄐㄧㄤˋ
降服,1,ㄐㄧㄤˋ ㄈㄨˊ
降幅,1,ㄐㄧㄤˋ ㄈㄨˊ
降福,1,ㄐㄧㄤˋ ㄈㄨˊ
降低,1,ㄐㄧㄤˋ ㄉㄧ
降臨,1,ㄐㄧㄤˋ ㄌㄧㄣˊ
降落,1,ㄐㄧㄤˋ ㄌㄨㄛˋ
降落傘,1,ㄐㄧㄤˋ ㄌㄨㄛˋ ㄙㄢˇ
降格,1,ㄐㄧㄤˋ ㄍㄜˊ
降格以求,1,ㄐㄧㄤˋ ㄍㄜˊ ㄧˇ ㄑㄧㄡˊ
降貴紆尊,1,ㄐㄧㄤˋ ㄍㄨㄟˋ ㄩ ㄗㄨㄣ
降火,1,ㄐㄧㄤˋ ㄏㄨㄛˇ
降級,1,ㄐㄧㄤˋ ㄐㄧˊ
降價,1,ㄐㄧㄤˋ ㄐㄧㄚˋ
降旗,1,ㄐㄧㄤˋ ㄑㄧˊ
降下,1,ㄐㄧㄤˋ ㄒㄧㄚˋ
降薪,1,ㄐㄧㄤˋ ㄒㄧㄣ
降生,1,ㄐㄧㄤˋ ㄕㄥ
降罪,1,ㄐㄧㄤˋ ㄗㄨㄟˋ
降溫,1,ㄐㄧㄤˋ ㄨㄣ
絳,1,ㄐㄧㄤˋ
強,1,ㄐㄧㄤˋ
糨,1,ㄐㄧㄤˋ
糨糊,1,ㄐㄧㄤˋ ㄏㄨˊ
將,1,ㄐㄧㄤˋ
將門虎子,1,ㄐㄧㄤˋ ㄇㄣˊ ㄏㄨˇ ㄗˇ
將領,1,ㄐㄧㄤˋ ㄌㄧㄥˇ
將令,1,ㄐㄧㄤˋ ㄌㄧㄥˋ
將略,1,ㄐㄧㄤˋ ㄌㄩㄝˋ
將士,1,ㄐㄧㄤˋ ㄕˋ
將士用命,1,ㄐㄧㄤˋ ㄕˋ ㄩㄥˋ ㄇㄧㄥˋ
將才,1,ㄐㄧㄤˋ ㄘㄞˊ
醬,1,ㄐㄧㄤˋ
醬瓜,1,ㄐㄧㄤˋ ㄍㄨㄚ
醬菜,1,ㄐㄧㄤˋ ㄘㄞˋ
醬油,1,ㄐㄧㄤˋ ㄧㄡˊ
京,1,ㄐㄧㄥ
京片子,1,ㄐㄧㄥ ㄆㄧㄢˋ ㄗ˙
京華,1,ㄐㄧㄥ ㄏㄨㄚˊ
京畿,1,ㄐㄧㄥ ㄐㄧ
京劇,1,ㄐㄧㄥ ㄐㄩˋ
京戲,1,ㄐㄧㄥ ㄒㄧˋ
京城,1,ㄐㄧㄥ ㄔㄥˊ
京師,1,ㄐㄧㄥ ㄕ
鯨,1,ㄐㄧㄥ
鯨吞,1,ㄐㄧㄥ ㄊㄨㄣ
鯨魚,1,ㄐㄧㄥ ㄩˊ
青,1,ㄐㄧㄥ
菁,1,ㄐㄧㄥ
菁華,1,ㄐㄧㄥ ㄏㄨㄚˊ
菁英,1,ㄐㄧㄥ ㄧㄥ
菁英分子,1,ㄐㄧㄥ ㄧㄥ ㄈㄣˋ ㄗˇ
睛,1,ㄐㄧㄥ
精,1,ㄐㄧㄥ
精兵,1,ㄐㄧㄥ ㄅㄧㄥ
精疲力竭,1,ㄐㄧㄥ ㄆㄧˊ ㄌㄧˋ ㄐㄧㄝˊ
精闢,1,ㄐㄧㄥ ㄆㄧˋ
精品,1,ㄐㄧㄥ ㄆㄧㄣˇ
精美,1,ㄐㄧㄥ ㄇㄟˇ
精密,1,ㄐㄧㄥ ㄇㄧˋ
精妙,1,ㄐㄧㄥ ㄇㄧㄠˋ
精明,1,ㄐㄧㄥ ㄇㄧㄥˊ
精打細算,1,ㄐㄧㄥ ㄉㄚˇ ㄒㄧˋ ㄙㄨㄢˋ
精雕細琢,1,ㄐㄧㄥ ㄉㄧㄠ ㄒㄧˋ ㄓㄨㄛˊ
精挑細選,1,ㄐㄧㄥ ㄊㄧㄠ ㄒㄧˋ ㄒㄩㄢˇ
精通,1,ㄐㄧㄥ ㄊㄨㄥ
精力,1,ㄐㄧㄥ ㄌㄧˋ
精煉,1,ㄐㄧㄥ ㄌㄧㄢˋ
精鍊,1,ㄐㄧㄥ ㄌㄧㄢˋ
精良,1,ㄐㄧㄥ ㄌㄧㄤˊ
精靈,1,ㄐㄧㄥ ㄌㄧㄥˊ
精光,1,ㄐㄧㄥ ㄍㄨㄤ
精悍,1,ㄐㄧㄥ ㄏㄢˋ
精華,1,ㄐㄧㄥ ㄏㄨㄚˊ
精簡,1,ㄐㄧㄥ ㄐㄧㄢˇ
精進,1,ㄐㄧㄥ ㄐㄧㄣˋ
精氣,1,ㄐㄧㄥ ㄑㄧˋ
精巧,1,ㄐㄧㄥ ㄑㄧㄠˇ
精確,1,ㄐㄧㄥ ㄑㄩㄝˋ
精細,1,ㄐㄧㄥ ㄒㄧˋ
精心,1,ㄐㄧㄥ ㄒㄧㄣ
精選,1,ㄐㄧㄥ ㄒㄩㄢˇ
精緻,1,ㄐㄧㄥ ㄓˋ
精湛,1,ㄐㄧㄥ ㄓㄢˋ
精準,1,ㄐㄧㄥ ㄓㄨㄣˇ
精壯,1,ㄐㄧㄥ ㄓㄨㄤˋ
精誠,1,ㄐㄧㄥ ㄔㄥˊ
精純,1,ㄐㄧㄥ ㄔㄨㄣˊ
精神,1,ㄐㄧㄥ ㄕㄣˊ
精神分裂症,1,ㄐㄧㄥ ㄕㄣˊ ㄈㄣ ㄌㄧㄝˋ ㄓㄥˋ
精神外遇,1,ㄐㄧㄥ ㄕㄣˊ ㄨㄞˋ ㄩˋ
精銳,1,ㄐㄧㄥ ㄖㄨㄟˋ
精子,1,ㄐㄧㄥ ㄗˇ
精采,1,ㄐㄧㄥ ㄘㄞˇ
精彩,1,ㄐㄧㄥ ㄘㄞˇ
精粹,1,ㄐㄧㄥ ㄘㄨㄟˋ
精髓,1,ㄐㄧㄥ ㄙㄨㄟˇ
精益求精,1,ㄐㄧㄥ ㄧˋ ㄑㄧㄡˊ ㄐㄧㄥ
精義,1,ㄐㄧㄥ ㄧˋ
精液,1,ㄐㄧㄥ ㄧㄝˋ
精研,1,ㄐㄧㄥ ㄧㄢˊ
精鹽,1,ㄐㄧㄥ ㄧㄢˊ
精英,1,ㄐㄧㄥ ㄧㄥ
精微,1,ㄐㄧㄥ ㄨㄟˊ
涇,1,ㄐㄧㄥ
涇河,1,ㄐㄧㄥ ㄏㄜˊ
涇渭分明,1,ㄐㄧㄥ ㄨㄟˋ ㄈㄣ ㄇㄧㄥˊ
莖,1,ㄐㄧㄥ
經,1,ㄐㄧㄥ
經辦,1,ㄐㄧㄥ ㄅㄢˋ
經脈,1,ㄐㄧㄥ ㄇㄞˋ
經貿,1,ㄐㄧㄥ ㄇㄠˋ
經費,1,ㄐㄧㄥ ㄈㄟˋ
經典,1,ㄐㄧㄥ ㄉㄧㄢˇ
經度,1,ㄐㄧㄥ ㄉㄨˋ
經年,1,ㄐㄧㄥ ㄋㄧㄢˊ
經年累月,1,ㄐㄧㄥ ㄋㄧㄢˊ ㄌㄟˇ ㄩㄝˋ
經理,1,ㄐㄧㄥ ㄌㄧˇ
經歷,1,ㄐㄧㄥ ㄌㄧˋ
經絡,1,ㄐㄧㄥ ㄌㄨㄛˋ
經綸,1,ㄐㄧㄥ ㄌㄨㄣˊ
經略,1,ㄐㄧㄥ ㄌㄩㄝˋ
經過,1,ㄐㄧㄥ ㄍㄨㄛˋ
經管,1,ㄐㄧㄥ ㄍㄨㄢˇ
經紀,1,ㄐㄧㄥ ㄐㄧˋ
經紀人,1,ㄐㄧㄥ ㄐㄧˋ ㄖㄣˊ
經濟,1,ㄐㄧㄥ ㄐㄧˋ
經濟特區,1,ㄐㄧㄥ ㄐㄧˋ ㄊㄜˋ ㄑㄩ
經濟艙,1,ㄐㄧㄥ ㄐㄧˋ ㄘㄤ
經濟成長,1,ㄐㄧㄥ ㄐㄧˋ ㄔㄥˊ ㄓㄤˇ
經建,1,ㄐㄧㄥ ㄐㄧㄢˋ
經期,1,ㄐㄧㄥ ㄑㄧˊ
經銷,1,ㄐㄧㄥ ㄒㄧㄠ
經銷商,1,ㄐㄧㄥ ㄒㄧㄠ ㄕㄤ
經線,1,ㄐㄧㄥ ㄒㄧㄢˋ
經心,1,ㄐㄧㄥ ㄒㄧㄣ
經學,1,ㄐㄧㄥ ㄒㄩㄝˊ
經常,1,ㄐㄧㄥ ㄔㄤˊ
經世,1,ㄐㄧㄥ ㄕˋ
經世濟民,1,ㄐㄧㄥ ㄕˋ ㄐㄧˋ ㄇㄧㄣˊ
經手,1,ㄐㄧㄥ ㄕㄡˇ
經商,1,ㄐㄧㄥ ㄕㄤ
經書,1,ㄐㄧㄥ ㄕㄨ
經由,1,ㄐㄧㄥ ㄧㄡˊ
經驗,1,ㄐㄧㄥ ㄧㄢˋ
經營,1,ㄐㄧㄥ ㄧㄥˊ
經緯,1,ㄐㄧㄥ ㄨㄟˇ
荊,1,ㄐㄧㄥ
荊棘,1,ㄐㄧㄥ ㄐㄧˊ
旌,1,ㄐㄧㄥ
晶,1,ㄐㄧㄥ
晶片,1,ㄐㄧㄥ ㄆㄧㄢˋ
晶體,1,ㄐㄧㄥ ㄊㄧˇ
晶亮,1,ㄐㄧㄥ ㄌㄧㄤˋ
晶瑩,1,ㄐㄧㄥ ㄧㄥˊ
晶瑩剔透,1,ㄐㄧㄥ ㄧㄥˊ ㄊㄧ ㄊㄡˋ
兢,1,ㄐㄧㄥ
兢兢業業,1,ㄐㄧㄥ ㄐㄧㄥ ㄧㄝˋ ㄧㄝˋ
驚,1,ㄐㄧㄥ
驚動,1,ㄐㄧㄥ ㄉㄨㄥˋ
驚濤駭浪,1,ㄐㄧㄥ ㄊㄠˊ ㄏㄞˋ ㄌㄤˋ
驚嘆,1,ㄐㄧㄥ ㄊㄢˋ
驚嘆號,1,ㄐㄧㄥ ㄊㄢˋ ㄏㄠˋ
驚天動地,1,ㄐㄧㄥ ㄊㄧㄢ ㄉㄨㄥˋ ㄉㄧˋ
驚弓之鳥,1,ㄐㄧㄥ ㄍㄨㄥ ㄓ ㄋㄧㄠˇ
驚恐,1,ㄐㄧㄥ ㄎㄨㄥˇ
驚駭,1,ㄐㄧㄥ ㄏㄞˋ
驚呼,1,ㄐㄧㄥ ㄏㄨ
驚魂,1,ㄐㄧㄥ ㄏㄨㄣˊ
驚慌,1,ㄐㄧㄥ ㄏㄨㄤ
驚慌失措,1,ㄐㄧㄥ ㄏㄨㄤ ㄕ ㄘㄨㄛˋ
驚惶,1,ㄐㄧㄥ ㄏㄨㄤˊ
驚惶失措,1,ㄐㄧㄥ ㄏㄨㄤˊ ㄕ ㄘㄨㄛˋ
驚鴻一瞥,1,ㄐㄧㄥ ㄏㄨㄥˊ ㄧ ㄆㄧㄝ
驚鴻一瞥,1,ㄐㄧㄥ ㄏㄨㄥˊ ㄧˋ ㄆㄧㄝ
驚悸,1,ㄐㄧㄥ ㄐㄧˋ
驚懼,1,ㄐㄧㄥ ㄐㄩˋ
驚奇,1,ㄐㄧㄥ ㄑㄧˊ
驚喜,1,ㄐㄧㄥ ㄒㄧˇ
驚嚇,1,ㄐㄧㄥ ㄒㄧㄚˋ
驚險,1,ㄐㄧㄥ ㄒㄧㄢˇ
驚心,1,ㄐㄧㄥ ㄒㄧㄣ
驚心動魄,1,ㄐㄧㄥ ㄒㄧㄣ ㄉㄨㄥˋ ㄆㄛˋ
驚醒,1,ㄐㄧㄥ ㄒㄧㄥˇ
驚蟄,1,ㄐㄧㄥ ㄓˊ
驚詫,1,ㄐㄧㄥ ㄔㄚˋ
驚世駭俗,1,ㄐㄧㄥ ㄕˋ ㄏㄞˋ ㄙㄨˊ
驚擾,1,ㄐㄧㄥ ㄖㄠˇ
驚人,1,ㄐㄧㄥ ㄖㄣˊ
驚愕,1,ㄐㄧㄥ ㄜˋ
驚異,1,ㄐㄧㄥ ㄧˋ
驚訝,1,ㄐㄧㄥ ㄧㄚˋ
驚為天人,1,ㄐㄧㄥ ㄨㄟˊ ㄊㄧㄢ ㄖㄣˊ
井,1,ㄐㄧㄥˇ
井底之蛙,1,ㄐㄧㄥˇ ㄉㄧˇ ㄓ ㄨㄚ
井井有條,1,ㄐㄧㄥˇ ㄐㄧㄥˇ ㄧㄡˇ ㄊㄧㄠˊ
井水不犯河水,1,ㄐㄧㄥˇ ㄕㄨㄟˇ ㄅㄨˋ ㄈㄢˋ ㄏㄜˊ ㄕㄨㄟˇ
井水不犯河水,1,ㄐㄧㄥˇ ㄕㄨㄟˇ ㄅㄨˊ ㄈㄢˋ ㄏㄜˊ ㄕㄨㄟˇ
井然有序,1,ㄐㄧㄥˇ ㄖㄢˊ ㄧㄡˇ ㄒㄩˋ
阱,1,ㄐㄧㄥˇ
景,1,ㄐㄧㄥˇ
景觀,1,ㄐㄧㄥˇ ㄍㄨㄢ
景況,1,ㄐㄧㄥˇ ㄎㄨㄤˋ
景氣,1,ㄐㄧㄥˇ ㄑㄧˋ
景象,1,ㄐㄧㄥˇ ㄒㄧㄤˋ
景深,1,ㄐㄧㄥˇ ㄕㄣ
景色,1,ㄐㄧㄥˇ ㄙㄜˋ
景仰,1,ㄐㄧㄥˇ ㄧㄤˇ
景物,1,ㄐㄧㄥˇ ㄨˋ
憬,1,ㄐㄧㄥˇ
儆,1,ㄐㄧㄥˇ
警,1,ㄐㄧㄥˇ
警備,1,ㄐㄧㄥˇ ㄅㄟˋ
警報,1,ㄐㄧㄥˇ ㄅㄠˋ
警探,1,ㄐㄧㄥˇ ㄊㄢˋ
警惕,1,ㄐㄧㄥˇ ㄊㄧˋ
警鈴,1,ㄐㄧㄥˇ ㄌㄧㄥˊ
警告,1,ㄐㄧㄥˇ ㄍㄠˋ
警告牌,1,ㄐㄧㄥˇ ㄍㄠˋ ㄆㄞˊ
警官,1,ㄐㄧㄥˇ ㄍㄨㄢ
警戒,1,ㄐㄧㄥˇ ㄐㄧㄝˋ
警戒線,1,ㄐㄧㄥˇ ㄐㄧㄝˋ ㄒㄧㄢˋ
警局,1,ㄐㄧㄥˇ ㄐㄩˊ
警句,1,ㄐㄧㄥˇ ㄐㄩˋ
警覺,1,ㄐㄧㄥˇ ㄐㄩㄝˊ
警犬,1,ㄐㄧㄥˇ ㄑㄩㄢˇ
警醒,1,ㄐㄧㄥˇ ㄒㄧㄥˇ
警訊,1,ㄐㄧㄥˇ ㄒㄩㄣˋ
警兆,1,ㄐㄧㄥˇ ㄓㄠˋ
警政,1,ㄐㄧㄥˇ ㄓㄥˋ
警鐘,1,ㄐㄧㄥˇ ㄓㄨㄥ
警察,1,ㄐㄧㄥˇ ㄔㄚˊ
警車,1,ㄐㄧㄥˇ ㄔㄜ
警示,1,ㄐㄧㄥˇ ㄕˋ
警世,1,ㄐㄧㄥˇ ㄕˋ
警務,1,ㄐㄧㄥˇ ㄨˋ
警衛,1,ㄐㄧㄥˇ ㄨㄟˋ
警網,1,ㄐㄧㄥˇ ㄨㄤˇ
警語,1,ㄐㄧㄥˇ ㄩˇ
警員,1,ㄐㄧㄥˇ ㄩㄢˊ
頸,1,ㄐㄧㄥˇ
頸部,1,ㄐㄧㄥˇ ㄅㄨˋ
頸項,1,ㄐㄧㄥˇ ㄒㄧㄤˋ
勁,1,ㄐㄧㄥˋ
勁風,1,ㄐㄧㄥˋ ㄈㄥ
勁敵,1,ㄐㄧㄥˋ ㄉㄧˊ
勁頭,1,ㄐㄧㄥˋ ㄊㄡˊ
勁旅,1,ㄐㄧㄥˋ ㄌㄩˇ
勁節,1,ㄐㄧㄥˋ ㄐㄧㄝˊ
徑,1,ㄐㄧㄥˋ
徑賽,1,ㄐㄧㄥˋ ㄙㄞˋ
逕,1,ㄐㄧㄥˋ
逕行,1,ㄐㄧㄥˋ ㄒㄧㄥˊ
逕自,1,ㄐㄧㄥˋ ㄗˋ
脛,1,ㄐㄧㄥˋ
脛骨,1,ㄐㄧㄥˋ ㄍㄨˇ
痙,1,ㄐㄧㄥˋ
痙攣,1,ㄐㄧㄥˋ ㄌㄨㄢˊ
淨,1,ㄐㄧㄥˋ
淨土,1,ㄐㄧㄥˋ ㄊㄨˇ
淨土宗,1,ㄐㄧㄥˋ ㄊㄨˇ ㄗㄨㄥ
淨利,1,ㄐㄧㄥˋ ㄌㄧˋ
淨化,1,ㄐㄧㄥˋ ㄏㄨㄚˋ
淨盡,1,ㄐㄧㄥˋ ㄐㄧㄣˋ
淨值,1,ㄐㄧㄥˋ ㄓˊ
淨賺,1,ㄐㄧㄥˋ ㄓㄨㄢˋ
淨重,1,ㄐㄧㄥˋ ㄓㄨㄥˋ
淨手,1,ㄐㄧㄥˋ ㄕㄡˇ
淨水,1,ㄐㄧㄥˋ ㄕㄨㄟˇ
靜,1,ㄐㄧㄥˋ
靜默,1,ㄐㄧㄥˋ ㄇㄛˋ
靜脈,1,ㄐㄧㄥˋ ㄇㄞˋ
靜謐,1,ㄐㄧㄥˋ ㄇㄧˋ
靜電,1,ㄐㄧㄥˋ ㄉㄧㄢˋ
靜態,1,ㄐㄧㄥˋ ㄊㄞˋ
靜觀,1,ㄐㄧㄥˋ ㄍㄨㄢ
靜候,1,ㄐㄧㄥˋ ㄏㄡˋ
靜寂,1,ㄐㄧㄥˋ ㄐㄧˊ
靜悄悄,1,ㄐㄧㄥˋ ㄑㄧㄠˇ ㄑㄧㄠˇ
靜心,1,ㄐㄧㄥˋ ㄒㄧㄣ
靜止,1,ㄐㄧㄥˋ ㄓˇ
靜養,1,ㄐㄧㄥˋ ㄧㄤˇ
竟,1,ㄐㄧㄥˋ
竟敢,1,ㄐㄧㄥˋ ㄍㄢˇ
竟日,1,ㄐㄧㄥˋ ㄖˋ
竟然,1,ㄐㄧㄥˋ ㄖㄢˊ
境,1,ㄐㄧㄥˋ
境地,1,ㄐㄧㄥˋ ㄉㄧˋ
境況,1,ㄐㄧㄥˋ ㄎㄨㄤˋ
境界,1,ㄐㄧㄥˋ ㄐㄧㄝˋ
境遇,1,ㄐㄧㄥˋ ㄩˋ
鏡,1,ㄐㄧㄥˋ
鏡片,1,ㄐㄧㄥˋ ㄆㄧㄢˋ
鏡頭,1,ㄐㄧㄥˋ ㄊㄡˊ
鏡框,1,ㄐㄧㄥˋ ㄎㄨㄤ
鏡花水月,1,ㄐㄧㄥˋ ㄏㄨㄚ ㄕㄨㄟˇ ㄩㄝˋ
鏡子,1,ㄐㄧㄥˋ ㄗ˙
靖,1,ㄐㄧㄥˋ
請,1,ㄐㄧㄥˋ
靚,1,ㄐㄧㄥˋ
敬,1,ㄐㄧㄥˋ
敬陪末座,1,ㄐㄧㄥˋ ㄆㄟˊ ㄇㄛˋ ㄗㄨㄛˋ
敬佩,1,ㄐㄧㄥˋ ㄆㄟˋ
敬奉,1,ㄐㄧㄥˋ ㄈㄥˋ
敬老尊賢,1,ㄐㄧㄥˋ ㄌㄠˇ ㄗㄨㄣ ㄒㄧㄢˊ
敬禮,1,ㄐㄧㄥˋ ㄌㄧˇ
敬啟者,1,ㄐㄧㄥˋ ㄑㄧˇ ㄓㄜˇ
敬請,1,ㄐㄧㄥˋ ㄑㄧㄥˇ
敬謝不敏,1,ㄐㄧㄥˋ ㄒㄧㄝˋ ㄅㄨˋ ㄇㄧㄣˇ
敬祝,1,ㄐㄧㄥˋ ㄓㄨˋ
敬重,1,ㄐㄧㄥˋ ㄓㄨㄥˋ
敬詞,1,ㄐㄧㄥˋ ㄘˊ
敬愛,1,ㄐㄧㄥˋ ㄞˋ
敬而遠之,1,ㄐㄧㄥˋ ㄦˊ ㄩㄢˋ ㄓ
敬意,1,ㄐㄧㄥˋ ㄧˋ
敬業,1,ㄐㄧㄥˋ ㄧㄝˋ
敬業樂群,1,ㄐㄧㄥˋ ㄧㄝˋ ㄧㄠˋ ㄑㄩㄣˊ
敬仰,1,ㄐㄧㄥˋ ㄧㄤˇ
敬畏,1,ㄐㄧㄥˋ ㄨㄟˋ
競,1,ㄐㄧㄥˋ
競標,1,ㄐㄧㄥˋ ㄅㄧㄠ
競渡,1,ㄐㄧㄥˋ ㄉㄨˋ
競技,1,ㄐㄧㄥˋ ㄐㄧˋ
競銷,1,ㄐㄧㄥˋ ㄒㄧㄠ
競選,1,ㄐㄧㄥˋ ㄒㄩㄢˇ
競爭,1,ㄐㄧㄥˋ ㄓㄥ
競爭力,1,ㄐㄧㄥˋ ㄓㄥ ㄌㄧˋ
競逐,1,ㄐㄧㄥˋ ㄓㄨˊ
競走,1,ㄐㄧㄥˋ ㄗㄡˇ
競賽,1,ㄐㄧㄥˋ ㄙㄞˋ
且,1,ㄐㄩ
沮,1,ㄐㄩ
狙,1,ㄐㄩ
狙擊,1,ㄐㄩ ㄐㄧˊ
疽,1,ㄐㄩ
趄,1,ㄐㄩ
雎,1,ㄐㄩ
雎鳩,1,ㄐㄩ ㄐㄧㄡ
車,1,ㄐㄩ
拘,1,ㄐㄩ
拘捕,1,ㄐㄩ ㄅㄨˇ
拘票,1,ㄐㄩ ㄆㄧㄠˋ
拘提,1,ㄐㄩ ㄊㄧˊ
拘拿,1,ㄐㄩ ㄋㄚˊ
拘泥,1,ㄐㄩ ㄋㄧˋ
拘留,1,ㄐㄩ ㄌㄧㄡˊ
拘謹,1,ㄐㄩ ㄐㄧㄣˇ
拘禁,1,ㄐㄩ ㄐㄧㄣˋ
拘限,1,ㄐㄩ ㄒㄧㄢˋ
拘束,1,ㄐㄩ ㄕㄨˋ
拘役,1,ㄐㄩ ㄧˋ
拘押,1,ㄐㄩ ㄧㄚ
痀,1,ㄐㄩ
痀僂,1,ㄐㄩ ㄌㄡˊ
駒,1,ㄐㄩ
居,1,ㄐㄩ
居民,1,ㄐㄩ ㄇㄧㄣˊ
居多,1,ㄐㄩ ㄉㄨㄛ
居里,1,ㄐㄩ ㄌㄧˇ
居留,1,ㄐㄩ ㄌㄧㄡˊ
居留權,1,ㄐㄩ ㄌㄧㄡˊ ㄑㄩㄢˊ
居高不下,1,ㄐㄩ ㄍㄠ ㄅㄨˋ ㄒㄧㄚˋ
居高不下,1,ㄐㄩ ㄍㄠ ㄅㄨˊ ㄒㄧㄚˋ
居高臨下,1,ㄐㄩ ㄍㄠ ㄌㄧㄣˊ ㄒㄧㄚˋ
居功,1,ㄐㄩ ㄍㄨㄥ
居家,1,ㄐㄩ ㄐㄧㄚ
居間,1,ㄐㄩ ㄐㄧㄢ
居心,1,ㄐㄩ ㄒㄧㄣ
居心叵測,1,ㄐㄩ ㄒㄧㄣ ㄆㄛˇ ㄘㄜˋ
居住,1,ㄐㄩ ㄓㄨˋ
居中,1,ㄐㄩ ㄓㄨㄥ
居處,1,ㄐㄩ ㄔㄨˋ
居士,1,ㄐㄩ ㄕˋ
居室,1,ㄐㄩ ㄕˋ
居然,1,ㄐㄩ ㄖㄢˊ
居所,1,ㄐㄩ ㄙㄨㄛˇ
居安思危,1,ㄐㄩ ㄢ ㄙ ㄨㄟˊ
居無定所,1,ㄐㄩ ㄨˊ ㄉㄧㄥˋ ㄙㄨㄛˇ
据,1,ㄐㄩ
裾,1,ㄐㄩ
局,1,ㄐㄩˊ
局部,1,ㄐㄩˊ ㄅㄨˋ
局面,1,ㄐㄩˊ ㄇㄧㄢˋ
局限,1,ㄐㄩˊ ㄒㄧㄢˋ
局勢,1,ㄐㄩˊ ㄕˋ
局促,1,ㄐㄩˊ ㄘㄨˋ
局外人,1,ㄐㄩˊ ㄨㄞˋ ㄖㄣˊ
侷,1,ㄐㄩˊ
侷促,1,ㄐㄩˊ ㄘㄨˋ
跼,1,ㄐㄩˊ
跼蹐,1,ㄐㄩˊ ㄐㄧˊ
桔,1,ㄐㄩˊ
掬,1,ㄐㄩˊ
菊,1,ㄐㄩˊ
菊壇,1,ㄐㄩˊ ㄊㄢˊ
菊花,1,ㄐㄩˊ ㄏㄨㄚ
踘,1,ㄐㄩˊ
鞠,1,ㄐㄩˊ
鞠躬,1,ㄐㄩˊ ㄍㄨㄥ
鞠躬盡瘁,1,ㄐㄩˊ ㄍㄨㄥ ㄐㄧㄣˋ ㄘㄨㄟˋ
橘,1,ㄐㄩˊ
橘子,1,ㄐㄩˊ ㄗ˙
沮,1,ㄐㄩˇ
沮喪,1,ㄐㄩˇ ㄙㄤˋ
咀,1,ㄐㄩˇ
咀嚼,1,ㄐㄩˇ ㄐㄩㄝˊ
齟,1,ㄐㄩˇ
齟齬,1,ㄐㄩˇ ㄩˇ
枸,1,ㄐㄩˇ
枸櫞,1,ㄐㄩˇ ㄩㄢˊ
蒟,1,ㄐㄩˇ
蒟蒻,1,ㄐㄩˇ ㄖㄨㄛˋ
矩,1,ㄐㄩˇ
矩形,1,ㄐㄩˇ ㄒㄧㄥˊ
矩陣,1,ㄐㄩˇ ㄓㄣˋ
莒,1,ㄐㄩˇ
莒光,1,ㄐㄩˇ ㄍㄨㄤ
莒縣,1,ㄐㄩˇ ㄒㄧㄢˋ
踽,1,ㄐㄩˇ
踽踽,1,ㄐㄩˇ ㄐㄩˇ
舉,1,ㄐㄩˇ
舉辦,1,ㄐㄩˇ ㄅㄢˋ
舉步,1,ㄐㄩˇ ㄅㄨˋ
舉步維艱,1,ㄐㄩˇ ㄅㄨˋ ㄨㄟˊ ㄐㄧㄢ
舉目,1,ㄐㄩˇ ㄇㄨˋ
舉目無親,1,ㄐㄩˇ ㄇㄨˋ ㄨˊ ㄑㄧㄣ
舉發,1,ㄐㄩˇ ㄈㄚ
舉凡,1,ㄐㄩˇ ㄈㄢˊ
舉動,1,ㄐㄩˇ ㄉㄨㄥˋ
舉例,1,ㄐㄩˇ ㄌㄧˋ
舉國,1,ㄐㄩˇ ㄍㄨㄛˊ
舉家,1,ㄐㄩˇ ㄐㄧㄚ
舉荐,1,ㄐㄩˇ ㄐㄧㄢˋ
舉棋不定,1,ㄐㄩˇ ㄑㄧˊ ㄅㄨˋ ㄉㄧㄥˋ
舉棋不定,1,ㄐㄩˇ ㄑㄧˊ ㄅㄨˊ ㄉㄧㄥˋ
舉行,1,ㄐㄩˇ ㄒㄧㄥˊ
舉止,1,ㄐㄩˇ ㄓˇ
舉債,1,ㄐㄩˇ ㄓㄞˋ
舉重,1,ㄐㄩˇ ㄓㄨㄥˋ
舉世,1,ㄐㄩˇ ㄕˋ
舉世聞名,1,ㄐㄩˇ ㄕˋ ㄨㄣˊ ㄇㄧㄥˊ
舉手,1,ㄐㄩˇ ㄕㄡˇ
舉手投足,1,ㄐㄩˇ ㄕㄡˇ ㄊㄡˊ ㄗㄨˊ
舉手之勞,1,ㄐㄩˇ ㄕㄡˇ ㄓ ㄌㄠˊ
舉人,1,ㄐㄩˇ ㄖㄣˊ
舉足輕重,1,ㄐㄩˇ ㄗㄨˊ ㄑㄧㄥ ㄓㄨㄥˋ
舉措,1,ㄐㄩˇ ㄘㄨㄛˋ
舉案齊眉,1,ㄐㄩˇ ㄢˋ ㄑㄧˊ ㄇㄟˊ
舉一反三,1,ㄐㄩˇ ㄧ ㄈㄢˇ ㄙㄢ
舉義,1,ㄐㄩˇ ㄧˋ
櫸,1,ㄐㄩˇ
巨,1,ㄐㄩˋ
巨擘,1,ㄐㄩˋ ㄅㄛˋ
巨變,1,ㄐㄩˋ ㄅㄧㄢˋ
巨幅,1,ㄐㄩˋ ㄈㄨˊ
巨富,1,ㄐㄩˋ ㄈㄨˋ
巨大,1,ㄐㄩˋ ㄉㄚˋ
巨蛋,1,ㄐㄩˋ ㄉㄢˋ
巨頭,1,ㄐㄩˋ ㄊㄡˊ
巨款,1,ㄐㄩˋ ㄎㄨㄢˇ
巨匠,1,ㄐㄩˋ ㄐㄧㄤˋ
巨響,1,ㄐㄩˋ ㄒㄧㄤˇ
巨星,1,ㄐㄩˋ ㄒㄧㄥ
巨型,1,ㄐㄩˋ ㄒㄧㄥˊ
巨著,1,ㄐㄩˋ ㄓㄨˋ
巨碩,1,ㄐㄩˋ ㄕㄨㄛˋ
巨人,1,ㄐㄩˋ ㄖㄣˊ
巨資,1,ㄐㄩˋ ㄗ
巨作,1,ㄐㄩˋ ㄗㄨㄛˋ
巨額,1,ㄐㄩˋ ㄜˊ
巨無霸,1,ㄐㄩˋ ㄨˊ ㄅㄚˋ
拒,1,ㄐㄩˋ
拒捕,1,ㄐㄩˋ ㄅㄨˇ
拒馬,1,ㄐㄩˋ ㄇㄚˇ
拒付,1,ㄐㄩˋ ㄈㄨˋ
拒繳,1,ㄐㄩˋ ㄐㄧㄠˇ
拒絕,1,ㄐㄩˋ ㄐㄩㄝˊ
拒絕往來戶,1,ㄐㄩˋ ㄐㄩㄝˊ ㄨㄤˇ ㄌㄞˊ ㄏㄨˋ
拒斥,1,ㄐㄩˋ ㄔˋ
拒用,1,ㄐㄩˋ ㄩㄥˋ
炬,1,ㄐㄩˋ
苣,1,ㄐㄩˋ
詎,1,ㄐㄩˋ
詎料,1,ㄐㄩˋ ㄌㄧㄠˋ
距,1,ㄐㄩˋ
距離,1,ㄐㄩˋ ㄌㄧˊ
鉅,1,ㄐㄩˋ
鉅變,1,ㄐㄩˋ ㄅㄧㄢˋ
鉅富,1,ㄐㄩˋ ㄈㄨˋ
鉅款,1,ㄐㄩˋ ㄎㄨㄢˇ
鉅細靡遺,1,ㄐㄩˋ ㄒㄧˋ ㄇㄧˇ ㄧˊ
鉅著,1,ㄐㄩˋ ㄓㄨˋ
鉅子,1,ㄐㄩˋ ㄗˇ
鉅額,1,ㄐㄩˋ ㄜˊ
句,1,ㄐㄩˋ
句法,1,ㄐㄩˋ ㄈㄚˇ
句讀,1,ㄐㄩˋ ㄉㄡˋ
句點,1,ㄐㄩˋ ㄉㄧㄢˇ
句號,1,ㄐㄩˋ ㄏㄠˋ
句型,1,ㄐㄩˋ ㄒㄧㄥˊ
句子,1,ㄐㄩˋ ㄗ˙
足,1,ㄐㄩˋ
具,1,ㄐㄩˋ
具備,1,ㄐㄩˋ ㄅㄟˋ
具名,1,ㄐㄩˋ ㄇㄧㄥˊ
具體,1,ㄐㄩˋ ㄊㄧˇ
具體而微,1,ㄐㄩˋ ㄊㄧˇ ㄦˊ ㄨㄟˊ
具領,1,ㄐㄩˋ ㄌㄧㄥˇ
具結,1,ㄐㄩˋ ㄐㄧㄝˊ
具象,1,ㄐㄩˋ ㄒㄧㄤˋ
具文,1,ㄐㄩˋ ㄨㄣˊ
俱,1,ㄐㄩˋ
俱樂部,1,ㄐㄩˋ ㄌㄜˋ ㄅㄨˋ
颶,1,ㄐㄩˋ
颶風,1,ㄐㄩˋ ㄈㄥ
倨,1,ㄐㄩˋ
倨傲,1,ㄐㄩˋ ㄠˋ
倨傲鮮腆,1,ㄐㄩˋ ㄠˋ ㄒㄧㄢˇ ㄊㄧㄢˇ
踞,1,ㄐㄩˋ
鋸,1,ㄐㄩˋ
鋸末,1,ㄐㄩˋ ㄇㄛˋ
鋸斷,1,ㄐㄩˋ ㄉㄨㄢˋ
鋸琴,1,ㄐㄩˋ ㄑㄧㄣˊ
鋸齒,1,ㄐㄩˋ ㄔˇ
鋸床,1,ㄐㄩˋ ㄔㄨㄤˊ
鋸子,1,ㄐㄩˋ ㄗ˙
聚,1,ㄐㄩˋ
聚寶盆,1,ㄐㄩˋ ㄅㄠˇ ㄆㄣˊ
聚賭,1,ㄐㄩˋ ㄉㄨˇ
聚落,1,ㄐㄩˋ ㄌㄨㄛˋ
聚合,1,ㄐㄩˋ ㄏㄜˊ
聚會,1,ㄐㄩˋ ㄏㄨㄟˋ
聚積,1,ㄐㄩˋ ㄐㄧ
聚集,1,ㄐㄩˋ ㄐㄧˊ
聚精會神,1,ㄐㄩˋ ㄐㄧㄥ ㄏㄨㄟˋ ㄕㄣˊ
聚居,1,ㄐㄩˋ ㄐㄩ
聚眾,1,ㄐㄩˋ ㄓㄨㄥˋ
聚眾滋事,1,ㄐㄩˋ ㄓㄨㄥˋ ㄗ ㄕˋ
聚沙成塔,1,ㄐㄩˋ ㄕㄚ ㄔㄥˊ ㄊㄚˇ
聚首,1,ㄐㄩˋ ㄕㄡˇ
聚財,1,ㄐㄩˋ ㄘㄞˊ
聚餐,1,ㄐㄩˋ ㄘㄢ
聚散,1,ㄐㄩˋ ㄙㄢˋ
聚晤,1,ㄐㄩˋ ㄨˋ
劇,1,ㄐㄩˋ
劇本,1,ㄐㄩˋ ㄅㄣˇ
劇變,1,ㄐㄩˋ ㄅㄧㄢˋ
劇目,1,ㄐㄩˋ ㄇㄨˋ
劇毒,1,ㄐㄩˋ ㄉㄨˊ
劇團,1,ㄐㄩˋ ㄊㄨㄢˊ
劇痛,1,ㄐㄩˋ ㄊㄨㄥˋ
劇烈,1,ㄐㄩˋ ㄌㄧㄝˋ
劇情,1,ㄐㄩˋ ㄑㄧㄥˊ
劇校,1,ㄐㄩˋ ㄒㄧㄠˋ
劇照,1,ㄐㄩˋ ㄓㄠˋ
劇場,1,ㄐㄩˋ ㄔㄤˇ
劇作,1,ㄐㄩˋ ㄗㄨㄛˋ
劇作家,1,ㄐㄩˋ ㄗㄨㄛˋ ㄐㄧㄚ
劇院,1,ㄐㄩˋ ㄩㄢˋ
據,1,ㄐㄩˋ
據報,1,ㄐㄩˋ ㄅㄠˋ
據點,1,ㄐㄩˋ ㄉㄧㄢˇ
據理,1,ㄐㄩˋ ㄌㄧˇ
據理力爭,1,ㄐㄩˋ ㄌㄧˇ ㄌㄧˋ ㄓㄥ
據悉,1,ㄐㄩˋ ㄒㄧ
據稱,1,ㄐㄩˋ ㄔㄥ
據實,1,ㄐㄩˋ ㄕˊ
據守,1,ㄐㄩˋ ㄕㄡˇ
據說,1,ㄐㄩˋ ㄕㄨㄛ
據為己有,1,ㄐㄩˋ ㄨㄟˊ ㄐㄧˇ ㄧㄡˇ
遽,1,ㄐㄩˋ
遽然,1,ㄐㄩˋ ㄖㄢˊ
屨,1,ㄐㄩˋ
瞿,1,ㄐㄩˋ
瞿然,1,ㄐㄩˋ ㄖㄢˊ
懼,1,ㄐㄩˋ
懼怕,1,ㄐㄩˋ ㄆㄚˋ
懼高症,1,ㄐㄩˋ ㄍㄠ ㄓㄥˋ
撅,1,ㄐㄩㄝ
噘,1,ㄐㄩㄝ
孓,1,ㄐㄩㄝˊ
決,1,ㄐㄩㄝˊ
決明子,1,ㄐㄩㄝˊ ㄇㄧㄥˊ ㄗˇ
決鬥,1,ㄐㄩㄝˊ ㄉㄡˋ
決定,1,ㄐㄩㄝˊ ㄉㄧㄥˋ
決斷,1,ㄐㄩㄝˊ ㄉㄨㄢˋ
決堤,1,ㄐㄩㄝˊ ㄊㄧˊ
決裂,1,ㄐㄩㄝˊ ㄌㄧㄝˋ
決絕,1,ㄐㄩㄝˊ ㄐㄩㄝˊ
決心,1,ㄐㄩㄝˊ ㄒㄧㄣ
決選,1,ㄐㄩㄝˊ ㄒㄩㄢˇ
決戰,1,ㄐㄩㄝˊ ㄓㄢˋ
決勝負,1,ㄐㄩㄝˊ ㄕㄥˋ ㄈㄨˋ
決勝局,1,ㄐㄩㄝˊ ㄕㄥˋ ㄐㄩˊ
決然,1,ㄐㄩㄝˊ ㄖㄢˊ
決策,1,ㄐㄩㄝˊ ㄘㄜˋ
決賽,1,ㄐㄩㄝˊ ㄙㄞˋ
決算,1,ㄐㄩㄝˊ ㄙㄨㄢˋ
決意,1,ㄐㄩㄝˊ ㄧˋ
決議,1,ㄐㄩㄝˊ ㄧˋ
抉,1,ㄐㄩㄝˊ
抉擇,1,ㄐㄩㄝˊ ㄗㄜˊ
炔,1,ㄑㄩㄝ
玦,1,ㄐㄩㄝˊ
訣,1,ㄐㄩㄝˊ
訣別,1,ㄐㄩㄝˊ ㄅㄧㄝˊ
訣竅,1,ㄐㄩㄝˊ ㄑㄧㄠˋ
角,1,ㄐㄩㄝˊ
角色,1,ㄐㄩㄝˊ ㄙㄜˋ
角色,1,ㄐㄧㄠˇ ㄙㄜˋ
倔,1,ㄐㄩㄝˊ
倔強,1,ㄐㄩㄝˊ ㄐㄧㄤˋ
掘,1,ㄐㄩㄝˊ
掘洞,1,ㄐㄩㄝˊ ㄉㄨㄥˋ
掘井,1,ㄐㄩㄝˊ ㄐㄧㄥˇ
掘取,1,ㄐㄩㄝˊ ㄑㄩˇ
掘穴,1,ㄐㄩㄝˊ ㄒㄩㄝˋ
掘拾,1,ㄐㄩㄝˊ ㄕˊ
崛,1,ㄐㄩㄝˊ
崛起,1,ㄐㄩㄝˊ ㄑㄧˇ
厥,1,ㄐㄩㄝˊ
厥功甚偉,1,ㄐㄩㄝˊ ㄍㄨㄥ ㄕㄣˋ ㄨㄟˇ
獗,1,ㄐㄩㄝˊ
蕨,1,ㄐㄩㄝˊ
蕨類,1,ㄐㄩㄝˊ ㄌㄟˋ
蹶,1,ㄐㄩㄝˊ
絕,1,ㄐㄩㄝˊ
絕版,1,ㄐㄩㄝˊ ㄅㄢˇ
絕筆,1,ㄐㄩㄝˊ ㄅㄧˇ
絕壁,1,ㄐㄩㄝˊ ㄅㄧˋ
絕不,1,ㄐㄩㄝˊ ㄅㄨˋ
絕配,1,ㄐㄩㄝˊ ㄆㄟˋ
絕滅,1,ㄐㄩㄝˊ ㄇㄧㄝˋ
絕妙,1,ㄐㄩㄝˊ ㄇㄧㄠˋ
絕妙好辭,1,ㄐㄩㄝˊ ㄇㄧㄠˋ ㄏㄠˇ ㄘˊ
絕命,1,ㄐㄩㄝˊ ㄇㄧㄥˋ
絕非,1,ㄐㄩㄝˊ ㄈㄟ
絕代,1,ㄐㄩㄝˊ ㄉㄞˋ
絕地,1,ㄐㄩㄝˊ ㄉㄧˋ
絕頂,1,ㄐㄩㄝˊ ㄉㄧㄥˇ
絕對,1,ㄐㄩㄝˊ ㄉㄨㄟˋ
絕對多數,1,ㄐㄩㄝˊ ㄉㄨㄟˋ ㄉㄨㄛ ㄕㄨˋ
絕路,1,ㄐㄩㄝˊ ㄌㄨˋ
絕倫,1,ㄐㄩㄝˊ ㄌㄨㄣˊ
絕口,1,ㄐㄩㄝˊ ㄎㄡˇ
絕後,1,ㄐㄩㄝˊ ㄏㄡˋ
絕活,1,ㄐㄩㄝˊ ㄏㄨㄛˊ
絕跡,1,ㄐㄩㄝˊ ㄐㄧ
絕技,1,ㄐㄩㄝˊ ㄐㄧˋ
絕佳,1,ㄐㄩㄝˊ ㄐㄧㄚ
絕交,1,ㄐㄩㄝˊ ㄐㄧㄠ
絕境,1,ㄐㄩㄝˊ ㄐㄧㄥˋ
絕句,1,ㄐㄩㄝˊ ㄐㄩˋ
絕情,1,ㄐㄩㄝˊ ㄑㄧㄥˊ
絕響,1,ㄐㄩㄝˊ ㄒㄧㄤˇ
絕學,1,ㄐㄩㄝˊ ㄒㄩㄝˊ
絕招,1,ㄐㄩㄝˊ ㄓㄠ
絕症,1,ㄐㄩㄝˊ ㄓㄥˋ
絕種,1,ㄐㄩㄝˊ ㄓㄨㄥˇ
絕唱,1,ㄐㄩㄝˊ ㄔㄤˋ
絕處逢生,1,ㄐㄩㄝˊ ㄔㄨˋ ㄈㄥˊ ㄕㄥ
絕食,1,ㄐㄩㄝˊ ㄕˊ
絕世,1,ㄐㄩㄝˊ ㄕˋ
絕色,1,ㄐㄩㄝˊ ㄙㄜˋ
絕無僅有,1,ㄐㄩㄝˊ ㄨˊ ㄐㄧㄣˇ ㄧㄡˇ
絕望,1,ㄐㄩㄝˊ ㄨㄤˋ
絕緣,1,ㄐㄩㄝˊ ㄩㄢˊ
噱,1,ㄐㄩㄝˊ
爵,1,ㄐㄩㄝˊ
爵士,1,ㄐㄩㄝˊ ㄕˋ
爵士樂,1,ㄐㄩㄝˊ ㄕˋ ㄩㄝˋ
嚼,1,ㄐㄩㄝˊ
嚼蠟,1,ㄐㄩㄝˊ ㄌㄚˋ
譎,1,ㄐㄩㄝˊ
矍,1,ㄐㄩㄝˊ
攫,1,ㄐㄩㄝˊ
攫取,1,ㄐㄩㄝˊ ㄑㄩˇ
攫食,1,ㄐㄩㄝˊ ㄕˊ
蠼,1,ㄐㄩㄝˊ
覺,1,ㄐㄩㄝˊ
覺得,1,ㄐㄩㄝˊ ㄉㄜ˙
覺醒,1,ㄐㄩㄝˊ ㄒㄧㄥˇ
覺察,1,ㄐㄩㄝˊ ㄔㄚˊ
覺悟,1,ㄐㄩㄝˊ ㄨˋ
倔,1,ㄐㄩㄝˋ
身,1,ㄐㄩㄢ
身毒,1,ㄐㄩㄢ ㄉㄨˊ
涓,1,ㄐㄩㄢ
涓滴歸公,1,ㄐㄩㄢ ㄉㄧ ㄍㄨㄟ ㄍㄨㄥ
涓涓,1,ㄐㄩㄢ ㄐㄩㄢ
捐,1,ㄐㄩㄢ
捐款,1,ㄐㄩㄢ ㄎㄨㄢˇ
捐棄,1,ㄐㄩㄢ ㄑㄧˋ
捐軀,1,ㄐㄩㄢ ㄑㄩ
捐血,1,ㄐㄩㄢ ㄒㄧㄝˇ
捐獻,1,ㄐㄩㄢ ㄒㄧㄢˋ
捐助,1,ㄐㄩㄢ ㄓㄨˋ
捐贈,1,ㄐㄩㄢ ㄗㄥˋ
娟,1,ㄐㄩㄢ
娟娟,1,ㄐㄩㄢ ㄐㄩㄢ
娟秀,1,ㄐㄩㄢ ㄒㄧㄡˋ
鵑,1,ㄐㄩㄢ
鐫,1,ㄐㄩㄢ
鐫刻,1,ㄐㄩㄢ ㄎㄜˋ
卷,1,ㄐㄩㄢˇ
卷雲,1,ㄐㄩㄢˇ ㄩㄣˊ
捲,1,ㄐㄩㄢˇ
捲鋪蓋,1,ㄐㄩㄢˇ ㄆㄨ ㄍㄞˋ
捲髮,1,ㄐㄩㄢˇ ㄈㄚˇ
捲土重來,1,ㄐㄩㄢˇ ㄊㄨˇ ㄔㄨㄥˊ ㄌㄞˊ
捲款潛逃,1,ㄐㄩㄢˇ ㄎㄨㄢˇ ㄑㄧㄢˊ ㄊㄠˊ
捲進,1,ㄐㄩㄢˇ ㄐㄧㄣˋ
捲曲,1,ㄐㄩㄢˇ ㄑㄩ
捲走,1,ㄐㄩㄢˇ ㄗㄡˇ
卷,1,ㄐㄩㄢˋ
卷宗,1,ㄐㄩㄢˋ ㄗㄨㄥ
倦,1,ㄐㄩㄢˋ
倦怠,1,ㄐㄩㄢˋ ㄉㄞˋ
倦鳥知返,1,ㄐㄩㄢˋ ㄋㄧㄠˇ ㄓ ㄈㄢˇ
倦勤,1,ㄐㄩㄢˋ ㄑㄧㄣˊ
倦容,1,ㄐㄩㄢˋ ㄖㄨㄥˊ
倦遊,1,ㄐㄩㄢˋ ㄧㄡˊ
眷,1,ㄐㄩㄢˋ
眷保,1,ㄐㄩㄢˋ ㄅㄠˇ
眷念,1,ㄐㄩㄢˋ ㄋㄧㄢˋ
眷戀,1,ㄐㄩㄢˋ ㄌㄧㄢˋ
眷顧,1,ㄐㄩㄢˋ ㄍㄨˋ
眷屬,1,ㄐㄩㄢˋ ㄕㄨˇ
眷村,1,ㄐㄩㄢˋ ㄘㄨㄣ
眷佑,1,ㄐㄩㄢˋ ㄧㄡˋ
圈,1,ㄐㄩㄢˋ
狷,1,ㄐㄩㄢˋ
絹,1,ㄐㄩㄢˋ
絹印,1,ㄐㄩㄢˋ ㄧㄣˋ
雋,1,ㄐㄩㄢˋ
雋爽,1,ㄐㄩㄢˋ ㄕㄨㄤˇ
雋語,1,ㄐㄩㄢˋ ㄩˇ
雋永,1,ㄐㄩㄢˋ ㄩㄥˇ
均,1,ㄐㄩㄣ
均分,1,ㄐㄩㄣ ㄈㄣ
均富,1,ㄐㄩㄣ ㄈㄨˋ
均等,1,ㄐㄩㄣ ㄉㄥˇ
均攤,1,ㄐㄩㄣ ㄊㄢ
均衡,1,ㄐㄩㄣ ㄏㄥˊ
均霑,1,ㄐㄩㄣ ㄓㄢ
均勢,1,ㄐㄩㄣ ㄕˋ
均勻,1,ㄐㄩㄣ ㄩㄣˊ
鈞,1,ㄐㄩㄣ
鈞鑒,1,ㄐㄩㄣ ㄐㄧㄢˋ
鈞安,1,ㄐㄩㄣ ㄢ
君,1,ㄐㄩㄣ
君權,1,ㄐㄩㄣ ㄑㄩㄢˊ
君子,1,ㄐㄩㄣ ㄗˇ
君子協定,1,ㄐㄩㄣ ㄗˇ ㄒㄧㄝˊ ㄉㄧㄥˋ
君王,1,ㄐㄩㄣ ㄨㄤˊ
囷,1,ㄐㄩㄣ
軍,1,ㄐㄩㄣ
軍備,1,ㄐㄩㄣ ㄅㄟˋ
軍品,1,ㄐㄩㄣ ㄆㄧㄣˇ
軍民,1,ㄐㄩㄣ ㄇㄧㄣˊ
軍閥,1,ㄐㄩㄣ ㄈㄚˊ
軍法審判,1,ㄐㄩㄣ ㄈㄚˇ ㄕㄣˇ ㄆㄢˋ
軍服,1,ㄐㄩㄣ ㄈㄨˊ
軍隊,1,ㄐㄩㄣ ㄉㄨㄟˋ
軍團,1,ㄐㄩㄣ ㄊㄨㄢˊ
軍令,1,ㄐㄩㄣ ㄌㄧㄥˋ
軍旅,1,ㄐㄩㄣ ㄌㄩˇ
軍港,1,ㄐㄩㄣ ㄍㄤˇ
軍國主義,1,ㄐㄩㄣ ㄍㄨㄛˊ ㄓㄨˇ ㄧˋ
軍官,1,ㄐㄩㄣ ㄍㄨㄢ
軍功,1,ㄐㄩㄣ ㄍㄨㄥ
軍號,1,ㄐㄩㄣ ㄏㄠˋ
軍火,1,ㄐㄩㄣ ㄏㄨㄛˇ
軍機,1,ㄐㄩㄣ ㄐㄧ
軍紀,1,ㄐㄩㄣ ㄐㄧˋ
軍警,1,ㄐㄩㄣ ㄐㄧㄥˇ
軍眷,1,ㄐㄩㄣ ㄐㄩㄢˋ
軍情,1,ㄐㄩㄣ ㄑㄧㄥˊ
軍權,1,ㄐㄩㄣ ㄑㄩㄢˊ
軍械,1,ㄐㄩㄣ ㄒㄧㄝˋ
軍心,1,ㄐㄩㄣ ㄒㄧㄣ
軍需,1,ㄐㄩㄣ ㄒㄩ
軍訓,1,ㄐㄩㄣ ㄒㄩㄣˋ
軍職,1,ㄐㄩㄣ ㄓˊ
軍種,1,ㄐㄩㄣ ㄓㄨㄥˇ
軍師,1,ㄐㄩㄣ ㄕ
軍事,1,ㄐㄩㄣ ㄕˋ
軍事行動,1,ㄐㄩㄣ ㄕˋ ㄒㄧㄥˊ ㄉㄨㄥˋ
軍事學校,1,ㄐㄩㄣ ㄕˋ ㄒㄩㄝˊ ㄒㄧㄠˋ
軍售,1,ㄐㄩㄣ ㄕㄡˋ
軍容,1,ㄐㄩㄣ ㄖㄨㄥˊ
軍醫,1,ㄐㄩㄣ ㄧ
軍營,1,ㄐㄩㄣ ㄧㄥˊ
軍用,1,ㄐㄩㄣ ㄩㄥˋ
軍用機場,1,ㄐㄩㄣ ㄩㄥˋ ㄐㄧ ㄔㄤˇ
皸,1,ㄐㄩㄣ
皸裂,1,ㄐㄩㄣ ㄌㄧㄝˋ
麇,1,ㄐㄩㄣ
龜,1,ㄐㄩㄣ
龜裂,1,ㄐㄩㄣ ㄌㄧㄝˋ
俊,1,ㄐㄩㄣˋ
俊美,1,ㄐㄩㄣˋ ㄇㄟˇ
俊傑,1,ㄐㄩㄣˋ ㄐㄧㄝˊ
俊俏,1,ㄐㄩㄣˋ ㄑㄧㄠˋ
俊秀,1,ㄐㄩㄣˋ ㄒㄧㄡˋ
俊材,1,ㄐㄩㄣˋ ㄘㄞˊ
俊逸,1,ㄐㄩㄣˋ ㄧˋ
浚,1,ㄐㄩㄣˋ
峻,1,ㄐㄩㄣˋ
峻法,1,ㄐㄩㄣˋ ㄈㄚˇ
峻峭,1,ㄐㄩㄣˋ ㄑㄧㄠˋ
竣,1,ㄐㄩㄣˋ
竣工,1,ㄐㄩㄣˋ ㄍㄨㄥ
駿,1,ㄐㄩㄣˋ
駿馬,1,ㄐㄩㄣˋ ㄇㄚˇ
郡,1,ㄐㄩㄣˋ
郡主,1,ㄐㄩㄣˋ ㄓㄨˇ
菌,1,ㄐㄩㄣˋ
菌類,1,ㄐㄩㄣˋ ㄌㄟˋ
雋,1,ㄐㄩㄣˋ
濬,1,ㄐㄩㄣˋ
炯,1,ㄐㄩㄥˇ
炯炯有神,1,ㄐㄩㄥˇ ㄐㄩㄥˇ ㄧㄡˇ ㄕㄣˊ
迥,1,ㄐㄩㄥˇ
迥然不同,1,ㄐㄩㄥˇ ㄖㄢˊ ㄅㄨˋ ㄊㄨㄥˊ
迥異,1,ㄐㄩㄥˇ ㄧˋ
窘,1,ㄐㄩㄥˇ
窘迫,1,ㄐㄩㄥˇ ㄆㄛˋ
窘態百出,1,ㄐㄩㄥˇ ㄊㄞˋ ㄅㄞˇ ㄔㄨ
窘困,1,ㄐㄩㄥˇ ㄎㄨㄣˋ
窘境,1,ㄐㄩㄥˇ ㄐㄧㄥˋ
七,1,ㄑㄧ
七拼八湊,1,ㄑㄧ ㄆㄧㄣ ㄅㄚ ㄘㄡˋ
七老八十,1,ㄑㄧ ㄌㄠˇ ㄅㄚ ㄕˊ
七零八落,1,ㄑㄧ ㄌㄧㄥˊ ㄅㄚ ㄌㄨㄛˋ
七律,1,ㄑㄧ ㄌㄩˋ
七國高峰會,1,ㄑㄧ ㄍㄨㄛˊ ㄍㄠ ㄈㄥ ㄏㄨㄟˋ
七號公園,1,ㄑㄧ ㄏㄠˋ ㄍㄨㄥ ㄩㄢˊ
七葷八素,1,ㄑㄧ ㄏㄨㄣ ㄅㄚ ㄙㄨˋ
七絕,1,ㄑㄧ ㄐㄩㄝˊ
七七事變,1,ㄑㄧ ㄑㄧ ㄕˋ ㄅㄧㄢˋ
七竅,1,ㄑㄧ ㄑㄧㄠˋ
七竅生煙,1,ㄑㄧ ㄑㄧㄠˋ ㄕㄥ ㄧㄢ
七情,1,ㄑㄧ ㄑㄧㄥˊ
七情六欲,1,ㄑㄧ ㄑㄧㄥˊ ㄌㄧㄡˋ ㄩˋ
七夕,1,ㄑㄧ ㄒㄧˋ
七星,1,ㄑㄧ ㄒㄧㄥ
七折八扣,1,ㄑㄧ ㄓㄜˊ ㄅㄚ ㄎㄡˋ
七手八腳,1,ㄑㄧ ㄕㄡˇ ㄅㄚ ㄐㄧㄠˇ
七上八下,1,ㄑㄧ ㄕㄤˋ ㄅㄚ ㄒㄧㄚˋ
七嘴八舌,1,ㄑㄧ ㄗㄨㄟˇ ㄅㄚ ㄕㄜˊ
七彩繽紛,1,ㄑㄧ ㄘㄞˇ ㄅㄧㄣ ㄈㄣ
七色,1,ㄑㄧ ㄙㄜˋ
七爺八爺,1,ㄑㄧ ㄧㄝˊ ㄅㄚ ㄧㄝˊ
沏,1,ㄑㄧ
柒,1,ㄑㄧ
妻,1,ㄑㄧ
妻離子散,1,ㄑㄧ ㄌㄧˊ ㄗˇ ㄙㄢˋ
妻小,1,ㄑㄧ ㄒㄧㄠˇ
妻室,1,ㄑㄧ ㄕˋ
妻子,1,ㄑㄧ ㄗˇ
淒,1,ㄑㄧ
淒美,1,ㄑㄧ ㄇㄟˇ
淒迷,1,ㄑㄧ ㄇㄧˊ
淒風苦雨,1,ㄑㄧ ㄈㄥ ㄎㄨˇ ㄩˇ
淒冷,1,ㄑㄧ ㄌㄥˇ
淒厲,1,ㄑㄧ ㄌㄧˋ
淒涼,1,ㄑㄧ ㄌㄧㄤˊ
淒楚,1,ㄑㄧ ㄔㄨˇ
淒慘,1,ㄑㄧ ㄘㄢˇ
淒婉,1,ㄑㄧ ㄨㄢˇ
悽,1,ㄑㄧ
悽苦,1,ㄑㄧ ㄎㄨˇ
悽楚,1,ㄑㄧ ㄔㄨˇ
悽愴,1,ㄑㄧ ㄔㄨㄤˋ
悽然,1,ㄑㄧ ㄖㄢˊ
悽慘,1,ㄑㄧ ㄘㄢˇ
棲,1,ㄑㄧ
棲息,1,ㄑㄧ ㄒㄧˊ
棲身,1,ㄑㄧ ㄕㄣ
萋,1,ㄑㄧ
栖,1,ㄑㄧ
戚,1,ㄑㄧ
戚戚,1,ㄑㄧ ㄑㄧ
慼,1,ㄑㄧ
欺,1,ㄑㄧ
欺騙,1,ㄑㄧ ㄆㄧㄢˋ
欺瞞,1,ㄑㄧ ㄇㄢˊ
欺負,1,ㄑㄧ ㄈㄨˋ
欺凌,1,ㄑㄧ ㄌㄧㄥˊ
欺詐,1,ㄑㄧ ㄓㄚˋ
欺世盜名,1,ㄑㄧ ㄕˋ ㄉㄠˋ ㄇㄧㄥˊ
欺善怕惡,1,ㄑㄧ ㄕㄢˋ ㄆㄚˋ ㄜˋ
欺人太甚,1,ㄑㄧ ㄖㄣˊ ㄊㄞˋ ㄕㄣˋ
欺人自欺,1,ㄑㄧ ㄖㄣˊ ㄗˋ ㄑㄧ
欺壓,1,ㄑㄧ ㄧㄚ
欺侮,1,ㄑㄧ ㄨˇ
漆,1,ㄑㄧ
漆黑,1,ㄑㄧ ㄏㄟ
漆黑一團,1,ㄑㄧ ㄏㄟ ㄧ ㄊㄨㄢˊ
漆黑一團,1,ㄑㄧ ㄏㄟ ㄧˋ ㄊㄨㄢˊ
漆器,1,ㄑㄧ ㄑㄧˋ
漆樹,1,ㄑㄧ ㄕㄨˋ
圻,1,ㄑㄧˊ
祈,1,ㄑㄧˊ
祈福,1,ㄑㄧˊ ㄈㄨˊ
祈禱,1,ㄑㄧˊ ㄉㄠˇ
祈求,1,ㄑㄧˊ ㄑㄧㄡˊ
祈請,1,ㄑㄧˊ ㄑㄧㄥˇ
祈望,1,ㄑㄧˊ ㄨㄤˋ
祈雨,1,ㄑㄧˊ ㄩˇ
祈願,1,ㄑㄧˊ ㄩㄢˋ
頎,1,ㄑㄧˊ
蘄,1,ㄑㄧˊ
岐,1,ㄑㄧˊ
岐黃,1,ㄑㄧˊ ㄏㄨㄤˊ
枝,1,ㄑㄧˊ
歧,1,ㄑㄧˊ
歧途,1,ㄑㄧˊ ㄊㄨˊ
歧路亡羊,1,ㄑㄧˊ ㄌㄨˋ ㄨㄤˊ ㄧㄤˊ
歧見,1,ㄑㄧˊ ㄐㄧㄢˋ
歧視,1,ㄑㄧˊ ㄕˋ
歧異,1,ㄑㄧˊ ㄧˋ
歧音異義字,1,ㄑㄧˊ ㄧㄣ ㄧˋ ㄧˋ ㄗˋ
跂,1,ㄑㄧˊ
祁,1,ㄑㄧˊ
其,1,ㄑㄧˊ
其貌不揚,1,ㄑㄧˊ ㄇㄠˋ ㄅㄨˋ ㄧㄤˊ
其他,1,ㄑㄧˊ ㄊㄚ
其樂融融,1,ㄑㄧˊ ㄌㄜˋ ㄖㄨㄥˊ ㄖㄨㄥˊ
其來有自,1,ㄑㄧˊ ㄌㄞˊ ㄧㄡˇ ㄗˋ
其間,1,ㄑㄧˊ ㄐㄧㄢ
其情可憫,1,ㄑㄧˊ ㄑㄧㄥˊ ㄎㄜˇ ㄇㄧㄣˇ
其實,1,ㄑㄧˊ ㄕˊ
其次,1,ㄑㄧˊ ㄘˋ
其餘,1,ㄑㄧˊ ㄩˊ
淇,1,ㄑㄧˊ
淇水,1,ㄑㄧˊ ㄕㄨㄟˇ
琪,1,ㄑㄧˊ
期,1,ㄑㄧˊ
期盼,1,ㄑㄧˊ ㄆㄢˋ
期票,1,ㄑㄧˊ ㄆㄧㄠˋ
期滿,1,ㄑㄧˊ ㄇㄢˇ
期勉,1,ㄑㄧˊ ㄇㄧㄢˇ
期待,1,ㄑㄧˊ ㄉㄞˋ
期刊,1,ㄑㄧˊ ㄎㄢ
期貨,1,ㄑㄧˊ ㄏㄨㄛˋ
期間,1,ㄑㄧˊ ㄐㄧㄢ
期期艾艾,1,ㄑㄧˊ ㄑㄧˊ ㄞˋ ㄞˋ
期限,1,ㄑㄧˊ ㄒㄧㄢˋ
期許,1,ㄑㄧˊ ㄒㄩˇ
期中選舉,1,ㄑㄧˊ ㄓㄨㄥ ㄒㄩㄢˇ ㄐㄩˇ
期望,1,ㄑㄧˊ ㄨㄤˋ
棋,1,ㄑㄧˊ
棋盤,1,ㄑㄧˊ ㄆㄢˊ
棋譜,1,ㄑㄧˊ ㄆㄨˇ
棋迷,1,ㄑㄧˊ ㄇㄧˊ
棋逢敵手,1,ㄑㄧˊ ㄈㄥˊ ㄉㄧˊ ㄕㄡˇ
棋逢對手,1,ㄑㄧˊ ㄈㄥˊ ㄉㄨㄟˋ ㄕㄡˇ
棋高一著,1,ㄑㄧˊ ㄍㄠ ㄧ ㄓㄨㄛˊ
棋高一著,1,ㄑㄧˊ ㄍㄠ ㄧˋ ㄓㄨㄛˊ
棋局,1,ㄑㄧˊ ㄐㄩˊ
棋子,1,ㄑㄧˊ ㄗˇ
棋藝,1,ㄑㄧˊ ㄧˋ
祺,1,ㄑㄧˊ
旗,1,ㄑㄧˊ
旗袍,1,ㄑㄧˊ ㄆㄠˊ
旗杆,1,ㄑㄧˊ ㄍㄢ
旗鼓相當,1,ㄑㄧˊ ㄍㄨˇ ㄒㄧㄤ ㄉㄤ
旗開得勝,1,ㄑㄧˊ ㄎㄞ ㄉㄜˊ ㄕㄥˋ
旗艦,1,ㄑㄧˊ ㄐㄧㄢˋ
旗幟,1,ㄑㄧˊ ㄓˋ
旗手,1,ㄑㄧˊ ㄕㄡˇ
旗子,1,ㄑㄧˊ ㄗ˙
旗語,1,ㄑㄧˊ ㄩˇ
騏,1,ㄑㄧˊ
麒,1,ㄑㄧˊ
麒麟,1,ㄑㄧˊ ㄌㄧㄣˊ
奇,1,ㄑㄧˊ
奇兵,1,ㄑㄧˊ ㄅㄧㄥ
奇葩,1,ㄑㄧˊ ㄆㄚ
奇妙,1,ㄑㄧˊ ㄇㄧㄠˋ
奇風異俗,1,ㄑㄧˊ ㄈㄥ ㄧˋ ㄙㄨˊ
奇大無比,1,ㄑㄧˊ ㄉㄚˋ ㄨˊ ㄅㄧˇ
奇特,1,ㄑㄧˊ ㄊㄜˋ
奇談,1,ㄑㄧˊ ㄊㄢˊ
奇怪,1,ㄑㄧˊ ㄍㄨㄞˋ
奇觀,1,ㄑㄧˊ ㄍㄨㄢ
奇貨可居,1,ㄑㄧˊ ㄏㄨㄛˋ ㄎㄜˇ ㄐㄩ
奇幻,1,ㄑㄧˊ ㄏㄨㄢˋ
奇幻迷離,1,ㄑㄧˊ ㄏㄨㄢˋ ㄇㄧˊ ㄌㄧˊ
奇蹟,1,ㄑㄧˊ ㄐㄧ
奇襲,1,ㄑㄧˊ ㄒㄧˊ
奇想,1,ㄑㄧˊ ㄒㄧㄤˇ
奇形怪狀,1,ㄑㄧˊ ㄒㄧㄥˊ ㄍㄨㄞˋ ㄓㄨㄤˋ
奇裝異服,1,ㄑㄧˊ ㄓㄨㄤ ㄧˋ ㄈㄨˊ
奇恥大辱,1,ㄑㄧˊ ㄔˇ ㄉㄚˋ ㄖㄨˋ
奇事,1,ㄑㄧˊ ㄕˋ
奇人,1,ㄑㄧˊ ㄖㄣˊ
奇人異士,1,ㄑㄧˊ ㄖㄣˊ ㄧˋ ㄕˋ
奇才,1,ㄑㄧˊ ㄘㄞˊ
奇異,1,ㄑㄧˊ ㄧˋ
奇聞,1,ㄑㄧˊ ㄨㄣˊ
奇遇,1,ㄑㄧˊ ㄩˋ
奇緣,1,ㄑㄧˊ ㄩㄢˊ
崎,1,ㄑㄧˊ
崎嶇,1,ㄑㄧˊ ㄑㄩ
琦,1,ㄑㄧˊ
錡,1,ㄑㄧˊ
騎,1,ㄑㄧˊ
騎兵,1,ㄑㄧˊ ㄅㄧㄥ
騎縫,1,ㄑㄧˊ ㄈㄥˋ
騎樓,1,ㄑㄧˊ ㄌㄡˊ
騎虎難下,1,ㄑㄧˊ ㄏㄨˇ ㄋㄢˊ ㄒㄧㄚˋ
騎車,1,ㄑㄧˊ ㄔㄜ
騎乘,1,ㄑㄧˊ ㄔㄥˊ
騎士,1,ㄑㄧˊ ㄕˋ
騎射,1,ㄑㄧˊ ㄕㄜˋ
騎術,1,ㄑㄧˊ ㄕㄨˋ
祇,1,ㄑㄧˊ
衹,1,ㄑㄧˊ
俟,1,ㄑㄧˊ
耆,1,ㄑㄧˊ
耆老,1,ㄑㄧˊ ㄌㄠˇ
耆儒,1,ㄑㄧˊ ㄖㄨˊ
耆宿,1,ㄑㄧˊ ㄙㄨˋ
鰭,1,ㄑㄧˊ
畦,1,ㄑㄧˊ
齊,1,ㄑㄧˊ
齊備,1,ㄑㄧˊ ㄅㄟˋ
齊步,1,ㄑㄧˊ ㄅㄨˋ
齊名,1,ㄑㄧˊ ㄇㄧㄥˊ
齊頭並進,1,ㄑㄧˊ ㄊㄡˊ ㄅㄧㄥˋ ㄐㄧㄣˋ
齊家,1,ㄑㄧˊ ㄐㄧㄚ
齊聚一堂,1,ㄑㄧˊ ㄐㄩˋ ㄧ ㄊㄤˊ
齊聚一堂,1,ㄑㄧˊ ㄐㄩˋ ㄧˋ ㄊㄤˊ
齊全,1,ㄑㄧˊ ㄑㄩㄢˊ
齊心,1,ㄑㄧˊ ㄒㄧㄣ
齊心協力,1,ㄑㄧˊ ㄒㄧㄣ ㄒㄧㄝˊ ㄌㄧˋ
齊人之福,1,ㄑㄧˊ ㄖㄣˊ ㄓ ㄈㄨˊ
薺,1,ㄑㄧˊ
臍,1,ㄑㄧˊ
臍帶,1,ㄑㄧˊ ㄉㄞˋ
乞,1,ㄑㄧˇ
乞討,1,ㄑㄧˇ ㄊㄠˇ
乞憐,1,ㄑㄧˇ ㄌㄧㄢˊ
乞靈,1,ㄑㄧˇ ㄌㄧㄥˊ
乞丐,1,ㄑㄧˇ ㄍㄞˋ
乞求,1,ㄑㄧˇ ㄑㄧㄡˊ
乞食,1,ㄑㄧˇ ㄕˊ
乞援,1,ㄑㄧˇ ㄩㄢˊ
杞,1,ㄑㄧˇ
杞人憂天,1,ㄑㄧˇ ㄖㄣˊ ㄧㄡ ㄊㄧㄢ
起,1,ㄑㄧˇ
起兵,1,ㄑㄧˇ ㄅㄧㄥ
起步,1,ㄑㄧˇ ㄅㄨˋ
起跑,1,ㄑㄧˇ ㄆㄠˇ
起碼,1,ㄑㄧˇ ㄇㄚˇ
起錨,1,ㄑㄧˇ ㄇㄠˊ
起飛,1,ㄑㄧˇ ㄈㄟ
起伏,1,ㄑㄧˇ ㄈㄨˊ
起點,1,ㄑㄧˇ ㄉㄧㄢˇ
起動,1,ㄑㄧˇ ㄉㄨㄥˋ
起頭,1,ㄑㄧˇ ㄊㄡˊ
起跳,1,ㄑㄧˇ ㄊㄧㄠˋ
起來,1,ㄑㄧˇ ㄌㄞˊ
起立,1,ㄑㄧˇ ㄌㄧˋ
起落,1,ㄑㄧˇ ㄌㄨㄛˋ
起火,1,ㄑㄧˇ ㄏㄨㄛˇ
起鬨,1,ㄑㄧˇ ㄏㄨㄥˋ
起家,1,ㄑㄧˇ ㄐㄧㄚ
起見,1,ㄑㄧˇ ㄐㄧㄢˋ
起勁,1,ㄑㄧˇ ㄐㄧㄥˋ
起居,1,ㄑㄧˇ ㄐㄩ
起訖,1,ㄑㄧˇ ㄑㄧˋ
起先,1,ㄑㄧˇ ㄒㄧㄢ
起薪,1,ㄑㄧˇ ㄒㄧㄣ
起重機,1,ㄑㄧˇ ㄓㄨㄥˋ ㄐㄧ
起承轉合,1,ㄑㄧˇ ㄔㄥˊ ㄓㄨㄢˇ ㄏㄜˊ
起程,1,ㄑㄧˇ ㄔㄥˊ
起初,1,ㄑㄧˇ ㄔㄨ
起床,1,ㄑㄧˇ ㄔㄨㄤˊ
起始,1,ㄑㄧˇ ㄕˇ
起事,1,ㄑㄧˇ ㄕˋ
起首,1,ㄑㄧˇ ㄕㄡˇ
起身,1,ㄑㄧˇ ㄕㄣ
起子,1,ㄑㄧˇ ㄗ˙
起早,1,ㄑㄧˇ ㄗㄠˇ
起草,1,ㄑㄧˇ ㄘㄠˇ
起司,1,ㄑㄧˇ ㄙ
起司蛋糕,1,ㄑㄧˇ ㄙ ㄉㄢˋ ㄍㄠ
起死回生,1,ㄑㄧˇ ㄙˇ ㄏㄨㄟˊ ㄕㄥ
起色,1,ㄑㄧˇ ㄙㄜˋ
起訴,1,ㄑㄧˇ ㄙㄨˋ
起而效尤,1,ㄑㄧˇ ㄦˊ ㄒㄧㄠˋ ㄧㄡˊ
起疑,1,ㄑㄧˇ ㄧˊ
起義,1,ㄑㄧˇ ㄧˋ
起意,1,ㄑㄧˇ ㄧˋ
起因,1,ㄑㄧˇ ㄧㄣ
起源,1,ㄑㄧˇ ㄩㄢˊ
起用,1,ㄑㄧˇ ㄩㄥˋ
豈,1,ㄑㄧˇ
豈料,1,ㄑㄧˇ ㄌㄧㄠˋ
豈敢,1,ㄑㄧˇ ㄍㄢˇ
豈止,1,ㄑㄧˇ ㄓˇ
豈有此理,1,ㄑㄧˇ ㄧㄡˇ ㄘˇ ㄌㄧˇ
啟,1,ㄑㄧˇ
啟明,1,ㄑㄧˇ ㄇㄧㄥˊ
啟發,1,ㄑㄧˇ ㄈㄚ
啟迪,1,ㄑㄧˇ ㄉㄧˊ
啟動,1,ㄑㄧˇ ㄉㄨㄥˋ
啟口,1,ㄑㄧˇ ㄎㄡˇ
啟航,1,ㄑㄧˇ ㄏㄤˊ
啟智,1,ㄑㄧˇ ㄓˋ
啟齒,1,ㄑㄧˇ ㄔˇ
啟程,1,ㄑㄧˇ ㄔㄥˊ
啟示,1,ㄑㄧˇ ㄕˋ
啟示錄,1,ㄑㄧˇ ㄕˋ ㄌㄨˋ
啟事,1,ㄑㄧˇ ㄕˋ
啟聰,1,ㄑㄧˇ ㄘㄨㄥ
啟用,1,ㄑㄧˇ ㄩㄥˋ
綺,1,ㄑㄧˇ
綺麗,1,ㄑㄧˇ ㄌㄧˋ
綺窗,1,ㄑㄧˇ ㄔㄨㄤ
綺思,1,ㄑㄧˇ ㄙ
稽,1,ㄑㄧˇ
稽首,1,ㄑㄧˇ ㄕㄡˇ
企,1,ㄑㄧˋ
企盼,1,ㄑㄧˋ ㄆㄢˋ
企圖,1,ㄑㄧˋ ㄊㄨˊ
企劃,1,ㄑㄧˋ ㄏㄨㄚˋ
企求,1,ㄑㄧˋ ㄑㄧㄡˊ
企鵝,1,ㄑㄧˋ ㄜˊ
企業,1,ㄑㄧˋ ㄧㄝˋ
企業管理,1,ㄑㄧˋ ㄧㄝˋ ㄍㄨㄢˇ ㄌㄧˇ
企業識別系統,1,ㄑㄧˋ ㄧㄝˋ ㄕˋ ㄅㄧㄝˊ ㄒㄧˋ ㄊㄨㄥˇ
企望,1,ㄑㄧˋ ㄨㄤˋ
汽,1,ㄑㄧˋ
汽笛,1,ㄑㄧˋ ㄉㄧˊ
汽電共生,1,ㄑㄧˋ ㄉㄧㄢˋ ㄍㄨㄥˋ ㄕㄥ
汽艇,1,ㄑㄧˋ ㄊㄧㄥˇ
汽化,1,ㄑㄧˋ ㄏㄨㄚˋ
汽車,1,ㄑㄧˋ ㄔㄜ
汽車保險,1,ㄑㄧˋ ㄔㄜ ㄅㄠˇ ㄒㄧㄢˇ
汽車美容,1,ㄑㄧˋ ㄔㄜ ㄇㄟˇ ㄖㄨㄥˊ
汽車旅館,1,ㄑㄧˋ ㄔㄜ ㄌㄩˇ ㄍㄨㄢˇ
汽水,1,ㄑㄧˋ ㄕㄨㄟˇ
汽油,1,ㄑㄧˋ ㄧㄡˊ
汽油添加劑,1,ㄑㄧˋ ㄧㄡˊ ㄊㄧㄢ ㄐㄧㄚ ㄐㄧˋ
氣,1,ㄑㄧˋ
氣不過,1,ㄑㄧˋ ㄅㄨˋ ㄍㄨㄛˋ
氣不過,1,ㄑㄧˋ ㄅㄨˊ ㄍㄨㄛˋ
氣魄,1,ㄑㄧˋ ㄆㄛˋ
氣派,1,ㄑㄧˋ ㄆㄞˋ
氣泡,1,ㄑㄧˋ ㄆㄠˋ
氣氛,1,ㄑㄧˋ ㄈㄣ
氣憤,1,ㄑㄧˋ ㄈㄣˋ
氣墊船,1,ㄑㄧˋ ㄉㄧㄢˋ ㄔㄨㄢˊ
氣定神閒,1,ㄑㄧˋ ㄉㄧㄥˋ ㄕㄣˊ ㄒㄧㄢˊ
氣度,1,ㄑㄧˋ ㄉㄨˋ
氣短,1,ㄑㄧˋ ㄉㄨㄢˇ
氣體,1,ㄑㄧˋ ㄊㄧˇ
氣團,1,ㄑㄧˋ ㄊㄨㄢˊ
氣筒,1,ㄑㄧˋ ㄊㄨㄥˇ
氣餒,1,ㄑㄧˋ ㄋㄟˇ
氣惱,1,ㄑㄧˋ ㄋㄠˇ
氣囊,1,ㄑㄧˋ ㄋㄤˊ
氣力,1,ㄑㄧˋ ㄌㄧˋ
氣流,1,ㄑㄧˋ ㄌㄧㄡˊ
氣量,1,ㄑㄧˋ ㄌㄧㄤˋ
氣根,1,ㄑㄧˋ ㄍㄣ
氣管,1,ㄑㄧˋ ㄍㄨㄢˇ
氣管炎,1,ㄑㄧˋ ㄍㄨㄢˇ ㄧㄢˊ
氣功療法,1,ㄑㄧˋ ㄍㄨㄥ ㄌㄧㄠˊ ㄈㄚˇ
氣孔,1,ㄑㄧˋ ㄎㄨㄥˇ
氣候,1,ㄑㄧˋ ㄏㄡˋ
氣化,1,ㄑㄧˋ ㄏㄨㄚˋ
氣急敗壞,1,ㄑㄧˋ ㄐㄧˊ ㄅㄞˋ ㄏㄨㄞˋ
氣結,1,ㄑㄧˋ ㄐㄧㄝˊ
氣節,1,ㄑㄧˋ ㄐㄧㄝˊ
氣絕,1,ㄑㄧˋ ㄐㄩㄝˊ
氣球,1,ㄑㄧˋ ㄑㄧㄡˊ
氣槍,1,ㄑㄧˋ ㄑㄧㄤ
氣息,1,ㄑㄧˋ ㄒㄧˊ
氣息奄奄,1,ㄑㄧˋ ㄒㄧˊ ㄧㄢ ㄧㄢ
氣血,1,ㄑㄧˋ ㄒㄧㄝˇ
氣象,1,ㄑㄧˋ ㄒㄧㄤˋ
氣象雷達,1,ㄑㄧˋ ㄒㄧㄤˋ ㄌㄟˊ ㄉㄚˊ
氣象萬千,1,ㄑㄧˋ ㄒㄧㄤˋ ㄨㄢˋ ㄑㄧㄢ
氣性,1,ㄑㄧˋ ㄒㄧㄥˋ
氣旋,1,ㄑㄧˋ ㄒㄩㄢˊ
氣質,1,ㄑㄧˋ ㄓˊ
氣壯山河,1,ㄑㄧˋ ㄓㄨㄤˋ ㄕㄢ ㄏㄜˊ
氣喘,1,ㄑㄧˋ ㄔㄨㄢˇ
氣喘吁吁,1,ㄑㄧˋ ㄔㄨㄢˇ ㄒㄩ ㄒㄩ
氣喘如牛,1,ㄑㄧˋ ㄔㄨㄢˇ ㄖㄨˊ ㄋㄧㄡˊ
氣沖沖,1,ㄑㄧˋ ㄔㄨㄥ ㄔㄨㄥ
氣勢,1,ㄑㄧˋ ㄕˋ
氣勢磅礴,1,ㄑㄧˋ ㄕˋ ㄆㄤ ㄅㄛˊ
氣勢洶洶,1,ㄑㄧˋ ㄕˋ ㄒㄩㄥ ㄒㄩㄥ
氣數,1,ㄑㄧˋ ㄕㄨˋ
氣色,1,ㄑㄧˋ ㄙㄜˋ
氣壓,1,ㄑㄧˋ ㄧㄚ
氣燄高張,1,ㄑㄧˋ ㄧㄢˋ ㄍㄠ ㄓㄤ
氣味,1,ㄑㄧˋ ㄨㄟˋ
氣味相投,1,ㄑㄧˋ ㄨㄟˋ ㄒㄧㄤ ㄊㄡˊ
氣溫,1,ㄑㄧˋ ㄨㄣ
氣宇軒昂,1,ㄑㄧˋ ㄩˇ ㄒㄩㄢ ㄤˊ
氣韻,1,ㄑㄧˋ ㄩㄣˋ
迄,1,ㄑㄧˋ
迄今,1,ㄑㄧˋ ㄐㄧㄣ
訖,1,ㄑㄧˋ
泣,1,ㄑㄧˋ
泣不成聲,1,ㄑㄧˋ ㄅㄨˋ ㄔㄥˊ ㄕㄥ
泣鬼神,1,ㄑㄧˋ ㄍㄨㄟˇ ㄕㄣˊ
泣血,1,ㄑㄧˋ ㄒㄧㄝˇ
妻,1,ㄑㄧˋ
契,1,ㄑㄧˋ
契合,1,ㄑㄧˋ ㄏㄜˊ
契機,1,ㄑㄧˋ ㄐㄧ
契稅,1,ㄑㄧˋ ㄕㄨㄟˋ
契友,1,ㄑㄧˋ ㄧㄡˇ
契約,1,ㄑㄧˋ ㄩㄝ
砌,1,ㄑㄧˋ
砌磚,1,ㄑㄧˋ ㄓㄨㄢ
亟,1,ㄑㄧˋ
棄,1,ㄑㄧˋ
棄婦,1,ㄑㄧˋ ㄈㄨˋ
棄甲,1,ㄑㄧˋ ㄐㄧㄚˇ
棄舊圖新,1,ㄑㄧˋ ㄐㄧㄡˋ ㄊㄨˊ ㄒㄧㄣ
棄車保帥,1,ㄑㄧˋ ㄐㄩ ㄅㄠˇ ㄕㄨㄞˋ
棄權,1,ㄑㄧˋ ㄑㄩㄢˊ
棄械,1,ㄑㄧˋ ㄒㄧㄝˋ
棄置,1,ㄑㄧˋ ㄓˋ
棄世,1,ㄑㄧˋ ㄕˋ
棄守,1,ㄑㄧˋ ㄕㄡˇ
棄暗投明,1,ㄑㄧˋ ㄢˋ ㄊㄡˊ ㄇㄧㄥˊ
棄養,1,ㄑㄧˋ ㄧㄤˋ
棄物,1,ㄑㄧˋ ㄨˋ
葺,1,ㄑㄧˋ
緝,1,ㄑㄧˋ
緝捕,1,ㄑㄧˋ ㄅㄨˇ
緝毒,1,ㄑㄧˋ ㄉㄨˊ
緝拿,1,ㄑㄧˋ ㄋㄚˊ
緝獲,1,ㄑㄧˋ ㄏㄨㄛˋ
緝凶,1,ㄑㄧˋ ㄒㄩㄥ
緝私,1,ㄑㄧˋ ㄙ
憩,1,ㄑㄧˋ
磧,1,ㄑㄧˋ
器,1,ㄑㄧˋ
器皿,1,ㄑㄧˋ ㄇㄧㄣˇ
器量,1,ㄑㄧˋ ㄌㄧㄤˋ
器官,1,ㄑㄧˋ ㄍㄨㄢ
器官移植,1,ㄑㄧˋ ㄍㄨㄢ ㄧˊ ㄓˊ
器具,1,ㄑㄧˋ ㄐㄩˋ
器械,1,ㄑㄧˋ ㄒㄧㄝˋ
器重,1,ㄑㄧˋ ㄓㄨㄥˋ
器識,1,ㄑㄧˋ ㄕˋ
器材,1,ㄑㄧˋ ㄘㄞˊ
器物,1,ㄑㄧˋ ㄨˋ
器宇軒昂,1,ㄑㄧˋ ㄩˇ ㄒㄩㄢ ㄤˊ
器樂,1,ㄑㄧˋ ㄩㄝˋ
掐,1,ㄑㄧㄚ
掐指一算,1,ㄑㄧㄚ ㄓˇ ㄧ ㄙㄨㄢˋ
掐指一算,1,ㄑㄧㄚ ㄓˇ ㄧˊ ㄙㄨㄢˋ
掐住,1,ㄑㄧㄚ ㄓㄨˋ
卡,1,ㄑㄧㄚˇ
洽,1,ㄑㄧㄚˋ
洽辦,1,ㄑㄧㄚˋ ㄅㄢˋ
洽談,1,ㄑㄧㄚˋ ㄊㄢˊ
洽購,1,ㄑㄧㄚˋ ㄍㄡˋ
洽詢,1,ㄑㄧㄚˋ ㄒㄩㄣˊ
洽商,1,ㄑㄧㄚˋ ㄕㄤ
恰,1,ㄑㄧㄚˋ
恰到好處,1,ㄑㄧㄚˋ ㄉㄠˋ ㄏㄠˇ ㄔㄨˋ
恰當,1,ㄑㄧㄚˋ ㄉㄤˋ
恰好,1,ㄑㄧㄚˋ ㄏㄠˇ
恰恰,1,ㄑㄧㄚˋ ㄑㄧㄚˋ
恰巧,1,ㄑㄧㄚˋ ㄑㄧㄠˇ
恰如其分,1,ㄑㄧㄚˋ ㄖㄨˊ ㄑㄧˊ ㄈㄣˋ
切,1,ㄑㄧㄝ
切片檢查,1,ㄑㄧㄝ ㄆㄧㄢˋ ㄐㄧㄢˇ ㄔㄚˊ
切腹自殺,1,ㄑㄧㄝ ㄈㄨˋ ㄗˋ ㄕㄚ
切斷,1,ㄑㄧㄝ ㄉㄨㄢˋ
切割,1,ㄑㄧㄝ ㄍㄜ
切換,1,ㄑㄧㄝ ㄏㄨㄢˋ
切線,1,ㄑㄧㄝ ㄒㄧㄢˋ
切除,1,ㄑㄧㄝ ㄔㄨˊ
切入,1,ㄑㄧㄝ ㄖㄨˋ
切磋,1,ㄑㄧㄝ ㄘㄨㄛ
切碎,1,ㄑㄧㄝ ㄙㄨㄟˋ
伽,1,ㄑㄧㄝˊ
伽藍,1,ㄑㄧㄝˊ ㄌㄢˊ
茄,1,ㄑㄧㄝˊ
茄科,1,ㄑㄧㄝˊ ㄎㄜ
茄子,1,ㄑㄧㄝˊ ㄗ˙
且,1,ㄑㄧㄝˇ
且慢,1,ㄑㄧㄝˇ ㄇㄢˋ
切,1,ㄑㄧㄝˋ
切盼,1,ㄑㄧㄝˋ ㄆㄢˋ
切莫,1,ㄑㄧㄝˋ ㄇㄛˋ
切脈,1,ㄑㄧㄝˋ ㄇㄞˋ
切膚之痛,1,ㄑㄧㄝˋ ㄈㄨ ㄓ ㄊㄨㄥˋ
切口,1,ㄑㄧㄝ ㄎㄡˇ
切合,1,ㄑㄧㄝˋ ㄏㄜˊ
切忌,1,ㄑㄧㄝˋ ㄐㄧˋ
切記,1,ㄑㄧㄝˋ ㄐㄧˋ
切結,1,ㄑㄧㄝˋ ㄐㄧㄝˊ
切結書,1,ㄑㄧㄝˋ ㄐㄧㄝˊ ㄕㄨ
切中時弊,1,ㄑㄧㄝˋ ㄓㄨㄥˋ ㄕˊ ㄅㄧˋ
切齒,1,ㄑㄧㄝˋ ㄔˇ
切實,1,ㄑㄧㄝˋ ㄕˊ
切身,1,ㄑㄧㄝˋ ㄕㄣ
切勿,1,ㄑㄧㄝˋ ㄨˋ
妾,1,ㄑㄧㄝˋ
妾身,1,ㄑㄧㄝˋ ㄕㄣ
挈,1,ㄑㄧㄝˋ
鍥,1,ㄑㄧㄝˋ
鍥而不捨,1,ㄑㄧㄝˋ ㄦˊ ㄅㄨˋ ㄕㄜˇ
愜,1,ㄑㄧㄝˋ
愜意,1,ㄑㄧㄝˋ ㄧˋ
篋,1,ㄑㄧㄝˋ
慊,1,ㄑㄧㄝˋ
竊,1,ㄑㄧㄝˋ
竊犯,1,ㄑㄧㄝˋ ㄈㄢˋ
竊盜,1,ㄑㄧㄝˋ ㄉㄠˋ
竊聽,1,ㄑㄧㄝˋ ㄊㄧㄥ
竊竊私語,1,ㄑㄧㄝˋ ㄑㄧㄝˋ ㄙ ㄩˇ
竊取,1,ㄑㄧㄝˋ ㄑㄩˇ
竊喜,1,ㄑㄧㄝˋ ㄒㄧˇ
竊笑,1,ㄑㄧㄝˋ ㄒㄧㄠˋ
竊嫌,1,ㄑㄧㄝˋ ㄒㄧㄢˊ
竊占,1,ㄑㄧㄝˋ ㄓㄢˋ
竊賊,1,ㄑㄧㄝˋ ㄗㄟˊ
竊案,1,ㄑㄧㄝˋ ㄢˋ
竊用,1,ㄑㄧㄝˋ ㄩㄥˋ
敲,1,ㄑㄧㄠ
敲邊鼓,1,ㄑㄧㄠ ㄅㄧㄢ ㄍㄨˇ
敲門,1,ㄑㄧㄠ ㄇㄣˊ
敲門磚,1,ㄑㄧㄠ ㄇㄣˊ ㄓㄨㄢ
敲打,1,ㄑㄧㄠ ㄉㄚˇ
敲定,1,ㄑㄧㄠ ㄉㄧㄥˋ
敲骨吸髓,1,ㄑㄧㄠ ㄍㄨˇ ㄒㄧ ㄙㄨㄟˇ
敲開,1,ㄑㄧㄠ ㄎㄞ
敲擊,1,ㄑㄧㄠ ㄐㄧˊ
敲詐,1,ㄑㄧㄠ ㄓㄚˋ
敲竹槓,1,ㄑㄧㄠ ㄓㄨˊ ㄍㄤˋ
敲碎,1,ㄑㄧㄠ ㄙㄨㄟˋ
橇,1,ㄑㄧㄠ
鍬,1,ㄑㄧㄠ
蹺,1,ㄑㄧㄠ
蹺辮子,1,ㄑㄧㄠ ㄅㄧㄢˋ ㄗ˙
蹺課,1,ㄑㄧㄠ ㄎㄜˋ
蹺家,1,ㄑㄧㄠ ㄐㄧㄚ
喬,1,ㄑㄧㄠˊ
喬木,1,ㄑㄧㄠˊ ㄇㄨˋ
喬遷,1,ㄑㄧㄠˊ ㄑㄧㄢ
喬裝,1,ㄑㄧㄠˊ ㄓㄨㄤ
僑,1,ㄑㄧㄠˊ
僑胞,1,ㄑㄧㄠˊ ㄅㄠ
僑民,1,ㄑㄧㄠˊ ㄇㄧㄣˊ
僑團,1,ㄑㄧㄠˊ ㄊㄨㄢˊ
僑領,1,ㄑㄧㄠˊ ㄌㄧㄥˇ
僑居,1,ㄑㄧㄠˊ ㄐㄩ
僑社,1,ㄑㄧㄠˊ ㄕㄜˋ
僑生,1,ㄑㄧㄠˊ ㄕㄥ
僑務,1,ㄑㄧㄠˊ ㄨˋ
橋,1,ㄑㄧㄠˊ
橋牌,1,ㄑㄧㄠˊ ㄆㄞˊ
橋墩,1,ㄑㄧㄠˊ ㄉㄨㄣ
橋孔,1,ㄑㄧㄠˊ ㄎㄨㄥˇ
橋劇,1,ㄑㄧㄠˊ ㄐㄩˋ
橋藝,1,ㄑㄧㄠˊ ㄧˋ
蕎,1,ㄑㄧㄠˊ
蕎麥,1,ㄑㄧㄠˊ ㄇㄞˋ
憔,1,ㄑㄧㄠˊ
憔悴,1,ㄑㄧㄠˊ ㄘㄨㄟˋ
樵,1,ㄑㄧㄠˊ
樵夫,1,ㄑㄧㄠˊ ㄈㄨ
瞧,1,ㄑㄧㄠˊ
瞧不起,1,ㄑㄧㄠˊ ㄅㄨˋ ㄑㄧˇ
瞧見,1,ㄑㄧㄠˊ ㄐㄧㄢˋ
瞧瞧,1,ㄑㄧㄠˊ ㄑㄧㄠˊ
翹,1,ㄑㄧㄠˊ
翹楚,1,ㄑㄧㄠˊ ㄔㄨˇ
翹首,1,ㄑㄧㄠˊ ㄕㄡˇ
翹首盼望,1,ㄑㄧㄠˊ ㄕㄡˇ ㄆㄢˋ ㄨㄤˋ
巧,1,ㄑㄧㄠˇ
巧辯,1,ㄑㄧㄠˇ ㄅㄧㄢˋ
巧妙,1,ㄑㄧㄠˇ ㄇㄧㄠˋ
巧婦難為無米之炊,1,ㄑㄧㄠˇ ㄈㄨˋ ㄋㄢˊ ㄨㄟˊ ㄨˊ ㄇㄧˇ ㄓ ㄔㄨㄟ
巧奪天工,1,ㄑㄧㄠˇ ㄉㄨㄛˊ ㄊㄧㄢ ㄍㄨㄥ
巧立名目,1,ㄑㄧㄠˇ ㄌㄧˋ ㄇㄧㄥˊ ㄇㄨˋ
巧固球,1,ㄑㄧㄠˇ ㄍㄨˋ ㄑㄧㄡˊ
巧克力,1,ㄑㄧㄠˇ ㄎㄜˋ ㄌㄧˋ
巧合,1,ㄑㄧㄠˇ ㄏㄜˊ
巧取豪奪,1,ㄑㄧㄠˇ ㄑㄩˇ ㄏㄠˊ ㄉㄨㄛˊ
巧手,1,ㄑㄧㄠˇ ㄕㄡˇ
巧嘴,1,ㄑㄧㄠˇ ㄗㄨㄟˇ
巧思,1,ㄑㄧㄠˇ ㄙ
巧藝,1,ㄑㄧㄠˇ ㄧˋ
巧言令色,1,ㄑㄧㄠˇ ㄧㄢˊ ㄌㄧㄥˋ ㄙㄜˋ
巧遇,1,ㄑㄧㄠˇ ㄩˋ
悄,1,ㄑㄧㄠˇ
悄悄,1,ㄑㄧㄠˇ ㄑㄧㄠˇ
悄悄話,1,ㄑㄧㄠˇ ㄑㄧㄠˇ ㄏㄨㄚˋ
悄然,1,ㄑㄧㄠˇ ㄖㄢˊ
愀,1,ㄑㄧㄠˇ
俏,1,ㄑㄧㄠˋ
俏皮,1,ㄑㄧㄠˋ ㄆㄧˊ
俏皮話,1,ㄑㄧㄠˋ ㄆㄧˊ ㄏㄨㄚˋ
俏麗,1,ㄑㄧㄠˋ ㄌㄧˋ
峭,1,ㄑㄧㄠˋ
峭拔,1,ㄑㄧㄠˋ ㄅㄚˊ
峭壁,1,ㄑㄧㄠˋ ㄅㄧˋ
峭立,1,ㄑㄧㄠˋ ㄌㄧˋ
鞘,1,ㄑㄧㄠˋ
撬,1,ㄑㄧㄠˋ
撬開,1,ㄑㄧㄠˋ ㄎㄞ
竅,1,ㄑㄧㄠˋ
竅門,1,ㄑㄧㄠˋ ㄇㄣˊ
翹,1,ㄑㄧㄠˋ
翹辮子,1,ㄑㄧㄠˋ ㄅㄧㄢˋ ㄗ˙
翹翹板,1,ㄑㄧㄠˋ ㄑㄧㄠˋ ㄅㄢˇ
丘,1,ㄑㄧㄡ
丘陵,1,ㄑㄧㄡ ㄌㄧㄥˊ
丘壑,1,ㄑㄧㄡ ㄏㄨㄛˋ
坵,1,ㄑㄧㄡ
邱,1,ㄑㄧㄡ
蚯,1,ㄑㄧㄡ
蚯蚓,1,ㄑㄧㄡ ㄧㄣˇ
秋,1,ㄑㄧㄡ
秋波,1,ㄑㄧㄡ ㄅㄛ
秋分,1,ㄑㄧㄡ ㄈㄣ
秋風,1,ㄑㄧㄡ ㄈㄥ
秋風掃落葉,1,ㄑㄧㄡ ㄈㄥ ㄙㄠˇ ㄌㄨㄛˋ ㄧㄝˋ
秋天,1,ㄑㄧㄡ ㄊㄧㄢ
秋高氣爽,1,ㄑㄧㄡ ㄍㄠ ㄑㄧˋ ㄕㄨㄤˇ
秋海棠,1,ㄑㄧㄡ ㄏㄞˇ ㄊㄤˊ
秋毫,1,ㄑㄧㄡ ㄏㄠˊ
秋節,1,ㄑㄧㄡ ㄐㄧㄝˊ
秋千,1,ㄑㄧㄡ ㄑㄧㄢ
秋收,1,ㄑㄧㄡ ㄕㄡ
秋水,1,ㄑㄧㄡ ㄕㄨㄟˇ
秋水仙素,1,ㄑㄧㄡ ㄕㄨㄟˇ ㄒㄧㄢ ㄙㄨˋ
秋水伊人,1,ㄑㄧㄡ ㄕㄨㄟˇ ㄧ ㄖㄣˊ
秋思,1,ㄑㄧㄡ ㄙ
秋色,1,ㄑㄧㄡ ㄙㄜˋ
鞦,1,ㄑㄧㄡ
鞦韆,1,ㄑㄧㄡ ㄑㄧㄢ
鰍,1,ㄑㄧㄡ
龜,1,ㄑㄧㄡ
龜茲,1,ㄑㄧㄡ ㄘˊ
仇,1,ㄑㄧㄡˊ
犰,1,ㄑㄧㄡˊ
犰狳,1,ㄑㄧㄡˊ ㄩˊ
囚,1,ㄑㄧㄡˊ
囚犯,1,ㄑㄧㄡˊ ㄈㄢˋ
囚徒,1,ㄑㄧㄡˊ ㄊㄨˊ
囚牢,1,ㄑㄧㄡˊ ㄌㄠˊ
囚禁,1,ㄑㄧㄡˊ ㄐㄧㄣˋ
囚首垢面,1,ㄑㄧㄡˊ ㄕㄡˇ ㄍㄡˋ ㄇㄧㄢˋ
泅,1,ㄑㄧㄡˊ
求,1,ㄑㄧㄡˊ
求同存異,1,ㄑㄧㄡˊ ㄊㄨㄥˊ ㄘㄨㄣˊ ㄧˋ
求過於供,1,ㄑㄧㄡˊ ㄍㄨㄛˋ ㄩˊ ㄍㄨㄥ
求和,1,ㄑㄧㄡˊ ㄏㄜˊ
求好心切,1,ㄑㄧㄡˊ ㄏㄠˇ ㄒㄧㄣ ㄑㄧㄝˋ
求婚,1,ㄑㄧㄡˊ ㄏㄨㄣ
求教,1,ㄑㄧㄡˊ ㄐㄧㄠˋ
求救,1,ㄑㄧㄡˊ ㄐㄧㄡˋ
求見,1,ㄑㄧㄡˊ ㄐㄧㄢˋ
求籤,1,ㄑㄧㄡˊ ㄑㄧㄢ
求親,1,ㄑㄧㄡˊ ㄑㄧㄣ
求情,1,ㄑㄧㄡˊ ㄑㄧㄥˊ
求取,1,ㄑㄧㄡˊ ㄑㄩˇ
求全,1,ㄑㄧㄡˊ ㄑㄩㄢˊ
求全責備,1,ㄑㄧㄡˊ ㄑㄩㄢˊ ㄗㄜˊ ㄅㄟˋ
求賢若渴,1,ㄑㄧㄡˊ ㄒㄧㄢˊ ㄖㄨㄛˋ ㄎㄜˇ
求新求變,1,ㄑㄧㄡˊ ㄒㄧㄣ ㄑㄧㄡˊ ㄅㄧㄢˋ
求學,1,ㄑㄧㄡˊ ㄒㄩㄝˊ
求之不得,1,ㄑㄧㄡˊ ㄓ ㄅㄨˋ ㄉㄜˊ
求知,1,ㄑㄧㄡˊ ㄓ
求職,1,ㄑㄧㄡˊ ㄓˊ
求診,1,ㄑㄧㄡˊ ㄓㄣˇ
求證,1,ㄑㄧㄡˊ ㄓㄥˋ
求助,1,ㄑㄧㄡˊ ㄓㄨˋ
求償,1,ㄑㄧㄡˊ ㄔㄤˊ
求售,1,ㄑㄧㄡˊ ㄕㄡˋ
求神問卜,1,ㄑㄧㄡˊ ㄕㄣˊ ㄨㄣˋ ㄅㄨˇ
求生,1,ㄑㄧㄡˊ ㄕㄥ
求勝,1,ㄑㄧㄡˊ ㄕㄥˋ
求饒,1,ㄑㄧㄡˊ ㄖㄠˊ
求仁得仁,1,ㄑㄧㄡˊ ㄖㄣˊ ㄉㄜˊ ㄖㄣˊ
求才,1,ㄑㄧㄡˊ ㄘㄞˊ
求才若渴,1,ㄑㄧㄡˊ ㄘㄞˊ ㄖㄨㄛˋ ㄎㄜˇ
求愛,1,ㄑㄧㄡˊ ㄞˋ
求偶,1,ㄑㄧㄡˊ ㄡˇ
求醫,1,ㄑㄧㄡˊ ㄧ
求援,1,ㄑㄧㄡˊ ㄩㄢˊ
球,1,ㄑㄧㄡˊ
球拍,1,ㄑㄧㄡˊ ㄆㄞ
球門,1,ㄑㄧㄡˊ ㄇㄣˊ
球迷,1,ㄑㄧㄡˊ ㄇㄧˊ
球隊,1,ㄑㄧㄡˊ ㄉㄨㄟˋ
球體,1,ㄑㄧㄡˊ ㄊㄧˇ
球童,1,ㄑㄧㄡˊ ㄊㄨㄥˊ
球類運動,1,ㄑㄧㄡˊ ㄌㄟˋ ㄩㄣˋ ㄉㄨㄥˋ
球根,1,ㄑㄧㄡˊ ㄍㄣ
球莖,1,ㄑㄧㄡˊ ㄐㄧㄥ
球鞋,1,ㄑㄧㄡˊ ㄒㄧㄝˊ
球場,1,ㄑㄧㄡˊ ㄔㄤˇ
球賽,1,ㄑㄧㄡˊ ㄙㄞˋ
球藝,1,ㄑㄧㄡˊ ㄧˋ
球員,1,ㄑㄧㄡˊ ㄩㄢˊ
逑,1,ㄑㄧㄡˊ
毬,1,ㄑㄧㄡˊ
毬果,1,ㄑㄧㄡˊ ㄍㄨㄛˇ
裘,1,ㄑㄧㄡˊ
虯,1,ㄑㄧㄡˊ
酋,1,ㄑㄧㄡˊ
酋長,1,ㄑㄧㄡˊ ㄓㄤˇ
遒,1,ㄑㄧㄡˊ
遒勁,1,ㄑㄧㄡˊ ㄐㄧㄥˋ
糗,1,ㄑㄧㄡˇ
糗事,1,ㄑㄧㄡˇ ㄕˋ
千,1,ㄑㄧㄢ
千變萬化,1,ㄑㄧㄢ ㄅㄧㄢˋ ㄨㄢˋ ㄏㄨㄚˋ
千篇一律,1,ㄑㄧㄢ ㄆㄧㄢ ㄧ ㄌㄩˋ
千篇一律,1,ㄑㄧㄢ ㄆㄧㄢ ㄧˊ ㄌㄩˋ
千方百計,1,ㄑㄧㄢ ㄈㄤ ㄅㄞˇ ㄐㄧˋ
千刀萬剮,1,ㄑㄧㄢ ㄉㄠ ㄨㄢˋ ㄍㄨㄚˇ
千頭萬緒,1,ㄑㄧㄢ ㄊㄡˊ ㄨㄢˋ ㄒㄩˋ
千挑萬選,1,ㄑㄧㄢ ㄊㄧㄠ ㄨㄢˋ ㄒㄩㄢˇ
千里馬,1,ㄑㄧㄢ ㄌㄧˇ ㄇㄚˇ
千慮一失,1,ㄑㄧㄢ ㄌㄩˋ ㄧ ㄕ
千慮一失,1,ㄑㄧㄢ ㄌㄩˋ ㄧˋ ㄕ
千古,1,ㄑㄧㄢ ㄍㄨˇ
千古絕唱,1,ㄑㄧㄢ ㄍㄨˇ ㄐㄩㄝˊ ㄔㄤˋ
千赫,1,ㄑㄧㄢ ㄏㄜˋ
千呼萬喚,1,ㄑㄧㄢ ㄏㄨ ㄨㄢˋ ㄏㄨㄢˋ
千嬌百媚,1,ㄑㄧㄢ ㄐㄧㄠ ㄅㄞˇ ㄇㄟˋ
千斤頂,1,ㄑㄧㄢ ㄐㄧㄣ ㄉㄧㄥˇ
千金,1,ㄑㄧㄢ ㄐㄧㄣ
千軍萬馬,1,ㄑㄧㄢ ㄐㄩㄣ ㄨㄢˋ ㄇㄚˇ
千鈞一髮,1,ㄑㄧㄢ ㄐㄩㄣ ㄧ ㄈㄚˇ
千鈞一髮,1,ㄑㄧㄢ ㄐㄩㄣ ㄧˋ ㄈㄚˇ
千奇百怪,1,ㄑㄧㄢ ㄑㄧˊ ㄅㄞˇ ㄍㄨㄞˋ
千秋,1,ㄑㄧㄢ ㄑㄧㄡ
千秋萬世,1,ㄑㄧㄢ ㄑㄧㄡ ㄨㄢˋ ㄕˋ
千千萬萬,1,ㄑㄧㄢ ㄑㄧㄢ ㄨㄢˋ ㄨㄢˋ
千辛萬苦,1,ㄑㄧㄢ ㄒㄧㄣ ㄨㄢˋ ㄎㄨˇ
千真萬確,1,ㄑㄧㄢ ㄓㄣ ㄨㄢˋ ㄑㄩㄝˋ
千錘百鍊,1,ㄑㄧㄢ ㄔㄨㄟˊ ㄅㄞˇ ㄌㄧㄢˋ
千瘡百孔,1,ㄑㄧㄢ ㄔㄨㄤ ㄅㄞˇ ㄎㄨㄥˇ
千山萬水,1,ㄑㄧㄢ ㄕㄢ ㄨㄢˋ ㄕㄨㄟˇ
千載難逢,1,ㄑㄧㄢ ㄗㄞˇ ㄋㄢˊ ㄈㄥˊ
千依百順,1,ㄑㄧㄢ ㄧ ㄅㄞˇ ㄕㄨㄣˋ
千言萬語,1,ㄑㄧㄢ ㄧㄢˊ ㄨㄢˋ ㄩˇ
千巖競秀,1,ㄑㄧㄢ ㄧㄢˊ ㄐㄧㄥˋ ㄒㄧㄡˋ
千瓦,1,ㄑㄧㄢ ㄨㄚˇ
千瓦時,1,ㄑㄧㄢ ㄨㄚˇ ㄕˊ
千萬,1,ㄑㄧㄢ ㄨㄢˋ
仟,1,ㄑㄧㄢ
扦,1,ㄑㄧㄢ
阡,1,ㄑㄧㄢ
芊,1,ㄑㄧㄢ
芊芊,1,ㄑㄧㄢ ㄑㄧㄢ
牽,1,ㄑㄧㄢ
牽絆,1,ㄑㄧㄢ ㄅㄢˋ
牽動,1,ㄑㄧㄢ ㄉㄨㄥˋ
牽牛織女,1,ㄑㄧㄢ ㄋㄧㄡˊ ㄓ ㄋㄩˇ
牽累,1,ㄑㄧㄢ ㄌㄟˋ
牽連,1,ㄑㄧㄢ ㄌㄧㄢˊ
牽罟,1,ㄑㄧㄢ ㄍㄨˇ
牽掛,1,ㄑㄧㄢ ㄍㄨㄚˋ
牽強,1,ㄑㄧㄢ ㄑㄧㄤˇ
牽強附會,1,ㄑㄧㄢ ㄑㄧㄤˇ ㄈㄨˋ ㄏㄨㄟˋ
牽線,1,ㄑㄧㄢ ㄒㄧㄢˋ
牽制,1,ㄑㄧㄢ ㄓˋ
牽扯,1,ㄑㄧㄢ ㄔㄜˇ
牽腸掛肚,1,ㄑㄧㄢ ㄔㄤˊ ㄍㄨㄚˋ ㄉㄨˋ
牽涉,1,ㄑㄧㄢ ㄕㄜˋ
牽手,1,ㄑㄧㄢ ㄕㄡˇ
牽一髮而動全身,1,ㄑㄧㄢ ㄧ ㄈㄚˇ ㄦˊ ㄉㄨㄥˋ ㄑㄩㄢˊ ㄕㄣ
牽一髮而動全身,1,ㄑㄧㄢ ㄧˋ ㄈㄚˇ ㄦˊ ㄉㄨㄥˋ ㄑㄩㄢˊ ㄕㄣ
牽引,1,ㄑㄧㄢ ㄧㄣˇ
牽亡,1,ㄑㄧㄢ ㄨㄤˊ
牽亡陣,1,ㄑㄧㄢ ㄨㄤˊ ㄓㄣˋ
嵌,1,ㄑㄧㄢ
鉛,1,ㄑㄧㄢ
鉛版,1,ㄑㄧㄢ ㄅㄢˇ
鉛筆,1,ㄑㄧㄢ ㄅㄧˇ
鉛黛,1,ㄑㄧㄢ ㄉㄞˋ
鉛丹,1,ㄑㄧㄢ ㄉㄢ
鉛華,1,ㄑㄧㄢ ㄏㄨㄚˊ
鉛球,1,ㄑㄧㄢ ㄑㄧㄡˊ
鉛中毒,1,ㄑㄧㄢ ㄓㄨㄥˋ ㄉㄨˊ
鉛錘,1,ㄑㄧㄢ ㄔㄨㄟˊ
鉛字,1,ㄑㄧㄢ ㄗˋ
鉛印,1,ㄑㄧㄢ ㄧㄣˋ
僉,1,ㄑㄧㄢ
簽,1,ㄑㄧㄢ
簽名,1,ㄑㄧㄢ ㄇㄧㄥˊ
簽發,1,ㄑㄧㄢ ㄈㄚ
簽到,1,ㄑㄧㄢ ㄉㄠˋ
簽訂,1,ㄑㄧㄢ ㄉㄧㄥˋ
簽章,1,ㄑㄧㄢ ㄓㄤ
簽證,1,ㄑㄧㄢ ㄓㄥˋ
簽呈,1,ㄑㄧㄢ ㄔㄥˊ
簽收,1,ㄑㄧㄢ ㄕㄡ
簽署,1,ㄑㄧㄢ ㄕㄨˋ
簽字,1,ㄑㄧㄢ ㄗˋ
簽字筆,1,ㄑㄧㄢ ㄗˋ ㄅㄧˇ
簽約,1,ㄑㄧㄢ ㄩㄝ
愆,1,ㄑㄧㄢ
慳,1,ㄑㄧㄢ
慳吝,1,ㄑㄧㄢ ㄌㄧㄣˋ
遷,1,ㄑㄧㄢ
遷調,1,ㄑㄧㄢ ㄉㄧㄠˋ
遷都,1,ㄑㄧㄢ ㄉㄨ
遷怒,1,ㄑㄧㄢ ㄋㄨˋ
遷離,1,ㄑㄧㄢ ㄌㄧˊ
遷就,1,ㄑㄧㄢ ㄐㄧㄡˋ
遷居,1,ㄑㄧㄢ ㄐㄩ
遷徙,1,ㄑㄧㄢ ㄒㄧˇ
遷移,1,ㄑㄧㄢ ㄧˊ
遷延,1,ㄑㄧㄢ ㄧㄢˊ
韆,1,ㄑㄧㄢ
謙,1,ㄑㄧㄢ
謙卑,1,ㄑㄧㄢ ㄅㄟ
謙恭,1,ㄑㄧㄢ ㄍㄨㄥ
謙和,1,ㄑㄧㄢ ㄏㄜˊ
謙虛,1,ㄑㄧㄢ ㄒㄩ
謙遜,1,ㄑㄧㄢ ㄒㄩㄣˋ
謙讓,1,ㄑㄧㄢ ㄖㄤˋ
謙詞,1,ㄑㄧㄢ ㄘˊ
騫,1,ㄑㄧㄢ
籤,1,ㄑㄧㄢ
籤詩,1,ㄑㄧㄢ ㄕ
前,1,ㄑㄧㄢˊ
前輩,1,ㄑㄧㄢˊ ㄅㄟˋ
前邊,1,ㄑㄧㄢˊ ㄅㄧㄢ
前仆後繼,1,ㄑㄧㄢˊ ㄆㄨ ㄏㄡˋ ㄐㄧˋ
前門,1,ㄑㄧㄢˊ ㄇㄣˊ
前面,1,ㄑㄧㄢˊ ㄇㄧㄢˋ
前方,1,ㄑㄧㄢˊ ㄈㄤ
前鋒,1,ㄑㄧㄢˊ ㄈㄥ
前夫,1,ㄑㄧㄢˊ ㄈㄨ
前導,1,ㄑㄧㄢˊ ㄉㄠˇ
前端,1,ㄑㄧㄢˊ ㄉㄨㄢ
前頭,1,ㄑㄧㄢˊ ㄊㄡ˙
前提,1,ㄑㄧㄢˊ ㄊㄧˊ
前天,1,ㄑㄧㄢˊ ㄊㄧㄢ
前途,1,ㄑㄧㄢˊ ㄊㄨˊ
前年,1,ㄑㄧㄢˊ ㄋㄧㄢˊ
前來,1,ㄑㄧㄢˊ ㄌㄞˊ
前例,1,ㄑㄧㄢˊ ㄌㄧˋ
前功盡棄,1,ㄑㄧㄢˊ ㄍㄨㄥ ㄐㄧㄣˋ ㄑㄧˋ
前科,1,ㄑㄧㄢˊ ㄎㄜ
前後,1,ㄑㄧㄢˊ ㄏㄡˋ
前呼後擁,1,ㄑㄧㄢˊ ㄏㄨ ㄏㄡˋ ㄩㄥˇ
前級擴大機,1,ㄑㄧㄢˊ ㄐㄧˊ ㄎㄨㄛˋ ㄉㄚˋ ㄐㄧ
前進,1,ㄑㄧㄢˊ ㄐㄧㄣˋ
前進防衛,1,ㄑㄧㄢˊ ㄐㄧㄣˋ ㄈㄤˊ ㄨㄟˋ
前景,1,ㄑㄧㄢˊ ㄐㄧㄥˇ
前倨後恭,1,ㄑㄧㄢˊ ㄐㄩˋ ㄏㄡˋ ㄍㄨㄥ
前妻,1,ㄑㄧㄢˊ ㄑㄧ
前情,1,ㄑㄧㄢˊ ㄑㄧㄥˊ
前驅,1,ㄑㄧㄢˊ ㄑㄩ
前夕,1,ㄑㄧㄢˊ ㄒㄧˋ
前嫌,1,ㄑㄧㄢˊ ㄒㄧㄢˊ
前線,1,ㄑㄧㄢˊ ㄒㄧㄢˋ
前肢,1,ㄑㄧㄢˊ ㄓ
前置詞,1,ㄑㄧㄢˊ ㄓˋ ㄘˊ
前者,1,ㄑㄧㄢˊ ㄓㄜˇ
前兆,1,ㄑㄧㄢˊ ㄓㄠˋ
前瞻性,1,ㄑㄧㄢˊ ㄓㄢ ㄒㄧㄥˋ
前車之鑑,1,ㄑㄧㄢˊ ㄔㄜ ㄓ ㄐㄧㄢˋ
前塵,1,ㄑㄧㄢˊ ㄔㄣˊ
前塵往事,1,ㄑㄧㄢˊ ㄔㄣˊ ㄨㄤˇ ㄕˋ
前程,1,ㄑㄧㄢˊ ㄔㄥˊ
前程似錦,1,ㄑㄧㄢˊ ㄔㄥˊ ㄙˋ ㄐㄧㄣˇ
前世,1,ㄑㄧㄢˊ ㄕˋ
前哨,1,ㄑㄧㄢˊ ㄕㄠˋ
前身,1,ㄑㄧㄢˊ ㄕㄣ
前生,1,ㄑㄧㄢˊ ㄕㄥ
前述,1,ㄑㄧㄢˊ ㄕㄨˋ
前日,1,ㄑㄧㄢˊ ㄖˋ
前人,1,ㄑㄧㄢˊ ㄖㄣˊ
前任,1,ㄑㄧㄢˊ ㄖㄣˋ
前奏,1,ㄑㄧㄢˊ ㄗㄡˋ
前奏曲,1,ㄑㄧㄢˊ ㄗㄡˋ ㄑㄩˇ
前思後想,1,ㄑㄧㄢˊ ㄙ ㄏㄡˋ ㄒㄧㄤˇ
前所未見,1,ㄑㄧㄢˊ ㄙㄨㄛˇ ㄨㄟˋ ㄐㄧㄢˋ
前所未有,1,ㄑㄧㄢˊ ㄙㄨㄛˇ ㄨㄟˋ ㄧㄡˇ
前所未聞,1,ㄑㄧㄢˊ ㄙㄨㄛˇ ㄨㄟˋ ㄨㄣˊ
前額,1,ㄑㄧㄢˊ ㄜˊ
前意識,1,ㄑㄧㄢˊ ㄧˋ ㄕˋ
前言,1,ㄑㄧㄢˊ ㄧㄢˊ
前因,1,ㄑㄧㄢˊ ㄧㄣ
前因後果,1,ㄑㄧㄢˊ ㄧㄣ ㄏㄡˋ ㄍㄨㄛˇ
前衛,1,ㄑㄧㄢˊ ㄨㄟˋ
前往,1,ㄑㄧㄢˊ ㄨㄤˇ
前緣,1,ㄑㄧㄢˊ ㄩㄢˊ
虔,1,ㄑㄧㄢˊ
虔敬,1,ㄑㄧㄢˊ ㄐㄧㄥˋ
虔誠,1,ㄑㄧㄢˊ ㄔㄥˊ
乾,1,ㄑㄧㄢˊ
乾坤,1,ㄑㄧㄢˊ ㄎㄨㄣ
墘,1,ㄑㄧㄢˊ
掮,1,ㄑㄧㄢˊ
掮客,1,ㄑㄧㄢˊ ㄎㄜˋ
鉗,1,ㄑㄧㄢˊ
鉗制,1,ㄑㄧㄢˊ ㄓˋ
鉗子,1,ㄑㄧㄢˊ ㄗ˙
箝,1,ㄑㄧㄢˊ
箝制,1,ㄑㄧㄢˊ ㄓˋ
潛,1,ㄑㄧㄢˊ
潛伏,1,ㄑㄧㄢˊ ㄈㄨˊ
潛伏期,1,ㄑㄧㄢˊ ㄈㄨˊ ㄑㄧˊ
潛盾工程法,1,ㄑㄧㄢˊ ㄉㄨㄣˋ ㄍㄨㄥ ㄔㄥˊ ㄈㄚˇ
潛逃,1,ㄑㄧㄢˊ ㄊㄠˊ
潛艇,1,ㄑㄧㄢˊ ㄊㄧㄥˇ
潛能,1,ㄑㄧㄢˊ ㄋㄥˊ
潛匿,1,ㄑㄧㄢˊ ㄋㄧˋ
潛力,1,ㄑㄧㄢˊ ㄌㄧˋ
潛修,1,ㄑㄧㄢˊ ㄒㄧㄡ
潛心,1,ㄑㄧㄢˊ ㄒㄧㄣ
潛行,1,ㄑㄧㄢˊ ㄒㄧㄥˊ
潛水,1,ㄑㄧㄢˊ ㄕㄨㄟˇ
潛水艇,1,ㄑㄧㄢˊ ㄕㄨㄟˇ ㄊㄧㄥˇ
潛水衣,1,ㄑㄧㄢˊ ㄕㄨㄟˇ ㄧ
潛入,1,ㄑㄧㄢˊ ㄖㄨˋ
潛在,1,ㄑㄧㄢˊ ㄗㄞˋ
潛在危機,1,ㄑㄧㄢˊ ㄗㄞˋ ㄨㄟˊ ㄐㄧ
潛藏,1,ㄑㄧㄢˊ ㄘㄤˊ
潛移默化,1,ㄑㄧㄢˊ ㄧˊ ㄇㄛˋ ㄏㄨㄚˋ
潛意識,1,ㄑㄧㄢˊ ㄧˋ ㄕˋ
潛望鏡,1,ㄑㄧㄢˊ ㄨㄤˋ ㄐㄧㄥˋ
黔,1,ㄑㄧㄢˊ
黔驢技窮,1,ㄑㄧㄢˊ ㄌㄩˊ ㄐㄧˋ ㄑㄩㄥˊ
錢,1,ㄑㄧㄢˊ
錢包,1,ㄑㄧㄢˊ ㄅㄠ
錢幣,1,ㄑㄧㄢˊ ㄅㄧˋ
錢櫃,1,ㄑㄧㄢˊ ㄍㄨㄟˋ
錢莊,1,ㄑㄧㄢˊ ㄓㄨㄤ
錢潮,1,ㄑㄧㄢˊ ㄔㄠˊ
錢財,1,ㄑㄧㄢˊ ㄘㄞˊ
淺,1,ㄑㄧㄢˇ
淺薄,1,ㄑㄧㄢˇ ㄅㄛˊ
淺灘,1,ㄑㄧㄢˇ ㄊㄢ
淺談,1,ㄑㄧㄢˇ ㄊㄢˊ
淺陋,1,ㄑㄧㄢˇ ㄌㄡˋ
淺化,1,ㄑㄧㄢˇ ㄏㄨㄚˋ
淺見,1,ㄑㄧㄢˇ ㄐㄧㄢˋ
淺近,1,ㄑㄧㄢˇ ㄐㄧㄣˋ
淺顯,1,ㄑㄧㄢˇ ㄒㄧㄢˇ
淺顯易懂,1,ㄑㄧㄢˇ ㄒㄧㄢˇ ㄧˋ ㄉㄨㄥˇ
淺嘗則止,1,ㄑㄧㄢˇ ㄔㄤˊ ㄗㄜˊ ㄓˇ
淺嚐,1,ㄑㄧㄢˇ ㄔㄤˊ
淺睡,1,ㄑㄧㄢˇ ㄕㄨㄟˋ
淺聞,1,ㄑㄧㄢˇ ㄨㄣˊ
遣,1,ㄑㄧㄢˇ
遣懷,1,ㄑㄧㄢˇ ㄏㄨㄞˊ
遣辭用句,1,ㄑㄧㄢˇ ㄘˊ ㄩㄥˋ ㄐㄩˋ
遣散,1,ㄑㄧㄢˇ ㄙㄢˋ
遣送,1,ㄑㄧㄢˇ ㄙㄨㄥˋ
繾,1,ㄑㄧㄢˇ
繾綣,1,ㄑㄧㄢˇ ㄑㄩㄢˇ
譴,1,ㄑㄧㄢˇ
譴責,1,ㄑㄧㄢˇ ㄗㄜˊ
欠,1,ㄑㄧㄢˋ
欠當,1,ㄑㄧㄢˋ ㄉㄤˋ
欠妥,1,ㄑㄧㄢˋ ㄊㄨㄛˇ
欠款,1,ㄑㄧㄢˋ ㄎㄨㄢˇ
欠佳,1,ㄑㄧㄢˋ ㄐㄧㄚ
欠繳,1,ㄑㄧㄢˋ ㄐㄧㄠˇ
欠缺,1,ㄑㄧㄢˋ ㄑㄩㄝ
欠債,1,ㄑㄧㄢˋ ㄓㄞˋ
欠收,1,ㄑㄧㄢˋ ㄕㄡ
欠身,1,ㄑㄧㄢˋ ㄕㄣ
欠資,1,ㄑㄧㄢˋ ㄗ
欠揍,1,ㄑㄧㄢˋ ㄗㄡˋ
欠租,1,ㄑㄧㄢˋ ㄗㄨ
欠稅,1,ㄑㄧㄢˋ ㄕㄨㄟˋ
欠安,1,ㄑㄧㄢˋ ㄢ
芡,1,ㄑㄧㄢˋ
茜,1,ㄑㄧㄢˋ
倩,1,ㄑㄧㄢˋ
倩女,1,ㄑㄧㄢˋ ㄋㄩˇ
倩影,1,ㄑㄧㄢˋ ㄧㄥˇ
慊,1,ㄑㄧㄢˋ
歉,1,ㄑㄧㄢˋ
歉疚,1,ㄑㄧㄢˋ ㄐㄧㄡˋ
歉收,1,ㄑㄧㄢˋ ㄕㄡ
歉歲,1,ㄑㄧㄢˋ ㄙㄨㄟˋ
歉意,1,ㄑㄧㄢˋ ㄧˋ
塹,1,ㄑㄧㄢˋ
縴,1,ㄑㄧㄢˋ
侵,1,ㄑㄧㄣ
侵犯,1,ㄑㄧㄣ ㄈㄢˋ
侵吞,1,ㄑㄧㄣ ㄊㄨㄣ
侵凌,1,ㄑㄧㄣ ㄌㄧㄥˊ
侵略,1,ㄑㄧㄣ ㄌㄩㄝˋ
侵害,1,ㄑㄧㄣ ㄏㄞˋ
侵襲,1,ㄑㄧㄣ ㄒㄧˊ
侵占,1,ㄑㄧㄣ ㄓㄢˋ
侵蝕,1,ㄑㄧㄣ ㄕˊ
侵擾,1,ㄑㄧㄣ ㄖㄠˇ
侵入,1,ㄑㄧㄣ ㄖㄨˋ
駸,1,ㄑㄧㄣ
駸駸,1,ㄑㄧㄣ ㄑㄧㄣ
衾,1,ㄑㄧㄣ
欽,1,ㄑㄧㄣ
欽佩,1,ㄑㄧㄣ ㄆㄟˋ
欽命,1,ㄑㄧㄣ ㄇㄧㄥˋ
欽定,1,ㄑㄧㄣ ㄉㄧㄥˋ
欽羨,1,ㄑㄧㄣ ㄒㄧㄢˋ
欽差,1,ㄑㄧㄣ ㄔㄞ
欽賜,1,ㄑㄧㄣ ㄙˋ
欽仰,1,ㄑㄧㄣ ㄧㄤˇ
嶔,1,ㄑㄧㄣ
嶔崎,1,ㄑㄧㄣ ㄑㄧˊ
親,1,ㄑㄧㄣ
親筆,1,ㄑㄧㄣ ㄅㄧˇ
親朋好友,1,ㄑㄧㄣ ㄆㄥˊ ㄏㄠˇ ㄧㄡˇ
親密,1,ㄑㄧㄣ ㄇㄧˋ
親民,1,ㄑㄧㄣ ㄇㄧㄣˊ
親痛仇快,1,ㄑㄧㄣ ㄊㄨㄥˋ ㄔㄡˊ ㄎㄨㄞˋ
親暱,1,ㄑㄧㄣ ㄋㄧˋ
親臨,1,ㄑㄧㄣ ㄌㄧㄣˊ
親骨肉,1,ㄑㄧㄣ ㄍㄨˇ ㄖㄡˋ
親口,1,ㄑㄧㄣ ㄎㄡˇ
親和力,1,ㄑㄧㄣ ㄏㄜˊ ㄌㄧˋ
親近,1,ㄑㄧㄣ ㄐㄧㄣˋ
親眷,1,ㄑㄧㄣ ㄐㄩㄢˋ
親戚,1,ㄑㄧㄣ ㄑㄧ
親切,1,ㄑㄧㄣ ㄑㄧㄝˋ
親情,1,ㄑㄧㄣ ㄑㄧㄥˊ
親信,1,ㄑㄧㄣ ㄒㄧㄣˋ
親職教育,1,ㄑㄧㄣ ㄓˊ ㄐㄧㄠˋ ㄩˋ
親炙,1,ㄑㄧㄣ ㄓˋ
親潮,1,ㄑㄧㄣ ㄔㄠˊ
親事,1,ㄑㄧㄣ ㄕˋ
親手,1,ㄑㄧㄣ ㄕㄡˇ
親授,1,ㄑㄧㄣ ㄕㄡˋ
親善,1,ㄑㄧㄣ ㄕㄢˋ
親身,1,ㄑㄧㄣ ㄕㄣ
親身經歷,1,ㄑㄧㄣ ㄕㄣ ㄐㄧㄥ ㄌㄧˋ
親上加親,1,ㄑㄧㄣ ㄕㄤˋ ㄐㄧㄚ ㄑㄧㄣ
親生,1,ㄑㄧㄣ ㄕㄥ
親屬,1,ㄑㄧㄣ ㄕㄨˇ
親熱,1,ㄑㄧㄣ ㄖㄜˋ
親人,1,ㄑㄧㄣ ㄖㄣˊ
親如手足,1,ㄑㄧㄣ ㄖㄨˊ ㄕㄡˇ ㄗㄨˊ
親子關係,1,ㄑㄧㄣ ㄗˇ ㄍㄨㄢ ㄒㄧˋ
親自,1,ㄑㄧㄣ ㄗˋ
親嘴,1,ㄑㄧㄣ ㄗㄨㄟˇ
親愛,1,ㄑㄧㄣ ㄞˋ
親愛精誠,1,ㄑㄧㄣ ㄞˋ ㄐㄧㄥ ㄔㄥˊ
親友,1,ㄑㄧㄣ ㄧㄡˇ
親眼,1,ㄑㄧㄣ ㄧㄢˇ
親吻,1,ㄑㄧㄣ ㄨㄣˇ
親王,1,ㄑㄧㄣ ㄨㄤˊ
芹,1,ㄑㄧㄣˊ
芹菜,1,ㄑㄧㄣˊ ㄘㄞˋ
秦,1,ㄑㄧㄣˊ
秦晉之好,1,ㄑㄧㄣˊ ㄐㄧㄣˋ ㄓ ㄏㄠˇ
秦俑,1,ㄑㄧㄣˊ ㄩㄥˇ
琴,1,ㄑㄧㄣˊ
琴棋書畫,1,ㄑㄧㄣˊ ㄑㄧˊ ㄕㄨ ㄏㄨㄚˋ
琴弦,1,ㄑㄧㄣˊ ㄒㄧㄢˊ
琴師,1,ㄑㄧㄣˊ ㄕ
琴瑟和鳴,1,ㄑㄧㄣˊ ㄙㄜˋ ㄏㄜˊ ㄇㄧㄥˊ
琴瑟之好,1,ㄑㄧㄣˊ ㄙㄜˋ ㄓ ㄏㄠˇ
琴韻,1,ㄑㄧㄣˊ ㄩㄣˋ
覃,1,ㄑㄧㄣˊ
勤,1,ㄑㄧㄣˊ
勤勉,1,ㄑㄧㄣˊ ㄇㄧㄢˇ
勤奮,1,ㄑㄧㄣˊ ㄈㄣˋ
勤能補拙,1,ㄑㄧㄣˊ ㄋㄥˊ ㄅㄨˇ ㄓㄨㄛˊ
勤勞,1,ㄑㄧㄣˊ ㄌㄠˊ
勤練,1,ㄑㄧㄣˊ ㄌㄧㄢˋ
勤苦,1,ㄑㄧㄣˊ ㄎㄨˇ
勤快,1,ㄑㄧㄣˊ ㄎㄨㄞˋ
勤儉,1,ㄑㄧㄣˊ ㄐㄧㄢˇ
勤學,1,ㄑㄧㄣˊ ㄒㄩㄝˊ
勤政愛民,1,ㄑㄧㄣˊ ㄓㄥˋ ㄞˋ ㄇㄧㄣˊ
勤務,1,ㄑㄧㄣˊ ㄨˋ
懃,1,ㄑㄧㄣˊ
禽,1,ㄑㄧㄣˊ
禽獸,1,ㄑㄧㄣˊ ㄕㄡˋ
擒,1,ㄑㄧㄣˊ
擒伏,1,ㄑㄧㄣˊ ㄈㄨˊ
擒拿,1,ㄑㄧㄣˊ ㄋㄚˊ
擒獲,1,ㄑㄧㄣˊ ㄏㄨㄛˋ
擒賊擒王,1,ㄑㄧㄣˊ ㄗㄟˊ ㄑㄧㄣˊ ㄨㄤˊ
噙,1,ㄑㄧㄣˊ
寢,1,ㄑㄧㄣˇ
寢宮,1,ㄑㄧㄣˇ ㄍㄨㄥ
寢具,1,ㄑㄧㄣˇ ㄐㄩˋ
寢食難安,1,ㄑㄧㄣˇ ㄕˊ ㄋㄢˊ ㄢ
寢室,1,ㄑㄧㄣˇ ㄕˋ
沁,1,ㄑㄧㄣˋ
沁涼,1,ㄑㄧㄣˋ ㄌㄧㄤˊ
沁涼如水,1,ㄑㄧㄣˋ ㄌㄧㄤˊ ㄖㄨˊ ㄕㄨㄟˇ
沁人心脾,1,ㄑㄧㄣˋ ㄖㄣˊ ㄒㄧㄣ ㄆㄧˊ
羌,1,ㄑㄧㄤ
將,1,ㄑㄧㄤ
鏘,1,ㄑㄧㄤ
腔,1,ㄑㄧㄤ
腔調,1,ㄑㄧㄤ ㄉㄧㄠˋ
搶,1,ㄑㄧㄤ
槍,1,ㄑㄧㄤ
槍把,1,ㄑㄧㄤ ㄅㄚˋ
槍靶,1,ㄑㄧㄤ ㄅㄚˇ
槍斃,1,ㄑㄧㄤ ㄅㄧˋ
槍彈,1,ㄑㄧㄤ ㄉㄢˋ
槍膛,1,ㄑㄧㄤ ㄊㄤˊ
槍托,1,ㄑㄧㄤ ㄊㄨㄛ
槍林彈雨,1,ㄑㄧㄤ ㄌㄧㄣˊ ㄉㄢˋ ㄩˇ
槍桿子,1,ㄑㄧㄤ ㄍㄢˇ ㄗ˙
槍擊,1,ㄑㄧㄤ ㄐㄧˊ
槍決,1,ㄑㄧㄤ ㄐㄩㄝˊ
槍械,1,ㄑㄧㄤ ㄒㄧㄝˋ
槍枝,1,ㄑㄧㄤ ㄓ
槍戰,1,ㄑㄧㄤ ㄓㄢˋ
槍殺,1,ㄑㄧㄤ ㄕㄚ
槍手,1,ㄑㄧㄤ ㄕㄡˇ
槍身,1,ㄑㄧㄤ ㄕㄣ
蹌,1,ㄑㄧㄤ
鎗,1,ㄑㄧㄤ
鏹,1,ㄑㄧㄤ
鏹水,1,ㄑㄧㄤ ㄕㄨㄟˇ
戕,1,ㄑㄧㄤˊ
戕害,1,ㄑㄧㄤˊ ㄏㄞˋ
強,1,ㄑㄧㄤˊ
強棒,1,ㄑㄧㄤˊ ㄅㄤˋ
強辯,1,ㄑㄧㄤˊ ㄅㄧㄢˋ
強大,1,ㄑㄧㄤˊ ㄉㄚˋ
強盜,1,ㄑㄧㄤˊ ㄉㄠˋ
強調,1,ㄑㄧㄤˊ ㄉㄧㄠˋ
強度,1,ㄑㄧㄤˊ ㄉㄨˋ
強渡,1,ㄑㄧㄤˊ ㄉㄨˋ
強奪,1,ㄑㄧㄤˊ ㄉㄨㄛˊ
強弩之末,1,ㄑㄧㄤˊ ㄋㄨˇ ㄓ ㄇㄛˋ
強烈,1,ㄑㄧㄤˊ ㄌㄧㄝˋ
強梁,1,ㄑㄧㄤˊ ㄌㄧㄤˊ
強攻,1,ㄑㄧㄤˊ ㄍㄨㄥ
強悍,1,ㄑㄧㄤˊ ㄏㄢˋ
強橫,1,ㄑㄧㄤˊ ㄏㄥˋ
強化,1,ㄑㄧㄤˊ ㄏㄨㄚˋ
強記,1,ㄑㄧㄤˊ ㄐㄧˋ
強姦,1,ㄑㄧㄤˊ ㄐㄧㄢ
強健,1,ㄑㄧㄤˊ ㄐㄧㄢˋ
強將手下無弱兵,1,ㄑㄧㄤˊ ㄐㄧㄤˋ ㄕㄡˇ ㄒㄧㄚˋ ㄨˊ ㄖㄨㄛˋ ㄅㄧㄥ
強勁,1,ㄑㄧㄤˊ ㄐㄧㄥˋ
強權,1,ㄑㄧㄤˊ ㄑㄩㄢˊ
強壯,1,ㄑㄧㄤˊ ㄓㄨㄤˋ
強勢,1,ㄑㄧㄤˊ ㄕˋ
強盛,1,ㄑㄧㄤˊ ㄕㄥˋ
強人,1,ㄑㄧㄤˊ ㄖㄣˊ
強韌,1,ㄑㄧㄤˊ ㄖㄣˋ
強弱,1,ㄑㄧㄤˊ ㄖㄨㄛˋ
強硬,1,ㄑㄧㄤˊ ㄧㄥˋ
嬙,1,ㄑㄧㄤˊ
檣,1,ㄑㄧㄤˊ
檣帆,1,ㄑㄧㄤˊ ㄈㄢˊ
薔,1,ㄑㄧㄤˊ
薔薇,1,ㄑㄧㄤˊ ㄨㄟˊ
牆,1,ㄑㄧㄤˊ
牆壁,1,ㄑㄧㄤˊ ㄅㄧˋ
牆頭草,1,ㄑㄧㄤˊ ㄊㄡˊ ㄘㄠˇ
牆角,1,ㄑㄧㄤˊ ㄐㄧㄠˇ
牆腳,1,ㄑㄧㄤˊ ㄐㄧㄠˇ
牆垣,1,ㄑㄧㄤˊ ㄩㄢˊ
彊,1,ㄑㄧㄤˊ
強,1,ㄑㄧㄤˇ
強辯,1,ㄑㄧㄤˇ ㄅㄧㄢˋ
強迫,1,ㄑㄧㄤˇ ㄆㄛˋ
強迫中獎,1,ㄑㄧㄤˇ ㄆㄛˋ ㄓㄨㄥˋ ㄐㄧㄤˇ
強記,1,ㄑㄧㄤˇ ㄐㄧˋ
強求,1,ㄑㄧㄤˇ ㄑㄧㄡˊ
強行,1,ㄑㄧㄤˇ ㄒㄧㄥˊ
強制,1,ㄑㄧㄤˇ ㄓˋ
強制保險,1,ㄑㄧㄤˇ ㄓˋ ㄅㄠˇ ㄒㄧㄢˇ
強制執行,1,ㄑㄧㄤˇ ㄓˋ ㄓˊ ㄒㄧㄥˊ
強人所難,1,ㄑㄧㄤˇ ㄖㄣˊ ㄙㄨㄛˇ ㄋㄢˊ
強忍,1,ㄑㄧㄤˇ ㄖㄣˇ
強詞奪理,1,ㄑㄧㄤˇ ㄘˊ ㄉㄨㄛˊ ㄌㄧˇ
強顏歡笑,1,ㄑㄧㄤˇ ㄧㄢˊ ㄏㄨㄢ ㄒㄧㄠˋ
襁,1,ㄑㄧㄤˇ
襁褓,1,ㄑㄧㄤˇ ㄅㄠˇ
鏹,1,ㄑㄧㄤˇ
搶,1,ㄑㄧㄤˇ
搶白,1,ㄑㄧㄤˇ ㄅㄞˊ
搶風頭,1,ㄑㄧㄤˇ ㄈㄥ ㄊㄡ˙
搶答,1,ㄑㄧㄤˇ ㄉㄚˊ
搶奪,1,ㄑㄧㄤˇ ㄉㄨㄛˊ
搶灘,1,ㄑㄧㄤˇ ㄊㄢ
搶通,1,ㄑㄧㄤˇ ㄊㄨㄥ
搶購,1,ㄑㄧㄤˇ ㄍㄡˋ
搶孤,1,ㄑㄧㄤˇ ㄍㄨ
搶攻,1,ㄑㄧㄤˇ ㄍㄨㄥ
搶劫,1,ㄑㄧㄤˇ ㄐㄧㄝˊ
搶救,1,ㄑㄧㄤˇ ㄐㄧㄡˋ
搶盡鋒頭,1,ㄑㄧㄤˇ ㄐㄧㄣˋ ㄈㄥ ㄊㄡ˙
搶鏡頭,1,ㄑㄧㄤˇ ㄐㄧㄥˋ ㄊㄡˊ
搶修,1,ㄑㄧㄤˇ ㄒㄧㄡ
搶先,1,ㄑㄧㄤˇ ㄒㄧㄢ
搶嫌,1,ㄑㄧㄤˇ ㄒㄧㄢˊ
搶手,1,ㄑㄧㄤˇ ㄕㄡˇ
搶手貨,1,ㄑㄧㄤˇ ㄕㄡˇ ㄏㄨㄛˋ
搶案,1,ㄑㄧㄤˇ ㄢˋ
搶眼,1,ㄑㄧㄤˇ ㄧㄢˇ
彊,1,ㄑㄧㄤˇ
嗆,1,ㄑㄧㄤˋ
嗆鼻,1,ㄑㄧㄤˋ ㄅㄧˊ
嗆咳,1,ㄑㄧㄤˋ ㄎㄜˊ
蹌,1,ㄑㄧㄤˋ
青,1,ㄑㄧㄥ
青梅竹馬,1,ㄑㄧㄥ ㄇㄟˊ ㄓㄨˊ ㄇㄚˇ
青黴素,1,ㄑㄧㄥ ㄇㄟˊ ㄙㄨˋ
青面獠牙,1,ㄑㄧㄥ ㄇㄧㄢˋ ㄌㄧㄠˊ ㄧㄚˊ
青發,1,ㄑㄧㄥ ㄈㄚ
青苔,1,ㄑㄧㄥ ㄊㄞˊ
青銅,1,ㄑㄧㄥ ㄊㄨㄥˊ
青銅器,1,ㄑㄧㄥ ㄊㄨㄥˊ ㄑㄧˋ
青年,1,ㄑㄧㄥ ㄋㄧㄢˊ
青睞,1,ㄑㄧㄥ ㄌㄞˋ
青樓,1,ㄑㄧㄥ ㄌㄡˊ
青果,1,ㄑㄧㄥ ㄍㄨㄛˇ
青光眼,1,ㄑㄧㄥ ㄍㄨㄤ ㄧㄢˇ
青稞,1,ㄑㄧㄥ ㄎㄜ
青花,1,ㄑㄧㄥ ㄏㄨㄚ
青黃不接,1,ㄑㄧㄥ ㄏㄨㄤˊ ㄅㄨˋ ㄐㄧㄝ
青紅皂白,1,ㄑㄧㄥ ㄏㄨㄥˊ ㄗㄠˋ ㄅㄞˊ
青椒,1,ㄑㄧㄥ ㄐㄧㄠ
青衿,1,ㄑㄧㄥ ㄐㄧㄣ
青江白菜,1,ㄑㄧㄥ ㄐㄧㄤ ㄅㄞˊ ㄘㄞˋ
青竹絲,1,ㄑㄧㄥ ㄓㄨˊ ㄙ
青壯,1,ㄑㄧㄥ ㄓㄨㄤˋ
青出於藍,1,ㄑㄧㄥ ㄔㄨ ㄩˊ ㄌㄢˊ
青春,1,ㄑㄧㄥ ㄔㄨㄣ
青春痘,1,ㄑㄧㄥ ㄔㄨㄣ ㄉㄡˋ
青史,1,ㄑㄧㄥ ㄕˇ
青少年,1,ㄑㄧㄥ ㄕㄠˋ ㄋㄧㄢˊ
青山,1,ㄑㄧㄥ ㄕㄢ
青山綠水,1,ㄑㄧㄥ ㄕㄢ ㄌㄩˋ ㄕㄨㄟˇ
青菜,1,ㄑㄧㄥ ㄘㄞˋ
青草,1,ㄑㄧㄥ ㄘㄠˇ
青翠,1,ㄑㄧㄥ ㄘㄨㄟˋ
青蔥,1,ㄑㄧㄥ ㄘㄨㄥ
青絲,1,ㄑㄧㄥ ㄙ
青澀,1,ㄑㄧㄥ ㄙㄜˋ
青衣,1,ㄑㄧㄥ ㄧ
青蛙,1,ㄑㄧㄥ ㄨㄚ
青瓦臺,1,ㄑㄧㄥ ㄨㄚˇ ㄊㄞˊ
青雲,1,ㄑㄧㄥ ㄩㄣˊ
青雲直上,1,ㄑㄧㄥ ㄩㄣˊ ㄓˊ ㄕㄤˋ
清,1,ㄑㄧㄥ
清白,1,ㄑㄧㄥ ㄅㄞˊ
清平,1,ㄑㄧㄥ ㄆㄧㄥˊ
清明,1,ㄑㄧㄥ ㄇㄧㄥˊ
清風,1,ㄑㄧㄥ ㄈㄥ
清風明月,1,ㄑㄧㄥ ㄈㄥ ㄇㄧㄥˊ ㄩㄝˋ
清福,1,ㄑㄧㄥ ㄈㄨˊ
清道夫,1,ㄑㄧㄥ ㄉㄠˋ ㄈㄨ
清單,1,ㄑㄧㄥ ㄉㄢ
清淡,1,ㄑㄧㄥ ㄉㄢˋ
清點,1,ㄑㄧㄥ ㄉㄧㄢˇ
清談,1,ㄑㄧㄥ ㄊㄢˊ
清湯,1,ㄑㄧㄥ ㄊㄤ
清湯掛麵,1,ㄑㄧㄥ ㄊㄤ ㄍㄨㄚˋ ㄇㄧㄢˋ
清廷,1,ㄑㄧㄥ ㄊㄧㄥˊ
清朗,1,ㄑㄧㄥ ㄌㄤˇ
清冷,1,ㄑㄧㄥ ㄌㄥˇ
清理,1,ㄑㄧㄥ ㄌㄧˇ
清麗,1,ㄑㄧㄥ ㄌㄧˋ
清冽,1,ㄑㄧㄥ ㄌㄧㄝˋ
清流,1,ㄑㄧㄥ ㄌㄧㄡˊ
清廉,1,ㄑㄧㄥ ㄌㄧㄢˊ
清涼,1,ㄑㄧㄥ ㄌㄧㄤˊ
清高,1,ㄑㄧㄥ ㄍㄠ
清官,1,ㄑㄧㄥ ㄍㄨㄢ
清苦,1,ㄑㄧㄥ ㄎㄨˇ
清寒,1,ㄑㄧㄥ ㄏㄢˊ
清火,1,ㄑㄧㄥ ㄏㄨㄛˇ
清輝,1,ㄑㄧㄥ ㄏㄨㄟ
清潔,1,ㄑㄧㄥ ㄐㄧㄝˊ
清教徒,1,ㄑㄧㄥ ㄐㄧㄠˋ ㄊㄨˊ
清酒,1,ㄑㄧㄥ ㄐㄧㄡˇ
清淨,1,ㄑㄧㄥ ㄐㄧㄥˋ
清靜,1,ㄑㄧㄥ ㄐㄧㄥˋ
清靜無為,1,ㄑㄧㄥ ㄐㄧㄥˋ ㄨˊ ㄨㄟˊ
清清楚楚,1,ㄑㄧㄥ ㄑㄧㄥ ㄔㄨˇ ㄔㄨˇ
清泉,1,ㄑㄧㄥ ㄑㄩㄢˊ
清晰,1,ㄑㄧㄥ ㄒㄧ
清溪,1,ㄑㄧㄥ ㄒㄧ
清洗,1,ㄑㄧㄥ ㄒㄧˇ
清秀,1,ㄑㄧㄥ ㄒㄧㄡˋ
清閒,1,ㄑㄧㄥ ㄒㄧㄢˊ
清心,1,ㄑㄧㄥ ㄒㄧㄣ
清心寡慾,1,ㄑㄧㄥ ㄒㄧㄣ ㄍㄨㄚˇ ㄩˋ
清新,1,ㄑㄧㄥ ㄒㄧㄣ
清香,1,ㄑㄧㄥ ㄒㄧㄤ
清醒,1,ㄑㄧㄥ ㄒㄧㄥˇ
清真寺,1,ㄑㄧㄥ ㄓㄣ ㄙˋ
清蒸,1,ㄑㄧㄥ ㄓㄥ
清查,1,ㄑㄧㄥ ㄔㄚˊ
清澈,1,ㄑㄧㄥ ㄔㄜˋ
清晨,1,ㄑㄧㄥ ㄔㄣˊ
清償,1,ㄑㄧㄥ ㄔㄤˊ
清場,1,ㄑㄧㄥ ㄔㄤˇ
清唱,1,ㄑㄧㄥ ㄔㄤˋ
清唱劇,1,ㄑㄧㄥ ㄔㄤˋ ㄐㄩˋ
清除,1,ㄑㄧㄥ ㄔㄨˊ
清楚,1,ㄑㄧㄥ ㄔㄨˇ
清純,1,ㄑㄧㄥ ㄔㄨㄣˊ
清水,1,ㄑㄧㄥ ㄕㄨㄟˇ
清爽,1,ㄑㄧㄥ ㄕㄨㄤˇ
清早,1,ㄑㄧㄥ ㄗㄠˇ
清冊,1,ㄑㄧㄥ ㄘㄜˋ
清倉,1,ㄑㄧㄥ ㄘㄤ
清脆,1,ㄑㄧㄥ ㄘㄨㄟˋ
清掃,1,ㄑㄧㄥ ㄙㄠˇ
清算,1,ㄑㄧㄥ ㄙㄨㄢˋ
清一色,1,ㄑㄧㄥ ㄧ ㄙㄜˋ
清一色,1,ㄑㄧㄥ ㄧˊ ㄙㄜˋ
清雅,1,ㄑㄧㄥ ㄧㄚˇ
清幽,1,ㄑㄧㄥ ㄧㄡ
清譽,1,ㄑㄧㄥ ㄩˋ
氰,1,ㄑㄧㄥ
氰化物,1,ㄑㄧㄥ ㄏㄨㄚˋ ㄨˋ
蜻,1,ㄑㄧㄥ
蜻蜓,1,ㄑㄧㄥ ㄊㄧㄥˊ
蜻蜓點水,1,ㄑㄧㄥ ㄊㄧㄥˊ ㄉㄧㄢˇ ㄕㄨㄟˇ
鯖,1,ㄑㄧㄥ
卿,1,ㄑㄧㄥ
卿卿,1,ㄑㄧㄥ ㄑㄧㄥ
卿卿我我,1,ㄑㄧㄥ ㄑㄧㄥ ㄨㄛˇ ㄨㄛˇ
烴,1,ㄊㄧㄥ
氫,1,ㄑㄧㄥ
氫彈,1,ㄑㄧㄥ ㄉㄢˋ
氫氣,1,ㄑㄧㄥ ㄑㄧˋ
輕,1,ㄑㄧㄥ
輕薄,1,ㄑㄧㄥ ㄅㄛˊ
輕便,1,ㄑㄧㄥ ㄅㄧㄢˋ
輕飄飄,1,ㄑㄧㄥ ㄆㄧㄠ ㄆㄧㄠ
輕慢,1,ㄑㄧㄥ ㄇㄢˋ
輕蔑,1,ㄑㄧㄥ ㄇㄧㄝˋ
輕描淡寫,1,ㄑㄧㄥ ㄇㄧㄠˊ ㄉㄢˋ ㄒㄧㄝˇ
輕浮,1,ㄑㄧㄥ ㄈㄨˊ
輕敵,1,ㄑㄧㄥ ㄉㄧˊ
輕度,1,ㄑㄧㄥ ㄉㄨˋ
輕佻,1,ㄑㄧㄥ ㄊㄧㄠˊ
輕諾寡信,1,ㄑㄧㄥ ㄋㄨㄛˋ ㄍㄨㄚˇ ㄒㄧㄣˋ
輕靈,1,ㄑㄧㄥ ㄌㄧㄥˊ
輕工業,1,ㄑㄧㄥ ㄍㄨㄥ ㄧㄝˋ
輕功,1,ㄑㄧㄥ ㄍㄨㄥ
輕快,1,ㄑㄧㄥ ㄎㄨㄞˋ
輕狂,1,ㄑㄧㄥ ㄎㄨㄤˊ
輕忽,1,ㄑㄧㄥ ㄏㄨ
輕車簡從,1,ㄑㄧㄥ ㄔㄜ ㄐㄧㄢˇ ㄗㄨㄥˋ
輕車熟路,1,ㄑㄧㄥ ㄔㄜ ㄕㄡˊ ㄌㄨˋ
輕舉妄動,1,ㄑㄧㄥ ㄐㄩˇ ㄨㄤˋ ㄉㄨㄥˋ
輕騎,1,ㄑㄧㄥ ㄑㄧˊ
輕巧,1,ㄑㄧㄥ ㄑㄧㄠˇ
輕俏,1,ㄑㄧㄥ ㄑㄧㄠˋ
輕取,1,ㄑㄧㄥ ㄑㄩˇ
輕信,1,ㄑㄧㄥ ㄒㄧㄣˋ
輕舟,1,ㄑㄧㄥ ㄓㄡ
輕裝,1,ㄑㄧㄥ ㄓㄨㄤ
輕重,1,ㄑㄧㄥ ㄓㄨㄥˋ
輕重緩急,1,ㄑㄧㄥ ㄓㄨㄥˋ ㄏㄨㄢˇ ㄐㄧˊ
輕視,1,ㄑㄧㄥ ㄕˋ
輕傷,1,ㄑㄧㄥ ㄕㄤ
輕生,1,ㄑㄧㄥ ㄕㄥ
輕聲,1,ㄑㄧㄥ ㄕㄥ
輕率,1,ㄑㄧㄥ ㄕㄨㄞˋ
輕水反應器,1,ㄑㄧㄥ ㄕㄨㄟˇ ㄈㄢˇ ㄧㄥˋ ㄑㄧˋ
輕柔,1,ㄑㄧㄥ ㄖㄡˊ
輕財好義,1,ㄑㄧㄥ ㄘㄞˊ ㄏㄠˋ ㄧˋ
輕鬆,1,ㄑㄧㄥ ㄙㄨㄥ
輕鬆自在,1,ㄑㄧㄥ ㄙㄨㄥ ㄗˋ ㄗㄞˋ
輕而易舉,1,ㄑㄧㄥ ㄦˊ ㄧˋ ㄐㄩˇ
輕易,1,ㄑㄧㄥ ㄧˋ
輕煙,1,ㄑㄧㄥ ㄧㄢ
輕言,1,ㄑㄧㄥ ㄧㄢˊ
輕音樂,1,ㄑㄧㄥ ㄧㄣ ㄩㄝˋ
輕盈,1,ㄑㄧㄥ ㄧㄥˊ
輕微,1,ㄑㄧㄥ ㄨㄟˊ
輕於鴻毛,1,ㄑㄧㄥ ㄩˊ ㄏㄨㄥˊ ㄇㄠˊ
傾,1,ㄑㄧㄥ
傾盆,1,ㄑㄧㄥ ㄆㄣˊ
傾盆大雨,1,ㄑㄧㄥ ㄆㄣˊ ㄉㄚˋ ㄩˇ
傾圮,1,ㄑㄧㄥ ㄆㄧˇ
傾慕,1,ㄑㄧㄥ ㄇㄨˋ
傾覆,1,ㄑㄧㄥ ㄈㄨˋ
傾倒,1,ㄑㄧㄥ ㄉㄠˇ
傾倒,1,ㄑㄧㄥ ㄉㄠˋ
傾聽,1,ㄑㄧㄥ ㄊㄧㄥ
傾吐,1,ㄑㄧㄥ ㄊㄨˇ
傾囊相授,1,ㄑㄧㄥ ㄋㄤˊ ㄒㄧㄤ ㄕㄡˋ
傾力,1,ㄑㄧㄥ ㄌㄧˋ
傾國傾城,1,ㄑㄧㄥ ㄍㄨㄛˊ ㄑㄧㄥ ㄔㄥˊ
傾斜,1,ㄑㄧㄥ ㄒㄧㄝˊ
傾瀉,1,ㄑㄧㄥ ㄒㄧㄝˋ
傾銷,1,ㄑㄧㄥ ㄒㄧㄠ
傾心,1,ㄑㄧㄥ ㄒㄧㄣ
傾箱倒篋,1,ㄑㄧㄥ ㄒㄧㄤ ㄉㄠˋ ㄑㄧㄝˋ
傾向,1,ㄑㄧㄥ ㄒㄧㄤˋ
傾巢而出,1,ㄑㄧㄥ ㄔㄠˊ ㄦˊ ㄔㄨ
傾城傾國,1,ㄑㄧㄥ ㄔㄥˊ ㄑㄧㄥ ㄍㄨㄛˊ
傾訴,1,ㄑㄧㄥ ㄙㄨˋ
傾軋,1,ㄑㄧㄥ ㄧㄚˋ
情,1,ㄑㄧㄥˊ
情報,1,ㄑㄧㄥˊ ㄅㄠˋ
情不自禁,1,ㄑㄧㄥˊ ㄅㄨˋ ㄗˋ ㄐㄧㄣ
情不自禁,1,ㄑㄧㄥˊ ㄅㄨˊ ㄗˋ ㄐㄧㄣ
情面,1,ㄑㄧㄥˊ ㄇㄧㄢˋ
情非得已,1,ㄑㄧㄥˊ ㄈㄟ ㄉㄜˊ ㄧˇ
情分,1,ㄑㄧㄥˊ ㄈㄣˋ
情竇初開,1,ㄑㄧㄥˊ ㄉㄡˋ ㄔㄨ ㄎㄞ
情敵,1,ㄑㄧㄥˊ ㄉㄧˊ
情調,1,ㄑㄧㄥˊ ㄉㄧㄠˋ
情投意合,1,ㄑㄧㄥˊ ㄊㄡˊ ㄧˋ ㄏㄜˊ
情同手足,1,ㄑㄧㄥˊ ㄊㄨㄥˊ ㄕㄡˇ ㄗㄨˊ
情郎,1,ㄑㄧㄥˊ ㄌㄤˊ
情理,1,ㄑㄧㄥˊ ㄌㄧˇ
情侶,1,ㄑㄧㄥˊ ㄌㄩˇ
情歌,1,ㄑㄧㄥˊ ㄍㄜ
情感,1,ㄑㄧㄥˊ ㄍㄢˇ
情況,1,ㄑㄧㄥˊ ㄎㄨㄤˋ
情懷,1,ㄑㄧㄥˊ ㄏㄨㄞˊ
情急,1,ㄑㄧㄥˊ ㄐㄧˊ
情結,1,ㄑㄧㄥˊ ㄐㄧㄝˊ
情節,1,ㄑㄧㄥˊ ㄐㄧㄝˊ
情景,1,ㄑㄧㄥˊ ㄐㄧㄥˇ
情境,1,ㄑㄧㄥˊ ㄐㄧㄥˋ
情趣,1,ㄑㄧㄥˊ ㄑㄩˋ
情趣商店,1,ㄑㄧㄥˊ ㄑㄩˋ ㄕㄤ ㄉㄧㄢˋ
情怯,1,ㄑㄧㄥˊ ㄑㄩㄝˋ
情形,1,ㄑㄧㄥˊ ㄒㄧㄥˊ
情緒,1,ㄑㄧㄥˊ ㄒㄩˋ
情緒智商,1,ㄑㄧㄥˊ ㄒㄩˋ ㄓˋ ㄕㄤ
情狀,1,ㄑㄧㄥˊ ㄓㄨㄤˋ
情場,1,ㄑㄧㄥˊ ㄔㄤˇ
情事,1,ㄑㄧㄥˊ ㄕˋ
情勢,1,ㄑㄧㄥˊ ㄕˋ
情商,1,ㄑㄧㄥˊ ㄕㄤ
情書,1,ㄑㄧㄥˊ ㄕㄨ
情人,1,ㄑㄧㄥˊ ㄖㄣˊ
情人眼裡出西施,1,ㄑㄧㄥˊ ㄖㄣˊ ㄧㄢˇ ㄌㄧˇ ㄔㄨ ㄒㄧ ㄕ
情操,1,ㄑㄧㄥˊ ㄘㄠ
情愫,1,ㄑㄧㄥˊ ㄙㄨˋ
情愛,1,ㄑㄧㄥˊ ㄞˋ
情義,1,ㄑㄧㄥˊ ㄧˋ
情意,1,ㄑㄧㄥˊ ㄧˋ
情誼,1,ㄑㄧㄥˊ ㄧˋ
情由,1,ㄑㄧㄥˊ ㄧㄡˊ
情有獨鍾,1,ㄑㄧㄥˊ ㄧㄡˇ ㄉㄨˊ ㄓㄨㄥ
情有可原,1,ㄑㄧㄥˊ ㄧㄡˇ ㄎㄜˇ ㄩㄢˊ
情文並茂,1,ㄑㄧㄥˊ ㄨㄣˊ ㄅㄧㄥˋ ㄇㄠˋ
情網,1,ㄑㄧㄥˊ ㄨㄤˇ
情慾,1,ㄑㄧㄥˊ ㄩˋ
情緣,1,ㄑㄧㄥˊ ㄩㄢˊ
情願,1,ㄑㄧㄥˊ ㄩㄢˋ
晴,1,ㄑㄧㄥˊ
晴天,1,ㄑㄧㄥˊ ㄊㄧㄢ
晴天霹靂,1,ㄑㄧㄥˊ ㄊㄧㄢ ㄆㄧ ㄌㄧˋ
晴朗,1,ㄑㄧㄥˊ ㄌㄤˇ
晴空,1,ㄑㄧㄥˊ ㄎㄨㄥ
晴空萬里,1,ㄑㄧㄥˊ ㄎㄨㄥ ㄨㄢˋ ㄌㄧˇ
晴和,1,ㄑㄧㄥˊ ㄏㄜˊ
檠,1,ㄑㄧㄥˊ
擎,1,ㄑㄧㄥˊ
擎天,1,ㄑㄧㄥˊ ㄊㄧㄢ
黥,1,ㄑㄧㄥˊ
頃,1,ㄑㄧㄥˇ
頃刻,1,ㄑㄧㄥˇ ㄎㄜˋ
請,1,ㄑㄧㄥˇ
請便,1,ㄑㄧㄥˇ ㄅㄧㄢˋ
請命,1,ㄑㄧㄥˇ ㄇㄧㄥˋ
請帖,1,ㄑㄧㄥˇ ㄊㄧㄝˇ
請託,1,ㄑㄧㄥˇ ㄊㄨㄛ
請客,1,ㄑㄧㄥˇ ㄎㄜˋ
請假,1,ㄑㄧㄥˇ ㄐㄧㄚˋ
請教,1,ㄑㄧㄥˇ ㄐㄧㄠˋ
請柬,1,ㄑㄧㄥˇ ㄐㄧㄢˇ
請君入甕,1,ㄑㄧㄥˇ ㄐㄩㄣ ㄖㄨˋ ㄨㄥˋ
請求,1,ㄑㄧㄥˇ ㄑㄧㄡˊ
請示,1,ㄑㄧㄥˇ ㄕˋ
請罪,1,ㄑㄧㄥˇ ㄗㄨㄟˋ
請辭,1,ㄑㄧㄥˇ ㄘˊ
請安,1,ㄑㄧㄥˇ ㄢ
請益,1,ㄑㄧㄥˇ ㄧˋ
請纓,1,ㄑㄧㄥˇ ㄧㄥ
請問,1,ㄑㄧㄥˇ ㄨㄣˋ
請願,1,ㄑㄧㄥˇ ㄩㄢˋ
慶,1,ㄑㄧㄥˋ
慶典,1,ㄑㄧㄥˋ ㄉㄧㄢˇ
慶功,1,ㄑㄧㄥˋ ㄍㄨㄥ
慶功宴,1,ㄑㄧㄥˋ ㄍㄨㄥ ㄧㄢˋ
慶賀,1,ㄑㄧㄥˋ ㄏㄜˋ
慶幸,1,ㄑㄧㄥˋ ㄒㄧㄥˋ
慶祝,1,ㄑㄧㄥˋ ㄓㄨˋ
慶祝大會,1,ㄑㄧㄥˋ ㄓㄨˋ ㄉㄚˋ ㄏㄨㄟˋ
慶生,1,ㄑㄧㄥˋ ㄕㄥ
親,1,ㄑㄧㄥˋ
親家,1,ㄑㄧㄥˋ ㄐㄧㄚ
親家,1,ㄑㄧㄥˋ ㄐㄧㄚ˙
磬,1,ㄑㄧㄥˋ
罄,1,ㄑㄧㄥˋ
罄竹難書,1,ㄑㄧㄥˋ ㄓㄨˊ ㄋㄢˊ ㄕㄨ
曲,1,ㄑㄩ
曲棍球,1,ㄑㄩ ㄍㄨㄣˋ ㄑㄧㄡˊ
曲解,1,ㄑㄩ ㄐㄧㄝˇ
曲徑通幽,1,ㄑㄩ ㄐㄧㄥˋ ㄊㄨㄥ ㄧㄡ
曲球,1,ㄑㄩ ㄑㄧㄡˊ
曲線,1,ㄑㄩ ㄒㄧㄢˋ
曲直,1,ㄑㄩ ㄓˊ
曲折,1,ㄑㄩ ㄓㄜˊ
曲折離奇,1,ㄑㄩ ㄓㄜˊ ㄌㄧˊ ㄑㄧˊ
曲尺,1,ㄑㄩ ㄔˇ
曲水流觴,1,ㄑㄩ ㄕㄨㄟˇ ㄌㄧㄡˊ ㄕㄤ
曲意逢迎,1,ㄑㄩ ㄧˋ ㄈㄥˊ ㄧㄥˊ
蛐,1,ㄑㄩ
蛐蛐兒,1,ㄑㄩ ㄑㄩ ㄦ
蛐蛐兒,1,ㄑㄩ ㄑㄩㄜ ㄦ
屈,1,ㄑㄩ
屈服,1,ㄑㄩ ㄈㄨˊ
屈打成招,1,ㄑㄩ ㄉㄚˇ ㄔㄥˊ ㄓㄠ
屈駕,1,ㄑㄩ ㄐㄧㄚˋ
屈就,1,ㄑㄩ ㄐㄧㄡˋ
屈膝,1,ㄑㄩ ㄒㄧ
屈指可數,1,ㄑㄩ ㄓˇ ㄎㄜˇ ㄕㄨˇ
屈伸,1,ㄑㄩ ㄕㄣ
屈辱,1,ㄑㄩ ㄖㄨˋ
屈死,1,ㄑㄩ ㄙˇ
屈意奉承,1,ㄑㄩ ㄧˋ ㄈㄥˋ ㄔㄥˊ
祛,1,ㄑㄩ
祛病,1,ㄑㄩ ㄅㄧㄥˋ
祛風除熱,1,ㄑㄩ ㄈㄥ ㄔㄨˊ ㄖㄜˋ
祛痰潤肺,1,ㄑㄩ ㄊㄢˊ ㄖㄨㄣˋ ㄈㄟˋ
祛寒,1,ㄑㄩ ㄏㄢˊ
祛除,1,ㄑㄩ ㄔㄨˊ
袪,1,ㄑㄩ
區,1,ㄑㄩ
區別,1,ㄑㄩ ㄅㄧㄝˊ
區分,1,ㄑㄩ ㄈㄣ
區段,1,ㄑㄩ ㄉㄨㄢˋ
區段徵收,1,ㄑㄩ ㄉㄨㄢˋ ㄓㄥ ㄕㄡ
區隔,1,ㄑㄩ ㄍㄜˊ
區公所,1,ㄑㄩ ㄍㄨㄥ ㄙㄨㄛˇ
區劃,1,ㄑㄩ ㄏㄨㄚˋ
區間,1,ㄑㄩ ㄐㄧㄢ
區區,1,ㄑㄩ ㄑㄩ
區域,1,ㄑㄩ ㄩˋ
區域聯防,1,ㄑㄩ ㄩˋ ㄌㄧㄢˊ ㄈㄤˊ
區域網路,1,ㄑㄩ ㄩˋ ㄨㄤˇ ㄌㄨˋ
嶇,1,ㄑㄩ
軀,1,ㄑㄩ
軀體,1,ㄑㄩ ㄊㄧˇ
軀幹,1,ㄑㄩ ㄍㄢˋ
軀殼,1,ㄑㄩ ㄎㄜˊ
驅,1,ㄑㄩ
驅動,1,ㄑㄩ ㄉㄨㄥˋ
驅趕,1,ㄑㄩ ㄍㄢˇ
驅邪,1,ㄑㄩ ㄒㄧㄝˊ
驅逐,1,ㄑㄩ ㄓㄨˊ
驅車,1,ㄑㄩ ㄔㄜ
驅除,1,ㄑㄩ ㄔㄨˊ
驅使,1,ㄑㄩ ㄕˇ
驅策,1,ㄑㄩ ㄘㄜˋ
驅散,1,ㄑㄩ ㄙㄢˋ
蛆,1,ㄑㄩ
趨,1,ㄑㄩ
趨吉避凶,1,ㄑㄩ ㄐㄧˊ ㄅㄧˋ ㄒㄩㄥ
趨向,1,ㄑㄩ ㄒㄧㄤˋ
趨之若鶩,1,ㄑㄩ ㄓ ㄖㄨㄛˋ ㄨˋ
趨勢,1,ㄑㄩ ㄕˋ
趨炎附勢,1,ㄑㄩ ㄧㄢˊ ㄈㄨˋ ㄕˋ
劬,1,ㄑㄩˊ
鴝,1,ㄑㄩˊ
渠,1,ㄑㄩˊ
渠道,1,ㄑㄩˊ ㄉㄠˋ
璩,1,ㄑㄩˊ
瞿,1,ㄑㄩˊ
臞,1,ㄑㄩˊ
衢,1,ㄑㄩˊ
麴,1,ㄑㄩˊ
曲,1,ㄑㄩˇ
曲牌,1,ㄑㄩˇ ㄆㄞˊ
曲譜,1,ㄑㄩˇ ㄆㄨˇ
曲調,1,ㄑㄩˇ ㄉㄧㄠˋ
曲高和寡,1,ㄑㄩˇ ㄍㄠ ㄏㄜˋ ㄍㄨㄚˇ
曲終人散,1,ㄑㄩˇ ㄓㄨㄥ ㄖㄣˊ ㄙㄢˋ
曲子,1,ㄑㄩˇ ㄗ˙
取,1,ㄑㄩˇ
取名,1,ㄑㄩˇ ㄇㄧㄥˊ
取法,1,ㄑㄩˇ ㄈㄚˇ
取得,1,ㄑㄩˇ ㄉㄜˊ
取代,1,ㄑㄩˇ ㄉㄞˋ
取道,1,ㄑㄩˇ ㄉㄠˋ
取締,1,ㄑㄩˇ ㄉㄧˋ
取樂,1,ㄑㄩˇ ㄌㄜˋ
取款,1,ㄑㄩˇ ㄎㄨㄢˇ
取火,1,ㄑㄩˇ ㄏㄨㄛˇ
取決,1,ㄑㄩˇ ㄐㄩㄝˊ
取巧,1,ㄑㄩˇ ㄑㄧㄠˇ
取消,1,ㄑㄩˇ ㄒㄧㄠ
取笑,1,ㄑㄩˇ ㄒㄧㄠˋ
取信,1,ㄑㄩˇ ㄒㄧㄣˋ
取信於人,1,ㄑㄩˇ ㄒㄧㄣˋ ㄩˊ ㄖㄣˊ
取向,1,ㄑㄩˇ ㄒㄧㄤˋ
取長補短,1,ㄑㄩˇ ㄔㄤˊ ㄅㄨˇ ㄉㄨㄢˇ
取捨,1,ㄑㄩˇ ㄕㄜˇ
取勝,1,ㄑㄩˇ ㄕㄥˋ
取材,1,ㄑㄩˇ ㄘㄞˊ
取樣,1,ㄑㄩˇ ㄧㄤˋ
取悅,1,ㄑㄩˇ ㄩㄝˋ
取用,1,ㄑㄩˇ ㄩㄥˋ
娶,1,ㄑㄩˇ
娶妻,1,ㄑㄩˇ ㄑㄧ
娶親,1,ㄑㄩˇ ㄑㄧㄣ
娶媳婦,1,ㄑㄩˇ ㄒㄧˊ ㄈㄨˋ
齲,1,ㄑㄩˇ
齲齒,1,ㄑㄩˇ ㄔˇ
去,1,ㄑㄩˋ
去年,1,ㄑㄩˋ ㄋㄧㄢˊ
去留,1,ㄑㄩˋ ㄌㄧㄡˊ
去路,1,ㄑㄩˋ ㄌㄨˋ
去函,1,ㄑㄩˋ ㄏㄢˊ
去向,1,ㄑㄩˋ ㄒㄧㄤˋ
去職,1,ㄑㄩˋ ㄓˊ
去除,1,ㄑㄩˋ ㄔㄨˊ
去處,1,ㄑㄩˋ ㄔㄨˋ
去世,1,ㄑㄩˋ ㄕˋ
去勢,1,ㄑㄩˋ ㄕˋ
去聲,1,ㄑㄩˋ ㄕㄥ
去蕪存菁,1,ㄑㄩˋ ㄨˊ ㄘㄨㄣˊ ㄐㄧㄥ
去偽存真,1,ㄑㄩˋ ㄨㄟˋ ㄘㄨㄣˊ ㄓㄣ
趣,1,ㄑㄩˋ
趣談,1,ㄑㄩˋ ㄊㄢˊ
趣事,1,ㄑㄩˋ ㄕˋ
趣味,1,ㄑㄩˋ ㄨㄟˋ
趣聞,1,ㄑㄩˋ ㄨㄣˊ
闃,1,ㄑㄩˋ
覷,1,ㄑㄩˋ
缺,1,ㄑㄩㄝ
缺乏,1,ㄑㄩㄝ ㄈㄚˊ
缺德,1,ㄑㄩㄝ ㄉㄜˊ
缺點,1,ㄑㄩㄝ ㄉㄧㄢˇ
缺課,1,ㄑㄩㄝ ㄎㄜˋ
缺考,1,ㄑㄩㄝ ㄎㄠˇ
缺口,1,ㄑㄩㄝ ㄎㄡˇ
缺憾,1,ㄑㄩㄝ ㄏㄢˋ
缺欠,1,ㄑㄩㄝ ㄑㄧㄢˋ
缺席,1,ㄑㄩㄝ ㄒㄧˊ
缺陷,1,ㄑㄩㄝ ㄒㄧㄢˋ
缺失,1,ㄑㄩㄝ ㄕ
缺少,1,ㄑㄩㄝ ㄕㄠˇ
缺額,1,ㄑㄩㄝ ㄜˊ
闕,1,ㄑㄩㄝ
闕如,1,ㄑㄩㄝ ㄖㄨˊ
瘸,1,ㄑㄩㄝˊ
怯,1,ㄑㄩㄝˋ
怯懦,1,ㄑㄩㄝˋ ㄋㄨㄛˋ
怯場,1,ㄑㄩㄝˋ ㄔㄤˇ
怯生生,1,ㄑㄩㄝˋ ㄕㄥ ㄕㄥ
怯聲怯氣,1,ㄑㄩㄝˋ ㄕㄥ ㄑㄩㄝˋ ㄑㄧˋ
怯弱,1,ㄑㄩㄝˋ ㄖㄨㄛˋ
卻,1,ㄑㄩㄝˋ
卻步,1,ㄑㄩㄝˋ ㄅㄨˋ
卻是,1,ㄑㄩㄝˋ ㄕˋ
雀,1,ㄑㄩㄝˋ
雀屏中選,1,ㄑㄩㄝˋ ㄆㄧㄥˊ ㄓㄨㄥˋ ㄒㄩㄢˇ
雀躍,1,ㄑㄩㄝˋ ㄩㄝˋ
确,1,ㄑㄩㄝˋ
愨,1,ㄑㄩㄝˋ
榷,1,ㄑㄩㄝˋ
確,1,ㄑㄩㄝˋ
確保,1,ㄑㄩㄝˋ ㄅㄠˇ
確定,1,ㄑㄩㄝˋ ㄉㄧㄥˋ
確立,1,ㄑㄩㄝˋ ㄌㄧˋ
確切,1,ㄑㄩㄝˋ ㄑㄧㄝˋ
確信,1,ㄑㄩㄝˋ ㄒㄧㄣˋ
確知,1,ㄑㄩㄝˋ ㄓ
確證,1,ㄑㄩㄝˋ ㄓㄥˋ
確實,1,ㄑㄩㄝˋ ㄕˊ
確認,1,ㄑㄩㄝˋ ㄖㄣˋ
確鑿,1,ㄑㄩㄝˋ ㄗㄠˊ
確有其事,1,ㄑㄩㄝˋ ㄧㄡˇ ㄑㄧˊ ㄕˋ
闋,1,ㄑㄩㄝˋ
闕,1,ㄑㄩㄝˋ
鵲,1,ㄑㄩㄝˋ
鵲橋,1,ㄑㄩㄝˋ ㄑㄧㄠˊ
圈,1,ㄑㄩㄢ
圈點,1,ㄑㄩㄢ ㄉㄧㄢˇ
圈套,1,ㄑㄩㄢ ㄊㄠˋ
圈內,1,ㄑㄩㄢ ㄋㄟˋ
圈選,1,ㄑㄩㄢ ㄒㄩㄢˇ
圈子,1,ㄑㄩㄢ ㄗ˙
全,1,ㄑㄩㄢˊ
全部,1,ㄑㄩㄢˊ ㄅㄨˋ
全盤,1,ㄑㄩㄢˊ ㄆㄢˊ
全盤否定,1,ㄑㄩㄢˊ ㄆㄢˊ ㄈㄡˇ ㄉㄧㄥˋ
全盤托出,1,ㄑㄩㄢˊ ㄆㄢˊ ㄊㄨㄛ ㄔㄨ
全票,1,ㄑㄩㄢˊ ㄆㄧㄠˋ
全面,1,ㄑㄩㄢˊ ㄇㄧㄢˋ
全民,1,ㄑㄩㄢˊ ㄇㄧㄣˊ
全民健保,1,ㄑㄩㄢˊ ㄇㄧㄣˊ ㄐㄧㄢˋ ㄅㄠˇ
全民健康保險,1,ㄑㄩㄢˊ ㄇㄧㄣˊ ㄐㄧㄢˋ ㄎㄤ ㄅㄠˇ ㄒㄧㄢˇ
全方位,1,ㄑㄩㄢˊ ㄈㄤ ㄨㄟˋ
全副,1,ㄑㄩㄢˊ ㄈㄨˋ
全體,1,ㄑㄩㄢˊ ㄊㄧˇ
全天候,1,ㄑㄩㄢˊ ㄊㄧㄢ ㄏㄡˋ
全天域,1,ㄑㄩㄢˊ ㄊㄧㄢ ㄩˋ
全能,1,ㄑㄩㄢˊ ㄋㄥˊ
全壘打,1,ㄑㄩㄢˊ ㄌㄟˇ ㄉㄚˇ
全力,1,ㄑㄩㄢˊ ㄌㄧˋ
全力以赴,1,ㄑㄩㄢˊ ㄌㄧˋ ㄧˇ ㄈㄨˋ
全國,1,ㄑㄩㄢˊ ㄍㄨㄛˊ
全國不分區代表,1,ㄑㄩㄢˊ ㄍㄨㄛˊ ㄅㄨˋ ㄈㄣ ㄑㄩ ㄉㄞˋ ㄅㄧㄠˇ
全國文藝季,1,ㄑㄩㄢˊ ㄍㄨㄛˊ ㄨㄣˊ ㄧˋ ㄐㄧˋ
全家,1,ㄑㄩㄢˊ ㄐㄧㄚ
全景電影,1,ㄑㄩㄢˊ ㄐㄧㄥˇ ㄉㄧㄢˋ ㄧㄥˇ
全局,1,ㄑㄩㄢˊ ㄐㄩˊ
全軍覆沒,1,ㄑㄩㄢˊ ㄐㄩㄣ ㄈㄨˋ ㄇㄛˋ
全球,1,ㄑㄩㄢˊ ㄑㄧㄡˊ
全球電話卡,1,ㄑㄩㄢˊ ㄑㄧㄡˊ ㄉㄧㄢˋ ㄏㄨㄚˋ ㄎㄚˇ
全球資訊網,1,ㄑㄩㄢˊ ㄑㄧㄡˊ ㄗ ㄒㄩㄣˋ ㄨㄤˇ
全勤,1,ㄑㄩㄢˊ ㄑㄧㄣˊ
全權,1,ㄑㄩㄢˊ ㄑㄩㄢˊ
全銜,1,ㄑㄩㄢˊ ㄒㄧㄢˊ
全心全力,1,ㄑㄩㄢˊ ㄒㄧㄣ ㄑㄩㄢˊ ㄌㄧˋ
全心全意,1,ㄑㄩㄢˊ ㄒㄧㄣ ㄑㄩㄢˊ ㄧˋ
全新,1,ㄑㄩㄢˊ ㄒㄧㄣ
全職媽媽,1,ㄑㄩㄢˊ ㄓˊ ㄇㄚ ㄇㄚ˙
全長,1,ㄑㄩㄢˊ ㄔㄤˊ
全程,1,ㄑㄩㄢˊ ㄔㄥˊ
全世界,1,ㄑㄩㄢˊ ㄕˋ ㄐㄧㄝˋ
全身,1,ㄑㄩㄢˊ ㄕㄣ
全神貫注,1,ㄑㄩㄢˊ ㄕㄣˊ ㄍㄨㄢˋ ㄓㄨˋ
全盛,1,ㄑㄩㄢˊ ㄕㄥˋ
全勝,1,ㄑㄩㄢˊ ㄕㄥˋ
全數,1,ㄑㄩㄢˊ ㄕㄨˋ
全然不同,1,ㄑㄩㄢˊ ㄖㄢˊ ㄅㄨˋ ㄊㄨㄥˊ
全責,1,ㄑㄩㄢˊ ㄗㄜˊ
全才,1,ㄑㄩㄢˊ ㄘㄞˊ
全速,1,ㄑㄩㄢˊ ㄙㄨˋ
全額,1,ㄑㄩㄢˊ ㄜˊ
全額交割股票,1,ㄑㄩㄢˊ ㄜˊ ㄐㄧㄠ ㄍㄜ ㄍㄨˇ ㄆㄧㄠˋ
荃,1,ㄑㄩㄢˊ
牷,1,ㄑㄩㄢˊ
痊,1,ㄑㄩㄢˊ
痊癒,1,ㄑㄩㄢˊ ㄩˋ
筌,1,ㄑㄩㄢˊ
詮,1,ㄑㄩㄢˊ
詮釋,1,ㄑㄩㄢˊ ㄕˋ
銓,1,ㄑㄩㄢˊ
醛,1,ㄑㄩㄢˊ
卷,1,ㄑㄩㄢˊ
拳,1,ㄑㄩㄢˊ
拳法,1,ㄑㄩㄢˊ ㄈㄚˇ
拳頭,1,ㄑㄩㄢˊ ㄊㄡ˙
拳擊,1,ㄑㄩㄢˊ ㄐㄧˊ
拳腳交加,1,ㄑㄩㄢˊ ㄐㄧㄠˇ ㄐㄧㄠ ㄐㄧㄚ
拳拳服膺,1,ㄑㄩㄢˊ ㄑㄩㄢˊ ㄈㄨˊ ㄧㄥ
拳師,1,ㄑㄩㄢˊ ㄕ
拳術,1,ㄑㄩㄢˊ ㄕㄨˋ
拳賽,1,ㄑㄩㄢˊ ㄙㄞˋ
蜷,1,ㄑㄩㄢˊ
蜷伏,1,ㄑㄩㄢˊ ㄈㄨˊ
蜷曲,1,ㄑㄩㄢˊ ㄑㄩ
蜷縮,1,ㄑㄩㄢˊ ㄙㄨㄛ
鬈,1,ㄑㄩㄢˊ
鬈髮,1,ㄑㄩㄢˊ ㄈㄚˇ
泉,1,ㄑㄩㄢˊ
泉水,1,ㄑㄩㄢˊ ㄕㄨㄟˇ
泉源,1,ㄑㄩㄢˊ ㄩㄢˊ
泉湧,1,ㄑㄩㄢˊ ㄩㄥˇ
權,1,ㄑㄩㄢˊ
權柄,1,ㄑㄩㄢˊ ㄅㄧㄥˇ
權謀,1,ㄑㄩㄢˊ ㄇㄡˊ
權力,1,ㄑㄩㄢˊ ㄌㄧˋ
權利,1,ㄑㄩㄢˊ ㄌㄧˋ
權貴,1,ㄑㄩㄢˊ ㄍㄨㄟˋ
權衡,1,ㄑㄩㄢˊ ㄏㄥˊ
權限,1,ㄑㄩㄢˊ ㄒㄧㄢˋ
權杖,1,ㄑㄩㄢˊ ㄓㄤˋ
權充,1,ㄑㄩㄢˊ ㄔㄨㄥ
權勢,1,ㄑㄩㄢˊ ㄕˋ
權術,1,ㄑㄩㄢˊ ㄕㄨˋ
權責,1,ㄑㄩㄢˊ ㄗㄜˊ
權宜,1,ㄑㄩㄢˊ ㄧˊ
權宜之計,1,ㄑㄩㄢˊ ㄧˊ ㄓ ㄐㄧˋ
權益,1,ㄑㄩㄢˊ ㄧˋ
權威,1,ㄑㄩㄢˊ ㄨㄟ
權位,1,ㄑㄩㄢˊ ㄨㄟˋ
顴,1,ㄑㄩㄢˊ
犬,1,ㄑㄩㄢˇ
犬馬之勞,1,ㄑㄩㄢˇ ㄇㄚˇ ㄓ ㄌㄠˊ
犬齒,1,ㄑㄩㄢˇ ㄔˇ
犬子,1,ㄑㄩㄢˇ ㄗˇ
犬牙相錯,1,ㄑㄩㄢˇ ㄧㄚˊ ㄒㄧㄤ ㄘㄨㄛˋ
畎,1,ㄑㄩㄢˇ
綣,1,ㄑㄩㄢˇ
券,1,ㄑㄩㄢˋ
券商,1,ㄑㄩㄢˋ ㄕㄤ
勸,1,ㄑㄩㄢˋ
勸勉,1,ㄑㄩㄢˋ ㄇㄧㄢˇ
勸募,1,ㄑㄩㄢˋ ㄇㄨˋ
勸導,1,ㄑㄩㄢˋ ㄉㄠˇ
勸告,1,ㄑㄩㄢˋ ㄍㄠˋ
勸和,1,ㄑㄩㄢˋ ㄏㄜˊ
勸化,1,ㄑㄩㄢˋ ㄏㄨㄚˋ
勸架,1,ㄑㄩㄢˋ ㄐㄧㄚˋ
勸解,1,ㄑㄩㄢˋ ㄐㄧㄝˇ
勸酒,1,ㄑㄩㄢˋ ㄐㄧㄡˇ
勸諫,1,ㄑㄩㄢˋ ㄐㄧㄢˋ
勸善,1,ㄑㄩㄢˋ ㄕㄢˋ
勸善規過,1,ㄑㄩㄢˋ ㄕㄢˋ ㄍㄨㄟ ㄍㄨㄛˋ
勸說,1,ㄑㄩㄢˋ ㄕㄨㄛ
勸阻,1,ㄑㄩㄢˋ ㄗㄨˇ
勸誘,1,ㄑㄩㄢˋ ㄧㄡˋ
勸慰,1,ㄑㄩㄢˋ ㄨㄟˋ
逡,1,ㄑㄩㄣ
裙,1,ㄑㄩㄣˊ
裙帶關係,1,ㄑㄩㄣˊ ㄉㄞˋ ㄍㄨㄢ ㄒㄧˋ
裙釵,1,ㄑㄩㄣˊ ㄔㄞ
裙子,1,ㄑㄩㄣˊ ㄗ˙
群,1,ㄑㄩㄣˊ
群芳,1,ㄑㄩㄣˊ ㄈㄤ
群島,1,ㄑㄩㄣˊ ㄉㄠˇ
群體,1,ㄑㄩㄣˊ ㄊㄧˇ
群倫,1,ㄑㄩㄣˊ ㄌㄨㄣˊ
群龍無首,1,ㄑㄩㄣˊ ㄌㄨㄥˊ ㄨˊ ㄕㄡˇ
群集,1,ㄑㄩㄣˊ ㄐㄧˊ
群居,1,ㄑㄩㄣˊ ㄐㄩ
群聚,1,ㄑㄩㄣˊ ㄐㄩˋ
群起攻之,1,ㄑㄩㄣˊ ㄑㄧˇ ㄍㄨㄥ ㄓ
群情激憤,1,ㄑㄩㄣˊ ㄑㄧㄥˊ ㄐㄧ ㄈㄣˋ
群賢,1,ㄑㄩㄣˊ ㄒㄧㄢˊ
群雄,1,ㄑㄩㄣˊ ㄒㄩㄥˊ
群眾,1,ㄑㄩㄣˊ ㄓㄨㄥˋ
群策群力,1,ㄑㄩㄣˊ ㄘㄜˋ ㄑㄩㄣˊ ㄌㄧˋ
群毆,1,ㄑㄩㄣˊ ㄡ
群英,1,ㄑㄩㄣˊ ㄧㄥ
芎,1,ㄑㄩㄥ
穹,1,ㄑㄩㄥ
穹窿,1,ㄑㄩㄥ ㄌㄨㄥˊ
穹蒼,1,ㄑㄩㄥ ㄘㄤ
蛩,1,ㄑㄩㄥˊ
跫,1,ㄑㄩㄥˊ
煢,1,ㄑㄩㄥˊ
窮,1,ㄑㄩㄥˊ
窮兵黷武,1,ㄑㄩㄥˊ ㄅㄧㄥ ㄉㄨˊ ㄨˇ
窮途末路,1,ㄑㄩㄥˊ ㄊㄨˊ ㄇㄛˋ ㄌㄨˋ
窮途潦倒,1,ㄑㄩㄥˊ ㄊㄨˊ ㄌㄧㄠˊ ㄉㄠˇ
窮光蛋,1,ㄑㄩㄥˊ ㄍㄨㄤ ㄉㄢˋ
窮苦,1,ㄑㄩㄥˊ ㄎㄨˇ
窮匱,1,ㄑㄩㄥˊ ㄎㄨㄟˋ
窮困,1,ㄑㄩㄥˊ ㄎㄨㄣˋ
窮竭,1,ㄑㄩㄥˊ ㄐㄧㄝˊ
窮鄉僻壤,1,ㄑㄩㄥˊ ㄒㄧㄤ ㄆㄧˋ ㄖㄤˇ
窮凶惡極,1,ㄑㄩㄥˊ ㄒㄩㄥ ㄜˋ ㄐㄧˊ
窮追不捨,1,ㄑㄩㄥˊ ㄓㄨㄟ ㄅㄨˋ ㄕㄜˇ
窮人,1,ㄑㄩㄥˊ ㄖㄣˊ
窮則變變則通,1,ㄑㄩㄥˊ ㄗㄜˊ ㄅㄧㄢˋ ㄅㄧㄢˋ ㄗㄜˊ ㄊㄨㄥ
窮算命富燒香,1,ㄑㄩㄥˊ ㄙㄨㄢˋ ㄇㄧㄥˋ ㄈㄨˋ ㄕㄠ ㄒㄧㄤ
窮於應付,1,ㄑㄩㄥˊ ㄩˊ ㄧㄥˋ ㄈㄨˋ
瓊,1,ㄑㄩㄥˊ
瓊麻,1,ㄑㄩㄥˊ ㄇㄚˊ
瓊樓玉宇,1,ㄑㄩㄥˊ ㄌㄡˊ ㄩˋ ㄩˇ
瓊漿,1,ㄑㄩㄥˊ ㄐㄧㄤ
瓊瑤,1,ㄑㄩㄥˊ ㄧㄠˊ
兮,1,ㄒㄧ
西,1,ㄒㄧ
西北颱,1,ㄒㄧ ㄅㄟˇ ㄊㄞˊ
西半球,1,ㄒㄧ ㄅㄢˋ ㄑㄧㄡˊ
西部片,1,ㄒㄧ ㄅㄨˋ ㄆㄧㄢˋ
西皮,1,ㄒㄧ ㄆㄧˊ
西片,1,ㄒㄧ ㄆㄧㄢˋ
西方,1,ㄒㄧ ㄈㄤ
西服,1,ㄒㄧ ㄈㄨˊ
西點,1,ㄒㄧ ㄉㄧㄢˇ
西天,1,ㄒㄧ ㄊㄧㄢ
西瓜,1,ㄒㄧ ㄍㄨㄚ
西化,1,ㄒㄧ ㄏㄨㄚˋ
西畫,1,ㄒㄧ ㄏㄨㄚˋ
西西,1,ㄒㄧ ㄒㄧ
西裝,1,ㄒㄧ ㄓㄨㄤ
西潮,1,ㄒㄧ ㄔㄠˊ
西式,1,ㄒㄧ ㄕˋ
西餐,1,ㄒㄧ ㄘㄢ
西醫,1,ㄒㄧ ㄧ
西藥,1,ㄒㄧ ㄧㄠˋ
西域,1,ㄒㄧ ㄩˋ
西樂,1,ㄒㄧ ㄩㄝˋ
西元,1,ㄒㄧ ㄩㄢˊ
栖,1,ㄒㄧ
栖栖,1,ㄒㄧ ㄒㄧ
吸,1,ㄒㄧ
吸盤,1,ㄒㄧ ㄆㄢˊ
吸毒,1,ㄒㄧ ㄉㄨˊ
吸鐵石,1,ㄒㄧ ㄊㄧㄝˇ ㄕˊ
吸納,1,ㄒㄧ ㄋㄚˋ
吸力,1,ㄒㄧ ㄌㄧˋ
吸管,1,ㄒㄧ ㄍㄨㄢˇ
吸取,1,ㄒㄧ ㄑㄩˇ
吸血鬼,1,ㄒㄧ ㄒㄧㄝˇ ㄍㄨㄟˇ
吸塵器,1,ㄒㄧ ㄔㄣˊ ㄑㄧˋ
吸食,1,ㄒㄧ ㄕˊ
吸收,1,ㄒㄧ ㄕㄡ
吸吮,1,ㄒㄧ ㄕㄨㄣˇ
吸菸,1,ㄒㄧ ㄧㄢ
吸引,1,ㄒㄧ ㄧㄣˇ
希,1,ㄒㄧ
希臘正教,1,ㄒㄧ ㄌㄚˋ ㄓㄥˋ ㄐㄧㄠˋ
希冀,1,ㄒㄧ ㄐㄧˋ
希求,1,ㄒㄧ ㄑㄧㄡˊ
希望,1,ㄒㄧ ㄨㄤˋ
唏,1,ㄒㄧ
唏噓,1,ㄒㄧ ㄒㄩ
烯,1,ㄒㄧ
晞,1,ㄒㄧ
欷,1,ㄒㄧ
稀,1,ㄒㄧ
稀薄,1,ㄒㄧ ㄅㄛˊ
稀飯,1,ㄒㄧ ㄈㄢˋ
稀泥,1,ㄒㄧ ㄋㄧˊ
稀爛,1,ㄒㄧ ㄌㄢˋ
稀客,1,ㄒㄧ ㄎㄜˋ
稀罕,1,ㄒㄧ ㄏㄢˇ
稀奇,1,ㄒㄧ ㄑㄧˊ
稀奇古怪,1,ㄒㄧ ㄑㄧˊ ㄍㄨˇ ㄍㄨㄞˋ
稀世,1,ㄒㄧ ㄕˋ
稀釋,1,ㄒㄧ ㄕˋ
稀少,1,ㄒㄧ ㄕㄠˇ
稀疏,1,ㄒㄧ ㄕㄨ
稀鬆,1,ㄒㄧ ㄙㄨㄥ
稀有,1,ㄒㄧ ㄧㄡˇ
析,1,ㄒㄧ
析解,1,ㄒㄧ ㄐㄧㄝˇ
析字,1,ㄒㄧ ㄗˋ
析疑,1,ㄒㄧ ㄧˊ
淅,1,ㄒㄧ
淅瀝,1,ㄒㄧ ㄌㄧˋ
晰,1,ㄒㄧ
皙,1,ㄒㄧ
蜥,1,ㄒㄧ
蜥蜴,1,ㄒㄧ ㄧˋ
奚,1,ㄒㄧ
奚落,1,ㄒㄧ ㄌㄨㄛˋ
溪,1,ㄒㄧ
溪流,1,ㄒㄧ ㄌㄧㄡˊ
溪谷,1,ㄒㄧ ㄍㄨˇ
溪澗,1,ㄒㄧ ㄐㄧㄢˋ
蹊,1,ㄒㄧ
蹊徑,1,ㄒㄧ ㄐㄧㄥˋ
蹊蹺,1,ㄒㄧ ㄑㄧㄠ
谿,1,ㄒㄧ
悉,1,ㄒㄧ
悉心,1,ㄒㄧ ㄒㄧㄣ
悉數,1,ㄒㄧ ㄕㄨˇ
悉數,1,ㄒㄧ ㄕㄨˋ
窸,1,ㄒㄧ
窸窣,1,ㄒㄧ ㄙㄨˋ
蟋,1,ㄒㄧ
蟋蟀,1,ㄒㄧ ㄕㄨㄞˋ
棲,1,ㄒㄧ
犀,1,ㄒㄧ
犀牛,1,ㄒㄧ ㄋㄧㄡˊ
犀利,1,ㄒㄧ ㄌㄧˋ
樨,1,ㄒㄧ
熙,1,ㄒㄧ
熙來攘往,1,ㄒㄧ ㄌㄞˊ ㄖㄤˊ ㄨㄤˇ
熙熙攘攘,1,ㄒㄧ ㄒㄧ ㄖㄤˊ ㄖㄤˊ
熙攘,1,ㄒㄧ ㄖㄤˊ
僖,1,ㄒㄧ
嘻,1,ㄒㄧ
嘻皮笑臉,1,ㄒㄧ ㄆㄧˊ ㄒㄧㄠˋ ㄌㄧㄢˇ
嘻笑,1,ㄒㄧ ㄒㄧㄠˋ
嬉,1,ㄒㄧ
嬉鬧,1,ㄒㄧ ㄋㄠˋ
嬉戲,1,ㄒㄧ ㄒㄧˋ
嬉笑怒罵,1,ㄒㄧ ㄒㄧㄠˋ ㄋㄨˋ ㄇㄚˋ
嬉遊,1,ㄒㄧ ㄧㄡˊ
熹,1,ㄒㄧ
禧,1,ㄒㄧ
撕,1,ㄒㄧ
膝,1,ㄒㄧ
膝蓋,1,ㄒㄧ ㄍㄞˋ
膝下,1,ㄒㄧ ㄒㄧㄚˋ
膝下猶虛,1,ㄒㄧ ㄒㄧㄚˋ ㄧㄡˊ ㄒㄩ
羲,1,ㄒㄧ
曦,1,ㄒㄧ
犧,1,ㄒㄧ
犧牲,1,ㄒㄧ ㄕㄥ
犧牲品,1,ㄒㄧ ㄕㄥ ㄆㄧㄣˇ
犧牲打,1,ㄒㄧ ㄕㄥ ㄉㄚˇ
螅,1,ㄒㄧ
釐,1,ㄒㄧ
醯,1,ㄒㄧ
攜,1,ㄒㄧ
攜帶,1,ㄒㄧ ㄉㄞˋ
攜帶式衛星通信系統,1,ㄒㄧ ㄉㄞˋ ㄕˋ ㄨㄟˋ ㄒㄧㄥ ㄊㄨㄥ ㄒㄧㄣˋ ㄒㄧˋ ㄊㄨㄥˇ
攜手,1,ㄒㄧ ㄕㄡˇ
攜幼,1,ㄒㄧ ㄧㄡˋ
觿,1,ㄒㄧ
昔,1,ㄒㄧˊ
昔時,1,ㄒㄧˊ ㄕˊ
昔日,1,ㄒㄧˊ ㄖˋ
惜,1,ㄒㄧˊ
惜別,1,ㄒㄧˊ ㄅㄧㄝˊ
惜墨如金,1,ㄒㄧˊ ㄇㄛˋ ㄖㄨˊ ㄐㄧㄣ
惜福,1,ㄒㄧˊ ㄈㄨˊ
惜售,1,ㄒㄧˊ ㄕㄡˋ
惜陰,1,ㄒㄧˊ ㄧㄣ
席,1,ㄒㄧˊ
席不暇暖,1,ㄒㄧˊ ㄅㄨˋ ㄒㄧㄚˊ ㄋㄨㄢˇ
席地而坐,1,ㄒㄧˊ ㄉㄧˋ ㄦˊ ㄗㄨㄛˋ
席捲,1,ㄒㄧˊ ㄐㄩㄢˇ
席次,1,ㄒㄧˊ ㄘˋ
席位,1,ㄒㄧˊ ㄨㄟˋ
蓆,1,ㄒㄧˊ
蓆棚,1,ㄒㄧˊ ㄆㄥˊ
息,1,ㄒㄧˊ
息怒,1,ㄒㄧˊ ㄋㄨˋ
息息相關,1,ㄒㄧˊ ㄒㄧˊ ㄒㄧㄤ ㄍㄨㄢ
息事寧人,1,ㄒㄧˊ ㄕˋ ㄋㄧㄥˊ ㄖㄣˊ
息影,1,ㄒㄧˊ ㄧㄥˇ
媳,1,ㄒㄧˊ
媳婦,1,ㄒㄧˊ ㄈㄨˋ
熄,1,ㄒㄧˊ
熄滅,1,ㄒㄧˊ ㄇㄧㄝˋ
熄燈,1,ㄒㄧˊ ㄉㄥ
熄火,1,ㄒㄧˊ ㄏㄨㄛˇ
習,1,ㄒㄧˊ
習題,1,ㄒㄧˊ ㄊㄧˊ
習慣,1,ㄒㄧˊ ㄍㄨㄢˋ
習慣性,1,ㄒㄧˊ ㄍㄨㄢˋ ㄒㄧㄥˋ
習見,1,ㄒㄧˊ ㄐㄧㄢˋ
習氣,1,ㄒㄧˊ ㄑㄧˋ
習性,1,ㄒㄧˊ ㄒㄧㄥˋ
習作,1,ㄒㄧˊ ㄗㄨㄛˋ
習俗,1,ㄒㄧˊ ㄙㄨˊ
習以為常,1,ㄒㄧˊ ㄧˇ ㄨㄟˊ ㄔㄤˊ
裼,1,ㄒㄧˊ
錫,1,ㄒㄧˊ
錫箔,1,ㄒㄧˊ ㄅㄛˊ
錫箔紙,1,ㄒㄧˊ ㄅㄛˊ ㄓˇ
檄,1,ㄒㄧˊ
隰,1,ㄒㄧˊ
襲,1,ㄒㄧˊ
襲擊,1,ㄒㄧˊ ㄐㄧˊ
襲捲,1,ㄒㄧˊ ㄐㄩㄢˇ
襲取,1,ㄒㄧˊ ㄑㄩˇ
洒,1,ㄒㄧˇ
洗,1,ㄒㄧˇ
洗滌,1,ㄒㄧˇ ㄉㄧˊ
洗燙,1,ㄒㄧˇ ㄊㄤˋ
洗腦,1,ㄒㄧˇ ㄋㄠˇ
洗禮,1,ㄒㄧˇ ㄌㄧˇ
洗鍊,1,ㄒㄧˇ ㄌㄧㄢˋ
洗溝球,1,ㄒㄧˇ ㄍㄡ ㄑㄧㄡˊ
洗劫,1,ㄒㄧˇ ㄐㄧㄝˊ
洗淨,1,ㄒㄧˇ ㄐㄧㄥˋ
洗錢,1,ㄒㄧˇ ㄑㄧㄢˊ
洗心革面,1,ㄒㄧˇ ㄒㄧㄣ ㄍㄜˊ ㄇㄧㄢˋ
洗濯,1,ㄒㄧˇ ㄓㄨㄛˊ
洗塵,1,ㄒㄧˇ ㄔㄣˊ
洗手,1,ㄒㄧˇ ㄕㄡˇ
洗手不幹,1,ㄒㄧˇ ㄕㄡˇ ㄅㄨˋ ㄍㄢˋ
洗手不幹,1,ㄒㄧˇ ㄕㄡˇ ㄅㄨˊ ㄍㄢˋ
洗手間,1,ㄒㄧˇ ㄕㄡˇ ㄐㄧㄢ
洗腎,1,ㄒㄧˇ ㄕㄣˋ
洗刷,1,ㄒㄧˇ ㄕㄨㄚ
洗澡,1,ㄒㄧˇ ㄗㄠˇ
洗耳恭聽,1,ㄒㄧˇ ㄦˇ ㄍㄨㄥ ㄊㄧㄥ
洗衣機,1,ㄒㄧˇ ㄧ ㄐㄧ
徙,1,ㄒㄧˇ
徙居,1,ㄒㄧˇ ㄐㄩ
屣,1,ㄒㄧˇ
喜,1,ㄒㄧˇ
喜不自禁,1,ㄒㄧˇ ㄅㄨˋ ㄗˋ ㄐㄧㄣ
喜不自禁,1,ㄒㄧˇ ㄅㄨˊ ㄗˋ ㄐㄧㄣ
喜不自勝,1,ㄒㄧˇ ㄅㄨˋ ㄗˋ ㄕㄥ
喜不自勝,1,ㄒㄧˇ ㄅㄨˊ ㄗˋ ㄕㄥ
喜帖,1,ㄒㄧˇ ㄊㄧㄝˇ
喜怒哀樂,1,ㄒㄧˇ ㄋㄨˋ ㄞ ㄌㄜˋ
喜怒無常,1,ㄒㄧˇ ㄋㄨˋ ㄨˊ ㄔㄤˊ
喜感,1,ㄒㄧˇ ㄍㄢˇ
喜好,1,ㄒㄧˇ ㄏㄠˋ
喜歡,1,ㄒㄧˇ ㄏㄨㄢ
喜酒,1,ㄒㄧˇ ㄐㄧㄡˇ
喜劇,1,ㄒㄧˇ ㄐㄩˋ
喜氣,1,ㄒㄧˇ ㄑㄧˋ
喜氣洋洋,1,ㄒㄧˇ ㄑㄧˋ ㄧㄤˊ ㄧㄤˊ
喜慶,1,ㄒㄧˇ ㄑㄧㄥˋ
喜鵲,1,ㄒㄧˇ ㄑㄩㄝˋ
喜新厭舊,1,ㄒㄧˇ ㄒㄧㄣ ㄧㄢˋ ㄐㄧㄡˋ
喜形於色,1,ㄒㄧˇ ㄒㄧㄥˊ ㄩˊ ㄙㄜˋ
喜訊,1,ㄒㄧˇ ㄒㄩㄣˋ
喜幛,1,ㄒㄧˇ ㄓㄤˋ
喜出望外,1,ㄒㄧˇ ㄔㄨ ㄨㄤˋ ㄨㄞˋ
喜事,1,ㄒㄧˇ ㄕˋ
喜上眉梢,1,ㄒㄧˇ ㄕㄤˋ ㄇㄟˊ ㄕㄠ
喜孜孜,1,ㄒㄧˇ ㄗ ㄗ
喜從天降,1,ㄒㄧˇ ㄘㄨㄥˊ ㄊㄧㄢ ㄐㄧㄤˋ
喜愛,1,ㄒㄧˇ ㄞˋ
喜筵,1,ㄒㄧˇ ㄧㄢˊ
喜宴,1,ㄒㄧˇ ㄧㄢˋ
喜悅,1,ㄒㄧˇ ㄩㄝˋ
囍,1,ㄒㄧˇ
璽,1,ㄒㄧˇ
夕,1,ㄒㄧˋ
夕照,1,ㄒㄧˋ ㄓㄠˋ
夕陽,1,ㄒㄧˋ ㄧㄤˊ
夕陽工業,1,ㄒㄧˋ ㄧㄤˊ ㄍㄨㄥ ㄧㄝˋ
汐,1,ㄒㄧˋ
矽,1,ㄒㄧˋ
矽晶片,1,ㄒㄧˋ ㄐㄧㄥ ㄆㄧㄢˋ
系,1,ㄒㄧˋ
系統,1,ㄒㄧˋ ㄊㄨㄥˇ
系列,1,ㄒㄧˋ ㄌㄧㄝˋ
係,1,ㄒㄧˋ
係數,1,ㄒㄧˋ ㄕㄨˋ
繫,1,ㄒㄧˋ
繫念,1,ㄒㄧˋ ㄋㄧㄢˋ
細,1,ㄒㄧˋ
細胞,1,ㄒㄧˋ ㄅㄠ
細部,1,ㄒㄧˋ ㄅㄨˋ
細密,1,ㄒㄧˋ ㄇㄧˋ
細目,1,ㄒㄧˋ ㄇㄨˋ
細嫩,1,ㄒㄧˋ ㄋㄣˋ
細膩,1,ㄒㄧˋ ㄋㄧˋ
細故,1,ㄒㄧˋ ㄍㄨˋ
細看,1,ㄒㄧˋ ㄎㄢˋ
細活,1,ㄒㄧˋ ㄏㄨㄛˊ
細節,1,ㄒㄧˋ ㄐㄧㄝˊ
細嚼慢嚥,1,ㄒㄧˋ ㄐㄧㄠˊ ㄇㄢˋ ㄧㄢˋ
細究,1,ㄒㄧˋ ㄐㄧㄡˋ
細菌,1,ㄒㄧˋ ㄐㄩㄣˋ
細巧,1,ㄒㄧˋ ㄑㄧㄠˇ
細小,1,ㄒㄧˋ ㄒㄧㄠˇ
細心,1,ㄒㄧˋ ㄒㄧㄣ
細枝末節,1,ㄒㄧˋ ㄓ ㄇㄛˋ ㄐㄧㄝˊ
細緻,1,ㄒㄧˋ ㄓˋ
細查,1,ㄒㄧˋ ㄔㄚˊ
細事,1,ㄒㄧˋ ㄕˋ
細說,1,ㄒㄧˋ ㄕㄨㄛ
細水長流,1,ㄒㄧˋ ㄕㄨㄟˇ ㄔㄤˊ ㄌㄧㄡˊ
細柔,1,ㄒㄧˋ ㄖㄡˊ
細軟,1,ㄒㄧˋ ㄖㄨㄢˇ
細則,1,ㄒㄧˋ ㄗㄜˊ
細作,1,ㄒㄧˋ ㄗㄨㄛˋ
細微,1,ㄒㄧˋ ㄨㄟˊ
細微末節,1,ㄒㄧˋ ㄨㄟˊ ㄇㄛˋ ㄐㄧㄝˊ
細雨,1,ㄒㄧˋ ㄩˇ
細語,1,ㄒㄧˋ ㄩˇ
翕,1,ㄒㄧˋ
隙,1,ㄒㄧˋ
隙縫,1,ㄒㄧˋ ㄈㄥˋ
潟,1,ㄒㄧˋ
戲,1,ㄒㄧˋ
戲班,1,ㄒㄧˋ ㄅㄢ
戲碼,1,ㄒㄧˋ ㄇㄚˇ
戲迷,1,ㄒㄧˋ ㄇㄧˊ
戲法,1,ㄒㄧˋ ㄈㄚˇ
戲臺,1,ㄒㄧˋ ㄊㄞˊ
戲弄,1,ㄒㄧˋ ㄋㄨㄥˋ
戲謔,1,ㄒㄧˋ ㄋㄩㄝˋ
戲路,1,ㄒㄧˋ ㄌㄨˋ
戲劇,1,ㄒㄧˋ ㄐㄩˋ
戲劇性,1,ㄒㄧˋ ㄐㄩˋ ㄒㄧㄥˋ
戲曲,1,ㄒㄧˋ ㄑㄩˇ
戲耍,1,ㄒㄧˋ ㄕㄨㄚˇ
戲水,1,ㄒㄧˋ ㄕㄨㄟˇ
戲子,1,ㄒㄧˋ ㄗ˙
戲言,1,ㄒㄧˋ ㄧㄢˊ
戲園子,1,ㄒㄧˋ ㄩㄢˊ ㄗ˙
戲院,1,ㄒㄧˋ ㄩㄢˋ
鬩,1,ㄒㄧˋ
鬩牆,1,ㄒㄧˋ ㄑㄧㄤˊ
蝦,1,ㄒㄧㄚ
蝦兵蟹將,1,ㄒㄧㄚ ㄅㄧㄥ ㄒㄧㄝˋ ㄐㄧㄤˋ
蝦米,1,ㄒㄧㄚ ㄇㄧˇ
蝦仁,1,ㄒㄧㄚ ㄖㄣˊ
瞎,1,ㄒㄧㄚ
瞎編,1,ㄒㄧㄚ ㄅㄧㄢ
瞎忙,1,ㄒㄧㄚ ㄇㄤˊ
瞎鬧,1,ㄒㄧㄚ ㄋㄠˋ
瞎搞,1,ㄒㄧㄚ ㄍㄠˇ
瞎攪,1,ㄒㄧㄚ ㄐㄧㄠˇ
瞎扯,1,ㄒㄧㄚ ㄔㄜˇ
瞎說,1,ㄒㄧㄚ ㄕㄨㄛ
瞎子,1,ㄒㄧㄚ ㄗ˙
瞎猜,1,ㄒㄧㄚ ㄘㄞ
匣,1,ㄒㄧㄚˊ
匣子,1,ㄒㄧㄚˊ ㄗ˙
呷,1,ㄒㄧㄚˊ
狎,1,ㄒㄧㄚˊ
柙,1,ㄒㄧㄚˊ
俠,1,ㄒㄧㄚˊ
俠盜,1,ㄒㄧㄚˊ ㄉㄠˋ
俠骨柔腸,1,ㄒㄧㄚˊ ㄍㄨˇ ㄖㄡˊ ㄔㄤˊ
俠客,1,ㄒㄧㄚˊ ㄎㄜˋ
俠氣干雲,1,ㄒㄧㄚˊ ㄑㄧˋ ㄍㄢ ㄩㄣˊ
俠士,1,ㄒㄧㄚˊ ㄕˋ
俠義,1,ㄒㄧㄚˊ ㄧˋ
挾,1,ㄒㄧㄚˊ
挾帶,1,ㄒㄧㄚˊ ㄉㄞˋ
挾嫌,1,ㄒㄧㄚˊ ㄒㄧㄢˊ
挾持,1,ㄒㄧㄚˊ ㄔˊ
峽,1,ㄒㄧㄚˊ
峽谷,1,ㄒㄧㄚˊ ㄍㄨˇ
狹,1,ㄒㄧㄚˊ
狹路相逢,1,ㄒㄧㄚˊ ㄌㄨˋ ㄒㄧㄤ ㄈㄥˊ
狹小,1,ㄒㄧㄚˊ ㄒㄧㄠˇ
狹心症,1,ㄒㄧㄚˊ ㄒㄧㄣ ㄓㄥˋ
狹窄,1,ㄒㄧㄚˊ ㄓㄞˇ
狹長,1,ㄒㄧㄚˊ ㄔㄤˊ
狹隘,1,ㄒㄧㄚˊ ㄞˋ
狹義,1,ㄒㄧㄚˊ ㄧˋ
瑕,1,ㄒㄧㄚˊ
瑕不掩瑜,1,ㄒㄧㄚˊ ㄅㄨˋ ㄧㄢˇ ㄩˊ
瑕疵,1,ㄒㄧㄚˊ ㄘ
暇,1,ㄒㄧㄚˊ
遐,1,ㄒㄧㄚˊ
遐想,1,ㄒㄧㄚˊ ㄒㄧㄤˇ
遐思,1,ㄒㄧㄚˊ ㄙ
遐邇,1,ㄒㄧㄚˊ ㄦˇ
霞,1,ㄒㄧㄚˊ
霞光,1,ㄒㄧㄚˊ ㄍㄨㄤ
轄,1,ㄒㄧㄚˊ
轄境,1,ㄒㄧㄚˊ ㄐㄧㄥˋ
轄區,1,ㄒㄧㄚˊ ㄑㄩ
黠,1,ㄒㄧㄚˊ
下,1,ㄒㄧㄚˋ
下巴,1,ㄒㄧㄚˋ ㄅㄚ
下巴,1,ㄒㄧㄚˋ ㄅㄚ˙
下擺,1,ㄒㄧㄚˋ ㄅㄞˇ
下輩子,1,ㄒㄧㄚˋ ㄅㄟˋ ㄗ˙
下班,1,ㄒㄧㄚˋ ㄅㄢ
下半輩子,1,ㄒㄧㄚˋ ㄅㄢˋ ㄅㄟˋ ㄗ˙
下筆,1,ㄒㄧㄚˋ ㄅㄧˇ
下不了臺,1,ㄒㄧㄚˋ ㄅㄨˋ ㄌㄧㄠˇ ㄊㄞˊ
下不為例,1,ㄒㄧㄚˋ ㄅㄨˋ ㄨㄟˊ ㄌㄧˋ
下坡,1,ㄒㄧㄚˋ ㄆㄛ
下聘,1,ㄒㄧㄚˋ ㄆㄧㄥˋ
下馬威,1,ㄒㄧㄚˋ ㄇㄚˇ ㄨㄟ
下面,1,ㄒㄧㄚˋ ㄇㄧㄢˋ
下凡,1,ㄒㄧㄚˋ ㄈㄢˊ
下飯,1,ㄒㄧㄚˋ ㄈㄢˋ
下方,1,ㄒㄧㄚˋ ㄈㄤ
下風,1,ㄒㄧㄚˋ ㄈㄥ
下達,1,ㄒㄧㄚˋ ㄉㄚˊ
下蛋,1,ㄒㄧㄚˋ ㄉㄢˋ
下等,1,ㄒㄧㄚˋ ㄉㄥˇ
下跌,1,ㄒㄧㄚˋ ㄉㄧㄝˊ
下定,1,ㄒㄧㄚˋ ㄉㄧㄥˋ
下毒,1,ㄒㄧㄚˋ ㄉㄨˊ
下榻,1,ㄒㄧㄚˋ ㄊㄚˋ
下臺,1,ㄒㄧㄚˋ ㄊㄞˊ
下頭,1,ㄒㄧㄚˋ ㄊㄡ˙
下體,1,ㄒㄧㄚˋ ㄊㄧˇ
下田,1,ㄒㄧㄚˋ ㄊㄧㄢˊ
下來,1,ㄒㄧㄚˋ ㄌㄞˊ
下樓,1,ㄒㄧㄚˋ ㄌㄡˊ
下列,1,ㄒㄧㄚˋ ㄌㄧㄝˋ
下流,1,ㄒㄧㄚˋ ㄌㄧㄡˊ
下令,1,ㄒㄧㄚˋ ㄌㄧㄥˋ
下落,1,ㄒㄧㄚˋ ㄌㄨㄛˋ
下鍋,1,ㄒㄧㄚˋ ㄍㄨㄛ
下跪,1,ㄒㄧㄚˋ ㄍㄨㄟˋ
下工,1,ㄒㄧㄚˋ ㄍㄨㄥ
下工夫,1,ㄒㄧㄚˋ ㄍㄨㄥ ㄈㄨ˙
下功夫,1,ㄒㄧㄚˋ ㄍㄨㄥ ㄈㄨ˙
下課,1,ㄒㄧㄚˋ ㄎㄜˋ
下海,1,ㄒㄧㄚˋ ㄏㄞˇ
下滑,1,ㄒㄧㄚˋ ㄏㄨㄚˊ
下回,1,ㄒㄧㄚˋ ㄏㄨㄟˊ
下賤,1,ㄒㄧㄚˋ ㄐㄧㄢˋ
下降,1,ㄒㄧㄚˋ ㄐㄧㄤˋ
下棋,1,ㄒㄧㄚˋ ㄑㄧˊ
下情,1,ㄒㄧㄚˋ ㄑㄧㄥˊ
下去,1,ㄒㄧㄚˋ ㄑㄩˋ
下瀉,1,ㄒㄧㄚˋ ㄒㄧㄝˋ
下弦,1,ㄒㄧㄚˋ ㄒㄧㄢˊ
下限,1,ㄒㄧㄚˋ ㄒㄧㄢˋ
下陷,1,ㄒㄧㄚˋ ㄒㄧㄢˋ
下鄉,1,ㄒㄧㄚˋ ㄒㄧㄤ
下行,1,ㄒㄧㄚˋ ㄒㄧㄥˊ
下學,1,ㄒㄧㄚˋ ㄒㄩㄝˊ
下雪,1,ㄒㄧㄚˋ ㄒㄩㄝˇ
下旬,1,ㄒㄧㄚˋ ㄒㄩㄣˊ
下肢,1,ㄒㄧㄚˋ ㄓ
下詔,1,ㄒㄧㄚˋ ㄓㄠˋ
下注,1,ㄒㄧㄚˋ ㄓㄨˋ
下墜,1,ㄒㄧㄚˋ ㄓㄨㄟˋ
下車,1,ㄒㄧㄚˋ ㄔㄜ
下沉,1,ㄒㄧㄚˋ ㄔㄣˊ
下場,1,ㄒㄧㄚˋ ㄔㄤˇ
下廚,1,ㄒㄧㄚˋ ㄔㄨˊ
下垂,1,ㄒㄧㄚˋ ㄔㄨㄟˊ
下手,1,ㄒㄧㄚˋ ㄕㄡˇ
下山,1,ㄒㄧㄚˋ ㄕㄢ
下身,1,ㄒㄧㄚˋ ㄕㄣ
下屬,1,ㄒㄧㄚˋ ㄕㄨˇ
下水,1,ㄒㄧㄚˋ ㄕㄨㄟˇ
下水,1,ㄒㄧㄚˋ ㄕㄨㄟ˙
下水道,1,ㄒㄧㄚˋ ㄕㄨㄟˇ ㄉㄠˋ
下人,1,ㄒㄧㄚˋ ㄖㄣˊ
下葬,1,ㄒㄧㄚˋ ㄗㄤˋ
下次,1,ㄒㄧㄚˋ ㄘˋ
下策,1,ㄒㄧㄚˋ ㄘㄜˋ
下挫,1,ㄒㄧㄚˋ ㄘㄨㄛˋ
下三濫,1,ㄒㄧㄚˋ ㄙㄢ ㄌㄢˋ
下顎,1,ㄒㄧㄚˋ ㄜˋ
下意識,1,ㄒㄧㄚˋ ㄧˋ ㄕˋ
下野,1,ㄒㄧㄚˋ ㄧㄝˇ
下藥,1,ㄒㄧㄚˋ ㄧㄠˋ
下游,1,ㄒㄧㄚˋ ㄧㄡˊ
下午,1,ㄒㄧㄚˋ ㄨˇ
下午茶,1,ㄒㄧㄚˋ ㄨˇ ㄔㄚˊ
下文,1,ㄒㄧㄚˋ ㄨㄣˊ
下網,1,ㄒㄧㄚˋ ㄨㄤˇ
下雨,1,ㄒㄧㄚˋ ㄩˇ
下獄,1,ㄒㄧㄚˋ ㄩˋ
下元,1,ㄒㄧㄚˋ ㄩㄢˊ
夏,1,ㄒㄧㄚˋ
夏天,1,ㄒㄧㄚˋ ㄊㄧㄢ
夏令,1,ㄒㄧㄚˋ ㄌㄧㄥˋ
夏令時間,1,ㄒㄧㄚˋ ㄌㄧㄥˋ ㄕˊ ㄐㄧㄢ
夏令營,1,ㄒㄧㄚˋ ㄌㄧㄥˋ ㄧㄥˊ
夏季,1,ㄒㄧㄚˋ ㄐㄧˋ
夏至,1,ㄒㄧㄚˋ ㄓˋ
夏裝,1,ㄒㄧㄚˋ ㄓㄨㄤ
廈,1,ㄒㄧㄚˋ
諕,1,ㄒㄧㄚˋ
嚇,1,ㄒㄧㄚˋ
嚇唬,1,ㄒㄧㄚˋ ㄏㄨˇ
嚇壞,1,ㄒㄧㄚˋ ㄏㄨㄞˋ
嚇一跳,1,ㄒㄧㄚˋ ㄧ ㄊㄧㄠˋ
嚇一跳,1,ㄒㄧㄚˋ ㄧˊ ㄊㄧㄠˋ
罅,1,ㄒㄧㄚˋ
些,1,ㄒㄧㄝ
些須,1,ㄒㄧㄝ ㄒㄩ
些許,1,ㄒㄧㄝ ㄒㄩˇ
些微,1,ㄒㄧㄝ ㄨㄟˊ
楔,1,ㄒㄧㄝ
楔子,1,ㄒㄧㄝ ㄗ˙
歇,1,ㄒㄧㄝ
歇後語,1,ㄒㄧㄝ ㄏㄡˋ ㄩˇ
歇腳,1,ㄒㄧㄝ ㄐㄧㄠˇ
歇息,1,ㄒㄧㄝ ㄒㄧˊ
歇手,1,ㄒㄧㄝ ㄕㄡˇ
歇斯底里,1,ㄒㄧㄝ ㄙ ㄉㄧˇ ㄌㄧˇ
歇業,1,ㄒㄧㄝ ㄧㄝˋ
蠍,1,ㄒㄧㄝ
邪,1,ㄒㄧㄝˊ
邪不勝正,1,ㄒㄧㄝˊ ㄅㄨˋ ㄕㄥˋ ㄓㄥˋ
邪不勝正,1,ㄒㄧㄝˊ ㄅㄨˊ ㄕㄥˋ ㄓㄥˋ
邪魔,1,ㄒㄧㄝˊ ㄇㄛˊ
邪魔外道,1,ㄒㄧㄝˊ ㄇㄛˊ ㄨㄞˋ ㄉㄠˋ
邪門,1,ㄒㄧㄝˊ ㄇㄣˊ
邪念,1,ㄒㄧㄝˊ ㄋㄧㄢˋ
邪教,1,ㄒㄧㄝˊ ㄐㄧㄠˋ
邪氣,1,ㄒㄧㄝˊ ㄑㄧˋ
邪說,1,ㄒㄧㄝˊ ㄕㄨㄛ
邪惡,1,ㄒㄧㄝˊ ㄜˋ
協,1,ㄒㄧㄝˊ
協辦,1,ㄒㄧㄝˊ ㄅㄢˋ
協防,1,ㄒㄧㄝˊ ㄈㄤˊ
協定,1,ㄒㄧㄝˊ ㄉㄧㄥˋ
協調,1,ㄒㄧㄝˊ ㄊㄧㄠˊ
協同,1,ㄒㄧㄝˊ ㄊㄨㄥˊ
協理,1,ㄒㄧㄝˊ ㄌㄧˇ
協力,1,ㄒㄧㄝˊ ㄌㄧˋ
協力車,1,ㄒㄧㄝˊ ㄌㄧˋ ㄔㄜ
協會,1,ㄒㄧㄝˊ ㄏㄨㄟˋ
協助,1,ㄒㄧㄝˊ ㄓㄨˋ
協商,1,ㄒㄧㄝˊ ㄕㄤ
協奏曲,1,ㄒㄧㄝˊ ㄗㄡˋ ㄑㄩˇ
協議,1,ㄒㄧㄝˊ ㄧˋ
協約,1,ㄒㄧㄝˊ ㄩㄝ
脅,1,ㄒㄧㄝˊ
脅逼,1,ㄒㄧㄝˊ ㄅㄧ
脅迫,1,ㄒㄧㄝˊ ㄆㄛˋ
脅持,1,ㄒㄧㄝˊ ㄔˊ
勰,1,ㄒㄧㄝˊ
偕,1,ㄒㄧㄝˊ
偕同,1,ㄒㄧㄝˊ ㄊㄨㄥˊ
諧,1,ㄒㄧㄝˊ
諧和,1,ㄒㄧㄝˊ ㄏㄜˊ
諧趣,1,ㄒㄧㄝˊ ㄑㄩˋ
諧音,1,ㄒㄧㄝˊ ㄧㄣ
斜,1,ㄒㄧㄝˊ
斜邊,1,ㄒㄧㄝˊ ㄅㄧㄢ
斜坡,1,ㄒㄧㄝˊ ㄆㄛ
斜風細雨,1,ㄒㄧㄝˊ ㄈㄥ ㄒㄧˋ ㄩˇ
斜度,1,ㄒㄧㄝˊ ㄉㄨˋ
斜睨,1,ㄒㄧㄝˊ ㄋㄧˋ
斜角,1,ㄒㄧㄝˊ ㄐㄧㄠˇ
斜線,1,ㄒㄧㄝˊ ㄒㄧㄢˋ
斜陽,1,ㄒㄧㄝˊ ㄧㄤˊ
斜視,1,ㄒㄧㄝˊ ㄕˋ
斜紋,1,ㄒㄧㄝˊ ㄨㄣˊ
絜,1,ㄒㄧㄝˊ
頡,1,ㄒㄧㄝˊ
頡頏,1,ㄒㄧㄝˊ ㄏㄤˊ
鞋,1,ㄒㄧㄝˊ
鞋拔子,1,ㄒㄧㄝˊ ㄅㄚˊ ㄗ˙
鞋幫,1,ㄒㄧㄝˊ ㄅㄤ
鞋底,1,ㄒㄧㄝˊ ㄉㄧˇ
鞋墊,1,ㄒㄧㄝˊ ㄉㄧㄢˋ
鞋類,1,ㄒㄧㄝˊ ㄌㄟˋ
鞋匠,1,ㄒㄧㄝˊ ㄐㄧㄤˋ
鞋子,1,ㄒㄧㄝˊ ㄗ˙
血,1,ㄒㄧㄝˇ
血泊,1,ㄒㄧㄝˇ ㄅㄛˊ
血本,1,ㄒㄧㄝˇ ㄅㄣˇ
血本無歸,1,ㄒㄧㄝˇ ㄅㄣˇ ㄨˊ ㄍㄨㄟ
血崩,1,ㄒㄧㄝˇ ㄅㄥ
血盆大口,1,ㄒㄧㄝˇ ㄆㄣˊ ㄉㄚˋ ㄎㄡˇ
血脈,1,ㄒㄧㄝˇ ㄇㄞˋ
血糖,1,ㄒㄧㄝˇ ㄊㄤˊ
血統,1,ㄒㄧㄝˇ ㄊㄨㄥˇ
血濃於水,1,ㄒㄧㄝˇ ㄋㄨㄥˊ ㄩˊ ㄕㄨㄟˇ
血淚,1,ㄒㄧㄝˇ ㄌㄟˋ
血流如注,1,ㄒㄧㄝˇ ㄌㄧㄡˊ ㄖㄨˊ ㄓㄨˋ
血淋淋,1,ㄒㄧㄝˇ ㄌㄧㄣˊ ㄌㄧㄣˊ
血管,1,ㄒㄧㄝˇ ㄍㄨㄢˇ
血口噴人,1,ㄒㄧㄝˇ ㄎㄡˇ ㄆㄣ ㄖㄣˊ
血庫,1,ㄒㄧㄝˇ ㄎㄨˋ
血塊,1,ㄒㄧㄝˇ ㄎㄨㄞˋ
血海深仇,1,ㄒㄧㄝˇ ㄏㄞˇ ㄕㄣ ㄔㄡˊ
血汗,1,ㄒㄧㄝˇ ㄏㄢˋ
血跡,1,ㄒㄧㄝˇ ㄐㄧ
血漿,1,ㄒㄧㄝˇ ㄐㄧㄤ
血氣,1,ㄒㄧㄝˇ ㄑㄧˋ
血氣方剛,1,ㄒㄧㄝˇ ㄑㄧˋ ㄈㄤ ㄍㄤ
血氣之勇,1,ㄒㄧㄝˇ ㄑㄧˋ ㄓ ㄩㄥˇ
血球,1,ㄒㄧㄝˇ ㄑㄧㄡˊ
血親,1,ㄒㄧㄝˇ ㄑㄧㄣ
血清,1,ㄒㄧㄝˇ ㄑㄧㄥ
血小板,1,ㄒㄧㄝˇ ㄒㄧㄠˇ ㄅㄢˇ
血腥,1,ㄒㄧㄝˇ ㄒㄧㄥ
血型,1,ㄒㄧㄝˇ ㄒㄧㄥˊ
血性,1,ㄒㄧㄝˇ ㄒㄧㄥˋ
血債,1,ㄒㄧㄝˇ ㄓㄞˋ
血債血還,1,ㄒㄧㄝˇ ㄓㄞˋ ㄒㄧㄝˇ ㄏㄨㄢˊ
血戰,1,ㄒㄧㄝˇ ㄓㄢˋ
血書,1,ㄒㄧㄝˇ ㄕㄨ
血栓,1,ㄒㄧㄝˇ ㄕㄨㄢ
血肉,1,ㄒㄧㄝˇ ㄖㄡˋ
血肉相連,1,ㄒㄧㄝˇ ㄖㄡˋ ㄒㄧㄤ ㄌㄧㄢˊ
血肉之軀,1,ㄒㄧㄝˇ ㄖㄡˋ ㄓ ㄑㄩ
血絲,1,ㄒㄧㄝˇ ㄙ
血癌,1,ㄒㄧㄝˇ ㄞˊ
血案,1,ㄒㄧㄝˇ ㄢˋ
血衣,1,ㄒㄧㄝˇ ㄧ
血壓,1,ㄒㄧㄝˇ ㄧㄚ
血壓計,1,ㄒㄧㄝˇ ㄧㄚ ㄐㄧˋ
血液,1,ㄒㄧㄝˇ ㄧㄝˋ
血友病,1,ㄒㄧㄝˇ ㄧㄡˇ ㄅㄧㄥˋ
血緣,1,ㄒㄧㄝˇ ㄩㄢˊ
寫,1,ㄒㄧㄝˇ
寫本,1,ㄒㄧㄝˇ ㄅㄣˇ
寫照,1,ㄒㄧㄝˇ ㄓㄠˋ
寫真,1,ㄒㄧㄝˇ ㄓㄣ
寫實,1,ㄒㄧㄝˇ ㄕˊ
寫生,1,ㄒㄧㄝˇ ㄕㄥ
寫字樓,1,ㄒㄧㄝˇ ㄗˋ ㄌㄡˊ
寫作,1,ㄒㄧㄝˇ ㄗㄨㄛˋ
寫意,1,ㄒㄧㄝˇ ㄧˋ
泄,1,ㄒㄧㄝˋ
泄露,1,ㄒㄧㄝˋ ㄌㄨˋ
泄洪,1,ㄒㄧㄝˋ ㄏㄨㄥˊ
渫,1,ㄒㄧㄝˋ
卸,1,ㄒㄧㄝˋ
卸貨,1,ㄒㄧㄝˋ ㄏㄨㄛˋ
卸下,1,ㄒㄧㄝˋ ㄒㄧㄚˋ
卸妝,1,ㄒㄧㄝˋ ㄓㄨㄤ
卸除,1,ㄒㄧㄝˋ ㄔㄨˊ
卸任,1,ㄒㄧㄝˋ ㄖㄣˋ
卸責,1,ㄒㄧㄝˋ ㄗㄜˊ
洩,1,ㄒㄧㄝˋ
洩密,1,ㄒㄧㄝˋ ㄇㄧˋ
洩憤,1,ㄒㄧㄝˋ ㄈㄣˋ
洩底,1,ㄒㄧㄝˋ ㄉㄧˇ
洩漏,1,ㄒㄧㄝˋ ㄌㄡˋ
洩露,1,ㄒㄧㄝˋ ㄌㄨˋ
洩恨,1,ㄒㄧㄝˋ ㄏㄣˋ
洩洪,1,ㄒㄧㄝˋ ㄏㄨㄥˊ
洩氣,1,ㄒㄧㄝˋ ㄑㄧˋ
契,1,ㄒㄧㄝˋ
屑,1,ㄒㄧㄝˋ
械,1,ㄒㄧㄝˋ
械鬥,1,ㄒㄧㄝˋ ㄉㄡˋ
械彈,1,ㄒㄧㄝˋ ㄉㄢˋ
解,1,ㄒㄧㄝˋ
解縣,1,ㄒㄧㄝˋ ㄒㄧㄢˋ
懈,1,ㄒㄧㄝˋ
懈怠,1,ㄒㄧㄝˋ ㄉㄞˋ
邂,1,ㄒㄧㄝˋ
邂逅,1,ㄒㄧㄝˋ ㄏㄡˋ
蟹,1,ㄒㄧㄝˋ
蟹黃,1,ㄒㄧㄝˋ ㄏㄨㄤˊ
榭,1,ㄒㄧㄝˋ
謝,1,ㄒㄧㄝˋ
謝票,1,ㄒㄧㄝˋ ㄆㄧㄠˋ
謝幕,1,ㄒㄧㄝˋ ㄇㄨˋ
謝天謝地,1,ㄒㄧㄝˋ ㄊㄧㄢ ㄒㄧㄝˋ ㄉㄧˋ
謝客,1,ㄒㄧㄝˋ ㄎㄜˋ
謝絕,1,ㄒㄧㄝˋ ㄐㄩㄝˊ
謝忱,1,ㄒㄧㄝˋ ㄔㄣˊ
謝師宴,1,ㄒㄧㄝˋ ㄕ ㄧㄢˋ
謝世,1,ㄒㄧㄝˋ ㄕˋ
謝神,1,ㄒㄧㄝˋ ㄕㄣˊ
謝罪,1,ㄒㄧㄝˋ ㄗㄨㄟˋ
謝辭,1,ㄒㄧㄝˋ ㄘˊ
謝意,1,ㄒㄧㄝˋ ㄧˋ
燮,1,ㄒㄧㄝˋ
褻,1,ㄒㄧㄝˋ
褻瀆,1,ㄒㄧㄝˋ ㄉㄨˊ
褻衣,1,ㄒㄧㄝˋ ㄧ
薤,1,ㄒㄧㄝˋ
瀣,1,ㄒㄧㄝˋ
瀉,1,ㄒㄧㄝˋ
削,1,ㄒㄧㄠ
削價,1,ㄒㄧㄠ ㄐㄧㄚˋ
消,1,ㄒㄧㄠ
消磨,1,ㄒㄧㄠ ㄇㄛˊ
消弭,1,ㄒㄧㄠ ㄇㄧˇ
消滅,1,ㄒㄧㄠ ㄇㄧㄝˋ
消費,1,ㄒㄧㄠ ㄈㄟˋ
消費品,1,ㄒㄧㄠ ㄈㄟˋ ㄆㄧㄣˇ
消費者,1,ㄒㄧㄠ ㄈㄟˋ ㄓㄜˇ
消費者保護法,1,ㄒㄧㄠ ㄈㄟˋ ㄓㄜˇ ㄅㄠˇ ㄏㄨˋ ㄈㄚˇ
消費者運動,1,ㄒㄧㄠ ㄈㄟˋ ㄓㄜˇ ㄩㄣˋ ㄉㄨㄥˋ
消防,1,ㄒㄧㄠ ㄈㄤˊ
消防隊,1,ㄒㄧㄠ ㄈㄤˊ ㄉㄨㄟˋ
消防車,1,ㄒㄧㄠ ㄈㄤˊ ㄔㄜ
消防栓,1,ㄒㄧㄠ ㄈㄤˊ ㄕㄨㄢ
消毒,1,ㄒㄧㄠ ㄉㄨˊ
消渴症,1,ㄒㄧㄠ ㄎㄜˇ ㄓㄥˋ
消耗,1,ㄒㄧㄠ ㄏㄠˋ
消化,1,ㄒㄧㄠ ㄏㄨㄚˋ
消化器官,1,ㄒㄧㄠ ㄏㄨㄚˋ ㄑㄧˋ ㄍㄨㄢ
消火氣,1,ㄒㄧㄠ ㄏㄨㄛˇ ㄑㄧˋ
消魂,1,ㄒㄧㄠ ㄏㄨㄣˊ
消極,1,ㄒㄧㄠ ㄐㄧˊ
消氣,1,ㄒㄧㄠ ㄑㄧˋ
消遣,1,ㄒㄧㄠ ㄑㄧㄢˇ
消息,1,ㄒㄧㄠ ㄒㄧˊ
消閒,1,ㄒㄧㄠ ㄒㄧㄢˊ
消長,1,ㄒㄧㄠ ㄓㄤˇ
消沉,1,ㄒㄧㄠ ㄔㄣˊ
消除,1,ㄒㄧㄠ ㄔㄨˊ
消失,1,ㄒㄧㄠ ㄕ
消逝,1,ㄒㄧㄠ ㄕˋ
消受,1,ㄒㄧㄠ ㄕㄡˋ
消瘦,1,ㄒㄧㄠ ㄕㄡˋ
消聲匿跡,1,ㄒㄧㄠ ㄕㄥ ㄋㄧˋ ㄐㄧ
消暑,1,ㄒㄧㄠ ㄕㄨˇ
消災,1,ㄒㄧㄠ ㄗㄞ
消夜,1,ㄒㄧㄠ ㄧㄝˋ
消炎,1,ㄒㄧㄠ ㄧㄢˊ
消音,1,ㄒㄧㄠ ㄧㄣ
宵,1,ㄒㄧㄠ
宵禁,1,ㄒㄧㄠ ㄐㄧㄣˋ
宵小,1,ㄒㄧㄠ ㄒㄧㄠˇ
宵夜,1,ㄒㄧㄠ ㄧㄝˋ
逍,1,ㄒㄧㄠ
逍遙,1,ㄒㄧㄠ ㄧㄠˊ
逍遙法外,1,ㄒㄧㄠ ㄧㄠˊ ㄈㄚˇ ㄨㄞˋ
逍遙自在,1,ㄒㄧㄠ ㄧㄠˊ ㄗˋ ㄗㄞˋ
硝,1,ㄒㄧㄠ
硝酸,1,ㄒㄧㄠ ㄙㄨㄢ
綃,1,ㄒㄧㄠ
霄,1,ㄒㄧㄠ
霄漢,1,ㄒㄧㄠ ㄏㄢˋ
霄壤之別,1,ㄒㄧㄠ ㄖㄤˇ ㄓ ㄅㄧㄝˊ
銷,1,ㄒㄧㄠ
銷路,1,ㄒㄧㄠ ㄌㄨˋ
銷毀,1,ㄒㄧㄠ ㄏㄨㄟˇ
銷魂,1,ㄒㄧㄠ ㄏㄨㄣˊ
銷假,1,ㄒㄧㄠ ㄐㄧㄚˋ
銷金窟,1,ㄒㄧㄠ ㄐㄧㄣ ㄎㄨ
銷售,1,ㄒㄧㄠ ㄕㄡˋ
銷售一空,1,ㄒㄧㄠ ㄕㄡˋ ㄧ ㄎㄨㄥ
銷聲匿跡,1,ㄒㄧㄠ ㄕㄥ ㄋㄧˋ ㄐㄧ
銷案,1,ㄒㄧㄠ ㄢˋ
哮,1,ㄒㄧㄠ
哮喘,1,ㄒㄧㄠ ㄔㄨㄢˇ
梟,1,ㄒㄧㄠ
梟雄,1,ㄒㄧㄠ ㄒㄩㄥˊ
蕭,1,ㄒㄧㄠ
蕭條,1,ㄒㄧㄠ ㄊㄧㄠˊ
蕭規曹隨,1,ㄒㄧㄠ ㄍㄨㄟ ㄘㄠˊ ㄙㄨㄟˊ
蕭蕭,1,ㄒㄧㄠ ㄒㄧㄠ
蕭颯,1,ㄒㄧㄠ ㄙㄚˋ
蕭瑟,1,ㄒㄧㄠ ㄙㄜˋ
簫,1,ㄒㄧㄠ
瀟,1,ㄒㄧㄠ
瀟灑,1,ㄒㄧㄠ ㄙㄚˇ
鴞,1,ㄒㄧㄠ
囂,1,ㄒㄧㄠ
囂張,1,ㄒㄧㄠ ㄓㄤ
驍,1,ㄒㄧㄠ
驍勇,1,ㄒㄧㄠ ㄩㄥˇ
小,1,ㄒㄧㄠˇ
小把戲,1,ㄒㄧㄠˇ ㄅㄚˇ ㄒㄧˋ
小白臉,1,ㄒㄧㄠˇ ㄅㄞˊ ㄌㄧㄢˇ
小白菜,1,ㄒㄧㄠˇ ㄅㄞˊ ㄘㄞˋ
小本經營,1,ㄒㄧㄠˇ ㄅㄣˇ ㄐㄧㄥ ㄧㄥˊ
小本生意,1,ㄒㄧㄠˇ ㄅㄣˇ ㄕㄥ ㄧ˙
小便,1,ㄒㄧㄠˇ ㄅㄧㄢˋ
小辮子,1,ㄒㄧㄠˇ ㄅㄧㄢˋ ㄗ˙
小不點,1,ㄒㄧㄠˇ ㄅㄨˋ ㄉㄧㄢˇ
小步舞,1,ㄒㄧㄠˇ ㄅㄨˋ ㄨˇ
小品,1,ㄒㄧㄠˇ ㄆㄧㄣˇ
小品文,1,ㄒㄧㄠˇ ㄆㄧㄣˇ ㄨㄣˊ
小買賣,1,ㄒㄧㄠˇ ㄇㄞˇ ㄇㄞˋ
小麥,1,ㄒㄧㄠˇ ㄇㄞˋ
小妹,1,ㄒㄧㄠˇ ㄇㄟˋ
小毛頭,1,ㄒㄧㄠˇ ㄇㄠˊ ㄊㄡ˙
小滿,1,ㄒㄧㄠˇ ㄇㄢˇ
小名,1,ㄒㄧㄠˇ ㄇㄧㄥˊ
小費,1,ㄒㄧㄠˇ ㄈㄟˋ
小販,1,ㄒㄧㄠˇ ㄈㄢˋ
小腹,1,ㄒㄧㄠˇ ㄈㄨˋ
小道消息,1,ㄒㄧㄠˇ ㄉㄠˋ ㄒㄧㄠ ㄒㄧˊ
小弟,1,ㄒㄧㄠˇ ㄉㄧˋ
小調,1,ㄒㄧㄠˇ ㄉㄧㄠˋ
小動作,1,ㄒㄧㄠˇ ㄉㄨㄥˋ ㄗㄨㄛˋ
小偷,1,ㄒㄧㄠˇ ㄊㄡ
小提琴,1,ㄒㄧㄠˇ ㄊㄧˊ ㄑㄧㄣˊ
小題大作,1,ㄒㄧㄠˇ ㄊㄧˊ ㄉㄚˋ ㄗㄨㄛˋ
小腿,1,ㄒㄧㄠˇ ㄊㄨㄟˇ
小腦,1,ㄒㄧㄠˇ ㄋㄠˇ
小妮子,1,ㄒㄧㄠˇ ㄋㄧˊ ㄗ˙
小鳥依人,1,ㄒㄧㄠˇ ㄋㄧㄠˇ ㄧ ㄖㄣˊ
小女,1,ㄒㄧㄠˇ ㄋㄩˇ
小老婆,1,ㄒㄧㄠˇ ㄌㄠˇ ㄆㄛˊ
小留學生,1,ㄒㄧㄠˇ ㄌㄧㄡˊ ㄒㄩㄝˊ ㄕㄥ
小倆口,1,ㄒㄧㄠˇ ㄌㄧㄤˇ ㄎㄡˇ
小姑,1,ㄒㄧㄠˇ ㄍㄨ
小姑獨處,1,ㄒㄧㄠˇ ㄍㄨ ㄉㄨˊ ㄔㄨˇ
小鬼,1,ㄒㄧㄠˇ ㄍㄨㄟˇ
小工,1,ㄒㄧㄠˇ ㄍㄨㄥ
小開,1,ㄒㄧㄠˇ ㄎㄞ
小楷,1,ㄒㄧㄠˇ ㄎㄞˇ
小考,1,ㄒㄧㄠˇ ㄎㄠˇ
小看,1,ㄒㄧㄠˇ ㄎㄢˋ
小康,1,ㄒㄧㄠˇ ㄎㄤ
小號,1,ㄒㄧㄠˇ ㄏㄠˋ
小寒,1,ㄒㄧㄠˇ ㄏㄢˊ
小伙子,1,ㄒㄧㄠˇ ㄏㄨㄛˇ ㄗ˙
小夥子,1,ㄒㄧㄠˇ ㄏㄨㄛˇ ㄗ˙
小家碧玉,1,ㄒㄧㄠˇ ㄐㄧㄚ ㄅㄧˋ ㄩˋ
小家庭,1,ㄒㄧㄠˇ ㄐㄧㄚ ㄊㄧㄥˊ
小節,1,ㄒㄧㄠˇ ㄐㄧㄝˊ
小姐,1,ㄒㄧㄠˇ ㄐㄧㄝˇ
小解,1,ㄒㄧㄠˇ ㄐㄧㄝˇ
小舅子,1,ㄒㄧㄠˇ ㄐㄧㄡˋ ㄗ˙
小徑,1,ㄒㄧㄠˇ ㄐㄧㄥˋ
小氣,1,ㄒㄧㄠˇ ㄑㄧˋ
小器,1,ㄒㄧㄠˇ ㄑㄧˋ
小憩,1,ㄒㄧㄠˇ ㄑㄧˋ
小巧,1,ㄒㄧㄠˇ ㄑㄧㄠˇ
小巧玲瓏,1,ㄒㄧㄠˇ ㄑㄧㄠˇ ㄌㄧㄥˊ ㄌㄨㄥˊ
小圈子,1,ㄒㄧㄠˇ ㄑㄩㄢ ㄗ˙
小犬,1,ㄒㄧㄠˇ ㄑㄩㄢˇ
小心,1,ㄒㄧㄠˇ ㄒㄧㄣ
小心翼翼,1,ㄒㄧㄠˇ ㄒㄧㄣ ㄧˋ ㄧˋ
小心眼,1,ㄒㄧㄠˇ ㄒㄧㄣ ㄧㄢˇ
小型,1,ㄒㄧㄠˇ ㄒㄧㄥˊ
小學,1,ㄒㄧㄠˇ ㄒㄩㄝˊ
小學生,1,ㄒㄧㄠˇ ㄒㄩㄝˊ ㄕㄥ
小雪,1,ㄒㄧㄠˇ ㄒㄩㄝˇ
小選區,1,ㄒㄧㄠˇ ㄒㄩㄢˇ ㄑㄩ
小兄弟,1,ㄒㄧㄠˇ ㄒㄩㄥ ㄉㄧˋ
小指,1,ㄒㄧㄠˇ ㄓˇ
小酌,1,ㄒㄧㄠˇ ㄓㄨㄛˊ
小傳,1,ㄒㄧㄠˇ ㄓㄨㄢˋ
小篆,1,ㄒㄧㄠˇ ㄓㄨㄢˋ
小吃,1,ㄒㄧㄠˇ ㄔ
小抄,1,ㄒㄧㄠˇ ㄔㄠ
小丑,1,ㄒㄧㄠˇ ㄔㄡˇ
小腸,1,ㄒㄧㄠˇ ㄔㄤˊ
小時,1,ㄒㄧㄠˇ ㄕˊ
小時了了大未必佳,1,ㄒㄧㄠˇ ㄕˊ ㄌㄧㄠˇ ㄌㄧㄠˇ ㄉㄚˋ ㄨㄟˋ ㄅㄧˋ ㄐㄧㄚ
小時候,1,ㄒㄧㄠˇ ㄕˊ ㄏㄡˋ
小生,1,ㄒㄧㄠˇ ㄕㄥ
小叔,1,ㄒㄧㄠˇ ㄕㄨˊ
小暑,1,ㄒㄧㄠˇ ㄕㄨˇ
小數,1,ㄒㄧㄠˇ ㄕㄨˋ
小數點,1,ㄒㄧㄠˇ ㄕㄨˋ ㄉㄧㄢˇ
小說家,1,ㄒㄧㄠˇ ㄕㄨㄛ ㄐㄧㄚ
小睡,1,ㄒㄧㄠˇ ㄕㄨㄟˋ
小人,1,ㄒㄧㄠˇ ㄖㄣˊ
小人得志,1,ㄒㄧㄠˇ ㄖㄣˊ ㄉㄜˊ ㄓˋ
小人物,1,ㄒㄧㄠˇ ㄖㄣˊ ㄨˋ
小子,1,ㄒㄧㄠˇ ㄗˇ
小子,1,ㄒㄧㄠˇ ㄗ˙
小組,1,ㄒㄧㄠˇ ㄗㄨˇ
小菜,1,ㄒㄧㄠˇ ㄘㄞˋ
小聰明,1,ㄒㄧㄠˇ ㄘㄨㄥ ㄇㄧㄥˊ
小廝,1,ㄒㄧㄠˇ ㄙ
小蘇打,1,ㄒㄧㄠˇ ㄙㄨ ㄉㄚˇ
小算盤,1,ㄒㄧㄠˇ ㄙㄨㄢˋ ㄆㄢˊ
小額,1,ㄒㄧㄠˇ ㄜˊ
小兒,1,ㄒㄧㄠˇ ㄦˊ
小兒麻痺症,1,ㄒㄧㄠˇ ㄦˊ ㄇㄚˊ ㄅㄧˋ ㄓㄥˋ
小兒科,1,ㄒㄧㄠˇ ㄦˊ ㄎㄜ
小二,1,ㄒㄧㄠˇ ㄦˋ
小姨子,1,ㄒㄧㄠˇ ㄧˊ ㄗ˙
小意思,1,ㄒㄧㄠˇ ㄧˋ ㄙ˙
小夜班,1,ㄒㄧㄠˇ ㄧㄝˋ ㄅㄢ
小夜曲,1,ㄒㄧㄠˇ ㄧㄝˋ ㄑㄩˇ
小巫見大巫,1,ㄒㄧㄠˇ ㄨ ㄐㄧㄢˋ ㄉㄚˋ ㄨ
小我,1,ㄒㄧㄠˇ ㄨㄛˇ
小月,1,ㄒㄧㄠˇ ㄩㄝˋ
筱,1,ㄒㄧㄠˇ
篠,1,ㄒㄧㄠˇ
曉,1,ㄒㄧㄠˇ
曉得,1,ㄒㄧㄠˇ ㄉㄜ˙
曉以大義,1,ㄒㄧㄠˇ ㄧˇ ㄉㄚˋ ㄧˋ
謏,1,ㄒㄧㄠˇ
孝,1,ㄒㄧㄠˋ
孝服,1,ㄒㄧㄠˋ ㄈㄨˊ
孝道,1,ㄒㄧㄠˋ ㄉㄠˋ
孝悌,1,ㄒㄧㄠˋ ㄊㄧˋ
孝敬,1,ㄒㄧㄠˋ ㄐㄧㄥˋ
孝親,1,ㄒㄧㄠˋ ㄑㄧㄣ
孝心,1,ㄒㄧㄠˋ ㄒㄧㄣ
孝順,1,ㄒㄧㄠˋ ㄕㄨㄣˋ
孝子,1,ㄒㄧㄠˋ ㄗˇ
孝思,1,ㄒㄧㄠˋ ㄙ
酵,1,ㄒㄧㄠˋ
酵母,1,ㄒㄧㄠˋ ㄇㄨˇ
酵母菌,1,ㄒㄧㄠˋ ㄇㄨˇ ㄐㄩㄣˋ
酵素,1,ㄒㄧㄠˋ ㄙㄨˋ
肖,1,ㄒㄧㄠˋ
肖像,1,ㄒㄧㄠˋ ㄒㄧㄤˋ
效,1,ㄒㄧㄠˋ
效顰,1,ㄒㄧㄠˋ ㄆㄧㄣˊ
效命,1,ㄒㄧㄠˋ ㄇㄧㄥˋ
效法,1,ㄒㄧㄠˋ ㄈㄚˇ
效能,1,ㄒㄧㄠˋ ㄋㄥˊ
效勞,1,ㄒㄧㄠˋ ㄌㄠˊ
效力,1,ㄒㄧㄠˋ ㄌㄧˋ
效率,1,ㄒㄧㄠˋ ㄌㄩˋ
效果,1,ㄒㄧㄠˋ ㄍㄨㄛˇ
效忠,1,ㄒㄧㄠˋ ㄓㄨㄥ
效益,1,ㄒㄧㄠˋ ㄧˋ
效尤,1,ㄒㄧㄠˋ ㄧㄡˊ
效應,1,ㄒㄧㄠˋ ㄧㄥˋ
效用,1,ㄒㄧㄠˋ ㄩㄥˋ
校,1,ㄒㄧㄠˋ
校方,1,ㄒㄧㄠˋ ㄈㄤ
校風,1,ㄒㄧㄠˋ ㄈㄥ
校隊,1,ㄒㄧㄠˋ ㄉㄨㄟˋ
校歌,1,ㄒㄧㄠˋ ㄍㄜ
校規,1,ㄒㄧㄠˋ ㄍㄨㄟ
校工,1,ㄒㄧㄠˋ ㄍㄨㄥ
校刊,1,ㄒㄧㄠˋ ㄎㄢ
校花,1,ㄒㄧㄠˋ ㄏㄨㄚ
校際,1,ㄒㄧㄠˋ ㄐㄧˋ
校旗,1,ㄒㄧㄠˋ ㄑㄧˊ
校慶,1,ㄒㄧㄠˋ ㄑㄧㄥˋ
校區,1,ㄒㄧㄠˋ ㄑㄩ
校訓,1,ㄒㄧㄠˋ ㄒㄩㄣˋ
校長,1,ㄒㄧㄠˋ ㄓㄤˇ
校舍,1,ㄒㄧㄠˋ ㄕㄜˋ
校醫,1,ㄒㄧㄠˋ ㄧ
校友,1,ㄒㄧㄠˋ ㄧㄡˇ
校務,1,ㄒㄧㄠˋ ㄨˋ
校譽,1,ㄒㄧㄠˋ ㄩˋ
校園,1,ㄒㄧㄠˋ ㄩㄢˊ
校園倫理,1,ㄒㄧㄠˋ ㄩㄢˊ ㄌㄨㄣˊ ㄌㄧˇ
校運,1,ㄒㄧㄠˋ ㄩㄣˋ
傚,1,ㄒㄧㄠˋ
笑,1,ㄒㄧㄠˋ
笑柄,1,ㄒㄧㄠˋ ㄅㄧㄥˇ
笑罵,1,ㄒㄧㄠˋ ㄇㄚˋ
笑咪咪,1,ㄒㄧㄠˋ ㄇㄧ ㄇㄧ
笑面虎,1,ㄒㄧㄠˋ ㄇㄧㄢˋ ㄏㄨˇ
笑談,1,ㄒㄧㄠˋ ㄊㄢˊ
笑納,1,ㄒㄧㄠˋ ㄋㄚˋ
笑裡藏刀,1,ㄒㄧㄠˋ ㄌㄧˇ ㄘㄤˊ ㄉㄠ
笑料,1,ㄒㄧㄠˋ ㄌㄧㄠˋ
笑臉,1,ㄒㄧㄠˋ ㄌㄧㄢˇ
笑哈哈,1,ㄒㄧㄠˋ ㄏㄚ ㄏㄚ
笑呵呵,1,ㄒㄧㄠˋ ㄏㄜ ㄏㄜ
笑話,1,ㄒㄧㄠˋ ㄏㄨㄚˋ
笑嘻嘻,1,ㄒㄧㄠˋ ㄒㄧ ㄒㄧ
笑逐顏開,1,ㄒㄧㄠˋ ㄓㄨˊ ㄧㄢˊ ㄎㄞ
笑成一團,1,ㄒㄧㄠˋ ㄔㄥˊ ㄧ ㄊㄨㄢˊ
笑成一團,1,ㄒㄧㄠˋ ㄔㄥˊ ㄧˋ ㄊㄨㄢˊ
笑容,1,ㄒㄧㄠˋ ㄖㄨㄥˊ
笑容可掬,1,ㄒㄧㄠˋ ㄖㄨㄥˊ ㄎㄜˇ ㄐㄩˊ
笑靨,1,ㄒㄧㄠˋ ㄧㄝˋ
笑盈盈,1,ㄒㄧㄠˋ ㄧㄥˊ ㄧㄥˊ
嘯,1,ㄒㄧㄠˋ
休,1,ㄒㄧㄡ
休兵,1,ㄒㄧㄡ ㄅㄧㄥ
休眠,1,ㄒㄧㄡ ㄇㄧㄢˊ
休怪,1,ㄒㄧㄡ ㄍㄨㄞˋ
休克,1,ㄒㄧㄡ ㄎㄜˋ
休會,1,ㄒㄧㄡ ㄏㄨㄟˋ
休假,1,ㄒㄧㄡ ㄐㄧㄚˋ
休戚相關,1,ㄒㄧㄡ ㄑㄧ ㄒㄧㄤ ㄍㄨㄢ
休戚與共,1,ㄒㄧㄡ ㄑㄧ ㄩˇ ㄍㄨㄥˋ
休憩,1,ㄒㄧㄡ ㄑㄧˋ
休息,1,ㄒㄧㄡ ㄒㄧˊ
休閒,1,ㄒㄧㄡ ㄒㄧㄢˊ
休閒活動,1,ㄒㄧㄡ ㄒㄧㄢˊ ㄏㄨㄛˊ ㄉㄨㄥˋ
休想,1,ㄒㄧㄡ ㄒㄧㄤˇ
休學,1,ㄒㄧㄡ ㄒㄩㄝˊ
休止符,1,ㄒㄧㄡ ㄓˇ ㄈㄨˊ
休戰,1,ㄒㄧㄡ ㄓㄢˋ
休診,1,ㄒㄧㄡ ㄓㄣˇ
休市,1,ㄒㄧㄡ ㄕˋ
休業,1,ㄒㄧㄡ ㄧㄝˋ
休養,1,ㄒㄧㄡ ㄧㄤˇ
咻,1,ㄒㄧㄡ
髹,1,ㄒㄧㄡ
修,1,ㄒㄧㄡ
修補,1,ㄒㄧㄡ ㄅㄨˇ
修復,1,ㄒㄧㄡ ㄈㄨˋ
修道,1,ㄒㄧㄡ ㄉㄠˋ
修道院,1,ㄒㄧㄡ ㄉㄠˋ ㄩㄢˋ
修訂,1,ㄒㄧㄡ ㄉㄧㄥˋ
修訂本,1,ㄒㄧㄡ ㄉㄧㄥˋ ㄅㄣˇ
修女,1,ㄒㄧㄡ ㄋㄩˇ
修理,1,ㄒㄧㄡ ㄌㄧˇ
修練,1,ㄒㄧㄡ ㄌㄧㄢˋ
修改,1,ㄒㄧㄡ ㄍㄞˇ
修好,1,ㄒㄧㄡ ㄏㄠˇ
修護,1,ㄒㄧㄡ ㄏㄨˋ
修剪,1,ㄒㄧㄡ ㄐㄧㄢˇ
修建,1,ㄒㄧㄡ ㄐㄧㄢˋ
修葺,1,ㄒㄧㄡ ㄑㄧˋ
修習,1,ㄒㄧㄡ ㄒㄧˊ
修憲,1,ㄒㄧㄡ ㄒㄧㄢˋ
修行,1,ㄒㄧㄡ ㄒㄧㄥˊ
修治,1,ㄒㄧㄡ ㄓˋ
修整,1,ㄒㄧㄡ ㄓㄥˇ
修正,1,ㄒㄧㄡ ㄓㄥˋ
修正液,1,ㄒㄧㄡ ㄓㄥˋ ㄧㄝˋ
修築,1,ㄒㄧㄡ ㄓㄨˊ
修持,1,ㄒㄧㄡ ㄔˊ
修長,1,ㄒㄧㄡ ㄔㄤˊ
修士,1,ㄒㄧㄡ ㄕˋ
修飾,1,ㄒㄧㄡ ㄕˋ
修繕,1,ㄒㄧㄡ ㄕㄢˋ
修身,1,ㄒㄧㄡ ㄕㄣ
修身養性,1,ㄒㄧㄡ ㄕㄣ ㄧㄤˇ ㄒㄧㄥˋ
修辭,1,ㄒㄧㄡ ㄘˊ
修業,1,ㄒㄧㄡ ㄧㄝˋ
修養,1,ㄒㄧㄡ ㄧㄤˇ
脩,1,ㄒㄧㄡ
羞,1,ㄒㄧㄡ
羞答答,1,ㄒㄧㄡ ㄉㄚ ㄉㄚ
羞赧,1,ㄒㄧㄡ ㄋㄢˇ
羞愧,1,ㄒㄧㄡ ㄎㄨㄟˋ
羞怯,1,ㄒㄧㄡ ㄑㄩㄝˋ
羞恥,1,ㄒㄧㄡ ㄔˇ
羞辱,1,ㄒㄧㄡ ㄖㄨˋ
羞慚,1,ㄒㄧㄡ ㄘㄢˊ
羞澀,1,ㄒㄧㄡ ㄙㄜˋ
饈,1,ㄒㄧㄡ
朽,1,ㄒㄧㄡˇ
朽木,1,ㄒㄧㄡˇ ㄇㄨˋ
朽木不可雕,1,ㄒㄧㄡˇ ㄇㄨˋ ㄅㄨˋ ㄎㄜˇ ㄉㄧㄠ
朽壞,1,ㄒㄧㄡˇ ㄏㄨㄞˋ
宿,1,ㄒㄧㄡˇ
滫,1,ㄒㄧㄡˇ
秀,1,ㄒㄧㄡˋ
秀美,1,ㄒㄧㄡˋ ㄇㄟˇ
秀髮,1,ㄒㄧㄡˋ ㄈㄚˇ
秀逗,1,ㄒㄧㄡˋ ㄉㄡˋ
秀麗,1,ㄒㄧㄡˋ ㄌㄧˋ
秀氣,1,ㄒㄧㄡˋ ㄑㄧˋ
秀場,1,ㄒㄧㄡˋ ㄔㄤˇ
秀才,1,ㄒㄧㄡˋ ㄘㄞˊ
秀外慧中,1,ㄒㄧㄡˋ ㄨㄞˋ ㄏㄨㄟˋ ㄓㄨㄥ
琇,1,ㄒㄧㄡˋ
岫,1,ㄒㄧㄡˋ
袖,1,ㄒㄧㄡˋ
袖口,1,ㄒㄧㄡˋ ㄎㄡˇ
袖扣,1,ㄒㄧㄡˋ ㄎㄡˋ
袖珍,1,ㄒㄧㄡˋ ㄓㄣ
袖珍本,1,ㄒㄧㄡˋ ㄓㄣ ㄅㄣˇ
袖手,1,ㄒㄧㄡˋ ㄕㄡˇ
袖手旁觀,1,ㄒㄧㄡˋ ㄕㄡˇ ㄆㄤˊ ㄍㄨㄢ
袖子,1,ㄒㄧㄡˋ ㄗ˙
臭,1,ㄒㄧㄡˋ
溴,1,ㄒㄧㄡˋ
嗅,1,ㄒㄧㄡˋ
嗅覺,1,ㄒㄧㄡˋ ㄐㄩㄝˊ
宿,1,ㄒㄧㄡˋ
繡,1,ㄒㄧㄡˋ
繡花,1,ㄒㄧㄡˋ ㄏㄨㄚ
繡花枕頭,1,ㄒㄧㄡˋ ㄏㄨㄚ ㄓㄣˇ ㄊㄡ˙
繡球,1,ㄒㄧㄡˋ ㄑㄧㄡˊ
繡像,1,ㄒㄧㄡˋ ㄒㄧㄤˋ
鏽,1,ㄒㄧㄡˋ
仙,1,ㄒㄧㄢ
仙風道骨,1,ㄒㄧㄢ ㄈㄥ ㄉㄠˋ ㄍㄨˇ
仙丹,1,ㄒㄧㄢ ㄉㄢ
仙姑,1,ㄒㄧㄢ ㄍㄨ
仙鶴,1,ㄒㄧㄢ ㄏㄜˋ
仙界,1,ㄒㄧㄢ ㄐㄧㄝˋ
仙境,1,ㄒㄧㄢ ㄐㄧㄥˋ
仙逝,1,ㄒㄧㄢ ㄕˋ
仙術,1,ㄒㄧㄢ ㄕㄨˋ
仙人,1,ㄒㄧㄢ ㄖㄣˊ
仙人掌,1,ㄒㄧㄢ ㄖㄣˊ ㄓㄤˇ
仙子,1,ㄒㄧㄢ ㄗˇ
仙草蜜,1,ㄒㄧㄢ ㄘㄠˇ ㄇㄧˋ
仙域,1,ㄒㄧㄢ ㄩˋ
仙樂,1,ㄒㄧㄢ ㄩㄝˋ
秈,1,ㄒㄧㄢ
先,1,ㄒㄧㄢ
先輩,1,ㄒㄧㄢ ㄅㄟˋ
先妣,1,ㄒㄧㄢ ㄅㄧˇ
先民,1,ㄒㄧㄢ ㄇㄧㄣˊ
先發,1,ㄒㄧㄢ ㄈㄚ
先發制人,1,ㄒㄧㄢ ㄈㄚ ㄓˋ ㄖㄣˊ
先鋒,1,ㄒㄧㄢ ㄈㄥ
先夫,1,ㄒㄧㄢ ㄈㄨ
先父,1,ㄒㄧㄢ ㄈㄨˋ
先導,1,ㄒㄧㄢ ㄉㄠˇ
先睹為快,1,ㄒㄧㄢ ㄉㄨˇ ㄨㄟˊ ㄎㄨㄞˋ
先頭,1,ㄒㄧㄢ ㄊㄡˊ
先天,1,ㄒㄧㄢ ㄊㄧㄢ
先天不足,1,ㄒㄧㄢ ㄊㄧㄢ ㄅㄨˋ ㄗㄨˊ
先禮後兵,1,ㄒㄧㄢ ㄌㄧˇ ㄏㄡˋ ㄅㄧㄥ
先例,1,ㄒㄧㄢ ㄌㄧˋ
先烈,1,ㄒㄧㄢ ㄌㄧㄝˋ
先考,1,ㄒㄧㄢ ㄎㄠˇ
先河,1,ㄒㄧㄢ ㄏㄜˊ
先後,1,ㄒㄧㄢ ㄏㄡˋ
先機,1,ㄒㄧㄢ ㄐㄧ
先見之明,1,ㄒㄧㄢ ㄐㄧㄢˋ ㄓ ㄇㄧㄥˊ
先進,1,ㄒㄧㄢ ㄐㄧㄣˋ
先決條件,1,ㄒㄧㄢ ㄐㄩㄝˊ ㄊㄧㄠˊ ㄐㄧㄢˋ
先覺,1,ㄒㄧㄢ ㄐㄩㄝˊ
先期,1,ㄒㄧㄢ ㄑㄧˊ
先前,1,ㄒㄧㄢ ㄑㄧㄢˊ
先遣部隊,1,ㄒㄧㄢ ㄑㄧㄢˇ ㄅㄨˋ ㄉㄨㄟˋ
先驅,1,ㄒㄧㄢ ㄑㄩ
先下手為強,1,ㄒㄧㄢ ㄒㄧㄚˋ ㄕㄡˇ ㄨㄟˊ ㄑㄧㄤˊ
先小人後君子,1,ㄒㄧㄢ ㄒㄧㄠˇ ㄖㄣˊ ㄏㄡˋ ㄐㄩㄣ ㄗˇ
先賢,1,ㄒㄧㄢ ㄒㄧㄢˊ
先行,1,ㄒㄧㄢ ㄒㄧㄥˊ
先知,1,ㄒㄧㄢ ㄓ
先知先覺,1,ㄒㄧㄢ ㄓ ㄒㄧㄢ ㄐㄩㄝˊ
先哲,1,ㄒㄧㄢ ㄓㄜˊ
先斬後奏,1,ㄒㄧㄢ ㄓㄢˇ ㄏㄡˋ ㄗㄡˋ
先師,1,ㄒㄧㄢ ㄕ
先生,1,ㄒㄧㄢ ㄕㄥ
先聲奪人,1,ㄒㄧㄢ ㄕㄥ ㄉㄨㄛˊ ㄖㄣˊ
先人,1,ㄒㄧㄢ ㄖㄣˊ
先入為主,1,ㄒㄧㄢ ㄖㄨˋ ㄨㄟˊ ㄓㄨˇ
先祖,1,ㄒㄧㄢ ㄗㄨˇ
祆,1,ㄒㄧㄢ
祆教,1,ㄒㄧㄢ ㄐㄧㄠˋ
掀,1,ㄒㄧㄢ
掀翻,1,ㄒㄧㄢ ㄈㄢ
暹,1,ㄒㄧㄢ
暹羅,1,ㄒㄧㄢ ㄌㄨㄛˊ
鮮,1,ㄒㄧㄢ
鮮美,1,ㄒㄧㄢ ㄇㄟˇ
鮮明,1,ㄒㄧㄢ ㄇㄧㄥˊ
鮮奶,1,ㄒㄧㄢ ㄋㄞˇ
鮮嫩,1,ㄒㄧㄢ ㄋㄣˋ
鮮麗,1,ㄒㄧㄢ ㄌㄧˋ
鮮亮,1,ㄒㄧㄢ ㄌㄧㄤˋ
鮮果,1,ㄒㄧㄢ ㄍㄨㄛˇ
鮮花,1,ㄒㄧㄢ ㄏㄨㄚ
鮮活,1,ㄒㄧㄢ ㄏㄨㄛˊ
鮮紅,1,ㄒㄧㄢ ㄏㄨㄥˊ
鮮血,1,ㄒㄧㄢ ㄒㄧㄝˇ
鮮豔,1,ㄒㄧㄢ ㄧㄢˋ
纖,1,ㄒㄧㄢ
纖毛,1,ㄒㄧㄢ ㄇㄠˊ
纖毛蟲,1,ㄒㄧㄢ ㄇㄠˊ ㄔㄨㄥˊ
纖毫,1,ㄒㄧㄢ ㄏㄠˊ
纖巧,1,ㄒㄧㄢ ㄑㄧㄠˇ
纖細,1,ㄒㄧㄢ ㄒㄧˋ
纖手,1,ㄒㄧㄢ ㄕㄡˇ
纖弱,1,ㄒㄧㄢ ㄖㄨㄛˋ
纖維,1,ㄒㄧㄢ ㄨㄟˊ
纖維素,1,ㄒㄧㄢ ㄨㄟˊ ㄙㄨˋ
弦,1,ㄒㄧㄢˊ
弦歌不輟,1,ㄒㄧㄢˊ ㄍㄜ ㄅㄨˋ ㄔㄨㄛˋ
弦歌不輟,1,ㄒㄧㄢˊ ㄍㄜ ㄅㄨˊ ㄔㄨㄛˋ
弦外之音,1,ㄒㄧㄢˊ ㄨㄞˋ ㄓ ㄧㄣ
弦樂,1,ㄒㄧㄢˊ ㄩㄝˋ
弦樂器,1,ㄒㄧㄢˊ ㄩㄝˋ ㄑㄧˋ
舷,1,ㄒㄧㄢˊ
絃,1,ㄒㄧㄢˊ
咸,1,ㄒㄧㄢˊ
鹹,1,ㄒㄧㄢˊ
鹹蛋,1,ㄒㄧㄢˊ ㄉㄢˋ
鹹水湖,1,ㄒㄧㄢˊ ㄕㄨㄟˇ ㄏㄨˊ
鹹菜,1,ㄒㄧㄢˊ ㄘㄞˋ
鹹魚,1,ㄒㄧㄢˊ ㄩˊ
鹹魚翻身,1,ㄒㄧㄢˊ ㄩˊ ㄈㄢ ㄕㄣ
涎,1,ㄒㄧㄢˊ
啣,1,ㄒㄧㄢˊ
閑,1,ㄒㄧㄢˊ
閑暇,1,ㄒㄧㄢˊ ㄒㄧㄚˊ
閒,1,ㄒㄧㄢˊ
閒談,1,ㄒㄧㄢˊ ㄊㄢˊ
閒聊,1,ㄒㄧㄢˊ ㄌㄧㄠˊ
閒逛,1,ㄒㄧㄢˊ ㄍㄨㄤˋ
閒話,1,ㄒㄧㄢˊ ㄏㄨㄚˋ
閒話家常,1,ㄒㄧㄢˊ ㄏㄨㄚˋ ㄐㄧㄚ ㄔㄤˊ
閒氣,1,ㄒㄧㄢˊ ㄑㄧˋ
閒錢,1,ㄒㄧㄢˊ ㄑㄧㄢˊ
閒情,1,ㄒㄧㄢˊ ㄑㄧㄥˊ
閒情逸致,1,ㄒㄧㄢˊ ㄑㄧㄥˊ ㄧˋ ㄓˋ
閒暇,1,ㄒㄧㄢˊ ㄒㄧㄚˊ
閒置,1,ㄒㄧㄢˊ ㄓˋ
閒事,1,ㄒㄧㄢˊ ㄕˋ
閒適,1,ㄒㄧㄢˊ ㄕˋ
閒書,1,ㄒㄧㄢˊ ㄕㄨ
閒人,1,ㄒㄧㄢˊ ㄖㄣˊ
閒散,1,ㄒㄧㄢˊ ㄙㄢˇ
閒言閒語,1,ㄒㄧㄢˊ ㄧㄢˊ ㄒㄧㄢˊ ㄩˇ
閒雲野鶴,1,ㄒㄧㄢˊ ㄩㄣˊ ㄧㄝˇ ㄏㄜˋ
嫻,1,ㄒㄧㄢˊ
嫻熟,1,ㄒㄧㄢˊ ㄕㄡˊ
嫻淑,1,ㄒㄧㄢˊ ㄕㄨˊ
嫻雅,1,ㄒㄧㄢˊ ㄧㄚˇ
癇,1,ㄒㄧㄢˊ
嫌,1,ㄒㄧㄢˊ
嫌犯,1,ㄒㄧㄢˊ ㄈㄢˋ
嫌棄,1,ㄒㄧㄢˊ ㄑㄧˋ
嫌隙,1,ㄒㄧㄢˊ ㄒㄧˋ
嫌疑,1,ㄒㄧㄢˊ ㄧˊ
嫌疑犯,1,ㄒㄧㄢˊ ㄧˊ ㄈㄢˋ
嫌惡,1,ㄒㄧㄢˊ ㄨˋ
銜,1,ㄒㄧㄢˊ
銜命,1,ㄒㄧㄢˊ ㄇㄧㄥˋ
銜接,1,ㄒㄧㄢˊ ㄐㄧㄝ
銜石填海,1,ㄒㄧㄢˊ ㄕˊ ㄊㄧㄢˊ ㄏㄞˇ
賢,1,ㄒㄧㄢˊ
賢明,1,ㄒㄧㄢˊ ㄇㄧㄥˊ
賢達,1,ㄒㄧㄢˊ ㄉㄚˊ
賢德,1,ㄒㄧㄢˊ ㄉㄜˊ
賢內助,1,ㄒㄧㄢˊ ㄋㄟˋ ㄓㄨˋ
賢能,1,ㄒㄧㄢˊ ㄋㄥˊ
賢良,1,ㄒㄧㄢˊ ㄌㄧㄤˊ
賢伉儷,1,ㄒㄧㄢˊ ㄎㄤˋ ㄌㄧˋ
賢昆仲,1,ㄒㄧㄢˊ ㄎㄨㄣ ㄓㄨㄥˋ
賢妻良母,1,ㄒㄧㄢˊ ㄑㄧ ㄌㄧㄤˊ ㄇㄨˇ
賢哲,1,ㄒㄧㄢˊ ㄓㄜˊ
賢臣,1,ㄒㄧㄢˊ ㄔㄣˊ
賢人,1,ㄒㄧㄢˊ ㄖㄣˊ
洗,1,ㄒㄧㄢˇ
銑,1,ㄒㄧㄢˇ
銑床,1,ㄒㄧㄢˇ ㄔㄨㄤˊ
尟,1,ㄒㄧㄢˇ
蜆,1,ㄒㄧㄢˇ
險,1,ㄒㄧㄢˇ
險灘,1,ㄒㄧㄢˇ ㄊㄢ
險境,1,ㄒㄧㄢˇ ㄐㄧㄥˋ
險峻,1,ㄒㄧㄢˇ ㄐㄩㄣˋ
險些,1,ㄒㄧㄢˇ ㄒㄧㄝ
險象,1,ㄒㄧㄢˇ ㄒㄧㄤˋ
險象環生,1,ㄒㄧㄢˇ ㄒㄧㄤˋ ㄏㄨㄢˊ ㄕㄥ
險詐,1,ㄒㄧㄢˇ ㄓㄚˋ
險勝,1,ㄒㄧㄢˇ ㄕㄥˋ
險遭不測,1,ㄒㄧㄢˇ ㄗㄠ ㄅㄨˋ ㄘㄜˋ
險遭不測,1,ㄒㄧㄢˇ ㄗㄠ ㄅㄨˊ ㄘㄜˋ
險阻,1,ㄒㄧㄢˇ ㄗㄨˇ
險惡,1,ㄒㄧㄢˇ ㄜˋ
險要,1,ㄒㄧㄢˇ ㄧㄠˋ
鮮,1,ㄒㄧㄢˇ
鮮少,1,ㄒㄧㄢˇ ㄕㄠˇ
鮮為人知,1,ㄒㄧㄢˇ ㄨㄟˊ ㄖㄣˊ ㄓ
蘚,1,ㄒㄧㄢˇ
癬,1,ㄒㄧㄢˇ
癬疥,1,ㄒㄧㄢˇ ㄐㄧㄝˋ
燹,1,ㄒㄧㄢˇ
顯,1,ㄒㄧㄢˇ
顯妣,1,ㄒㄧㄢˇ ㄅㄧˇ
顯明,1,ㄒㄧㄢˇ ㄇㄧㄥˊ
顯達,1,ㄒㄧㄢˇ ㄉㄚˊ
顯靈,1,ㄒㄧㄢˇ ㄌㄧㄥˊ
顯露,1,ㄒㄧㄢˇ ㄌㄨˋ
顯貴,1,ㄒㄧㄢˇ ㄍㄨㄟˋ
顯考,1,ㄒㄧㄢˇ ㄎㄠˇ
顯赫,1,ㄒㄧㄢˇ ㄏㄜˋ
顯花植物,1,ㄒㄧㄢˇ ㄏㄨㄚ ㄓˊ ㄨˋ
顯見,1,ㄒㄧㄢˇ ㄐㄧㄢˋ
顯現,1,ㄒㄧㄢˇ ㄒㄧㄢˋ
顯著,1,ㄒㄧㄢˇ ㄓㄨˋ
顯示,1,ㄒㄧㄢˇ ㄕˋ
顯然,1,ㄒㄧㄢˇ ㄖㄢˊ
顯而易見,1,ㄒㄧㄢˇ ㄦˊ ㄧˋ ㄐㄧㄢˋ
顯要,1,ㄒㄧㄢˇ ㄧㄠˋ
顯耀,1,ㄒㄧㄢˇ ㄧㄠˋ
顯眼,1,ㄒㄧㄢˇ ㄧㄢˇ
顯微鏡,1,ㄒㄧㄢˇ ㄨㄟˊ ㄐㄧㄥˋ
顯微手術,1,ㄒㄧㄢˇ ㄨㄟˊ ㄕㄡˇ ㄕㄨˋ
玁,1,ㄒㄧㄢˇ
見,1,ㄒㄧㄢˋ
現,1,ㄒㄧㄢˋ
現買現賣,1,ㄒㄧㄢˋ ㄇㄞˇ ㄒㄧㄢˋ ㄇㄞˋ
現代,1,ㄒㄧㄢˋ ㄉㄞˋ
現代芭蕾,1,ㄒㄧㄢˋ ㄉㄞˋ ㄅㄚ ㄌㄟˇ
現代化,1,ㄒㄧㄢˋ ㄉㄞˋ ㄏㄨㄚˋ
現代主義,1,ㄒㄧㄢˋ ㄉㄞˋ ㄓㄨˇ ㄧˋ
現代藝術,1,ㄒㄧㄢˋ ㄉㄞˋ ㄧˋ ㄕㄨˋ
現代舞,1,ㄒㄧㄢˋ ㄉㄞˋ ㄨˇ
現款,1,ㄒㄧㄢˋ ㄎㄨㄢˇ
現況,1,ㄒㄧㄢˋ ㄎㄨㄤˋ
現貨,1,ㄒㄧㄢˋ ㄏㄨㄛˋ
現階段,1,ㄒㄧㄢˋ ㄐㄧㄝ ㄉㄨㄢˋ
現今,1,ㄒㄧㄢˋ ㄐㄧㄣ
現金,1,ㄒㄧㄢˋ ㄐㄧㄣ
現象,1,ㄒㄧㄢˋ ㄒㄧㄤˋ
現行,1,ㄒㄧㄢˋ ㄒㄧㄥˊ
現行犯,1,ㄒㄧㄢˋ ㄒㄧㄥˊ ㄈㄢˋ
現形,1,ㄒㄧㄢˋ ㄒㄧㄥˊ
現值,1,ㄒㄧㄢˋ ㄓˊ
現職,1,ㄒㄧㄢˋ ㄓˊ
現址,1,ㄒㄧㄢˋ ㄓˇ
現狀,1,ㄒㄧㄢˋ ㄓㄨㄤˋ
現鈔,1,ㄒㄧㄢˋ ㄔㄠ
現場,1,ㄒㄧㄢˋ ㄔㄤˇ
現成,1,ㄒㄧㄢˋ ㄔㄥˊ
現出,1,ㄒㄧㄢˋ ㄔㄨ
現時,1,ㄒㄧㄢˋ ㄕˊ
現實,1,ㄒㄧㄢˋ ㄕˊ
現世,1,ㄒㄧㄢˋ ㄕˋ
現身,1,ㄒㄧㄢˋ ㄕㄣ
現身說法,1,ㄒㄧㄢˋ ㄕㄣ ㄕㄨㄛ ㄈㄚˇ
現任,1,ㄒㄧㄢˋ ㄖㄣˋ
現在,1,ㄒㄧㄢˋ ㄗㄞˋ
現役,1,ㄒㄧㄢˋ ㄧˋ
現役軍人,1,ㄒㄧㄢˋ ㄧˋ ㄐㄩㄣ ㄖㄣˊ
現眼,1,ㄒㄧㄢˋ ㄧㄢˇ
莧,1,ㄒㄧㄢˋ
莧菜,1,ㄒㄧㄢˋ ㄘㄞˋ
限,1,ㄒㄧㄢˋ
限定,1,ㄒㄧㄢˋ ㄉㄧㄥˋ
限度,1,ㄒㄧㄢˋ ㄉㄨˋ
限量,1,ㄒㄧㄢˋ ㄌㄧㄤˊ
限量,1,ㄒㄧㄢˋ ㄌㄧㄤˋ
限齡,1,ㄒㄧㄢˋ ㄌㄧㄥˊ
限令,1,ㄒㄧㄢˋ ㄌㄧㄥˋ
限價,1,ㄒㄧㄢˋ ㄐㄧㄚˋ
限期,1,ㄒㄧㄢˋ ㄑㄧˊ
限制,1,ㄒㄧㄢˋ ㄓˋ
限制級,1,ㄒㄧㄢˋ ㄓˋ ㄐㄧˊ
限時,1,ㄒㄧㄢˋ ㄕˊ
限時專送,1,ㄒㄧㄢˋ ㄕˊ ㄓㄨㄢ ㄙㄨㄥˋ
限額,1,ㄒㄧㄢˋ ㄜˊ
陷,1,ㄒㄧㄢˋ
陷溺,1,ㄒㄧㄢˋ ㄋㄧˋ
陷落,1,ㄒㄧㄢˋ ㄌㄨㄛˋ
陷害,1,ㄒㄧㄢˋ ㄏㄞˋ
陷阱,1,ㄒㄧㄢˋ ㄐㄧㄥˇ
陷陣,1,ㄒㄧㄢˋ ㄓㄣˋ
陷入,1,ㄒㄧㄢˋ ㄖㄨˋ
陷入絕境,1,ㄒㄧㄢˋ ㄖㄨˋ ㄐㄩㄝˊ ㄐㄧㄥˋ
餡,1,ㄒㄧㄢˋ
餡餅,1,ㄒㄧㄢˋ ㄅㄧㄥˇ
羨,1,ㄒㄧㄢˋ
羨慕,1,ㄒㄧㄢˋ ㄇㄨˋ
腺,1,ㄒㄧㄢˋ
線,1,ㄒㄧㄢˋ
線民,1,ㄒㄧㄢˋ ㄇㄧㄣˊ
線頭,1,ㄒㄧㄢˋ ㄊㄡˊ
線條,1,ㄒㄧㄢˋ ㄊㄧㄠˊ
線路,1,ㄒㄧㄢˋ ㄌㄨˋ
線圈,1,ㄒㄧㄢˋ ㄑㄩㄢ
線香,1,ㄒㄧㄢˋ ㄒㄧㄤ
線性規劃,1,ㄒㄧㄢˋ ㄒㄧㄥˋ ㄍㄨㄟ ㄏㄨㄚˋ
線裝書,1,ㄒㄧㄢˋ ㄓㄨㄤ ㄕㄨ
線上即時交談系統,1,ㄒㄧㄢˋ ㄕㄤˋ ㄐㄧˊ ㄕˊ ㄐㄧㄠ ㄊㄢˊ ㄒㄧˋ ㄊㄨㄥˇ
線人,1,ㄒㄧㄢˋ ㄖㄣˊ
線索,1,ㄒㄧㄢˋ ㄙㄨㄛˇ
憲,1,ㄒㄧㄢˋ
憲兵,1,ㄒㄧㄢˋ ㄅㄧㄥ
憲法,1,ㄒㄧㄢˋ ㄈㄚˇ
憲章,1,ㄒㄧㄢˋ ㄓㄤ
憲政,1,ㄒㄧㄢˋ ㄓㄥˋ
縣,1,ㄒㄧㄢˋ
縣民,1,ㄒㄧㄢˋ ㄇㄧㄣˊ
縣府,1,ㄒㄧㄢˋ ㄈㄨˇ
縣太爺,1,ㄒㄧㄢˋ ㄊㄞˋ ㄧㄝˊ
縣立,1,ㄒㄧㄢˋ ㄌㄧˋ
縣令,1,ㄒㄧㄢˋ ㄌㄧㄥˋ
縣界,1,ㄒㄧㄢˋ ㄐㄧㄝˋ
縣境,1,ㄒㄧㄢˋ ㄐㄧㄥˋ
縣轄市,1,ㄒㄧㄢˋ ㄒㄧㄚˊ ㄕˋ
縣治,1,ㄒㄧㄢˋ ㄓˋ
縣長,1,ㄒㄧㄢˋ ㄓㄤˇ
縣政府,1,ㄒㄧㄢˋ ㄓㄥˋ ㄈㄨˇ
縣城,1,ㄒㄧㄢˋ ㄔㄥˊ
縣議會,1,ㄒㄧㄢˋ ㄧˋ ㄏㄨㄟˋ
縣議員,1,ㄒㄧㄢˋ ㄧˋ ㄩㄢˊ
霰,1,ㄒㄧㄢˋ
霰彈,1,ㄒㄧㄢˋ ㄉㄢˋ
獻,1,ㄒㄧㄢˋ
獻寶,1,ㄒㄧㄢˋ ㄅㄠˇ
獻媚,1,ㄒㄧㄢˋ ㄇㄟˋ
獻花,1,ㄒㄧㄢˋ ㄏㄨㄚ
獻技,1,ㄒㄧㄢˋ ㄐㄧˋ
獻計,1,ㄒㄧㄢˋ ㄐㄧˋ
獻金,1,ㄒㄧㄢˋ ㄐㄧㄣ
獻醜,1,ㄒㄧㄢˋ ㄔㄡˇ
獻身,1,ㄒㄧㄢˋ ㄕㄣ
獻策,1,ㄒㄧㄢˋ ㄘㄜˋ
獻藝,1,ㄒㄧㄢˋ ㄧˋ
獻殷勤,1,ㄒㄧㄢˋ ㄧㄣ ㄑㄧㄣˊ
心,1,ㄒㄧㄣ
心病,1,ㄒㄧㄣ ㄅㄧㄥˋ
心不在焉,1,ㄒㄧㄣ ㄅㄨˋ ㄗㄞˋ ㄧㄢ
心不在焉,1,ㄒㄧㄣ ㄅㄨˊ ㄗㄞˋ ㄧㄢ
心平氣和,1,ㄒㄧㄣ ㄆㄧㄥˊ ㄑㄧˋ ㄏㄜˊ
心滿意足,1,ㄒㄧㄣ ㄇㄢˇ ㄧˋ ㄗㄨˊ
心目,1,ㄒㄧㄣ ㄇㄨˋ
心法,1,ㄒㄧㄣ ㄈㄚˇ
心扉,1,ㄒㄧㄣ ㄈㄟ
心肺復甦術,1,ㄒㄧㄣ ㄈㄟˋ ㄈㄨˋ ㄙㄨ ㄕㄨˋ
心煩,1,ㄒㄧㄣ ㄈㄢˊ
心煩意亂,1,ㄒㄧㄣ ㄈㄢˊ ㄧˋ ㄌㄨㄢˋ
心房,1,ㄒㄧㄣ ㄈㄤˊ
心服,1,ㄒㄧㄣ ㄈㄨˊ
心服口服,1,ㄒㄧㄣ ㄈㄨˊ ㄎㄡˇ ㄈㄨˊ
心浮氣躁,1,ㄒㄧㄣ ㄈㄨˊ ㄑㄧˋ ㄗㄠˋ
心腹,1,ㄒㄧㄣ ㄈㄨˋ
心腹之患,1,ㄒㄧㄣ ㄈㄨˋ ㄓ ㄏㄨㄢˋ
心得,1,ㄒㄧㄣ ㄉㄜˊ
心地,1,ㄒㄧㄣ ㄉㄧˋ
心電圖,1,ㄒㄧㄣ ㄉㄧㄢˋ ㄊㄨˊ
心電感應,1,ㄒㄧㄣ ㄉㄧㄢˋ ㄍㄢˇ ㄧㄥˋ
心動,1,ㄒㄧㄣ ㄉㄨㄥˋ
心態,1,ㄒㄧㄣ ㄊㄞˋ
心頭,1,ㄒㄧㄣ ㄊㄡˊ
心疼,1,ㄒㄧㄣ ㄊㄥˊ
心跳,1,ㄒㄧㄣ ㄊㄧㄠˋ
心田,1,ㄒㄧㄣ ㄊㄧㄢˊ
心痛,1,ㄒㄧㄣ ㄊㄨㄥˋ
心念,1,ㄒㄧㄣ ㄋㄧㄢˋ
心勞力絀,1,ㄒㄧㄣ ㄌㄠˊ ㄌㄧˋ ㄔㄨˋ
心理,1,ㄒㄧㄣ ㄌㄧˇ
心理學,1,ㄒㄧㄣ ㄌㄧˇ ㄒㄩㄝˊ
心理治療,1,ㄒㄧㄣ ㄌㄧˇ ㄓˋ ㄌㄧㄠˊ
心力,1,ㄒㄧㄣ ㄌㄧˋ
心力交瘁,1,ㄒㄧㄣ ㄌㄧˋ ㄐㄧㄠ ㄘㄨㄟˋ
心裡有數,1,ㄒㄧㄣ ㄌㄧˇ ㄧㄡˇ ㄕㄨˋ
心靈,1,ㄒㄧㄣ ㄌㄧㄥˊ
心領,1,ㄒㄧㄣ ㄌㄧㄥˇ
心路歷程,1,ㄒㄧㄣ ㄌㄨˋ ㄌㄧˋ ㄔㄥˊ
心亂如麻,1,ㄒㄧㄣ ㄌㄨㄢˋ ㄖㄨˊ ㄇㄚˊ
心律不整,1,ㄒㄧㄣ ㄌㄩˋ ㄅㄨˋ ㄓㄥˇ
心高氣傲,1,ㄒㄧㄣ ㄍㄠ ㄑㄧˋ ㄠˋ
心甘情願,1,ㄒㄧㄣ ㄍㄢ ㄑㄧㄥˊ ㄩㄢˋ
心肝,1,ㄒㄧㄣ ㄍㄢ
心肝寶貝,1,ㄒㄧㄣ ㄍㄢ ㄅㄠˇ ㄅㄟˋ
心廣體胖,1,ㄒㄧㄣ ㄍㄨㄤˇ ㄊㄧˇ ㄆㄢˊ
心坎,1,ㄒㄧㄣ ㄎㄢˇ
心曠神怡,1,ㄒㄧㄣ ㄎㄨㄤˋ ㄕㄣˊ ㄧˊ
心寒,1,ㄒㄧㄣ ㄏㄢˊ
心狠手辣,1,ㄒㄧㄣ ㄏㄣˇ ㄕㄡˇ ㄌㄚˋ
心花怒放,1,ㄒㄧㄣ ㄏㄨㄚ ㄋㄨˋ ㄈㄤˋ
心懷不軌,1,ㄒㄧㄣ ㄏㄨㄞˊ ㄅㄨˋ ㄍㄨㄟˇ
心懷鬼胎,1,ㄒㄧㄣ ㄏㄨㄞˊ ㄍㄨㄟˇ ㄊㄞ
心灰意冷,1,ㄒㄧㄣ ㄏㄨㄟ ㄧˋ ㄌㄥˇ
心慌,1,ㄒㄧㄣ ㄏㄨㄤ
心慌意亂,1,ㄒㄧㄣ ㄏㄨㄤ ㄧˋ ㄌㄨㄢˋ
心肌梗塞,1,ㄒㄧㄣ ㄐㄧ ㄍㄥˇ ㄙㄜˋ
心跡,1,ㄒㄧㄣ ㄐㄧ
心機,1,ㄒㄧㄣ ㄐㄧ
心急,1,ㄒㄧㄣ ㄐㄧˊ
心悸,1,ㄒㄧㄣ ㄐㄧˋ
心結,1,ㄒㄧㄣ ㄐㄧㄝˊ
心焦,1,ㄒㄧㄣ ㄐㄧㄠ
心絞痛,1,ㄒㄧㄣ ㄐㄧㄠˇ ㄊㄨㄥˋ
心驚膽跳,1,ㄒㄧㄣ ㄐㄧㄥ ㄉㄢˇ ㄊㄧㄠˋ
心驚膽戰,1,ㄒㄧㄣ ㄐㄧㄥ ㄉㄢˇ ㄓㄢˋ
心驚肉跳,1,ㄒㄧㄣ ㄐㄧㄥ ㄖㄡˋ ㄊㄧㄠˋ
心境,1,ㄒㄧㄣ ㄐㄧㄥˋ
心鏡,1,ㄒㄧㄣ ㄐㄧㄥˋ
心切,1,ㄒㄧㄣ ㄑㄧㄝˋ
心情,1,ㄒㄧㄣ ㄑㄧㄥˊ
心曲,1,ㄒㄧㄣ ㄑㄩ
心細,1,ㄒㄧㄣ ㄒㄧˋ
心血,1,ㄒㄧㄣ ㄒㄧㄝˇ
心血來潮,1,ㄒㄧㄣ ㄒㄧㄝˇ ㄌㄞˊ ㄔㄠˊ
心弦,1,ㄒㄧㄣ ㄒㄧㄢˊ
心心相印,1,ㄒㄧㄣ ㄒㄧㄣ ㄒㄧㄤ ㄧㄣˋ
心想事成,1,ㄒㄧㄣ ㄒㄧㄤˇ ㄕˋ ㄔㄥˊ
心性,1,ㄒㄧㄣ ㄒㄧㄥˋ
心虛,1,ㄒㄧㄣ ㄒㄩ
心緒,1,ㄒㄧㄣ ㄒㄩˋ
心胸,1,ㄒㄧㄣ ㄒㄩㄥ
心知肚明,1,ㄒㄧㄣ ㄓ ㄉㄨˋ ㄇㄧㄥˊ
心直口快,1,ㄒㄧㄣ ㄓˊ ㄎㄡˇ ㄎㄨㄞˋ
心志,1,ㄒㄧㄣ ㄓˋ
心智,1,ㄒㄧㄣ ㄓˋ
心照,1,ㄒㄧㄣ ㄓㄠˋ
心照不宣,1,ㄒㄧㄣ ㄓㄠˋ ㄅㄨˋ ㄒㄩㄢ
心戰,1,ㄒㄧㄣ ㄓㄢˋ
心證,1,ㄒㄧㄣ ㄓㄥˋ
心馳神往,1,ㄒㄧㄣ ㄔˊ ㄕㄣˊ ㄨㄤˇ
心腸,1,ㄒㄧㄣ ㄔㄤˊ
心事,1,ㄒㄧㄣ ㄕˋ
心事重重,1,ㄒㄧㄣ ㄕˋ ㄔㄨㄥˊ ㄔㄨㄥˊ
心神,1,ㄒㄧㄣ ㄕㄣˊ
心神不寧,1,ㄒㄧㄣ ㄕㄣˊ ㄅㄨˋ ㄋㄧㄥˊ
心上人,1,ㄒㄧㄣ ㄕㄤˋ ㄖㄣˊ
心聲,1,ㄒㄧㄣ ㄕㄥ
心術,1,ㄒㄧㄣ ㄕㄨˋ
心如止水,1,ㄒㄧㄣ ㄖㄨˊ ㄓˇ ㄕㄨㄟˇ
心如死水,1,ㄒㄧㄣ ㄖㄨˊ ㄙˇ ㄕㄨㄟˇ
心軟,1,ㄒㄧㄣ ㄖㄨㄢˇ
心臟,1,ㄒㄧㄣ ㄗㄤˋ
心臟病,1,ㄒㄧㄣ ㄗㄤˋ ㄅㄧㄥˋ
心臟節律器,1,ㄒㄧㄣ ㄗㄤˋ ㄐㄧㄝˊ ㄌㄩˋ ㄑㄧˋ
心醉,1,ㄒㄧㄣ ㄗㄨㄟˋ
心思,1,ㄒㄧㄣ ㄙ
心死,1,ㄒㄧㄣ ㄙˇ
心思,1,ㄒㄧㄣ ㄙ˙
心碎,1,ㄒㄧㄣ ㄙㄨㄟˋ
心酸,1,ㄒㄧㄣ ㄙㄨㄢ
心算,1,ㄒㄧㄣ ㄙㄨㄢˋ
心愛,1,ㄒㄧㄣ ㄞˋ
心安理得,1,ㄒㄧㄣ ㄢ ㄌㄧˇ ㄉㄜˊ
心儀,1,ㄒㄧㄣ ㄧˊ
心意,1,ㄒㄧㄣ ㄧˋ
心有靈犀一點通,1,ㄒㄧㄣ ㄧㄡˇ ㄌㄧㄥˊ ㄒㄧ ㄧ ㄉㄧㄢˇ ㄊㄨㄥ
心有靈犀一點通,1,ㄒㄧㄣ ㄧㄡˇ ㄌㄧㄥˊ ㄒㄧ ㄧˋ ㄉㄧㄢˇ ㄊㄨㄥ
心有餘悸,1,ㄒㄧㄣ ㄧㄡˇ ㄩˊ ㄐㄧˋ
心有餘而力不足,1,ㄒㄧㄣ ㄧㄡˇ ㄩˊ ㄦˊ ㄌㄧˋ ㄅㄨˋ ㄗㄨˊ
心眼,1,ㄒㄧㄣ ㄧㄢˇ
心眼兒,1,ㄒㄧㄣ ㄧㄢˇ ㄦ
心眼兒,1,ㄒㄧㄣ ㄧㄚˇ ㄦ
心音圖,1,ㄒㄧㄣ ㄧㄣ ㄊㄨˊ
心癢,1,ㄒㄧㄣ ㄧㄤˇ
心無旁騖,1,ㄒㄧㄣ ㄨˊ ㄆㄤˊ ㄨˋ
心無二用,1,ㄒㄧㄣ ㄨˊ ㄦˋ ㄩㄥˋ
心窩,1,ㄒㄧㄣ ㄨㄛ
心悅誠服,1,ㄒㄧㄣ ㄩㄝˋ ㄔㄥˊ ㄈㄨˊ
心猿意馬,1,ㄒㄧㄣ ㄩㄢˊ ㄧˋ ㄇㄚˇ
心願,1,ㄒㄧㄣ ㄩㄢˋ
芯,1,ㄒㄧㄣ
辛,1,ㄒㄧㄣ
辛辣,1,ㄒㄧㄣ ㄌㄚˋ
辛勞,1,ㄒㄧㄣ ㄌㄠˊ
辛苦,1,ㄒㄧㄣ ㄎㄨˇ
辛勤,1,ㄒㄧㄣ ㄑㄧㄣˊ
辛酸,1,ㄒㄧㄣ ㄙㄨㄢ
莘,1,ㄒㄧㄣ
鋅,1,ㄒㄧㄣ
鋅版,1,ㄒㄧㄣ ㄅㄢˇ
忻,1,ㄒㄧㄣ
欣,1,ㄒㄧㄣ
欣喜,1,ㄒㄧㄣ ㄒㄧˇ
欣羨,1,ㄒㄧㄣ ㄒㄧㄢˋ
欣欣,1,ㄒㄧㄣ ㄒㄧㄣ
欣賞,1,ㄒㄧㄣ ㄕㄤˇ
欣然,1,ㄒㄧㄣ ㄖㄢˊ
欣慰,1,ㄒㄧㄣ ㄨㄟˋ
欣悅,1,ㄒㄧㄣ ㄩㄝˋ
新,1,ㄒㄧㄣ
新版,1,ㄒㄧㄣ ㄅㄢˇ
新編,1,ㄒㄧㄣ ㄅㄧㄢ
新派,1,ㄒㄧㄣ ㄆㄞˋ
新瓶舊酒,1,ㄒㄧㄣ ㄆㄧㄥˊ ㄐㄧㄡˋ ㄐㄧㄡˇ
新貌,1,ㄒㄧㄣ ㄇㄠˋ
新法,1,ㄒㄧㄣ ㄈㄚˇ
新房,1,ㄒㄧㄣ ㄈㄤˊ
新大陸,1,ㄒㄧㄣ ㄉㄚˋ ㄌㄨˋ
新年,1,ㄒㄧㄣ ㄋㄧㄢˊ
新娘,1,ㄒㄧㄣ ㄋㄧㄤˊ
新郎,1,ㄒㄧㄣ ㄌㄤˊ
新綠,1,ㄒㄧㄣ ㄌㄩˋ
新貴,1,ㄒㄧㄣ ㄍㄨㄟˋ
新官上任三把火,1,ㄒㄧㄣ ㄍㄨㄢ ㄕㄤˋ ㄖㄣˋ ㄙㄢ ㄅㄚˇ ㄏㄨㄛˇ
新款,1,ㄒㄧㄣ ㄎㄨㄢˇ
新花樣,1,ㄒㄧㄣ ㄏㄨㄚ ㄧㄤˋ
新歡,1,ㄒㄧㄣ ㄏㄨㄢ
新婚,1,ㄒㄧㄣ ㄏㄨㄣ
新婚燕爾,1,ㄒㄧㄣ ㄏㄨㄣ ㄧㄢˋ ㄦˇ
新家,1,ㄒㄧㄣ ㄐㄧㄚ
新解,1,ㄒㄧㄣ ㄐㄧㄝˇ
新近,1,ㄒㄧㄣ ㄐㄧㄣˋ
新進,1,ㄒㄧㄣ ㄐㄧㄣˋ
新居,1,ㄒㄧㄣ ㄐㄩ
新奇,1,ㄒㄧㄣ ㄑㄧˊ
新氣象,1,ㄒㄧㄣ ㄑㄧˋ ㄒㄧㄤˋ
新秀,1,ㄒㄧㄣ ㄒㄧㄡˋ
新鮮,1,ㄒㄧㄣ ㄒㄧㄢ
新鮮人,1,ㄒㄧㄣ ㄒㄧㄢ ㄖㄣˊ
新新人類,1,ㄒㄧㄣ ㄒㄧㄣ ㄖㄣˊ ㄌㄟˋ
新星,1,ㄒㄧㄣ ㄒㄧㄥ
新型,1,ㄒㄧㄣ ㄒㄧㄥˊ
新知,1,ㄒㄧㄣ ㄓ
新制,1,ㄒㄧㄣ ㄓˋ
新政,1,ㄒㄧㄣ ㄓㄥˋ
新潮,1,ㄒㄧㄣ ㄔㄠˊ
新潮流,1,ㄒㄧㄣ ㄔㄠˊ ㄌㄧㄡˊ
新陳代謝,1,ㄒㄧㄣ ㄔㄣˊ ㄉㄞˋ ㄒㄧㄝˋ
新春,1,ㄒㄧㄣ ㄔㄨㄣ
新創,1,ㄒㄧㄣ ㄔㄨㄤˋ
新寵,1,ㄒㄧㄣ ㄔㄨㄥˇ
新詩,1,ㄒㄧㄣ ㄕ
新式,1,ㄒㄧㄣ ㄕˋ
新手,1,ㄒㄧㄣ ㄕㄡˇ
新生,1,ㄒㄧㄣ ㄕㄥ
新生代,1,ㄒㄧㄣ ㄕㄥ ㄉㄞˋ
新人,1,ㄒㄧㄣ ㄖㄣˊ
新人類,1,ㄒㄧㄣ ㄖㄣˊ ㄌㄟˋ
新任,1,ㄒㄧㄣ ㄖㄣˋ
新銳,1,ㄒㄧㄣ ㄖㄨㄟˋ
新穎,1,ㄒㄧㄣ ㄧㄥˇ
新文化,1,ㄒㄧㄣ ㄨㄣˊ ㄏㄨㄚˋ
新文藝,1,ㄒㄧㄣ ㄨㄣˊ ㄧˋ
新聞,1,ㄒㄧㄣ ㄨㄣˊ
新聞人物,1,ㄒㄧㄣ ㄨㄣˊ ㄖㄣˊ ㄨˋ
新聞自由,1,ㄒㄧㄣ ㄨㄣˊ ㄗˋ ㄧㄡˊ
新月,1,ㄒㄧㄣ ㄩㄝˋ
薪,1,ㄒㄧㄣ
薪俸,1,ㄒㄧㄣ ㄈㄥˋ
薪火相傳,1,ㄒㄧㄣ ㄏㄨㄛˇ ㄒㄧㄤ ㄔㄨㄢˊ
薪給,1,ㄒㄧㄣ ㄐㄧˇ
薪津,1,ㄒㄧㄣ ㄐㄧㄣ
薪餉,1,ㄒㄧㄣ ㄒㄧㄤˇ
薪酬,1,ㄒㄧㄣ ㄔㄡˊ
薪傳,1,ㄒㄧㄣ ㄔㄨㄢˊ
薪水,1,ㄒㄧㄣ ㄕㄨㄟˇ
薪資,1,ㄒㄧㄣ ㄗ
歆,1,ㄒㄧㄣ
馨,1,ㄒㄧㄣ
馨香,1,ㄒㄧㄣ ㄒㄧㄤ
鑫,1,ㄒㄧㄣ
囟,1,ㄒㄧㄣˋ
信,1,ㄒㄧㄣˋ
信步,1,ㄒㄧㄣˋ ㄅㄨˋ
信步而行,1,ㄒㄧㄣˋ ㄅㄨˋ ㄦˊ ㄒㄧㄥˊ
信封,1,ㄒㄧㄣˋ ㄈㄥ
信奉,1,ㄒㄧㄣˋ ㄈㄥˋ
信服,1,ㄒㄧㄣˋ ㄈㄨˊ
信條,1,ㄒㄧㄣˋ ㄊㄧㄠˊ
信徒,1,ㄒㄧㄣˋ ㄊㄨˊ
信託,1,ㄒㄧㄣˋ ㄊㄨㄛ
信念,1,ㄒㄧㄣˋ ㄋㄧㄢˋ
信賴,1,ㄒㄧㄣˋ ㄌㄞˋ
信鴿,1,ㄒㄧㄣˋ ㄍㄜ
信口開河,1,ㄒㄧㄣˋ ㄎㄡˇ ㄎㄞ ㄏㄜˊ
信口雌黃,1,ㄒㄧㄣˋ ㄎㄡˇ ㄘ ㄏㄨㄤˊ
信號,1,ㄒㄧㄣˋ ㄏㄠˋ
信號彈,1,ㄒㄧㄣˋ ㄏㄠˋ ㄉㄢˋ
信函,1,ㄒㄧㄣˋ ㄏㄢˊ
信箋,1,ㄒㄧㄣˋ ㄐㄧㄢ
信件,1,ㄒㄧㄣˋ ㄐㄧㄢˋ
信息,1,ㄒㄧㄣˋ ㄒㄧˊ
信心,1,ㄒㄧㄣˋ ㄒㄧㄣ
信箱,1,ㄒㄧㄣˋ ㄒㄧㄤ
信紙,1,ㄒㄧㄣˋ ㄓˇ
信札,1,ㄒㄧㄣˋ ㄓㄚˊ
信差,1,ㄒㄧㄣˋ ㄔㄞ
信實,1,ㄒㄧㄣˋ ㄕˊ
信誓旦旦,1,ㄒㄧㄣˋ ㄕˋ ㄉㄢˋ ㄉㄢˋ
信手拈來,1,ㄒㄧㄣˋ ㄕㄡˇ ㄋㄧㄢˊ ㄌㄞˊ
信守,1,ㄒㄧㄣˋ ㄕㄡˇ
信任,1,ㄒㄧㄣˋ ㄖㄣˋ
信從,1,ㄒㄧㄣˋ ㄘㄨㄥˊ
信以為真,1,ㄒㄧㄣˋ ㄧˇ ㄨㄟˊ ㄓㄣ
信義,1,ㄒㄧㄣˋ ㄧˋ
信仰,1,ㄒㄧㄣˋ ㄧㄤˇ
信物,1,ㄒㄧㄣˋ ㄨˋ
信譽,1,ㄒㄧㄣˋ ㄩˋ
信用,1,ㄒㄧㄣˋ ㄩㄥˋ
信用卡,1,ㄒㄧㄣˋ ㄩㄥˋ ㄎㄚˇ
信用狀,1,ㄒㄧㄣˋ ㄩㄥˋ ㄓㄨㄤˋ
信用額度,1,ㄒㄧㄣˋ ㄩㄥˋ ㄜˊ ㄉㄨˋ
釁,1,ㄒㄧㄣˋ
相,1,ㄒㄧㄤ
相搏,1,ㄒㄧㄤ ㄅㄛˊ
相伴,1,ㄒㄧㄤ ㄅㄢˋ
相比,1,ㄒㄧㄤ ㄅㄧˇ
相陪,1,ㄒㄧㄤ ㄆㄟˊ
相配,1,ㄒㄧㄤ ㄆㄟˋ
相撲,1,ㄒㄧㄤ ㄆㄨ
相反,1,ㄒㄧㄤ ㄈㄢˇ
相仿,1,ㄒㄧㄤ ㄈㄤˇ
相逢,1,ㄒㄧㄤ ㄈㄥˊ
相符,1,ㄒㄧㄤ ㄈㄨˊ
相輔相成,1,ㄒㄧㄤ ㄈㄨˇ ㄒㄧㄤ ㄔㄥˊ
相得益彰,1,ㄒㄧㄤ ㄉㄜˊ ㄧˋ ㄓㄤ
相待,1,ㄒㄧㄤ ㄉㄞˋ
相當,1,ㄒㄧㄤ ㄉㄤ
相等,1,ㄒㄧㄤ ㄉㄥˇ
相抵,1,ㄒㄧㄤ ㄉㄧˇ
相對,1,ㄒㄧㄤ ㄉㄨㄟˋ
相對多數,1,ㄒㄧㄤ ㄉㄨㄟˋ ㄉㄨㄛ ㄕㄨˋ
相投,1,ㄒㄧㄤ ㄊㄡˊ
相提並論,1,ㄒㄧㄤ ㄊㄧˊ ㄅㄧㄥˋ ㄌㄨㄣˋ
相通,1,ㄒㄧㄤ ㄊㄨㄥ
相同,1,ㄒㄧㄤ ㄊㄨㄥˊ
相連,1,ㄒㄧㄤ ㄌㄧㄢˊ
相戀,1,ㄒㄧㄤ ㄌㄧㄢˋ
相鄰,1,ㄒㄧㄤ ㄌㄧㄣˊ
相隔,1,ㄒㄧㄤ ㄍㄜˊ
相干,1,ㄒㄧㄤ ㄍㄢ
相關,1,ㄒㄧㄤ ㄍㄨㄢ
相合,1,ㄒㄧㄤ ㄏㄜˊ
相好,1,ㄒㄧㄤ ㄏㄠˇ
相互,1,ㄒㄧㄤ ㄏㄨˋ
相會,1,ㄒㄧㄤ ㄏㄨㄟˋ
相繼,1,ㄒㄧㄤ ㄐㄧˋ
相交,1,ㄒㄧㄤ ㄐㄧㄠ
相較,1,ㄒㄧㄤ ㄐㄧㄠˋ
相見,1,ㄒㄧㄤ ㄐㄧㄢˋ
相見恨晚,1,ㄒㄧㄤ ㄐㄧㄢˋ ㄏㄣˋ ㄨㄢˇ
相間,1,ㄒㄧㄤ ㄐㄧㄢˋ
相近,1,ㄒㄧㄤ ㄐㄧㄣˋ
相敬如賓,1,ㄒㄧㄤ ㄐㄧㄥˋ ㄖㄨˊ ㄅㄧㄣ
相聚,1,ㄒㄧㄤ ㄐㄩˋ
相親,1,ㄒㄧㄤ ㄑㄧㄣ
相親相愛,1,ㄒㄧㄤ ㄑㄧㄣ ㄒㄧㄤ ㄞˋ
相偕,1,ㄒㄧㄤ ㄒㄧㄝˊ
相信,1,ㄒㄧㄤ ㄒㄧㄣˋ
相向,1,ㄒㄧㄤ ㄒㄧㄤˋ
相像,1,ㄒㄧㄤ ㄒㄧㄤˋ
相形見絀,1,ㄒㄧㄤ ㄒㄧㄥˊ ㄐㄧㄢˋ ㄔㄨˋ
相形之下,1,ㄒㄧㄤ ㄒㄧㄥˊ ㄓ ㄒㄧㄚˋ
相知,1,ㄒㄧㄤ ㄓ
相持不下,1,ㄒㄧㄤ ㄔˊ ㄅㄨˋ ㄒㄧㄚˋ
相持不下,1,ㄒㄧㄤ ㄔˊ ㄅㄨˊ ㄒㄧㄚˋ
相差無幾,1,ㄒㄧㄤ ㄔㄚ ㄨˊ ㄐㄧˇ
相稱,1,ㄒㄧㄤ ㄔㄥ
相稱,1,ㄒㄧㄤ ㄔㄥˋ
相處,1,ㄒㄧㄤ ㄔㄨˇ
相傳,1,ㄒㄧㄤ ㄔㄨㄢˊ
相視而笑,1,ㄒㄧㄤ ㄕˋ ㄦˊ ㄒㄧㄠˋ
相識,1,ㄒㄧㄤ ㄕˋ
相讓,1,ㄒㄧㄤ ㄖㄤˋ
相濡以沫,1,ㄒㄧㄤ ㄖㄨˊ ㄧˇ ㄇㄛˋ
相若,1,ㄒㄧㄤ ㄖㄨㄛˋ
相容,1,ㄒㄧㄤ ㄖㄨㄥˊ
相左,1,ㄒㄧㄤ ㄗㄨㄛˇ
相思,1,ㄒㄧㄤ ㄙ
相似,1,ㄒㄧㄤ ㄙˋ
相愛,1,ㄒㄧㄤ ㄞˋ
相安無事,1,ㄒㄧㄤ ㄢ ㄨˊ ㄕˋ
相依為命,1,ㄒㄧㄤ ㄧ ㄨㄟˊ ㄇㄧㄥˋ
相宜,1,ㄒㄧㄤ ㄧˊ
相異,1,ㄒㄧㄤ ㄧˋ
相映成趣,1,ㄒㄧㄤ ㄧㄥˋ ㄔㄥˊ ㄑㄩˋ
相應,1,ㄒㄧㄤ ㄧㄥˋ
相應不理,1,ㄒㄧㄤ ㄧㄥˋ ㄅㄨˋ ㄌㄧˇ
相遇,1,ㄒㄧㄤ ㄩˋ
相約,1,ㄒㄧㄤ ㄩㄝ
相擁而泣,1,ㄒㄧㄤ ㄩㄥˇ ㄦˊ ㄑㄧˋ
湘,1,ㄒㄧㄤ
湘江,1,ㄒㄧㄤ ㄐㄧㄤ
廂,1,ㄒㄧㄤ
廂房,1,ㄒㄧㄤ ㄈㄤˊ
箱,1,ㄒㄧㄤ
箱底功夫,1,ㄒㄧㄤ ㄉㄧˇ ㄍㄨㄥ ㄈㄨ˙
箱子,1,ㄒㄧㄤ ㄗ˙
箱網養殖,1,ㄒㄧㄤ ㄨㄤˇ ㄧㄤˇ ㄓˊ
香,1,ㄒㄧㄤ
香包,1,ㄒㄧㄤ ㄅㄠ
香檳,1,ㄒㄧㄤ ㄅㄧㄣ
香噴噴,1,ㄒㄧㄤ ㄆㄣ ㄆㄣ
香片,1,ㄒㄧㄤ ㄆㄧㄢˋ
香粉,1,ㄒㄧㄤ ㄈㄣˇ
香甜,1,ㄒㄧㄤ ㄊㄧㄢˊ
香囊,1,ㄒㄧㄤ ㄋㄤˊ
香料,1,ㄒㄧㄤ ㄌㄧㄠˋ
香爐,1,ㄒㄧㄤ ㄌㄨˊ
香格里拉,1,ㄒㄧㄤ ㄍㄜˊ ㄌㄧˇ ㄌㄚ
香港腳,1,ㄒㄧㄤ ㄍㄤˇ ㄐㄧㄠˇ
香菇,1,ㄒㄧㄤ ㄍㄨ
香瓜,1,ㄒㄧㄤ ㄍㄨㄚ
香閨,1,ㄒㄧㄤ ㄍㄨㄟ
香客,1,ㄒㄧㄤ ㄎㄜˋ
香汗,1,ㄒㄧㄤ ㄏㄢˋ
香火,1,ㄒㄧㄤ ㄏㄨㄛˇ
香灰,1,ㄒㄧㄤ ㄏㄨㄟ
香蕉,1,ㄒㄧㄤ ㄐㄧㄠ
香氣,1,ㄒㄧㄤ ㄑㄧˋ
香消玉殞,1,ㄒㄧㄤ ㄒㄧㄠ ㄩˋ ㄩㄣˇ
香紙,1,ㄒㄧㄤ ㄓˇ
香燭,1,ㄒㄧㄤ ㄓㄨˊ
香腸,1,ㄒㄧㄤ ㄔㄤˊ
香醇,1,ㄒㄧㄤ ㄔㄨㄣˊ
香水,1,ㄒㄧㄤ ㄕㄨㄟˇ
香皂,1,ㄒㄧㄤ ㄗㄠˋ
香菜,1,ㄒㄧㄤ ㄘㄞˋ
香草,1,ㄒㄧㄤ ㄘㄠˇ
香脆,1,ㄒㄧㄤ ㄘㄨㄟˋ
香案,1,ㄒㄧㄤ ㄢˋ
香油,1,ㄒㄧㄤ ㄧㄡˊ
香油錢,1,ㄒㄧㄤ ㄧㄡˊ ㄑㄧㄢˊ
香豔,1,ㄒㄧㄤ ㄧㄢˋ
香味,1,ㄒㄧㄤ ㄨㄟˋ
鄉,1,ㄒㄧㄤ
鄉巴佬,1,ㄒㄧㄤ ㄅㄚ ㄌㄠˇ
鄉民,1,ㄒㄧㄤ ㄇㄧㄣˊ
鄉黨,1,ㄒㄧㄤ ㄉㄤˇ
鄉土,1,ㄒㄧㄤ ㄊㄨˇ
鄉里,1,ㄒㄧㄤ ㄌㄧˇ
鄉間,1,ㄒㄧㄤ ㄐㄧㄢ
鄉居,1,ㄒㄧㄤ ㄐㄩ
鄉親,1,ㄒㄧㄤ ㄑㄧㄣ
鄉情,1,ㄒㄧㄤ ㄑㄧㄥˊ
鄉下,1,ㄒㄧㄤ ㄒㄧㄚˋ
鄉長,1,ㄒㄧㄤ ㄓㄤˇ
鄉愁,1,ㄒㄧㄤ ㄔㄡˊ
鄉試,1,ㄒㄧㄤ ㄕˋ
鄉人,1,ㄒㄧㄤ ㄖㄣˊ
鄉村,1,ㄒㄧㄤ ㄘㄨㄣ
鄉村音樂,1,ㄒㄧㄤ ㄘㄨㄣ ㄧㄣ ㄩㄝˋ
鄉誼,1,ㄒㄧㄤ ㄧˋ
鄉野,1,ㄒㄧㄤ ㄧㄝˇ
鄉音,1,ㄒㄧㄤ ㄧㄣ
鄉愿,1,ㄒㄧㄤ ㄩㄢˋ
薌,1,ㄒㄧㄤ
襄,1,ㄒㄧㄤ
襄理,1,ㄒㄧㄤ ㄌㄧˇ
襄助,1,ㄒㄧㄤ ㄓㄨˋ
鑲,1,ㄒㄧㄤ
鑲嵌,1,ㄒㄧㄤ ㄑㄧㄢ
驤,1,ㄒㄧㄤ
羊,1,ㄒㄧㄤˊ
庠,1,ㄒㄧㄤˊ
祥,1,ㄒㄧㄤˊ
祥和,1,ㄒㄧㄤˊ ㄏㄜˊ
祥瑞,1,ㄒㄧㄤˊ ㄖㄨㄟˋ
祥雲,1,ㄒㄧㄤˊ ㄩㄣˊ
翔,1,ㄒㄧㄤˊ
詳,1,ㄒㄧㄤˊ
詳盡,1,ㄒㄧㄤˊ ㄐㄧㄣˋ
詳情,1,ㄒㄧㄤˊ ㄑㄧㄥˊ
詳細,1,ㄒㄧㄤˊ ㄒㄧˋ
詳查,1,ㄒㄧㄤˊ ㄔㄚˊ
詳實,1,ㄒㄧㄤˊ ㄕˊ
詳述,1,ㄒㄧㄤˊ ㄕㄨˋ
降,1,ㄒㄧㄤˊ
降伏,1,ㄒㄧㄤˊ ㄈㄨˊ
降服,1,ㄒㄧㄤˊ ㄈㄨˊ
降龍伏虎,1,ㄒㄧㄤˊ ㄌㄨㄥˊ ㄈㄨˊ ㄏㄨˇ
降將,1,ㄒㄧㄤˊ ㄐㄧㄤˋ
享,1,ㄒㄧㄤˇ
享福,1,ㄒㄧㄤˇ ㄈㄨˊ
享年,1,ㄒㄧㄤˇ ㄋㄧㄢˊ
享樂,1,ㄒㄧㄤˇ ㄌㄜˋ
享受,1,ㄒㄧㄤˇ ㄕㄡˋ
享壽,1,ㄒㄧㄤˇ ㄕㄡˋ
享譽,1,ㄒㄧㄤˇ ㄩˋ
享用,1,ㄒㄧㄤˇ ㄩㄥˋ
想,1,ㄒㄧㄤˇ
想必,1,ㄒㄧㄤˇ ㄅㄧˋ
想不到,1,ㄒㄧㄤˇ ㄅㄨˋ ㄉㄠˋ
想不到,1,ㄒㄧㄤˇ ㄅㄨˊ ㄉㄠˋ
想不透,1,ㄒㄧㄤˇ ㄅㄨˋ ㄊㄡˋ
想不透,1,ㄒㄧㄤˇ ㄅㄨˊ ㄊㄡˋ
想不開,1,ㄒㄧㄤˇ ㄅㄨˋ ㄎㄞ
想法,1,ㄒㄧㄤˇ ㄈㄚˇ
想當然,1,ㄒㄧㄤˇ ㄉㄤ ㄖㄢˊ
想念,1,ㄒㄧㄤˇ ㄋㄧㄢˋ
想見,1,ㄒㄧㄤˇ ㄐㄧㄢˋ
想像,1,ㄒㄧㄤˇ ㄒㄧㄤˋ
想像力,1,ㄒㄧㄤˇ ㄒㄧㄤˋ ㄌㄧˋ
想入非非,1,ㄒㄧㄤˇ ㄖㄨˋ ㄈㄟ ㄈㄟ
餉,1,ㄒㄧㄤˇ
鯗,1,ㄒㄧㄤˇ
響,1,ㄒㄧㄤˇ
響馬,1,ㄒㄧㄤˇ ㄇㄚˇ
響噹噹,1,ㄒㄧㄤˇ ㄉㄤ ㄉㄤ
響叮噹,1,ㄒㄧㄤˇ ㄉㄧㄥ ㄉㄤ
響亮,1,ㄒㄧㄤˇ ㄌㄧㄤˋ
響徹雲霄,1,ㄒㄧㄤˇ ㄔㄜˋ ㄩㄣˊ ㄒㄧㄠ
響應,1,ㄒㄧㄤˇ ㄧㄥˋ
響尾蛇,1,ㄒㄧㄤˇ ㄨㄟˇ ㄕㄜˊ
饗,1,ㄒㄧㄤˇ
向,1,ㄒㄧㄤˋ
向背,1,ㄒㄧㄤˋ ㄅㄟˋ
向地性,1,ㄒㄧㄤˋ ㄉㄧˋ ㄒㄧㄥˋ
向來,1,ㄒㄧㄤˋ ㄌㄞˊ
向量,1,ㄒㄧㄤˋ ㄌㄧㄤˋ
向光性,1,ㄒㄧㄤˋ ㄍㄨㄤ ㄒㄧㄥˋ
向心力,1,ㄒㄧㄤˋ ㄒㄧㄣ ㄌㄧˋ
向學,1,ㄒㄧㄤˋ ㄒㄩㄝˊ
向溼性,1,ㄒㄧㄤˋ ㄕ ㄒㄧㄥˋ
向善,1,ㄒㄧㄤˋ ㄕㄢˋ
向日葵,1,ㄒㄧㄤˋ ㄖˋ ㄎㄨㄟˊ
向陽,1,ㄒㄧㄤˋ ㄧㄤˊ
向晚,1,ㄒㄧㄤˋ ㄨㄢˇ
向隅,1,ㄒㄧㄤˋ ㄩˊ
巷,1,ㄒㄧㄤˋ
巷道,1,ㄒㄧㄤˋ ㄉㄠˋ
巷弄,1,ㄒㄧㄤˋ ㄌㄨㄥˋ
巷戰,1,ㄒㄧㄤˋ ㄓㄢˋ
巷子,1,ㄒㄧㄤˋ ㄗ˙
巷議,1,ㄒㄧㄤˋ ㄧˋ
相,1,ㄒㄧㄤˋ
相簿,1,ㄒㄧㄤˋ ㄅㄨˋ
相片,1,ㄒㄧㄤˋ ㄆㄧㄢˋ
相片光碟,1,ㄒㄧㄤˋ ㄆㄧㄢˋ ㄍㄨㄤ ㄉㄧㄝˊ
相貌,1,ㄒㄧㄤˋ ㄇㄠˋ
相貌堂堂,1,ㄒㄧㄤˋ ㄇㄠˋ ㄊㄤˊ ㄊㄤˊ
相命,1,ㄒㄧㄤˋ ㄇㄧㄥˋ
相法,1,ㄒㄧㄤˋ ㄈㄚˇ
相國,1,ㄒㄧㄤˋ ㄍㄨㄛˊ
相公,1,ㄒㄧㄤˋ ㄍㄨㄥ
相框,1,ㄒㄧㄤˋ ㄎㄨㄤ
相機,1,ㄒㄧㄤˋ ㄐㄧ
相親,1,ㄒㄧㄤˋ ㄑㄧㄣ
相士,1,ㄒㄧㄤˋ ㄕˋ
相聲,1,ㄒㄧㄤˋ ㄕㄥ
相術,1,ㄒㄧㄤˋ ㄕㄨˋ
相字,1,ㄒㄧㄤˋ ㄗˋ
項,1,ㄒㄧㄤˋ
項目,1,ㄒㄧㄤˋ ㄇㄨˋ
項鍊,1,ㄒㄧㄤˋ ㄌㄧㄢˋ
象,1,ㄒㄧㄤˋ
象棋,1,ㄒㄧㄤˋ ㄑㄧˊ
象限,1,ㄒㄧㄤˋ ㄒㄧㄢˋ
象形,1,ㄒㄧㄤˋ ㄒㄧㄥˊ
象徵,1,ㄒㄧㄤˋ ㄓㄥ
象徵性,1,ㄒㄧㄤˋ ㄓㄥ ㄒㄧㄥˋ
象牙,1,ㄒㄧㄤˋ ㄧㄚˊ
象牙塔,1,ㄒㄧㄤˋ ㄧㄚˊ ㄊㄚˇ
像,1,ㄒㄧㄤˋ
像片,1,ㄒㄧㄤˋ ㄆㄧㄢˋ
像樣,1,ㄒㄧㄤˋ ㄧㄤˋ
橡,1,ㄒㄧㄤˋ
橡皮,1,ㄒㄧㄤˋ ㄆㄧˊ
橡皮艇,1,ㄒㄧㄤˋ ㄆㄧˊ ㄊㄧㄥˇ
橡皮圖章,1,ㄒㄧㄤˋ ㄆㄧˊ ㄊㄨˊ ㄓㄤ
橡皮筋,1,ㄒㄧㄤˋ ㄆㄧˊ ㄐㄧㄣ
橡皮擦,1,ㄒㄧㄤˋ ㄆㄧˊ ㄘㄚ
橡膠,1,ㄒㄧㄤˋ ㄐㄧㄠ
橡樹,1,ㄒㄧㄤˋ ㄕㄨˋ
嚮,1,ㄒㄧㄤˋ
嚮導,1,ㄒㄧㄤˋ ㄉㄠˇ
嚮往,1,ㄒㄧㄤˋ ㄨㄤˇ
星,1,ㄒㄧㄥ
星斗,1,ㄒㄧㄥ ㄉㄡˇ
星等,1,ㄒㄧㄥ ㄉㄥˇ
星團,1,ㄒㄧㄥ ㄊㄨㄢˊ
星羅棋布,1,ㄒㄧㄥ ㄌㄨㄛˊ ㄑㄧˊ ㄅㄨˋ
星光,1,ㄒㄧㄥ ㄍㄨㄤ
星空,1,ㄒㄧㄥ ㄎㄨㄥ
星河,1,ㄒㄧㄥ ㄏㄜˊ
星火,1,ㄒㄧㄥ ㄏㄨㄛˇ
星火燎原,1,ㄒㄧㄥ ㄏㄨㄛˇ ㄌㄧㄠˊ ㄩㄢˊ
星際,1,ㄒㄧㄥ ㄐㄧˋ
星期,1,ㄒㄧㄥ ㄑㄧˊ
星球,1,ㄒㄧㄥ ㄑㄧㄡˊ
星系,1,ㄒㄧㄥ ㄒㄧˋ
星象,1,ㄒㄧㄥ ㄒㄧㄤˋ
星星,1,ㄒㄧㄥ ㄒㄧㄥ
星星之火,1,ㄒㄧㄥ ㄒㄧㄥ ㄓ ㄏㄨㄛˇ
星星,1,ㄒㄧㄥ ㄒㄧㄥ˙
星馳,1,ㄒㄧㄥ ㄔˊ
星辰,1,ㄒㄧㄥ ㄔㄣˊ
星座,1,ㄒㄧㄥ ㄗㄨㄛˋ
星移斗轉,1,ㄒㄧㄥ ㄧˊ ㄉㄡˇ ㄓㄨㄢˇ
星夜,1,ㄒㄧㄥ ㄧㄝˋ
星雲,1,ㄒㄧㄥ ㄩㄣˊ
惺,1,ㄒㄧㄥ
惺惺,1,ㄒㄧㄥ ㄒㄧㄥ
惺惺相惜,1,ㄒㄧㄥ ㄒㄧㄥ ㄒㄧㄤ ㄒㄧˊ
惺惺作態,1,ㄒㄧㄥ ㄒㄧㄥ ㄗㄨㄛˋ ㄊㄞˋ
惺忪,1,ㄒㄧㄥ ㄙㄨㄥ
猩,1,ㄒㄧㄥ
猩紅熱,1,ㄒㄧㄥ ㄏㄨㄥˊ ㄖㄜˋ
猩猩,1,ㄒㄧㄥ ㄒㄧㄥ
猩猩,1,ㄒㄧㄥ ㄒㄧㄥ˙
腥,1,ㄒㄧㄥ
腥風血雨,1,ㄒㄧㄥ ㄈㄥ ㄒㄧㄝˇ ㄩˇ
腥羶,1,ㄒㄧㄥ ㄕㄢ
腥臊味,1,ㄒㄧㄥ ㄙㄠ ㄨㄟˋ
腥味,1,ㄒㄧㄥ ㄨㄟˋ
興,1,ㄒㄧㄥ
興辦,1,ㄒㄧㄥ ㄅㄢˋ
興邦,1,ㄒㄧㄥ ㄅㄤ
興奮,1,ㄒㄧㄥ ㄈㄣˋ
興奮劑,1,ㄒㄧㄥ ㄈㄣˋ ㄐㄧˋ
興風作浪,1,ㄒㄧㄥ ㄈㄥ ㄗㄨㄛˋ ㄌㄤˋ
興嘆,1,ㄒㄧㄥ ㄊㄢˋ
興利除弊,1,ㄒㄧㄥ ㄌㄧˋ ㄔㄨˊ ㄅㄧˋ
興隆,1,ㄒㄧㄥ ㄌㄨㄥˊ
興革,1,ㄒㄧㄥ ㄍㄜˊ
興工,1,ㄒㄧㄥ ㄍㄨㄥ
興建,1,ㄒㄧㄥ ㄐㄧㄢˋ
興起,1,ㄒㄧㄥ ㄑㄧˇ
興學,1,ㄒㄧㄥ ㄒㄩㄝˊ
興致勃勃,1,ㄒㄧㄥˋ ㄓˋ ㄅㄛˊ ㄅㄛˊ
興師動眾,1,ㄒㄧㄥ ㄕ ㄉㄨㄥˋ ㄓㄨㄥˋ
興師問罪,1,ㄒㄧㄥ ㄕ ㄨㄣˋ ㄗㄨㄟˋ
興盛,1,ㄒㄧㄥ ㄕㄥˋ
興衰,1,ㄒㄧㄥ ㄕㄨㄞ
興訟,1,ㄒㄧㄥ ㄙㄨㄥˋ
興旺,1,ㄒㄧㄥ ㄨㄤˋ
騂,1,ㄒㄧㄥ
刑,1,ㄒㄧㄥˊ
刑罰,1,ㄒㄧㄥˊ ㄈㄚˊ
刑法,1,ㄒㄧㄥˊ ㄈㄚˇ
刑庭,1,ㄒㄧㄥˊ ㄊㄧㄥˊ
刑警,1,ㄒㄧㄥˊ ㄐㄧㄥˇ
刑警隊,1,ㄒㄧㄥˊ ㄐㄧㄥˇ ㄉㄨㄟˋ
刑具,1,ㄒㄧㄥˊ ㄐㄩˋ
刑期,1,ㄒㄧㄥˊ ㄑㄧˊ
刑事,1,ㄒㄧㄥˊ ㄕˋ
刑責,1,ㄒㄧㄥˊ ㄗㄜˊ
刑案,1,ㄒㄧㄥˊ ㄢˋ
形,1,ㄒㄧㄥˊ
形貌,1,ㄒㄧㄥˊ ㄇㄠˋ
形單影隻,1,ㄒㄧㄥˊ ㄉㄢ ㄧㄥˇ ㄓ
形態,1,ㄒㄧㄥˊ ㄊㄞˋ
形體,1,ㄒㄧㄥˊ ㄊㄧˇ
形同具文,1,ㄒㄧㄥˊ ㄊㄨㄥˊ ㄐㄩˋ ㄨㄣˊ
形同虛設,1,ㄒㄧㄥˊ ㄊㄨㄥˊ ㄒㄩ ㄕㄜˋ
形骸,1,ㄒㄧㄥˊ ㄏㄞˊ
形跡,1,ㄒㄧㄥˊ ㄐㄧ
形跡可疑,1,ㄒㄧㄥˊ ㄐㄧ ㄎㄜˇ ㄧˊ
形相,1,ㄒㄧㄥˊ ㄒㄧㄤˋ
形象,1,ㄒㄧㄥˊ ㄒㄧㄤˋ
形形色色,1,ㄒㄧㄥˊ ㄒㄧㄥˊ ㄙㄜˋ ㄙㄜˋ
形狀,1,ㄒㄧㄥˊ ㄓㄨㄤˋ
形成,1,ㄒㄧㄥˊ ㄔㄥˊ
形式,1,ㄒㄧㄥˊ ㄕˋ
形勢,1,ㄒㄧㄥˊ ㄕˋ
形上學,1,ㄒㄧㄥˊ ㄕㄤˋ ㄒㄩㄝˊ
形容,1,ㄒㄧㄥˊ ㄖㄨㄥˊ
形容詞,1,ㄒㄧㄥˊ ㄖㄨㄥˊ ㄘˊ
形似,1,ㄒㄧㄥˊ ㄙˋ
形色,1,ㄒㄧㄥˊ ㄙㄜˋ
形影不離,1,ㄒㄧㄥˊ ㄧㄥˇ ㄅㄨˋ ㄌㄧˊ
邢,1,ㄒㄧㄥˊ
型,1,ㄒㄧㄥˊ
型態,1,ㄒㄧㄥˊ ㄊㄞˋ
型錄式廣告,1,ㄒㄧㄥˊ ㄌㄨˋ ㄕˋ ㄍㄨㄤˇ ㄍㄠˋ
型式,1,ㄒㄧㄥˊ ㄕˋ
行,1,ㄒㄧㄥˊ
行不通,1,ㄒㄧㄥˊ ㄅㄨˋ ㄊㄨㄥ
行騙,1,ㄒㄧㄥˊ ㄆㄧㄢˋ
行房,1,ㄒㄧㄥˊ ㄈㄤˊ
行道樹,1,ㄒㄧㄥˊ ㄉㄠˋ ㄕㄨˋ
行都,1,ㄒㄧㄥˊ ㄉㄨ
行動,1,ㄒㄧㄥˊ ㄉㄨㄥˋ
行動電話,1,ㄒㄧㄥˊ ㄉㄨㄥˋ ㄉㄧㄢˋ ㄏㄨㄚˋ
行囊,1,ㄒㄧㄥˊ ㄋㄤˊ
行李,1,ㄒㄧㄥˊ ㄌㄧˇ
行李袋,1,ㄒㄧㄥˊ ㄌㄧˇ ㄉㄞˋ
行禮,1,ㄒㄧㄥˊ ㄌㄧˇ
行旅,1,ㄒㄧㄥˊ ㄌㄩˇ
行館,1,ㄒㄧㄥˊ ㄍㄨㄢˇ
行宮,1,ㄒㄧㄥˊ ㄍㄨㄥ
行賄,1,ㄒㄧㄥˊ ㄏㄨㄟˋ
行跡,1,ㄒㄧㄥˊ ㄐㄧ
行進,1,ㄒㄧㄥˊ ㄐㄧㄣˋ
行將,1,ㄒㄧㄥˊ ㄐㄧㄤ
行將就木,1,ㄒㄧㄥˊ ㄐㄧㄤ ㄐㄧㄡˋ ㄇㄨˋ
行經,1,ㄒㄧㄥˊ ㄐㄧㄥ
行徑,1,ㄒㄧㄥˊ ㄐㄧㄥˋ
行軍,1,ㄒㄧㄥˊ ㄐㄩㄣ
行期,1,ㄒㄧㄥˊ ㄑㄧˊ
行乞,1,ㄒㄧㄥˊ ㄑㄧˇ
行竊,1,ㄒㄧㄥˊ ㄑㄧㄝˋ
行銷,1,ㄒㄧㄥˊ ㄒㄧㄠ
行星,1,ㄒㄧㄥˊ ㄒㄧㄥ
行刑,1,ㄒㄧㄥˊ ㄒㄧㄥˊ
行凶,1,ㄒㄧㄥˊ ㄒㄩㄥ
行止,1,ㄒㄧㄥˊ ㄓˇ
行詐,1,ㄒㄧㄥˊ ㄓㄚˋ
行者,1,ㄒㄧㄥˊ ㄓㄜˇ
行照,1,ㄒㄧㄥˊ ㄓㄠˋ
行政,1,ㄒㄧㄥˊ ㄓㄥˋ
行政命令,1,ㄒㄧㄥˊ ㄓㄥˋ ㄇㄧㄥˋ ㄌㄧㄥˋ
行政救濟,1,ㄒㄧㄥˊ ㄓㄥˋ ㄐㄧㄡˋ ㄐㄧˋ
行政中立,1,ㄒㄧㄥˊ ㄓㄥˋ ㄓㄨㄥ ㄌㄧˋ
行政處分,1,ㄒㄧㄥˊ ㄓㄥˋ ㄔㄨˇ ㄈㄣˋ
行政訴訟,1,ㄒㄧㄥˊ ㄓㄥˋ ㄙㄨˋ ㄙㄨㄥˋ
行裝,1,ㄒㄧㄥˊ ㄓㄨㄤ
行車,1,ㄒㄧㄥˊ ㄔㄜ
行程,1,ㄒㄧㄥˊ ㄔㄥˊ
行船,1,ㄒㄧㄥˊ ㄔㄨㄢˊ
行尸走肉,1,ㄒㄧㄥˊ ㄕ ㄗㄡˇ ㄖㄡˋ
行使,1,ㄒㄧㄥˊ ㄕˇ
行駛,1,ㄒㄧㄥˊ ㄕˇ
行事,1,ㄒㄧㄥˊ ㄕˋ
行事曆,1,ㄒㄧㄥˊ ㄕˋ ㄌㄧˋ
行善,1,ㄒㄧㄥˊ ㄕㄢˋ
行商,1,ㄒㄧㄥˊ ㄕㄤ
行書,1,ㄒㄧㄥˊ ㄕㄨ
行人,1,ㄒㄧㄥˊ ㄖㄣˊ
行走,1,ㄒㄧㄥˊ ㄗㄡˇ
行蹤,1,ㄒㄧㄥˊ ㄗㄨㄥ
行蹤飄忽,1,ㄒㄧㄥˊ ㄗㄨㄥ ㄆㄧㄠ ㄏㄨ
行色,1,ㄒㄧㄥˊ ㄙㄜˋ
行色匆匆,1,ㄒㄧㄥˊ ㄙㄜˋ ㄘㄨㄥ ㄘㄨㄥ
行速,1,ㄒㄧㄥˊ ㄙㄨˋ
行醫,1,ㄒㄧㄥˊ ㄧ
行有餘力,1,ㄒㄧㄥˊ ㄧㄡˇ ㄩˊ ㄌㄧˋ
行為,1,ㄒㄧㄥˊ ㄨㄟˊ
行文,1,ㄒㄧㄥˊ ㄨㄣˊ
行雲流水,1,ㄒㄧㄥˊ ㄩㄣˊ ㄌㄧㄡˊ ㄕㄨㄟˇ
陘,1,ㄒㄧㄥˊ
滎,1,ㄒㄧㄥˊ
餳,1,ㄒㄧㄥˊ
省,1,ㄒㄧㄥˇ
省親,1,ㄒㄧㄥˇ ㄑㄧㄣ
省事,1,ㄒㄧㄥˇ ㄕˋ
省思,1,ㄒㄧㄥˇ ㄙ
省悟,1,ㄒㄧㄥˇ ㄨˋ
醒,1,ㄒㄧㄥˇ
醒目,1,ㄒㄧㄥˇ ㄇㄨˋ
醒世,1,ㄒㄧㄥˇ ㄕˋ
醒悟,1,ㄒㄧㄥˇ ㄨˋ
擤,1,ㄒㄧㄥˇ
行,1,ㄒㄧㄥˋ
荇,1,ㄒㄧㄥˋ
杏,1,ㄒㄧㄥˋ
杏壇,1,ㄒㄧㄥˋ ㄊㄢˊ
杏林,1,ㄒㄧㄥˋ ㄌㄧㄣˊ
杏仁,1,ㄒㄧㄥˋ ㄖㄣˊ
杏眼,1,ㄒㄧㄥˋ ㄧㄢˇ
性,1,ㄒㄧㄥˋ
性別,1,ㄒㄧㄥˋ ㄅㄧㄝˊ
性別歧視,1,ㄒㄧㄥˋ ㄅㄧㄝˊ ㄑㄧˊ ㄕˋ
性病,1,ㄒㄧㄥˋ ㄅㄧㄥˋ
性命,1,ㄒㄧㄥˋ ㄇㄧㄥˋ
性命交關,1,ㄒㄧㄥˋ ㄇㄧㄥˋ ㄐㄧㄠ ㄍㄨㄢ
性能,1,ㄒㄧㄥˋ ㄋㄥˊ
性冷感,1,ㄒㄧㄥˋ ㄌㄥˇ ㄍㄢˇ
性靈,1,ㄒㄧㄥˋ ㄌㄧㄥˊ
性格,1,ㄒㄧㄥˋ ㄍㄜˊ
性感,1,ㄒㄧㄥˋ ㄍㄢˇ
性工作者,1,ㄒㄧㄥˋ ㄍㄨㄥ ㄗㄨㄛˋ ㄓㄜˇ
性急,1,ㄒㄧㄥˋ ㄐㄧˊ
性交,1,ㄒㄧㄥˋ ㄐㄧㄠ
性教育,1,ㄒㄧㄥˋ ㄐㄧㄠˋ ㄩˋ
性器官,1,ㄒㄧㄥˋ ㄑㄧˋ ㄍㄨㄢ
性情,1,ㄒㄧㄥˋ ㄑㄧㄥˊ
性情中人,1,ㄒㄧㄥˋ ㄑㄧㄥˊ ㄓㄨㄥ ㄖㄣˊ
性向,1,ㄒㄧㄥˋ ㄒㄧㄤˋ
性行為,1,ㄒㄧㄥˋ ㄒㄧㄥˊ ㄨㄟˊ
性質,1,ㄒㄧㄥˋ ㄓˊ
性徵,1,ㄒㄧㄥˋ ㄓㄥ
性生活,1,ㄒㄧㄥˋ ㄕㄥ ㄏㄨㄛˊ
性子,1,ㄒㄧㄥˋ ㄗ˙
性騷擾,1,ㄒㄧㄥˋ ㄙㄠ ㄖㄠˇ
性無能,1,ㄒㄧㄥˋ ㄨˊ ㄋㄥˊ
性慾,1,ㄒㄧㄥˋ ㄩˋ
姓,1,ㄒㄧㄥˋ
姓名,1,ㄒㄧㄥˋ ㄇㄧㄥˊ
姓氏,1,ㄒㄧㄥˋ ㄕˋ
幸,1,ㄒㄧㄥˋ
幸福,1,ㄒㄧㄥˋ ㄈㄨˊ
幸虧,1,ㄒㄧㄥˋ ㄎㄨㄟ
幸好,1,ㄒㄧㄥˋ ㄏㄠˇ
幸甚,1,ㄒㄧㄥˋ ㄕㄣˋ
幸災樂禍,1,ㄒㄧㄥˋ ㄗㄞ ㄌㄜˋ ㄏㄨㄛˋ
幸而,1,ㄒㄧㄥˋ ㄦˊ
幸運,1,ㄒㄧㄥˋ ㄩㄣˋ
倖,1,ㄒㄧㄥˋ
倖免,1,ㄒㄧㄥˋ ㄇㄧㄢˇ
倖存,1,ㄒㄧㄥˋ ㄘㄨㄣˊ
悻,1,ㄒㄧㄥˋ
悻悻,1,ㄒㄧㄥˋ ㄒㄧㄥˋ
興,1,ㄒㄧㄥˋ
興頭,1,ㄒㄧㄥˋ ㄊㄡ˙
興高采烈,1,ㄒㄧㄥˋ ㄍㄠ ㄘㄞˇ ㄌㄧㄝˋ
興起,1,ㄒㄧㄥˋ ㄑㄧˇ
興趣,1,ㄒㄧㄥˋ ㄑㄩˋ
興致,1,ㄒㄧㄥˋ ㄓˋ
興沖沖,1,ㄒㄧㄥˋ ㄔㄨㄥ ㄔㄨㄥ
興匆匆,1,ㄒㄧㄥˋ ㄘㄨㄥ ㄘㄨㄥ
興味,1,ㄒㄧㄥˋ ㄨㄟˋ
興味盎然,1,ㄒㄧㄥˋ ㄨㄟˋ ㄤˋ ㄖㄢˊ
戌,1,ㄒㄩ
吁,1,ㄒㄩ
訏,1,ㄒㄩ
胥,1,ㄒㄩ
虛,1,ㄒㄩ
虛報,1,ㄒㄩ ㄅㄠˋ
虛名,1,ㄒㄩ ㄇㄧㄥˊ
虛浮,1,ㄒㄩ ㄈㄨˊ
虛度,1,ㄒㄩ ㄉㄨˋ
虛脫,1,ㄒㄩ ㄊㄨㄛ
虛擬,1,ㄒㄩ ㄋㄧˇ
虛擬實境,1,ㄒㄩ ㄋㄧˇ ㄕˊ ㄐㄧㄥˋ
虛構,1,ㄒㄩ ㄍㄡˋ
虛耗,1,ㄒㄩ ㄏㄠˋ
虛火,1,ㄒㄩ ㄏㄨㄛˇ
虛懷若谷,1,ㄒㄩ ㄏㄨㄞˊ ㄖㄨㄛˋ ㄍㄨˇ
虛幻,1,ㄒㄩ ㄏㄨㄢˋ
虛晃一招,1,ㄒㄩ ㄏㄨㄤˇ ㄧ ㄓㄠ
虛晃一招,1,ㄒㄩ ㄏㄨㄤˇ ㄧˋ ㄓㄠ
虛假,1,ㄒㄩ ㄐㄧㄚˇ
虛驚,1,ㄒㄩ ㄐㄧㄥ
虛驚一場,1,ㄒㄩ ㄐㄧㄥ ㄧ ㄔㄤˇ
虛驚一場,1,ㄒㄩ ㄐㄧㄥ ㄧˋ ㄔㄤˇ
虛情假意,1,ㄒㄩ ㄑㄧㄥˊ ㄐㄧㄚˇ ㄧˋ
虛線,1,ㄒㄩ ㄒㄧㄢˋ
虛心,1,ㄒㄩ ㄒㄧㄣ
虛張聲勢,1,ㄒㄩ ㄓㄤ ㄕㄥ ㄕˋ
虛實,1,ㄒㄩ ㄕˊ
虛設,1,ㄒㄩ ㄕㄜˋ
虛弱,1,ㄒㄩ ㄖㄨㄛˋ
虛榮,1,ㄒㄩ ㄖㄨㄥˊ
虛字,1,ㄒㄩ ㄗˋ
虛歲,1,ㄒㄩ ㄙㄨㄟˋ
虛有其表,1,ㄒㄩ ㄧㄡˇ ㄑㄧˊ ㄅㄧㄠˇ
虛言,1,ㄒㄩ ㄧㄢˊ
虛掩,1,ㄒㄩ ㄧㄢˇ
虛應故事,1,ㄒㄩ ㄧㄥˋ ㄍㄨˋ ㄕˋ
虛無,1,ㄒㄩ ㄨˊ
虛無縹緲,1,ㄒㄩ ㄨˊ ㄆㄧㄠˇ ㄇㄧㄠˇ
虛偽,1,ㄒㄩ ㄨㄟˋ
虛妄,1,ㄒㄩ ㄨㄤˋ
虛與委蛇,1,ㄒㄩ ㄩˇ ㄨㄟ ㄧˊ
墟,1,ㄒㄩ
噓,1,ㄒㄩ
噓寒問暖,1,ㄒㄩ ㄏㄢˊ ㄨㄣˋ ㄋㄨㄢˇ
噓聲,1,ㄒㄩ ㄕㄥ
歔,1,ㄒㄩ
須,1,ㄒㄩ
須臾,1,ㄒㄩ ㄩˊ
鬚,1,ㄒㄩ
鬚眉,1,ㄒㄩ ㄇㄟˊ
需,1,ㄒㄩ
需款孔急,1,ㄒㄩ ㄎㄨㄢˇ ㄎㄨㄥˇ ㄐㄧˊ
需求,1,ㄒㄩ ㄑㄧㄡˊ
需要,1,ㄒㄩ ㄧㄠˋ
需用,1,ㄒㄩ ㄩㄥˋ
徐,1,ㄒㄩˊ
徐娘半老,1,ㄒㄩˊ ㄋㄧㄤˊ ㄅㄢˋ ㄌㄠˇ
徐徐,1,ㄒㄩˊ ㄒㄩˊ
咻,1,ㄒㄩˇ
栩,1,ㄒㄩˇ
栩栩如生,1,ㄒㄩˇ ㄒㄩˇ ㄖㄨˊ ㄕㄥ
詡,1,ㄒㄩˇ
許,1,ㄒㄩˇ
許配,1,ㄒㄩˇ ㄆㄟˋ
許多,1,ㄒㄩˇ ㄉㄨㄛ
許諾,1,ㄒㄩˇ ㄋㄨㄛˋ
許可,1,ㄒㄩˇ ㄎㄜˇ
許久,1,ㄒㄩˇ ㄐㄧㄡˇ
許願,1,ㄒㄩˇ ㄩㄢˋ
煦,1,ㄒㄩˇ
旭,1,ㄒㄩˋ
旭日,1,ㄒㄩˋ ㄖˋ
序,1,ㄒㄩˋ
序跋,1,ㄒㄩˋ ㄅㄚˊ
序幕,1,ㄒㄩˋ ㄇㄨˋ
序論,1,ㄒㄩˋ ㄌㄨㄣˋ
序曲,1,ㄒㄩˋ ㄑㄩˇ
序數,1,ㄒㄩˋ ㄕㄨˋ
序文,1,ㄒㄩˋ ㄨㄣˊ
卹,1,ㄒㄩˋ
洫,1,ㄒㄩˋ
恤,1,ㄒㄩˋ
畜,1,ㄒㄩˋ
畜牧,1,ㄒㄩˋ ㄇㄨˋ
畜產,1,ㄒㄩˋ ㄔㄢˇ
畜養,1,ㄒㄩˋ ㄧㄤˇ
蓄,1,ㄒㄩˋ
蓄電池,1,ㄒㄩˋ ㄉㄧㄢˋ ㄔˊ
蓄積,1,ㄒㄩˋ ㄐㄧ
蓄勢待發,1,ㄒㄩˋ ㄕˋ ㄉㄞˋ ㄈㄚ
蓄水,1,ㄒㄩˋ ㄕㄨㄟˇ
蓄意,1,ㄒㄩˋ ㄧˋ
酗,1,ㄒㄩˋ
酗酒,1,ㄒㄩˋ ㄐㄧㄡˇ
勖,1,ㄒㄩˋ
勗,1,ㄒㄩˋ
敘,1,ㄒㄩˋ
敘明,1,ㄒㄩˋ ㄇㄧㄥˊ
敘舊,1,ㄒㄩˋ ㄐㄧㄡˋ
敘事,1,ㄒㄩˋ ㄕˋ
敘述,1,ㄒㄩˋ ㄕㄨˋ
敘說,1,ㄒㄩˋ ㄕㄨㄛ
絮,1,ㄒㄩˋ
絮煩,1,ㄒㄩˋ ㄈㄢˊ
絮叨,1,ㄒㄩˋ ㄉㄠ
絮聒,1,ㄒㄩˋ ㄍㄨㄚ
絮絮不休,1,ㄒㄩˋ ㄒㄩˋ ㄅㄨˋ ㄒㄧㄡ
婿,1,ㄒㄩˋ
頊,1,ㄒㄩˋ
緒,1,ㄒㄩˋ
緒論,1,ㄒㄩˋ ㄌㄨㄣˋ
緒言,1,ㄒㄩˋ ㄧㄢˊ
續,1,ㄒㄩˋ
續聘,1,ㄒㄩˋ ㄆㄧㄥˋ
續航力,1,ㄒㄩˋ ㄏㄤˊ ㄌㄧˋ
續集,1,ㄒㄩˋ ㄐㄧˊ
續假,1,ㄒㄩˋ ㄐㄧㄚˋ
續弦,1,ㄒㄩˋ ㄒㄧㄢˊ
續任,1,ㄒㄩˋ ㄖㄣˋ
續約,1,ㄒㄩˋ ㄩㄝ
靴,1,ㄒㄩㄝ
靴子,1,ㄒㄩㄝ ㄗ˙
噱,1,ㄒㄩㄝ
噱頭,1,ㄒㄩㄝ ㄊㄡˊ
薛,1,ㄒㄩㄝ
踅,1,ㄒㄩㄝˊ
學,1,ㄒㄩㄝˊ
學報,1,ㄒㄩㄝˊ ㄅㄠˋ
學派,1,ㄒㄩㄝˊ ㄆㄞˋ
學名,1,ㄒㄩㄝˊ ㄇㄧㄥˊ
學非所用,1,ㄒㄩㄝˊ ㄈㄟ ㄙㄨㄛˇ ㄩㄥˋ
學費,1,ㄒㄩㄝˊ ㄈㄟˋ
學分,1,ㄒㄩㄝˊ ㄈㄣ
學風,1,ㄒㄩㄝˊ ㄈㄥ
學府,1,ㄒㄩㄝˊ ㄈㄨˇ
學店,1,ㄒㄩㄝˊ ㄉㄧㄢˋ
學堂,1,ㄒㄩㄝˊ ㄊㄤˊ
學徒,1,ㄒㄩㄝˊ ㄊㄨˊ
學童,1,ㄒㄩㄝˊ ㄊㄨㄥˊ
學力,1,ㄒㄩㄝˊ ㄌㄧˋ
學力鑑定,1,ㄒㄩㄝˊ ㄌㄧˋ ㄐㄧㄢˋ ㄉㄧㄥˋ
學歷,1,ㄒㄩㄝˊ ㄌㄧˋ
學科,1,ㄒㄩㄝˊ ㄎㄜ
學號,1,ㄒㄩㄝˊ ㄏㄠˋ
學會,1,ㄒㄩㄝˊ ㄏㄨㄟˋ
學籍,1,ㄒㄩㄝˊ ㄐㄧˊ
學界,1,ㄒㄩㄝˊ ㄐㄧㄝˋ
學究,1,ㄒㄩㄝˊ ㄐㄧㄡˋ
學前教育,1,ㄒㄩㄝˊ ㄑㄧㄢˊ ㄐㄧㄠˋ ㄩˋ
學區,1,ㄒㄩㄝˊ ㄑㄩ
學習,1,ㄒㄩㄝˊ ㄒㄧˊ
學系,1,ㄒㄩㄝˊ ㄒㄧˋ
學校,1,ㄒㄩㄝˊ ㄒㄧㄠˋ
學制,1,ㄒㄩㄝˊ ㄓˋ
學者,1,ㄒㄩㄝˊ ㄓㄜˇ
學長,1,ㄒㄩㄝˊ ㄓㄤˇ
學潮,1,ㄒㄩㄝˊ ㄔㄠˊ
學識,1,ㄒㄩㄝˊ ㄕˋ
學生,1,ㄒㄩㄝˊ ㄕㄥ
學術,1,ㄒㄩㄝˊ ㄕㄨˋ
學說,1,ㄒㄩㄝˊ ㄕㄨㄛ
學然後知不足,1,ㄒㄩㄝˊ ㄖㄢˊ ㄏㄡˋ ㄓ ㄅㄨˋ ㄗㄨˊ
學人,1,ㄒㄩㄝˊ ㄖㄣˊ
學子,1,ㄒㄩㄝˊ ㄗˇ
學而不厭,1,ㄒㄩㄝˊ ㄦˊ ㄅㄨˋ ㄧㄢˋ
學而不厭,1,ㄒㄩㄝˊ ㄦˊ ㄅㄨˊ ㄧㄢˋ
學以致用,1,ㄒㄩㄝˊ ㄧˇ ㄓˋ ㄩㄥˋ
學藝,1,ㄒㄩㄝˊ ㄧˋ
學業,1,ㄒㄩㄝˊ ㄧㄝˋ
學友,1,ㄒㄩㄝˊ ㄧㄡˇ
學養,1,ㄒㄩㄝˊ ㄧㄤˇ
學位,1,ㄒㄩㄝˊ ㄨㄟˋ
學問,1,ㄒㄩㄝˊ ㄨㄣˋ
學院,1,ㄒㄩㄝˊ ㄩㄢˋ
學運,1,ㄒㄩㄝˊ ㄩㄣˋ
褶,1,ㄒㄩㄝˊ
褶子,1,ㄒㄩㄝˊ ㄗ˙
雪,1,ㄒㄩㄝˇ
雪白,1,ㄒㄩㄝˇ ㄅㄞˊ
雪崩,1,ㄒㄩㄝˇ ㄅㄥ
雪片,1,ㄒㄩㄝˇ ㄆㄧㄢˋ
雪地,1,ㄒㄩㄝˇ ㄉㄧˋ
雪泥鴻爪,1,ㄒㄩㄝˇ ㄋㄧˊ ㄏㄨㄥˊ ㄓㄠˇ
雪泥鴻爪,1,ㄒㄩㄝˇ ㄋㄧˊ ㄏㄨㄥˊ ㄓㄨㄚˇ
雪亮,1,ㄒㄩㄝˇ ㄌㄧㄤˋ
雪糕,1,ㄒㄩㄝˇ ㄍㄠ
雪恨,1,ㄒㄩㄝˇ ㄏㄣˋ
雪花,1,ㄒㄩㄝˇ ㄏㄨㄚ
雪祭,1,ㄒㄩㄝˇ ㄐㄧˋ
雪茄,1,ㄒㄩㄝˇ ㄐㄧㄚ
雪橇,1,ㄒㄩㄝˇ ㄑㄧㄠ
雪中送炭,1,ㄒㄩㄝˇ ㄓㄨㄥ ㄙㄨㄥˋ ㄊㄢˋ
雪恥,1,ㄒㄩㄝˇ ㄔˇ
雪車,1,ㄒㄩㄝˇ ㄔㄜ
雪上加霜,1,ㄒㄩㄝˇ ㄕㄤˋ ㄐㄧㄚ ㄕㄨㄤ
雪人,1,ㄒㄩㄝˇ ㄖㄣˊ
鱈,1,ㄒㄩㄝˇ
穴,1,ㄒㄩㄝˋ
穴診儀,1,ㄒㄩㄝˋ ㄓㄣˇ ㄧˊ
削,1,ㄒㄩㄝˋ
削髮,1,ㄒㄩㄝˋ ㄈㄚˇ
削奪,1,ㄒㄩㄝˋ ㄉㄨㄛˊ
削減,1,ㄒㄩㄝˋ ㄐㄧㄢˇ
削球,1,ㄒㄩㄝˋ ㄑㄧㄡˊ
削除,1,ㄒㄩㄝˋ ㄔㄨˊ
削弱,1,ㄒㄩㄝˋ ㄖㄨㄛˋ
削足適履,1,ㄒㄩㄝˋ ㄗㄨˊ ㄕˋ ㄌㄩˇ
宣,1,ㄒㄩㄢ
宣布,1,ㄒㄩㄢ ㄅㄨˋ
宣判,1,ㄒㄩㄢ ㄆㄢˋ
宣導,1,ㄒㄩㄢ ㄉㄠˇ
宣讀,1,ㄒㄩㄢ ㄉㄨˊ
宣告,1,ㄒㄩㄢ ㄍㄠˋ
宣科,1,ㄒㄩㄢ ㄎㄜ
宣講,1,ㄒㄩㄢ ㄐㄧㄤˇ
宣洩,1,ㄒㄩㄢ ㄒㄧㄝˋ
宣紙,1,ㄒㄩㄢ ㄓˇ
宣戰,1,ㄒㄩㄢ ㄓㄢˋ
宣稱,1,ㄒㄩㄢ ㄔㄥ
宣傳,1,ㄒㄩㄢ ㄔㄨㄢˊ
宣傳品,1,ㄒㄩㄢ ㄔㄨㄢˊ ㄆㄧㄣˇ
宣示,1,ㄒㄩㄢ ㄕˋ
宣誓,1,ㄒㄩㄢ ㄕˋ
宣言,1,ㄒㄩㄢ ㄧㄢˊ
宣揚,1,ㄒㄩㄢ ㄧㄤˊ
宣慰,1,ㄒㄩㄢ ㄨㄟˋ
喧,1,ㄒㄩㄢ
喧賓奪主,1,ㄒㄩㄢ ㄅㄧㄣ ㄉㄨㄛˊ ㄓㄨˇ
喧騰,1,ㄒㄩㄢ ㄊㄥˊ
喧天,1,ㄒㄩㄢ ㄊㄧㄢ
喧闐,1,ㄒㄩㄢ ㄊㄧㄢˊ
喧鬧,1,ㄒㄩㄢ ㄋㄠˋ
喧譁,1,ㄒㄩㄢ ㄏㄨㄚˊ
喧囂,1,ㄒㄩㄢ ㄒㄧㄠ
喧嚷,1,ㄒㄩㄢ ㄖㄤˇ
瑄,1,ㄒㄩㄢ
萱,1,ㄒㄩㄢ
萱草,1,ㄒㄩㄢ ㄘㄠˇ
暄,1,ㄒㄩㄢ
軒,1,ㄒㄩㄢ
軒輊,1,ㄒㄩㄢ ㄓˋ
軒然大波,1,ㄒㄩㄢ ㄖㄢˊ ㄉㄚˋ ㄅㄛ
軒昂,1,ㄒㄩㄢ ㄤˊ
軒宇,1,ㄒㄩㄢ ㄩˇ
暖,1,ㄒㄩㄢ
暖暖,1,ㄒㄩㄢ ㄒㄩㄢ
諼,1,ㄒㄩㄢ
玄,1,ㄒㄩㄢˊ
玄妙,1,ㄒㄩㄢˊ ㄇㄧㄠˋ
玄鳥,1,ㄒㄩㄢˊ ㄋㄧㄠˇ
玄關,1,ㄒㄩㄢˊ ㄍㄨㄢ
玄黃,1,ㄒㄩㄢˊ ㄏㄨㄤˊ
玄機,1,ㄒㄩㄢˊ ㄐㄧ
玄學,1,ㄒㄩㄢˊ ㄒㄩㄝˊ
玄孫,1,ㄒㄩㄢˊ ㄙㄨㄣ
玄奧,1,ㄒㄩㄢˊ ㄠˋ
旋,1,ㄒㄩㄢˊ
旋律,1,ㄒㄩㄢˊ ㄌㄩˋ
旋即,1,ㄒㄩㄢˊ ㄐㄧˊ
旋乾轉坤,1,ㄒㄩㄢˊ ㄑㄧㄢˊ ㄓㄨㄢˇ ㄎㄨㄣ
旋轉,1,ㄒㄩㄢˊ ㄓㄨㄢˇ
旋轉球,1,ㄒㄩㄢˊ ㄓㄨㄢˇ ㄑㄧㄡˊ
旋踵,1,ㄒㄩㄢˊ ㄓㄨㄥˇ
漩,1,ㄒㄩㄢˊ
漩渦,1,ㄒㄩㄢˊ ㄨㄛ
璇,1,ㄒㄩㄢˊ
璿,1,ㄒㄩㄢˊ
懸,1,ㄒㄩㄢˊ
懸浮,1,ㄒㄩㄢˊ ㄈㄨˊ
懸吊,1,ㄒㄩㄢˊ ㄉㄧㄠˋ
懸念,1,ㄒㄩㄢˊ ㄋㄧㄢˋ
懸梁刺股,1,ㄒㄩㄢˊ ㄌㄧㄤˊ ㄘˋ ㄍㄨˇ
懸掛,1,ㄒㄩㄢˊ ㄍㄨㄚˋ
懸空,1,ㄒㄩㄢˊ ㄎㄨㄥ
懸壺濟世,1,ㄒㄩㄢˊ ㄏㄨˊ ㄐㄧˋ ㄕˋ
懸心,1,ㄒㄩㄢˊ ㄒㄧㄣ
懸賞,1,ㄒㄩㄢˊ ㄕㄤˇ
懸殊,1,ㄒㄩㄢˊ ㄕㄨ
懸案,1,ㄒㄩㄢˊ ㄢˋ
懸而未決,1,ㄒㄩㄢˊ ㄦˊ ㄨㄟˋ ㄐㄩㄝˊ
懸疑,1,ㄒㄩㄢˊ ㄧˊ
懸崖,1,ㄒㄩㄢˊ ㄧㄞˊ
懸崖勒馬,1,ㄒㄩㄢˊ ㄧㄞˊ ㄌㄜˋ ㄇㄚˇ
懸岩,1,ㄒㄩㄢˊ ㄧㄢˊ
懸岩峭壁,1,ㄒㄩㄢˊ ㄧㄢˊ ㄑㄧㄠˋ ㄅㄧˋ
選,1,ㄒㄩㄢˇ
選拔,1,ㄒㄩㄢˇ ㄅㄚˊ
選拔賽,1,ㄒㄩㄢˇ ㄅㄚˊ ㄙㄞˋ
選罷法,1,ㄒㄩㄢˇ ㄅㄚˋ ㄈㄚˇ
選本,1,ㄒㄩㄢˇ ㄅㄣˇ
選派,1,ㄒㄩㄢˇ ㄆㄞˋ
選配,1,ㄒㄩㄢˇ ㄆㄟˋ
選票,1,ㄒㄩㄢˇ ㄆㄧㄠˋ
選美,1,ㄒㄩㄢˇ ㄇㄟˇ
選民,1,ㄒㄩㄢˇ ㄇㄧㄣˊ
選風,1,ㄒㄩㄢˇ ㄈㄥ
選定,1,ㄒㄩㄢˇ ㄉㄧㄥˋ
選讀,1,ㄒㄩㄢˇ ㄉㄨˊ
選填,1,ㄒㄩㄢˇ ㄊㄧㄢˊ
選購,1,ㄒㄩㄢˇ ㄍㄡˋ
選課,1,ㄒㄩㄢˇ ㄎㄜˋ
選集,1,ㄒㄩㄢˇ ㄐㄧˊ
選舉,1,ㄒㄩㄢˇ ㄐㄩˇ
選舉權,1,ㄒㄩㄢˇ ㄐㄩˇ ㄑㄩㄢˊ
選情,1,ㄒㄩㄢˇ ㄑㄧㄥˊ
選區,1,ㄒㄩㄢˇ ㄑㄩ
選取,1,ㄒㄩㄢˇ ㄑㄩˇ
選修,1,ㄒㄩㄢˇ ㄒㄧㄡ
選賢與能,1,ㄒㄩㄢˇ ㄒㄧㄢˊ ㄩˇ ㄋㄥˊ
選手,1,ㄒㄩㄢˇ ㄕㄡˇ
選擇,1,ㄒㄩㄢˇ ㄗㄜˊ
選材,1,ㄒㄩㄢˇ ㄘㄞˊ
選粹,1,ㄒㄩㄢˇ ㄘㄨㄟˋ
選務,1,ㄒㄩㄢˇ ㄨˋ
選用,1,ㄒㄩㄢˇ ㄩㄥˋ
泫,1,ㄒㄩㄢˋ
炫,1,ㄒㄩㄢˋ
炫耀,1,ㄒㄩㄢˋ ㄧㄠˋ
眩,1,ㄒㄩㄢˋ
眩目,1,ㄒㄩㄢˋ ㄇㄨˋ
眩暈,1,ㄒㄩㄢˋ ㄩㄣ
旋,1,ㄒㄩㄢˋ
旋風,1,ㄒㄩㄢˋ ㄈㄥ
鏇,1,ㄒㄩㄢˋ
渲,1,ㄒㄩㄢˋ
渲染,1,ㄒㄩㄢˋ ㄖㄢˇ
絢,1,ㄒㄩㄢˋ
絢爛,1,ㄒㄩㄢˋ ㄌㄢˋ
絢麗多姿,1,ㄒㄩㄢˋ ㄌㄧˋ ㄉㄨㄛ ㄗ
勛,1,ㄒㄩㄣ
勛爵,1,ㄒㄩㄣ ㄐㄩㄝˊ
勛章,1,ㄒㄩㄣ ㄓㄤ
葷,1,ㄒㄩㄣ
葷粥,1,ㄒㄩㄣ ㄩˋ
熏,1,ㄒㄩㄣ
壎,1,ㄒㄩㄣ
燻,1,ㄒㄩㄣ
薰,1,ㄒㄩㄣ
薰沐,1,ㄒㄩㄣ ㄇㄨˋ
薰陶,1,ㄒㄩㄣ ㄊㄠˊ
薰染,1,ㄒㄩㄣ ㄖㄢˇ
醺,1,ㄒㄩㄣ
旬,1,ㄒㄩㄣˊ
洵,1,ㄒㄩㄣˊ
洵河,1,ㄒㄩㄣˊ ㄏㄜˊ
峋,1,ㄒㄩㄣˊ
荀,1,ㄒㄩㄣˊ
荀派,1,ㄒㄩㄣˊ ㄆㄞˋ
詢,1,ㄒㄩㄣˊ
詢問,1,ㄒㄩㄣˊ ㄨㄣˋ
巡,1,ㄒㄩㄣˊ
巡捕,1,ㄒㄩㄣˊ ㄅㄨˇ
巡防,1,ㄒㄩㄣˊ ㄈㄤˊ
巡防艦,1,ㄒㄩㄣˊ ㄈㄤˊ ㄐㄧㄢˋ
巡訪,1,ㄒㄩㄣˊ ㄈㄤˇ
巡禮,1,ㄒㄩㄣˊ ㄌㄧˇ
巡邏,1,ㄒㄩㄣˊ ㄌㄨㄛˊ
巡更,1,ㄒㄩㄣˊ ㄍㄥ
巡官,1,ㄒㄩㄣˊ ㄍㄨㄢ
巡迴,1,ㄒㄩㄣˊ ㄏㄨㄟˊ
巡迴公演,1,ㄒㄩㄣˊ ㄏㄨㄟˊ ㄍㄨㄥ ㄧㄢˇ
巡警,1,ㄒㄩㄣˊ ㄐㄧㄥˇ
巡緝,1,ㄒㄩㄣˊ ㄑㄧˋ
巡行,1,ㄒㄩㄣˊ ㄒㄧㄥˊ
巡查,1,ㄒㄩㄣˊ ㄔㄚˊ
巡察,1,ㄒㄩㄣˊ ㄔㄚˊ
巡視,1,ㄒㄩㄣˊ ㄕˋ
巡哨,1,ㄒㄩㄣˊ ㄕㄠˋ
巡佐,1,ㄒㄩㄣˊ ㄗㄨㄛˇ
巡按,1,ㄒㄩㄣˊ ㄢˋ
巡弋,1,ㄒㄩㄣˊ ㄧˋ
巡洋艦,1,ㄒㄩㄣˊ ㄧㄤˊ ㄐㄧㄢˋ
循,1,ㄒㄩㄣˊ
循例,1,ㄒㄩㄣˊ ㄌㄧˋ
循規蹈矩,1,ㄒㄩㄣˊ ㄍㄨㄟ ㄉㄠˋ ㄐㄩˇ
循環,1,ㄒㄩㄣˊ ㄏㄨㄢˊ
循環小數,1,ㄒㄩㄣˊ ㄏㄨㄢˊ ㄒㄧㄠˇ ㄕㄨˋ
循線,1,ㄒㄩㄣˊ ㄒㄧㄢˋ
循序,1,ㄒㄩㄣˊ ㄒㄩˋ
循序漸進,1,ㄒㄩㄣˊ ㄒㄩˋ ㄐㄧㄢˋ ㄐㄧㄣˋ
循循善誘,1,ㄒㄩㄣˊ ㄒㄩㄣˊ ㄕㄢˋ ㄧㄡˋ
尋,1,ㄒㄩㄣˊ
尋覓,1,ㄒㄩㄣˊ ㄇㄧˋ
尋芳,1,ㄒㄩㄣˊ ㄈㄤ
尋訪,1,ㄒㄩㄣˊ ㄈㄤˇ
尋短見,1,ㄒㄩㄣˊ ㄉㄨㄢˇ ㄐㄧㄢˋ
尋樂,1,ㄒㄩㄣˊ ㄌㄜˋ
尋根究底,1,ㄒㄩㄣˊ ㄍㄣ ㄐㄧㄡˋ ㄉㄧˇ
尋花問柳,1,ㄒㄩㄣˊ ㄏㄨㄚ ㄨㄣˋ ㄌㄧㄡˇ
尋獲,1,ㄒㄩㄣˊ ㄏㄨㄛˋ
尋歡作樂,1,ㄒㄩㄣˊ ㄏㄨㄢ ㄗㄨㄛˋ ㄌㄜˋ
尋求,1,ㄒㄩㄣˊ ㄑㄧㄡˊ
尋釁,1,ㄒㄩㄣˊ ㄒㄧㄣˋ
尋找,1,ㄒㄩㄣˊ ㄓㄠˇ
尋章摘句,1,ㄒㄩㄣˊ ㄓㄤ ㄓㄞ ㄐㄩˋ
尋仇,1,ㄒㄩㄣˊ ㄔㄡˊ
尋常,1,ㄒㄩㄣˊ ㄔㄤˊ
尋思,1,ㄒㄩㄣˊ ㄙ
尋死,1,ㄒㄩㄣˊ ㄙˇ
尋幽訪勝,1,ㄒㄩㄣˊ ㄧㄡ ㄈㄤˇ ㄕㄥˋ
蕁,1,ㄒㄩㄣˊ
蕁麻,1,ㄒㄩㄣˊ ㄇㄚˊ
蕁麻疹,1,ㄒㄩㄣˊ ㄇㄚˊ ㄓㄣˇ
蟳,1,ㄒㄩㄣˊ
馴,1,ㄒㄩㄣˊ
馴服,1,ㄒㄩㄣˊ ㄈㄨˊ
馴良,1,ㄒㄩㄣˊ ㄌㄧㄤˊ
馴鹿,1,ㄒㄩㄣˊ ㄌㄨˋ
馴化,1,ㄒㄩㄣˊ ㄏㄨㄚˋ
馴養,1,ㄒㄩㄣˊ ㄧㄤˇ
汛,1,ㄒㄩㄣˋ
迅,1,ㄒㄩㄣˋ
迅猛,1,ㄒㄩㄣˋ ㄇㄥˇ
迅雷,1,ㄒㄩㄣˋ ㄌㄟˊ
迅雷不及掩耳,1,ㄒㄩㄣˋ ㄌㄟˊ ㄅㄨˋ ㄐㄧˊ ㄧㄢˇ ㄦˇ
迅即,1,ㄒㄩㄣˋ ㄐㄧˊ
迅速,1,ㄒㄩㄣˋ ㄙㄨˋ
訊,1,ㄒㄩㄣˋ
訊號,1,ㄒㄩㄣˋ ㄏㄠˋ
訊息,1,ㄒㄩㄣˋ ㄒㄧˊ
訊問,1,ㄒㄩㄣˋ ㄨㄣˋ
徇,1,ㄒㄩㄣˋ
徇私,1,ㄒㄩㄣˋ ㄙ
殉,1,ㄒㄩㄣˋ
殉道,1,ㄒㄩㄣˋ ㄉㄠˋ
殉難,1,ㄒㄩㄣˋ ㄋㄢˋ
殉國,1,ㄒㄩㄣˋ ㄍㄨㄛˊ
殉情,1,ㄒㄩㄣˋ ㄑㄧㄥˊ
殉職,1,ㄒㄩㄣˋ ㄓˊ
殉葬,1,ㄒㄩㄣˋ ㄗㄤˋ
訓,1,ㄒㄩㄣˋ
訓勉,1,ㄒㄩㄣˋ ㄇㄧㄢˇ
訓導,1,ㄒㄩㄣˋ ㄉㄠˇ
訓練,1,ㄒㄩㄣˋ ㄌㄧㄢˋ
訓令,1,ㄒㄩㄣˋ ㄌㄧㄥˋ
訓話,1,ㄒㄩㄣˋ ㄏㄨㄚˋ
訓誨,1,ㄒㄩㄣˋ ㄏㄨㄟˋ
訓誡,1,ㄒㄩㄣˋ ㄐㄧㄝˋ
訓斥,1,ㄒㄩㄣˋ ㄔˋ
訓示,1,ㄒㄩㄣˋ ㄕˋ
訓育,1,ㄒㄩㄣˋ ㄩˋ
孫,1,ㄒㄩㄣˋ
遜,1,ㄒㄩㄣˋ
遜色,1,ㄒㄩㄣˋ ㄙㄜˋ
巽,1,ㄒㄩㄣˋ
蕈,1,ㄒㄩㄣˋ
蕈狀雲,1,ㄒㄩㄣˋ ㄓㄨㄤˋ ㄩㄣˊ
凶,1,ㄒㄩㄥ
凶巴巴,1,ㄒㄩㄥ ㄅㄚ ㄅㄚ
凶暴,1,ㄒㄩㄥ ㄅㄠˋ
凶猛,1,ㄒㄩㄥ ㄇㄥˇ
凶多吉少,1,ㄒㄩㄥ ㄉㄨㄛ ㄐㄧˊ ㄕㄠˇ
凶耗,1,ㄒㄩㄥ ㄏㄠˋ
凶悍,1,ㄒㄩㄥ ㄏㄢˋ
凶狠,1,ㄒㄩㄥ ㄏㄣˇ
凶器,1,ㄒㄩㄥ ㄑㄧˋ
凶嫌,1,ㄒㄩㄥ ㄒㄧㄢˊ
凶險,1,ㄒㄩㄥ ㄒㄧㄢˇ
凶宅,1,ㄒㄩㄥ ㄓㄞˊ
凶兆,1,ㄒㄩㄥ ㄓㄠˋ
凶殺,1,ㄒㄩㄥ ㄕㄚ
凶手,1,ㄒㄩㄥ ㄕㄡˇ
凶神惡煞,1,ㄒㄩㄥ ㄕㄣˊ ㄜˋ ㄕㄚˋ
凶殘,1,ㄒㄩㄥ ㄘㄢˊ
凶惡,1,ㄒㄩㄥ ㄜˋ
凶案,1,ㄒㄩㄥ ㄢˋ
兇,1,ㄒㄩㄥ
匈,1,ㄒㄩㄥ
匈奴,1,ㄒㄩㄥ ㄋㄨˊ
洶,1,ㄒㄩㄥ
洶洶,1,ㄒㄩㄥ ㄒㄩㄥ
洶湧,1,ㄒㄩㄥ ㄩㄥˇ
胸,1,ㄒㄩㄥ
胸部,1,ㄒㄩㄥ ㄅㄨˋ
胸脯,1,ㄒㄩㄥ ㄆㄨˊ
胸膛,1,ㄒㄩㄥ ㄊㄤˊ
胸口,1,ㄒㄩㄥ ㄎㄡˇ
胸花,1,ㄒㄩㄥ ㄏㄨㄚ
胸懷,1,ㄒㄩㄥ ㄏㄨㄞˊ
胸襟,1,ㄒㄩㄥ ㄐㄧㄣ
胸腔,1,ㄒㄩㄥ ㄑㄧㄤ
胸罩,1,ㄒㄩㄥ ㄓㄠˋ
胸針,1,ㄒㄩㄥ ㄓㄣ
胸臆,1,ㄒㄩㄥ ㄧˋ
胸有成竹,1,ㄒㄩㄥ ㄧㄡˇ ㄔㄥˊ ㄓㄨˊ
胸無大志,1,ㄒㄩㄥ ㄨˊ ㄉㄚˋ ㄓˋ
胸無點墨,1,ㄒㄩㄥ ㄨˊ ㄉㄧㄢˇ ㄇㄛˋ
胸圍,1,ㄒㄩㄥ ㄨㄟˊ
兄,1,ㄒㄩㄥ
兄妹,1,ㄒㄩㄥ ㄇㄟˋ
兄弟,1,ㄒㄩㄥ ㄉㄧˋ
兄弟鬩牆,1,ㄒㄩㄥ ㄉㄧˋ ㄒㄧˋ ㄑㄧㄤˊ
兄弟,1,ㄒㄩㄥ ㄉㄧ˙
兄臺,1,ㄒㄩㄥ ㄊㄞˊ
兄長,1,ㄒㄩㄥ ㄓㄤˇ
兄嫂,1,ㄒㄩㄥ ㄙㄠˇ
兄友弟恭,1,ㄒㄩㄥ ㄧㄡˇ ㄉㄧˋ ㄍㄨㄥ
雄,1,ㄒㄩㄥˊ
雄霸一方,1,ㄒㄩㄥˊ ㄅㄚˋ ㄧ ㄈㄤ
雄霸一方,1,ㄒㄩㄥˊ ㄅㄚˋ ㄧˋ ㄈㄤ
雄辯,1,ㄒㄩㄥˊ ㄅㄧㄢˋ
雄辯滔滔,1,ㄒㄩㄥˊ ㄅㄧㄢˋ ㄊㄠ ㄊㄠ
雄兵,1,ㄒㄩㄥˊ ㄅㄧㄥ
雄風,1,ㄒㄩㄥˊ ㄈㄥ
雄厚,1,ㄒㄩㄥˊ ㄏㄡˋ
雄渾,1,ㄒㄩㄥˊ ㄏㄨㄣˊ
雄黃,1,ㄒㄩㄥˊ ㄏㄨㄤˊ
雄黃酒,1,ㄒㄩㄥˊ ㄏㄨㄤˊ ㄐㄧㄡˇ
雄赳赳,1,ㄒㄩㄥˊ ㄐㄧㄡ ㄐㄧㄡ
雄健,1,ㄒㄩㄥˊ ㄐㄧㄢˋ
雄踞,1,ㄒㄩㄥˊ ㄐㄩˋ
雄心,1,ㄒㄩㄥˊ ㄒㄧㄣ
雄心勃勃,1,ㄒㄩㄥˊ ㄒㄧㄣ ㄅㄛˊ ㄅㄛˊ
雄心萬丈,1,ㄒㄩㄥˊ ㄒㄧㄣ ㄨㄢˋ ㄓㄤˋ
雄壯,1,ㄒㄩㄥˊ ㄓㄨㄤˋ
雄師,1,ㄒㄩㄥˊ ㄕ
雄蕊,1,ㄒㄩㄥˊ ㄖㄨㄟˇ
雄姿,1,ㄒㄩㄥˊ ㄗ
雄才大略,1,ㄒㄩㄥˊ ㄘㄞˊ ㄉㄚˋ ㄌㄩㄝˋ
雄偉,1,ㄒㄩㄥˊ ㄨㄟˇ
雄偉壯麗,1,ㄒㄩㄥˊ ㄨㄟˇ ㄓㄨㄤˋ ㄌㄧˋ
熊,1,ㄒㄩㄥˊ
熊貓,1,ㄒㄩㄥˊ ㄇㄠ
熊心豹膽,1,ㄒㄩㄥˊ ㄒㄧㄣ ㄅㄠˋ ㄉㄢˇ
熊熊,1,ㄒㄩㄥˊ ㄒㄩㄥˊ
熊掌,1,ㄒㄩㄥˊ ㄓㄤˇ
敻,1,ㄒㄩㄥˋ
之,1,ㄓ
芝,1,ㄓ
芝麻,1,ㄓ ㄇㄚˊ
芝麻綠豆,1,ㄓ ㄇㄚˊ ㄌㄩˋ ㄉㄡˋ
芝麻小事,1,ㄓ ㄇㄚˊ ㄒㄧㄠˇ ㄕˋ
芝蘭,1,ㄓ ㄌㄢˊ
支,1,ㄓ
支派,1,ㄓ ㄆㄞˋ
支配,1,ㄓ ㄆㄟˋ
支票,1,ㄓ ㄆㄧㄠˋ
支付,1,ㄓ ㄈㄨˋ
支離破碎,1,ㄓ ㄌㄧˊ ㄆㄛˋ ㄙㄨㄟˋ
支流,1,ㄓ ㄌㄧㄡˊ
支領,1,ㄓ ㄌㄧㄥˇ
支架,1,ㄓ ㄐㄧㄚˋ
支解,1,ㄓ ㄐㄧㄝˇ
支局,1,ㄓ ㄐㄩˊ
支氣管,1,ㄓ ㄑㄧˋ ㄍㄨㄢˇ
支取,1,ㄓ ㄑㄩˇ
支線,1,ㄓ ㄒㄧㄢˋ
支薪,1,ㄓ ㄒㄧㄣ
支支吾吾,1,ㄓ ㄓ ㄨˊ ㄨˊ
支助,1,ㄓ ㄓㄨˋ
支柱,1,ㄓ ㄓㄨˋ
支持,1,ㄓ ㄔˊ
支撐,1,ㄓ ㄔㄥ
支出,1,ㄓ ㄔㄨ
支使,1,ㄓ ㄕˇ
支應,1,ㄓ ㄧㄥˋ
支吾,1,ㄓ ㄨˊ
支吾其詞,1,ㄓ ㄨˊ ㄑㄧˊ ㄘˊ
支援,1,ㄓ ㄩㄢˊ
支用,1,ㄓ ㄩㄥˋ
吱,1,ㄓ
吱吱喳喳,1,ㄓ ㄓ ㄓㄚ ㄓㄚ
枝,1,ㄓ
枝頭,1,ㄓ ㄊㄡˊ
枝條,1,ㄓ ㄊㄧㄠˊ
枝幹,1,ㄓ ㄍㄢˋ
枝節,1,ㄓ ㄐㄧㄝˊ
枝椏,1,ㄓ ㄧㄚ
枝葉,1,ㄓ ㄧㄝˋ
枝葉扶疏,1,ㄓ ㄧㄝˋ ㄈㄨˊ ㄕㄨ
肢,1,ㄓ
肢體,1,ㄓ ㄊㄧˇ
肢體語言,1,ㄓ ㄊㄧˇ ㄩˇ ㄧㄢˊ
肢解,1,ㄓ ㄐㄧㄝˇ
氏,1,ㄓ
胝,1,ㄓ
祗,1,ㄓ
汁,1,ㄓ
卮,1,ㄓ
知,1,ㄓ
知名,1,ㄓ ㄇㄧㄥˊ
知名度,1,ㄓ ㄇㄧㄥˊ ㄉㄨˋ
知法犯法,1,ㄓ ㄈㄚˇ ㄈㄢˋ ㄈㄚˇ
知府,1,ㄓ ㄈㄨˇ
知道,1,ㄓ ㄉㄠˋ
知難行易,1,ㄓ ㄋㄢˊ ㄒㄧㄥˊ ㄧˋ
知難而退,1,ㄓ ㄋㄢˊ ㄦˊ ㄊㄨㄟˋ
知了,1,ㄓ ㄌㄧㄠˇ
知更鳥,1,ㄓ ㄍㄥ ㄋㄧㄠˇ
知過必改,1,ㄓ ㄍㄨㄛˋ ㄅㄧˋ ㄍㄞˇ
知會,1,ㄓ ㄏㄨㄟˋ
知己,1,ㄓ ㄐㄧˇ
知己知彼,1,ㄓ ㄐㄧˇ ㄓ ㄅㄧˇ
知交,1,ㄓ ㄐㄧㄠ
知覺,1,ㄓ ㄐㄩㄝˊ
知其不可而為,1,ㄓ ㄑㄧˊ ㄅㄨˋ ㄎㄜˇ ㄦˊ ㄨㄟˊ
知情,1,ㄓ ㄑㄧㄥˊ
知趣,1,ㄓ ㄑㄩˋ
知悉,1,ㄓ ㄒㄧ
知曉,1,ㄓ ㄒㄧㄠˇ
知縣,1,ㄓ ㄒㄧㄢˋ
知心,1,ㄓ ㄒㄧㄣ
知心話,1,ㄓ ㄒㄧㄣ ㄏㄨㄚˋ
知行合一,1,ㄓ ㄒㄧㄥˊ ㄏㄜˊ ㄧ
知性,1,ㄓ ㄒㄧㄥˋ
知性之旅,1,ㄓ ㄒㄧㄥˋ ㄓ ㄌㄩˇ
知恥,1,ㄓ ㄔˇ
知識,1,ㄓ ㄕˋ
知識分子,1,ㄓ ㄕˋ ㄈㄣˋ ㄗˇ
知書達禮,1,ㄓ ㄕㄨ ㄉㄚˊ ㄌㄧˇ
知人,1,ㄓ ㄖㄣˊ
知人之明,1,ㄓ ㄖㄣˊ ㄓ ㄇㄧㄥˊ
知人善任,1,ㄓ ㄖㄣˊ ㄕㄢˋ ㄖㄣˋ
知足,1,ㄓ ㄗㄨˊ
知足常樂,1,ㄓ ㄗㄨˊ ㄔㄤˊ ㄌㄜˋ
知錯能改,1,ㄓ ㄘㄨㄛˋ ㄋㄥˊ ㄍㄞˇ
知易行難,1,ㄓ ㄧˋ ㄒㄧㄥˊ ㄋㄢˊ
知音,1,ㄓ ㄧㄣ
知無不言,1,ㄓ ㄨˊ ㄅㄨˋ ㄧㄢˊ
知遇,1,ㄓ ㄩˋ
蜘,1,ㄓ
蜘蛛,1,ㄓ ㄓㄨ
隻,1,ㄓ
隻手遮天,1,ㄓ ㄕㄡˇ ㄓㄜ ㄊㄧㄢ
隻身,1,ㄓ ㄕㄣ
隻字片語,1,ㄓ ㄗˋ ㄆㄧㄢˋ ㄩˇ
隻言片語,1,ㄓ ㄧㄢˊ ㄆㄧㄢˋ ㄩˇ
脂,1,ㄓ
脂粉,1,ㄓ ㄈㄣˇ
脂粉氣,1,ㄓ ㄈㄣˇ ㄑㄧˋ
脂肪,1,ㄓ ㄈㄤˊ
梔,1,ㄓ
梔子花,1,ㄓ ㄗ˙ ㄏㄨㄚ
織,1,ㄓ
織布,1,ㄓ ㄅㄨˋ
織物,1,ㄓ ㄨˋ
直,1,ㄓˊ
直播衛星,1,ㄓˊ ㄅㄛˋ ㄨㄟˋ ㄒㄧㄥ
直排輪刀鞋,1,ㄓˊ ㄆㄞˊ ㄌㄨㄣˊ ㄉㄠ ㄒㄧㄝˊ
直達,1,ㄓˊ ㄉㄚˊ
直搗,1,ㄓˊ ㄉㄠˇ
直搗黃龍,1,ㄓˊ ㄉㄠˇ ㄏㄨㄤˊ ㄌㄨㄥˊ
直挺挺,1,ㄓˊ ㄊㄧㄥˇ ㄊㄧㄥˇ
直通,1,ㄓˊ ㄊㄨㄥ
直來直往,1,ㄓˊ ㄌㄞˊ ㄓˊ ㄨㄤˇ
直立,1,ㄓˊ ㄌㄧˋ
直流電,1,ㄓˊ ㄌㄧㄡˊ ㄉㄧㄢˋ
直呼其名,1,ㄓˊ ㄏㄨ ㄑㄧˊ ㄇㄧㄥˊ
直接,1,ㄓˊ ㄐㄧㄝ
直接稅,1,ㄓˊ ㄐㄧㄝ ㄕㄨㄟˋ
直截了當,1,ㄓˊ ㄐㄧㄝˊ ㄌㄧㄠˇ ㄉㄤˋ
直角,1,ㄓˊ ㄐㄧㄠˇ
直徑,1,ㄓˊ ㄐㄧㄥˋ
直覺,1,ㄓˊ ㄐㄩㄝˊ
直系,1,ㄓˊ ㄒㄧˋ
直系親屬,1,ㄓˊ ㄒㄧˋ ㄑㄧㄣ ㄕㄨˇ
直轄,1,ㄓˊ ㄒㄧㄚˊ
直轄市,1,ㄓˊ ㄒㄧㄚˊ ㄕˋ
直銷,1,ㄓˊ ㄒㄧㄠ
直線,1,ㄓˊ ㄒㄧㄢˋ
直行,1,ㄓˊ ㄒㄧㄥˊ
直性子,1,ㄓˊ ㄒㄧㄥˋ ㄗ˙
直陳,1,ㄓˊ ㄔㄣˊ
直腸,1,ㄓˊ ㄔㄤˊ
直視,1,ㄓˊ ㄕˋ
直射,1,ㄓˊ ㄕㄜˋ
直升,1,ㄓˊ ㄕㄥ
直升機,1,ㄓˊ ㄕㄥ ㄐㄧ
直屬,1,ㄓˊ ㄕㄨˇ
直率,1,ㄓˊ ㄕㄨㄞˋ
直爽,1,ㄓˊ ㄕㄨㄤˇ
直言,1,ㄓˊ ㄧㄢˊ
直言不諱,1,ㄓˊ ㄧㄢˊ ㄅㄨˋ ㄏㄨㄟˋ
直言不諱,1,ㄓˊ ㄧㄢˊ ㄅㄨˊ ㄏㄨㄟˋ
直營,1,ㄓˊ ㄧㄥˊ
值,1,ㄓˊ
值班,1,ㄓˊ ㄅㄢ
值得,1,ㄓˊ ㄉㄜ˙
值錢,1,ㄓˊ ㄑㄧㄢˊ
值勤,1,ㄓˊ ㄑㄧㄣˊ
值星,1,ㄓˊ ㄒㄧㄥ
值日,1,ㄓˊ ㄖˋ
值夜,1,ㄓˊ ㄧㄝˋ
埴,1,ㄓˊ
植,1,ㄓˊ
植被,1,ㄓˊ ㄅㄟˋ
植黨營私,1,ㄓˊ ㄉㄤˇ ㄧㄥˊ ㄙ
植基,1,ㄓˊ ㄐㄧ
植床,1,ㄓˊ ㄔㄨㄤˊ
植樹,1,ㄓˊ ㄕㄨˋ
植牙,1,ㄓˊ ㄧㄚˊ
植物,1,ㄓˊ ㄨˋ
植物人,1,ㄓˊ ㄨˋ ㄖㄣˊ
植物園,1,ㄓˊ ㄨˋ ㄩㄢˊ
殖,1,ㄓˊ
殖民地,1,ㄓˊ ㄇㄧㄣˊ ㄉㄧˋ
殖民主義,1,ㄓˊ ㄇㄧㄣˊ ㄓㄨˇ ㄧˋ
侄,1,ㄓˊ
侄子,1,ㄓˊ ㄗ˙
姪,1,ㄓˊ
姪女,1,ㄓˊ ㄋㄩˇ
姪子,1,ㄓˊ ㄗ˙
姪兒,1,ㄓˊ ㄦˊ
執,1,ㄓˊ
執筆,1,ㄓˊ ㄅㄧˇ
執迷,1,ㄓˊ ㄇㄧˊ
執迷不悟,1,ㄓˊ ㄇㄧˊ ㄅㄨˋ ㄨˋ
執迷不悟,1,ㄓˊ ㄇㄧˊ ㄅㄨˊ ㄨˋ
執法,1,ㄓˊ ㄈㄚˇ
執導,1,ㄓˊ ㄉㄠˇ
執牛耳,1,ㄓˊ ㄋㄧㄡˊ ㄦˇ
執教,1,ㄓˊ ㄐㄧㄠˋ
執行,1,ㄓˊ ㄒㄧㄥˊ
執照,1,ㄓˊ ㄓㄠˋ
執掌,1,ㄓˊ ㄓㄤˇ
執政,1,ㄓˊ ㄓㄥˋ
執著,1,ㄓˊ ㄓㄨㄛˊ
執事,1,ㄓˊ ㄕˋ
執意,1,ㄓˊ ㄧˋ
執業,1,ㄓˊ ㄧㄝˋ
蟄,1,ㄓˊ
蟄伏,1,ㄓˊ ㄈㄨˊ
跖,1,ㄓˊ
摭,1,ㄓˊ
蹠,1,ㄓˊ
質,1,ㄓˊ
質變,1,ㄓˊ ㄅㄧㄢˋ
質樸,1,ㄓˊ ㄆㄨˊ
質地,1,ㄓˊ ㄉㄧˋ
質料,1,ㄓˊ ㄌㄧㄠˋ
質量,1,ㄓˊ ㄌㄧㄤˋ
質感,1,ㄓˊ ㄍㄢˇ
質詢,1,ㄓˊ ㄒㄩㄣˊ
質數,1,ㄓˊ ㄕㄨˋ
質子,1,ㄓˊ ㄗˇ
質疑,1,ㄓˊ ㄧˊ
質問,1,ㄓˊ ㄨㄣˋ
職,1,ㄓˊ
職等,1,ㄓˊ ㄉㄥˇ
職能,1,ㄓˊ ㄋㄥˊ
職工,1,ㄓˊ ㄍㄨㄥ
職前訓練,1,ㄓˊ ㄑㄧㄢˊ ㄒㄩㄣˋ ㄌㄧㄢˋ
職權,1,ㄓˊ ㄑㄩㄢˊ
職銜,1,ㄓˊ ㄒㄧㄢˊ
職志,1,ㄓˊ ㄓˋ
職掌,1,ㄓˊ ㄓㄤˇ
職稱,1,ㄓˊ ㄔㄥ
職守,1,ㄓˊ ㄕㄡˇ
職責,1,ㄓˊ ㄗㄜˊ
職司,1,ㄓˊ ㄙ
職業,1,ㄓˊ ㄧㄝˋ
職業病,1,ㄓˊ ㄧㄝˋ ㄅㄧㄥˋ
職業工會,1,ㄓˊ ㄧㄝˋ ㄍㄨㄥ ㄏㄨㄟˋ
職業教育,1,ㄓˊ ㄧㄝˋ ㄐㄧㄠˋ ㄩˋ
職務,1,ㄓˊ ㄨˋ
職位,1,ㄓˊ ㄨㄟˋ
職員,1,ㄓˊ ㄩㄢˊ
擲,1,ㄓˊ
擲瓶,1,ㄓˊ ㄆㄧㄥˊ
擲筊,1,ㄓˊ ㄐㄧㄠˇ
擲骰子,1,ㄓˊ ㄊㄡˊ ㄗ˙
躑,1,ㄓˊ
躑躅,1,ㄓˊ ㄓㄨˊ
止,1,ㄓˇ
止步,1,ㄓˇ ㄅㄨˋ
止付,1,ㄓˇ ㄈㄨˋ
止痛,1,ㄓˇ ㄊㄨㄥˋ
止咳,1,ㄓˇ ㄎㄜˊ
止渴,1,ㄓˇ ㄎㄜˇ
止息,1,ㄓˇ ㄒㄧˊ
止血,1,ㄓˇ ㄒㄧㄝˇ
止住,1,ㄓˇ ㄓㄨˋ
止水,1,ㄓˇ ㄕㄨㄟˇ
止嘔,1,ㄓˇ ㄡˇ
止癢,1,ㄓˇ ㄧㄤˇ
址,1,ㄓˇ
芷,1,ㄓˇ
祉,1,ㄓˇ
趾,1,ㄓˇ
趾高氣揚,1,ㄓˇ ㄍㄠ ㄑㄧˋ ㄧㄤˊ
只,1,ㄓˇ
只怕,1,ㄓˇ ㄆㄚˋ
只得,1,ㄓˇ ㄉㄜˊ
只當,1,ㄓˇ ㄉㄤ
只能,1,ㄓˇ ㄋㄥˊ
只管,1,ㄓˇ ㄍㄨㄢˇ
只好,1,ㄓˇ ㄏㄠˇ
只會,1,ㄓˇ ㄏㄨㄟˋ
只見,1,ㄓˇ ㄐㄧㄢˋ
只欠東風,1,ㄓˇ ㄑㄧㄢˋ ㄉㄨㄥ ㄈㄥ
只消,1,ㄓˇ ㄒㄧㄠ
只是,1,ㄓˇ ㄕˋ
只要,1,ㄓˇ ㄧㄠˋ
只有,1,ㄓˇ ㄧㄡˇ
咫,1,ㄓˇ
咫尺,1,ㄓˇ ㄔˇ
咫尺天涯,1,ㄓˇ ㄔˇ ㄊㄧㄢ ㄧㄚˊ
旨,1,ㄓˇ
旨趣,1,ㄓˇ ㄑㄩˋ
旨意,1,ㄓˇ ㄧˋ
指,1,ㄓˇ
指北針,1,ㄓˇ ㄅㄟˇ ㄓㄣ
指標,1,ㄓˇ ㄅㄧㄠ
指派,1,ㄓˇ ㄆㄞˋ
指名,1,ㄓˇ ㄇㄧㄥˊ
指名道姓,1,ㄓˇ ㄇㄧㄥˊ ㄉㄠˋ ㄒㄧㄥˋ
指明,1,ㄓˇ ㄇㄧㄥˊ
指導,1,ㄓˇ ㄉㄠˇ
指點,1,ㄓˇ ㄉㄧㄢˇ
指點迷津,1,ㄓˇ ㄉㄧㄢˇ ㄇㄧˊ ㄐㄧㄣ
指定,1,ㄓˇ ㄉㄧㄥˋ
指定轉接,1,ㄓˇ ㄉㄧㄥˋ ㄓㄨㄢˇ ㄐㄧㄝ
指頭,1,ㄓˇ ㄊㄡ˙
指頭畫,1,ㄓˇ ㄊㄡ˙ ㄏㄨㄚˋ
指南,1,ㄓˇ ㄋㄢˊ
指南針,1,ㄓˇ ㄋㄢˊ ㄓㄣ
指令,1,ㄓˇ ㄌㄧㄥˋ
指鹿為馬,1,ㄓˇ ㄌㄨˋ ㄨㄟˊ ㄇㄚˇ
指控,1,ㄓˇ ㄎㄨㄥˋ
指畫,1,ㄓˇ ㄏㄨㄚˋ
指揮,1,ㄓˇ ㄏㄨㄟ
指揮棒,1,ㄓˇ ㄏㄨㄟ ㄅㄤˋ
指揮官,1,ㄓˇ ㄏㄨㄟ ㄍㄨㄢ
指揮若定,1,ㄓˇ ㄏㄨㄟ ㄖㄨㄛˋ ㄉㄧㄥˋ
指環,1,ㄓˇ ㄏㄨㄢˊ
指甲,1,ㄓˇ ㄐㄧㄚˇ
指甲,1,ㄓˇ ㄐㄧㄚ˙
指甲剪,1,ㄓˇ ㄐㄧㄚˇ ㄐㄧㄢˇ
指甲剪,1,ㄓˇ ㄐㄧㄚ˙ ㄐㄧㄢˇ
指教,1,ㄓˇ ㄐㄧㄠˋ
指向,1,ㄓˇ ㄒㄧㄤˋ
指指點點,1,ㄓˇ ㄓˇ ㄉㄧㄢˇ ㄉㄧㄢˇ
指謫,1,ㄓˇ ㄓㄜˊ
指摘,1,ㄓˇ ㄓㄞ
指針,1,ㄓˇ ㄓㄣ
指正,1,ㄓˇ ㄓㄥˋ
指證,1,ㄓˇ ㄓㄥˋ
指斥,1,ㄓˇ ㄔˋ
指陳,1,ㄓˇ ㄔㄣˊ
指稱,1,ㄓˇ ㄔㄥ
指出,1,ㄓˇ ㄔㄨ
指使,1,ㄓˇ ㄕˇ
指示,1,ㄓˇ ㄕˋ
指事,1,ㄓˇ ㄕˋ
指數,1,ㄓˇ ㄕㄨˋ
指日可待,1,ㄓˇ ㄖˋ ㄎㄜˇ ㄉㄞˋ
指認,1,ㄓˇ ㄖㄣˋ
指責,1,ㄓˇ ㄗㄜˊ
指桑罵槐,1,ㄓˇ ㄙㄤ ㄇㄚˋ ㄏㄨㄞˊ
指壓,1,ㄓˇ ㄧㄚ
指引,1,ㄓˇ ㄧㄣˇ
指印,1,ㄓˇ ㄧㄣˋ
指紋,1,ㄓˇ ㄨㄣˊ
指紋辨識,1,ㄓˇ ㄨㄣˊ ㄅㄧㄢˋ ㄕˋ
指望,1,ㄓˇ ㄨㄤˋ
酯,1,ㄓˇ
祇,1,ㄓˇ
紙,1,ㄓˇ
紙包不住火,1,ㄓˇ ㄅㄠ ㄅㄨˋ ㄓㄨˋ ㄏㄨㄛˇ
紙包不住火,1,ㄓˇ ㄅㄠ ㄅㄨˊ ㄓㄨˋ ㄏㄨㄛˇ
紙版,1,ㄓˇ ㄅㄢˇ
紙幣,1,ㄓˇ ㄅㄧˋ
紙牌,1,ㄓˇ ㄆㄞˊ
紙片,1,ㄓˇ ㄆㄧㄢˋ
紙馬,1,ㄓˇ ㄇㄚˇ
紙短情長,1,ㄓˇ ㄉㄨㄢˇ ㄑㄧㄥˊ ㄔㄤˊ
紙尿布,1,ㄓˇ ㄋㄧㄠˋ ㄅㄨˋ
紙尿褲,1,ㄓˇ ㄋㄧㄠˋ ㄎㄨˋ
紙黏土,1,ㄓˇ ㄋㄧㄢˊ ㄊㄨˇ
紙老虎,1,ㄓˇ ㄌㄠˇ ㄏㄨˇ
紙工,1,ㄓˇ ㄍㄨㄥ
紙婚,1,ㄓˇ ㄏㄨㄣ
紙巾,1,ㄓˇ ㄐㄧㄣ
紙漿,1,ㄓˇ ㄐㄧㄤ
紙錢,1,ㄓˇ ㄑㄧㄢˊ
紙屑,1,ㄓˇ ㄒㄧㄝˋ
紙張,1,ㄓˇ ㄓㄤ
紙扇,1,ㄓˇ ㄕㄢˋ
紙上談兵,1,ㄓˇ ㄕㄤˋ ㄊㄢˊ ㄅㄧㄥ
紙醉金迷,1,ㄓˇ ㄗㄨㄟˋ ㄐㄧㄣ ㄇㄧˊ
紙傘,1,ㄓˇ ㄙㄢˇ
紙業,1,ㄓˇ ㄧㄝˋ
紙菸,1,ㄓˇ ㄧㄢ
紙鳶,1,ㄓˇ ㄩㄢ
黹,1,ㄓˇ
徵,1,ㄓˇ
至,1,ㄓˋ
至寶,1,ㄓˋ ㄅㄠˇ
至多,1,ㄓˋ ㄉㄨㄛ
至理,1,ㄓˋ ㄌㄧˇ
至理名言,1,ㄓˋ ㄌㄧˇ ㄇㄧㄥˊ ㄧㄢˊ
至高無上,1,ㄓˋ ㄍㄠ ㄨˊ ㄕㄤˋ
至公,1,ㄓˋ ㄍㄨㄥ
至極,1,ㄓˋ ㄐㄧˊ
至交,1,ㄓˋ ㄐㄧㄠ
至今,1,ㄓˋ ㄐㄧㄣ
至親,1,ㄓˋ ㄑㄧㄣ
至情,1,ㄓˋ ㄑㄧㄥˊ
至孝,1,ㄓˋ ㄒㄧㄠˋ
至性,1,ㄓˋ ㄒㄧㄥˋ
至誠,1,ㄓˋ ㄔㄥˊ
至少,1,ㄓˋ ㄕㄠˇ
至善,1,ㄓˋ ㄕㄢˋ
至善至美,1,ㄓˋ ㄕㄢˋ ㄓˋ ㄇㄟˇ
至上,1,ㄓˋ ㄕㄤˋ
至聖先師,1,ㄓˋ ㄕㄥˋ ㄒㄧㄢ ㄕ
至日,1,ㄓˋ ㄖˋ
至尊,1,ㄓˋ ㄗㄨㄣ
至友,1,ㄓˋ ㄧㄡˇ
至於,1,ㄓˋ ㄩˊ
致,1,ㄓˋ
致命,1,ㄓˋ ㄇㄧㄥˋ
致命傷,1,ㄓˋ ㄇㄧㄥˋ ㄕㄤ
致富,1,ㄓˋ ㄈㄨˋ
致電,1,ㄓˋ ㄉㄧㄢˋ
致賀,1,ㄓˋ ㄏㄜˋ
致函,1,ㄓˋ ㄏㄢˊ
致敬,1,ㄓˋ ㄐㄧㄥˋ
致歉,1,ㄓˋ ㄑㄧㄢˋ
致謝,1,ㄓˋ ㄒㄧㄝˋ
致使,1,ㄓˋ ㄕˇ
致勝,1,ㄓˋ ㄕㄥˋ
致贈,1,ㄓˋ ㄗㄥˋ
致詞,1,ㄓˋ ㄘˊ
致死,1,ㄓˋ ㄙˇ
致送,1,ㄓˋ ㄙㄨㄥˋ
致哀,1,ㄓˋ ㄞ
致意,1,ㄓˋ ㄧˋ
致用,1,ㄓˋ ㄩㄥˋ
桎,1,ㄓˋ
桎梏,1,ㄓˋ ㄍㄨˋ
窒,1,ㄓˋ
窒息,1,ㄓˋ ㄒㄧˊ
窒礙,1,ㄓˋ ㄞˋ
窒礙難行,1,ㄓˋ ㄞˋ ㄋㄢˊ ㄒㄧㄥˊ
蛭,1,ㄓˋ
輊,1,ㄓˋ
緻,1,ㄓˋ
忮,1,ㄓˋ
志,1,ㄓˋ
志得意滿,1,ㄓˋ ㄉㄜˊ ㄧˋ ㄇㄢˇ
志同道合,1,ㄓˋ ㄊㄨㄥˊ ㄉㄠˋ ㄏㄜˊ
志怪小說,1,ㄓˋ ㄍㄨㄞˋ ㄒㄧㄠˇ ㄕㄨㄛ
志工,1,ㄓˋ ㄍㄨㄥ
志節,1,ㄓˋ ㄐㄧㄝˊ
志氣,1,ㄓˋ ㄑㄧˋ
志趣,1,ㄓˋ ㄑㄩˋ
志向,1,ㄓˋ ㄒㄧㄤˋ
志士,1,ㄓˋ ㄕˋ
志士仁人,1,ㄓˋ ㄕˋ ㄖㄣˊ ㄖㄣˊ
志業,1,ㄓˋ ㄧㄝˋ
志願,1,ㄓˋ ㄩㄢˋ
志願書,1,ㄓˋ ㄩㄢˋ ㄕㄨ
痣,1,ㄓˋ
誌,1,ㄓˋ
誌慶,1,ㄓˋ ㄑㄧㄥˋ
誌喜,1,ㄓˋ ㄒㄧˇ
誌哀,1,ㄓˋ ㄞ
治,1,ㄓˋ
治本,1,ㄓˋ ㄅㄣˇ
治標,1,ㄓˋ ㄅㄧㄠ
治病,1,ㄓˋ ㄅㄧㄥˋ
治平,1,ㄓˋ ㄆㄧㄥˊ
治理,1,ㄓˋ ㄌㄧˇ
治療,1,ㄓˋ ㄌㄧㄠˊ
治國,1,ㄓˋ ㄍㄨㄛˊ
治績,1,ㄓˋ ㄐㄧ
治家,1,ㄓˋ ㄐㄧㄚ
治軍,1,ㄓˋ ㄐㄩㄣ
治權,1,ㄓˋ ㄑㄩㄢˊ
治學,1,ㄓˋ ㄒㄩㄝˊ
治裝,1,ㄓˋ ㄓㄨㄤ
治世,1,ㄓˋ ㄕˋ
治水,1,ㄓˋ ㄕㄨㄟˇ
治罪,1,ㄓˋ ㄗㄨㄟˋ
治絲益棼,1,ㄓˋ ㄙ ㄧˋ ㄈㄣˊ
治喪,1,ㄓˋ ㄙㄤ
治安,1,ㄓˋ ㄢ
治安機關,1,ㄓˋ ㄢ ㄐㄧ ㄍㄨㄢ
治癒,1,ㄓˋ ㄩˋ
帙,1,ㄓˋ
秩,1,ㄓˋ
秩序,1,ㄓˋ ㄒㄩˋ
制,1,ㄓˋ
制伏,1,ㄓˋ ㄈㄨˊ
制服,1,ㄓˋ ㄈㄨˊ
制敵機先,1,ㄓˋ ㄉㄧˊ ㄐㄧ ㄒㄧㄢ
制定,1,ㄓˋ ㄉㄧㄥˋ
制訂,1,ㄓˋ ㄉㄧㄥˋ
制度,1,ㄓˋ ㄉㄨˋ
制禮作樂,1,ㄓˋ ㄌㄧˇ ㄗㄨㄛˋ ㄩㄝˋ
制空權,1,ㄓˋ ㄎㄨㄥ ㄑㄩㄢˊ
制衡,1,ㄓˋ ㄏㄥˊ
制錢,1,ㄓˋ ㄑㄧㄢˊ
制止,1,ㄓˋ ㄓˇ
制式,1,ㄓˋ ㄕˋ
制裁,1,ㄓˋ ㄘㄞˊ
制約,1,ㄓˋ ㄩㄝ
製,1,ㄓˋ
製版,1,ㄓˋ ㄅㄢˇ
製片,1,ㄓˋ ㄆㄧㄢˋ
製品,1,ㄓˋ ㄆㄧㄣˇ
製圖,1,ㄓˋ ㄊㄨˊ
製造,1,ㄓˋ ㄗㄠˋ
製作,1,ㄓˋ ㄗㄨㄛˋ
製作人,1,ㄓˋ ㄗㄨㄛˋ ㄖㄣˊ
製藥,1,ㄓˋ ㄧㄠˋ
知,1,ㄓˋ
知能,1,ㄓ ㄋㄥˊ
智,1,ㄓˋ
智謀,1,ㄓˋ ㄇㄡˊ
智多星,1,ㄓˋ ㄉㄨㄛ ㄒㄧㄥ
智囊,1,ㄓˋ ㄋㄤˊ
智囊團,1,ㄓˋ ㄋㄤˊ ㄊㄨㄢˊ
智能,1,ㄓˋ ㄋㄥˊ
智力,1,ㄓˋ ㄌㄧˋ
智力測驗,1,ㄓˋ ㄌㄧˋ ㄘㄜˋ ㄧㄢˋ
智慧,1,ㄓˋ ㄏㄨㄟˋ
智慧型大樓,1,ㄓˋ ㄏㄨㄟˋ ㄒㄧㄥˊ ㄉㄚˋ ㄌㄡˊ
智取,1,ㄓˋ ㄑㄩˇ
智者不惑,1,ㄓˋ ㄓㄜˇ ㄅㄨˋ ㄏㄨㄛˋ
智者不惑,1,ㄓˋ ㄓㄜˇ ㄅㄨˊ ㄏㄨㄛˋ
智者千慮必有一失,1,ㄓˋ ㄓㄜˇ ㄑㄧㄢ ㄌㄩˋ ㄅㄧˋ ㄧㄡˇ ㄧ ㄕ
智者千慮必有一失,1,ㄓˋ ㄓㄜˇ ㄑㄧㄢ ㄌㄩˋ ㄅㄧˋ ㄧㄡˇ ㄧˋ ㄕ
智齒,1,ㄓˋ ㄔˇ
智商,1,ㄓˋ ㄕㄤ
智育,1,ㄓˋ ㄩˋ
智勇雙全,1,ㄓˋ ㄩㄥˇ ㄕㄨㄤ ㄑㄩㄢˊ
炙,1,ㄓˋ
炙手可熱,1,ㄓˋ ㄕㄡˇ ㄎㄜˇ ㄖㄜˋ
炙熱,1,ㄓˋ ㄖㄜˋ
峙,1,ㄓˋ
峙立,1,ㄓˋ ㄌㄧˋ
痔,1,ㄓˋ
痔瘡,1,ㄓˋ ㄔㄨㄤ
陟,1,ㄓˋ
陟罰臧否,1,ㄓˋ ㄈㄚˊ ㄗㄤ ㄆㄧˇ
彘,1,ㄓˋ
置,1,ㄓˋ
置評,1,ㄓˋ ㄆㄧㄥˊ
置放,1,ㄓˋ ㄈㄤˋ
置喙,1,ㄓˋ ㄏㄨㄟˋ
置信,1,ㄓˋ ㄒㄧㄣˋ
置之不理,1,ㄓˋ ㄓ ㄅㄨˋ ㄌㄧˇ
置之度外,1,ㄓˋ ㄓ ㄉㄨˋ ㄨㄞˋ
置產,1,ㄓˋ ㄔㄢˇ
置身,1,ㄓˋ ㄕㄣ
置身事外,1,ㄓˋ ㄕㄣ ㄕˋ ㄨㄞˋ
置若罔聞,1,ㄓˋ ㄖㄨㄛˋ ㄨㄤˇ ㄨㄣˊ
雉,1,ㄓˋ
雉雞,1,ㄓˋ ㄐㄧ
稚,1,ㄓˋ
稚嫩,1,ㄓˋ ㄋㄣˋ
稚齡,1,ㄓˋ ㄌㄧㄥˊ
稚氣,1,ㄓˋ ㄑㄧˋ
稚子,1,ㄓˋ ㄗˇ
滯,1,ㄓˋ
滯納金,1,ㄓˋ ㄋㄚˋ ㄐㄧㄣ
滯留,1,ㄓˋ ㄌㄧㄡˊ
滯銷,1,ㄓˋ ㄒㄧㄠ
摯,1,ㄓˋ
摯情,1,ㄓˋ ㄑㄧㄥˊ
摯愛,1,ㄓˋ ㄞˋ
摯友,1,ㄓˋ ㄧㄡˇ
贄,1,ㄓˋ
幟,1,ㄓˋ
識,1,ㄓˋ
質,1,ㄓˋ
躓,1,ㄓˋ
遲,1,ㄓˋ
扎,1,ㄓㄚ
扎根,1,ㄓㄚ ㄍㄣ
扎花,1,ㄓㄚ ㄏㄨㄚ
扎實,1,ㄓㄚ ㄕˊ
扎手,1,ㄓㄚ ㄕㄡˇ
查,1,ㄓㄚ
渣,1,ㄓㄚ
渣滓,1,ㄓㄚ ㄗˇ
喳,1,ㄓㄚ
楂,1,ㄓㄚ
扎,1,ㄓㄚˊ
札,1,ㄓㄚˊ
札記,1,ㄓㄚˊ ㄐㄧˋ
紮,1,ㄓㄚˊ
紮營,1,ㄓㄚˊ ㄧㄥˊ
炸,1,ㄓㄚˊ
炸醬,1,ㄓㄚˊ ㄐㄧㄤˋ
煠,1,ㄓㄚˊ
閘,1,ㄓㄚˊ
閘門,1,ㄓㄚˊ ㄇㄣˊ
閘口,1,ㄓㄚˊ ㄎㄡˇ
鍘,1,ㄓㄚˊ
眨,1,ㄓㄚˇ
眨眼,1,ㄓㄚˇ ㄧㄢˇ
乍,1,ㄓㄚˋ
乍看,1,ㄓㄚˋ ㄎㄢˋ
乍現,1,ㄓㄚˋ ㄒㄧㄢˋ
炸,1,ㄓㄚˋ
炸彈,1,ㄓㄚˋ ㄉㄢˋ
炸毀,1,ㄓㄚˋ ㄏㄨㄟˇ
炸藥,1,ㄓㄚˋ ㄧㄠˋ
蚱,1,ㄓㄚˋ
詐,1,ㄓㄚˋ
詐騙,1,ㄓㄚˋ ㄆㄧㄢˋ
詐欺,1,ㄓㄚˋ ㄑㄧ
詐降,1,ㄓㄚˋ ㄒㄧㄤˊ
詐稱,1,ㄓㄚˋ ㄔㄥ
詐術,1,ㄓㄚˋ ㄕㄨˋ
詐財,1,ㄓㄚˋ ㄘㄞˊ
詐死,1,ㄓㄚˋ ㄙˇ
搾,1,ㄓㄚˋ
榨,1,ㄓㄚˋ
榨取,1,ㄓㄚˋ ㄑㄩˇ
榨菜,1,ㄓㄚˋ ㄘㄞˋ
吒,1,ㄓㄚˋ
柵,1,ㄓㄚˋ
柵門,1,ㄓㄚˋ ㄇㄣˊ
柵欄,1,ㄓㄚˋ ㄌㄢˊ
蜡,1,ㄓㄚˋ
折,1,ㄓㄜ
折騰,1,ㄓㄜ ㄊㄥˊ
遮,1,ㄓㄜ
遮蔽,1,ㄓㄜ ㄅㄧˋ
遮瞞,1,ㄓㄜ ㄇㄢˊ
遮擋,1,ㄓㄜ ㄉㄤˇ
遮斷,1,ㄓㄜ ㄉㄨㄢˋ
遮攔,1,ㄓㄜ ㄌㄢˊ
遮蓋,1,ㄓㄜ ㄍㄞˋ
遮羞,1,ㄓㄜ ㄒㄧㄡ
遮遮掩掩,1,ㄓㄜ ㄓㄜ ㄧㄢˇ ㄧㄢˇ
遮住,1,ㄓㄜ ㄓㄨˋ
遮掩,1,ㄓㄜ ㄧㄢˇ
遮陽,1,ㄓㄜ ㄧㄤˊ
遮雨,1,ㄓㄜ ㄩˇ
螫,1,ㄓㄜ
螫傷,1,ㄓㄜ ㄕㄤ
折,1,ㄓㄜˊ
折半,1,ㄓㄜˊ ㄅㄢˋ
折磨,1,ㄓㄜˊ ㄇㄛˊ
折返,1,ㄓㄜˊ ㄈㄢˇ
折服,1,ㄓㄜˊ ㄈㄨˊ
折抵,1,ㄓㄜˊ ㄉㄧˇ
折疊,1,ㄓㄜˊ ㄉㄧㄝˊ
折斷,1,ㄓㄜˊ ㄉㄨㄢˋ
折扣,1,ㄓㄜˊ ㄎㄡˋ
折合,1,ㄓㄜˊ ㄏㄜˊ
折回,1,ㄓㄜˊ ㄏㄨㄟˊ
折價,1,ㄓㄜˊ ㄐㄧㄚˋ
折舊,1,ㄓㄜˊ ㄐㄧㄡˋ
折枝,1,ㄓㄜˊ ㄓ
折中,1,ㄓㄜˊ ㄓㄨㄥ
折衷,1,ㄓㄜˊ ㄓㄨㄥ
折衝,1,ㄓㄜˊ ㄔㄨㄥ
折射,1,ㄓㄜˊ ㄕㄜˋ
折壽,1,ㄓㄜˊ ㄕㄡˋ
折算,1,ㄓㄜˊ ㄙㄨㄢˋ
折損,1,ㄓㄜˊ ㄙㄨㄣˇ
折翼,1,ㄓㄜˊ ㄧˋ
折腰,1,ㄓㄜˊ ㄧㄠ
哲,1,ㄓㄜˊ
哲理,1,ㄓㄜˊ ㄌㄧˇ
哲學,1,ㄓㄜˊ ㄒㄩㄝˊ
蜇,1,ㄓㄜˊ
輒,1,ㄓㄜˊ
摺,1,ㄓㄜˊ
摺疊,1,ㄓㄜˊ ㄉㄧㄝˊ
摺梯,1,ㄓㄜˊ ㄊㄧ
摺尺,1,ㄓㄜˊ ㄔˇ
摺扇,1,ㄓㄜˊ ㄕㄢˋ
褶,1,ㄓㄜˊ
褶裙,1,ㄓㄜˊ ㄑㄩㄣˊ
磔,1,ㄓㄜˊ
謫,1,ㄓㄜˊ
轍,1,ㄓㄜˊ
懾,1,ㄓㄜˊ
懾服,1,ㄓㄜˊ ㄈㄨˊ
懾人心魄,1,ㄓㄜˊ ㄖㄣˊ ㄒㄧㄣ ㄆㄛˋ
讋,1,ㄓㄜˊ
者,1,ㄓㄜˇ
赭,1,ㄓㄜˇ
赭紅,1,ㄓㄜˇ ㄏㄨㄥˊ
鍺,1,ㄓㄜˇ
浙,1,ㄓㄜˋ
這,1,ㄓㄜˋ
這般,1,ㄓㄜˋ ㄅㄢ
這麼,1,ㄓㄜˋ ㄇㄜ˙
這裡,1,ㄓㄜˋ ㄌㄧˇ
這個,1,ㄓㄜˋ ㄍㄜ˙
這會兒,1,ㄓㄜˋ ㄏㄨㄟˇ ㄦ
這會兒,1,ㄓㄜˋ ㄏㄨㄜˇ ㄦ
這些,1,ㄓㄜˋ ㄒㄧㄝ
這廝,1,ㄓㄜˋ ㄙ
這兒,1,ㄓㄜˋ ㄦ
這樣,1,ㄓㄜˋ ㄧㄤˋ
蔗,1,ㄓㄜˋ
蔗糖,1,ㄓㄜˋ ㄊㄤˊ
蔗農,1,ㄓㄜˋ ㄋㄨㄥˊ
蔗園,1,ㄓㄜˋ ㄩㄢˊ
鷓,1,ㄓㄜˋ
鷓鴣,1,ㄓㄜˋ ㄍㄨ
著,1,ㄓㄜ˙
摘,1,ㄓㄞ
摘錄,1,ㄓㄞ ㄌㄨˋ
摘取,1,ㄓㄞ ㄑㄩˇ
摘星,1,ㄓㄞ ㄒㄧㄥ
摘除,1,ㄓㄞ ㄔㄨˊ
摘譯,1,ㄓㄞ ㄧˋ
摘要,1,ㄓㄞ ㄧㄠˋ
齋,1,ㄓㄞ
齋戒,1,ㄓㄞ ㄐㄧㄝˋ
齋醮,1,ㄓㄞ ㄐㄧㄠˋ
宅,1,ㄓㄞˊ
宅第,1,ㄓㄞˊ ㄉㄧˋ
宅心仁厚,1,ㄓㄞˊ ㄒㄧㄣ ㄖㄣˊ ㄏㄡˋ
宅院,1,ㄓㄞˊ ㄩㄢˋ
翟,1,ㄓㄞˊ
窄,1,ㄓㄞˇ
窄門,1,ㄓㄞˇ ㄇㄣˊ
窄小,1,ㄓㄞˇ ㄒㄧㄠˇ
柴,1,ㄓㄞˋ
債,1,ㄓㄞˋ
債臺高築,1,ㄓㄞˋ ㄊㄞˊ ㄍㄠ ㄓㄨˊ
債權,1,ㄓㄞˋ ㄑㄩㄢˊ
債券,1,ㄓㄞˋ ㄑㄩㄢˋ
債主,1,ㄓㄞˋ ㄓㄨˇ
債務,1,ㄓㄞˋ ㄨˋ
寨,1,ㄓㄞˋ
寨主,1,ㄓㄞˋ ㄓㄨˇ
寨子,1,ㄓㄞˋ ㄗ˙
招,1,ㄓㄠ
招標,1,ㄓㄠ ㄅㄧㄠ
招兵買馬,1,ㄓㄠ ㄅㄧㄥ ㄇㄞˇ ㄇㄚˇ
招牌,1,ㄓㄠ ㄆㄞˊ
招募,1,ㄓㄠ ㄇㄨˋ
招蜂引蝶,1,ㄓㄠ ㄈㄥ ㄧㄣˇ ㄉㄧㄝˊ
招撫,1,ㄓㄠ ㄈㄨˇ
招待,1,ㄓㄠ ㄉㄞˋ
招貼,1,ㄓㄠ ㄊㄧㄝ
招徠,1,ㄓㄠ ㄌㄞˊ
招攬,1,ㄓㄠ ㄌㄢˇ
招領,1,ㄓㄠ ㄌㄧㄥˇ
招供,1,ㄓㄠ ㄍㄨㄥ
招考,1,ㄓㄠ ㄎㄠˇ
招呼,1,ㄓㄠ ㄏㄨ
招喚,1,ㄓㄠ ㄏㄨㄢˋ
招魂,1,ㄓㄠ ㄏㄨㄣˊ
招架,1,ㄓㄠ ㄐㄧㄚˋ
招架不住,1,ㄓㄠ ㄐㄧㄚˋ ㄅㄨˋ ㄓㄨˋ
招架不住,1,ㄓㄠ ㄐㄧㄚˋ ㄅㄨˊ ㄓㄨˋ
招親,1,ㄓㄠ ㄑㄧㄣ
招致,1,ㄓㄠ ㄓˋ
招贅,1,ㄓㄠ ㄓㄨㄟˋ
招式,1,ㄓㄠ ㄕˋ
招收,1,ㄓㄠ ㄕㄡ
招手,1,ㄓㄠ ㄕㄡˇ
招生,1,ㄓㄠ ㄕㄥ
招數,1,ㄓㄠ ㄕㄨˋ
招惹,1,ㄓㄠ ㄖㄜˇ
招認,1,ㄓㄠ ㄖㄣˋ
招租,1,ㄓㄠ ㄗㄨ
招財進寶,1,ㄓㄠ ㄘㄞˊ ㄐㄧㄣˋ ㄅㄠˇ
招安,1,ㄓㄠ ㄢ
招搖,1,ㄓㄠ ㄧㄠˊ
招搖撞騙,1,ㄓㄠ ㄧㄠˊ ㄓㄨㄤˋ ㄆㄧㄢˋ
招引,1,ㄓㄠ ㄧㄣˇ
昭,1,ㄓㄠ
昭告,1,ㄓㄠ ㄍㄠˋ
昭顯,1,ㄓㄠ ㄒㄧㄢˇ
昭雪,1,ㄓㄠ ㄒㄩㄝˇ
昭彰,1,ㄓㄠ ㄓㄤ
昭示,1,ㄓㄠ ㄕˋ
昭然若揭,1,ㄓㄠ ㄖㄢˊ ㄖㄨㄛˋ ㄐㄧㄝ
釗,1,ㄓㄠ
著,1,ㄓㄠ
著涼,1,ㄓㄠ ㄌㄧㄤˊ
著急,1,ㄓㄠ ㄐㄧˊ
朝,1,ㄓㄠ
朝不保夕,1,ㄓㄠ ㄅㄨˋ ㄅㄠˇ ㄒㄧˋ
朝暮,1,ㄓㄠ ㄇㄨˋ
朝令夕改,1,ㄓㄠ ㄌㄧㄥˋ ㄒㄧˋ ㄍㄞˇ
朝露,1,ㄓㄠ ㄌㄨˋ
朝會,1,ㄓㄠ ㄏㄨㄟˋ
朝氣,1,ㄓㄠ ㄑㄧˋ
朝氣蓬勃,1,ㄓㄠ ㄑㄧˋ ㄆㄥˊ ㄅㄛˊ
朝秦暮楚,1,ㄓㄠ ㄑㄧㄣˊ ㄇㄨˋ ㄔㄨˇ
朝曦,1,ㄓㄠ ㄒㄧ
朝夕,1,ㄓㄠ ㄒㄧˋ
朝朝暮暮,1,ㄓㄠ ㄓㄠ ㄇㄨˋ ㄇㄨˋ
朝生暮死,1,ㄓㄠ ㄕㄥ ㄇㄨˋ ㄙˇ
朝日,1,ㄓㄠ ㄖˋ
朝三暮四,1,ㄓㄠ ㄙㄢ ㄇㄨˋ ㄙˋ
朝陽,1,ㄓㄠ ㄧㄤˊ
著,1,ㄓㄠˊ
著魔,1,ㄓㄠˊ ㄇㄛˊ
著迷,1,ㄓㄠˊ ㄇㄧˊ
著火,1,ㄓㄠˊ ㄏㄨㄛˇ
著想,1,ㄓㄠˊ ㄒㄧㄤˇ
著眼,1,ㄓㄨㄛˊ ㄧㄢˇ
爪,1,ㄓㄠˇ
爪痕,1,ㄓㄠˇ ㄏㄣˊ
爪痕,1,ㄓㄨㄚˇ ㄏㄣˊ
爪牙,1,ㄓㄠˇ ㄧㄚˊ
爪牙,1,ㄓㄨㄚˇ ㄧㄚˊ
爪哇,1,ㄓㄠˇ ㄨㄚ
爪哇,1,ㄓㄨㄚˇ ㄨㄚ
找,1,ㄓㄠˇ
找麻煩,1,ㄓㄠˇ ㄇㄚˊ ㄈㄢˊ
找臺階下,1,ㄓㄠˇ ㄊㄞˊ ㄐㄧㄝ ㄒㄧㄚˋ
找樂子,1,ㄓㄠˇ ㄌㄜˋ ㄗ˙
找錢,1,ㄓㄠˇ ㄑㄧㄢˊ
找尋,1,ㄓㄠˇ ㄒㄩㄣˊ
找碴,1,ㄓㄠˇ ㄔㄚˊ
找事,1,ㄓㄠˇ ㄕˋ
沼,1,ㄓㄠˇ
沼氣,1,ㄓㄠˇ ㄑㄧˋ
沼澤,1,ㄓㄠˇ ㄗㄜˊ
召,1,ㄓㄠˋ
召募,1,ㄓㄠˋ ㄇㄨˋ
召開,1,ㄓㄠˋ ㄎㄞ
召回,1,ㄓㄠˋ ㄏㄨㄟˊ
召喚,1,ㄓㄠˋ ㄏㄨㄢˋ
召集,1,ㄓㄠˋ ㄐㄧˊ
召見,1,ㄓㄠˋ ㄐㄧㄢˋ
炤,1,ㄓㄠˋ
詔,1,ㄓㄠˋ
詔書,1,ㄓㄠˋ ㄕㄨ
照,1,ㄓㄠˋ
照辦,1,ㄓㄠˋ ㄅㄢˋ
照本宣科,1,ㄓㄠˋ ㄅㄣˇ ㄒㄩㄢ ㄎㄜ
照片,1,ㄓㄠˋ ㄆㄧㄢˋ
照貓畫虎,1,ㄓㄠˋ ㄇㄠ ㄏㄨㄚˋ ㄏㄨˇ
照面,1,ㄓㄠˋ ㄇㄧㄢˋ
照明,1,ㄓㄠˋ ㄇㄧㄥˊ
照明彈,1,ㄓㄠˋ ㄇㄧㄥˊ ㄉㄢˋ
照拂,1,ㄓㄠˋ ㄈㄨˊ
照單全收,1,ㄓㄠˋ ㄉㄢ ㄑㄩㄢˊ ㄕㄡ
照理,1,ㄓㄠˋ ㄌㄧˇ
照例,1,ㄓㄠˋ ㄌㄧˋ
照料,1,ㄓㄠˋ ㄌㄧㄠˋ
照亮,1,ㄓㄠˋ ㄌㄧㄤˋ
照顧,1,ㄓㄠˋ ㄍㄨˋ
照後鏡,1,ㄓㄠˋ ㄏㄡˋ ㄐㄧㄥˋ
照會,1,ㄓㄠˋ ㄏㄨㄟˋ
照舊,1,ㄓㄠˋ ㄐㄧㄡˋ
照相,1,ㄓㄠˋ ㄒㄧㄤˋ
照相機,1,ㄓㄠˋ ㄒㄧㄤˋ ㄐㄧ
照准,1,ㄓㄠˋ ㄓㄨㄣˇ
照常,1,ㄓㄠˋ ㄔㄤˊ
照實,1,ㄓㄠˋ ㄕˊ
照射,1,ㄓㄠˋ ㄕㄜˋ
照說,1,ㄓㄠˋ ㄕㄨㄛ
照耀,1,ㄓㄠˋ ㄧㄠˋ
照樣,1,ㄓㄠˋ ㄧㄤˋ
照應,1,ㄓㄠˋ ㄧㄥˋ
兆,1,ㄓㄠˋ
兆頭,1,ㄓㄠˋ ㄊㄡ˙
棹,1,ㄓㄠˋ
罩,1,ㄓㄠˋ
罩袍,1,ㄓㄠˋ ㄆㄠˊ
罩衫,1,ㄓㄠˋ ㄕㄢ
罩子,1,ㄓㄠˋ ㄗ˙
趙,1,ㄓㄠˋ
肇,1,ㄓㄠˋ
肇端,1,ㄓㄠˋ ㄉㄨㄢ
肇禍,1,ㄓㄠˋ ㄏㄨㄛˋ
肇始,1,ㄓㄠˋ ㄕˇ
肇事,1,ㄓㄠˋ ㄕˋ
肇因,1,ㄓㄠˋ ㄧㄣ
櫂,1,ㄓㄠˋ
州,1,ㄓㄡ
州官放火,1,ㄓㄡ ㄍㄨㄢ ㄈㄤˋ ㄏㄨㄛˇ
洲,1,ㄓㄡ
洲際,1,ㄓㄡ ㄐㄧˋ
舟,1,ㄓㄡ
舟楫,1,ㄓㄡ ㄐㄧˊ
舟車勞頓,1,ㄓㄡ ㄔㄜ ㄌㄠˊ ㄉㄨㄣˋ
周,1,ㄓㄡ
周備,1,ㄓㄡ ㄅㄟˋ
周邊,1,ㄓㄡ ㄅㄧㄢ
周密,1,ㄓㄡ ㄇㄧˋ
周到,1,ㄓㄡ ㄉㄠˋ
周濟,1,ㄓㄡ ㄐㄧˋ
周全,1,ㄓㄡ ㄑㄩㄢˊ
周詳,1,ㄓㄡ ㄒㄧㄤˊ
周旋,1,ㄓㄡ ㄒㄩㄢˊ
周至,1,ㄓㄡ ㄓˋ
周折,1,ㄓㄡ ㄓㄜˊ
周章,1,ㄓㄡ ㄓㄤ
周轉,1,ㄓㄡ ㄓㄨㄢˇ
周轉不靈,1,ㄓㄡ ㄓㄨㄢˇ ㄅㄨˋ ㄌㄧㄥˊ
周身,1,ㄓㄡ ㄕㄣ
周匝,1,ㄓㄡ ㄗㄚ
周遭,1,ㄓㄡ ㄗㄠ
周而復始,1,ㄓㄡ ㄦˊ ㄈㄨˋ ㄕˇ
周遊,1,ㄓㄡ ㄧㄡˊ
周延,1,ㄓㄡ ㄧㄢˊ
周圍,1,ㄓㄡ ㄨㄟˊ
啁,1,ㄓㄡ
週,1,ㄓㄡ
週報,1,ㄓㄡ ㄅㄠˋ
週末,1,ㄓㄡ ㄇㄛˋ
週年,1,ㄓㄡ ㄋㄧㄢˊ
週考,1,ㄓㄡ ㄎㄠˇ
週刊,1,ㄓㄡ ㄎㄢ
週會,1,ㄓㄡ ㄏㄨㄟˋ
週期,1,ㄓㄡ ㄑㄧˊ
週期性,1,ㄓㄡ ㄑㄧˊ ㄒㄧㄥˋ
週日,1,ㄓㄡ ㄖˋ
週歲,1,ㄓㄡ ㄙㄨㄟˋ
粥,1,ㄓㄡ
粥少僧多,1,ㄓㄡ ㄕㄠˇ ㄙㄥ ㄉㄨㄛ
妯,1,ㄓㄡˊ
妯娌,1,ㄓㄡˊ ㄌㄧˇ
軸,1,ㄓㄡˊ
軸線,1,ㄓㄡˊ ㄒㄧㄢˋ
軸心,1,ㄓㄡˊ ㄒㄧㄣ
軸心國,1,ㄓㄡˊ ㄒㄧㄣ ㄍㄨㄛˊ
肘,1,ㄓㄡˇ
肘腋,1,ㄓㄡˇ ㄧㄝˋ
帚,1,ㄓㄡˇ
宙,1,ㄓㄡˋ
胄,1,ㄓㄡˋ
冑,1,ㄓㄡˋ
咒,1,ㄓㄡˋ
咒罵,1,ㄓㄡˋ ㄇㄚˋ
咒語,1,ㄓㄡˋ ㄩˇ
紂,1,ㄓㄡˋ
晝,1,ㄓㄡˋ
晝分,1,ㄓㄡˋ ㄈㄣ
晝伏夜出,1,ㄓㄡˋ ㄈㄨˊ ㄧㄝˋ ㄔㄨ
晝夜,1,ㄓㄡˋ ㄧㄝˋ
皺,1,ㄓㄡˋ
皺眉,1,ㄓㄡˋ ㄇㄟˊ
皺褶,1,ㄓㄡˋ ㄓㄜˊ
皺紋,1,ㄓㄡˋ ㄨㄣˊ
縐,1,ㄓㄡˋ
籀,1,ㄓㄡˋ
占,1,ㄓㄢ
占卜,1,ㄓㄢ ㄅㄨˇ
占夢,1,ㄓㄢ ㄇㄥˋ
占星術,1,ㄓㄢ ㄒㄧㄥ ㄕㄨˋ
沾,1,ㄓㄢ
沾光,1,ㄓㄢ ㄍㄨㄤ
沾親帶故,1,ㄓㄢ ㄑㄧㄣ ㄉㄞˋ ㄍㄨˋ
沾沾自喜,1,ㄓㄢ ㄓㄢ ㄗˋ ㄒㄧˇ
沾手,1,ㄓㄢ ㄕㄡˇ
沾染,1,ㄓㄢ ㄖㄢˇ
沾汙,1,ㄓㄢ ㄨ
霑,1,ㄓㄢ
詹,1,ㄓㄢ
瞻,1,ㄓㄢ
瞻前顧後,1,ㄓㄢ ㄑㄧㄢˊ ㄍㄨˋ ㄏㄡˋ
瞻仰,1,ㄓㄢ ㄧㄤˇ
邅,1,ㄓㄢ
氈,1,ㄓㄢ
氈子,1,ㄓㄢ ㄗ˙
饘,1,ㄓㄢ
展,1,ㄓㄢˇ
展覽,1,ㄓㄢˇ ㄌㄢˇ
展覽品,1,ㄓㄢˇ ㄌㄢˇ ㄆㄧㄣˇ
展露,1,ㄓㄢˇ ㄌㄨˋ
展開,1,ㄓㄢˇ ㄎㄞ
展緩,1,ㄓㄢˇ ㄏㄨㄢˇ
展期,1,ㄓㄢˇ ㄑㄧˊ
展顯,1,ㄓㄢˇ ㄒㄧㄢˇ
展現,1,ㄓㄢˇ ㄒㄧㄢˋ
展翅,1,ㄓㄢˇ ㄔˋ
展翅高飛,1,ㄓㄢˇ ㄔˋ ㄍㄠ ㄈㄟ
展出,1,ㄓㄢˇ ㄔㄨ
展示,1,ㄓㄢˇ ㄕˋ
展售,1,ㄓㄢˇ ㄕㄡˋ
展延,1,ㄓㄢˇ ㄧㄢˊ
展顏,1,ㄓㄢˇ ㄧㄢˊ
展望,1,ㄓㄢˇ ㄨㄤˋ
輾,1,ㄓㄢˇ
輾轉,1,ㄓㄢˇ ㄓㄨㄢˇ
斬,1,ㄓㄢˇ
斬釘截鐵,1,ㄓㄢˇ ㄉㄧㄥ ㄐㄧㄝˊ ㄊㄧㄝˇ
斬獲,1,ㄓㄢˇ ㄏㄨㄛˋ
斬首,1,ㄓㄢˇ ㄕㄡˇ
斬草除根,1,ㄓㄢˇ ㄘㄠˇ ㄔㄨˊ ㄍㄣ
嶄,1,ㄓㄢˇ
嶄露頭角,1,ㄓㄢˇ ㄌㄨˋ ㄊㄡˊ ㄐㄧㄠˇ
嶄新,1,ㄓㄢˇ ㄒㄧㄣ
盞,1,ㄓㄢˇ
颭,1,ㄓㄢˇ
占,1,ㄓㄢˋ
占便宜,1,ㄓㄢˋ ㄆㄧㄢˊ ㄧˊ
占地,1,ㄓㄢˋ ㄉㄧˋ
占領,1,ㄓㄢˋ ㄌㄧㄥˇ
占盡便宜,1,ㄓㄢˋ ㄐㄧㄣˋ ㄆㄧㄢˊ ㄧˊ
占據,1,ㄓㄢˋ ㄐㄩˋ
占上風,1,ㄓㄢˋ ㄕㄤˋ ㄈㄥ
占有,1,ㄓㄢˋ ㄧㄡˇ
占為己有,1,ㄓㄢˋ ㄨㄟˊ ㄐㄧˇ ㄧㄡˇ
占用,1,ㄓㄢˋ ㄩㄥˋ
佔,1,ㄓㄢˋ
站,1,ㄓㄢˋ
站不住腳,1,ㄓㄢˋ ㄅㄨˋ ㄓㄨˋ ㄐㄧㄠˇ
站不住腳,1,ㄓㄢˋ ㄅㄨˊ ㄓㄨˋ ㄐㄧㄠˇ
站牌,1,ㄓㄢˋ ㄆㄞˊ
站臺,1,ㄓㄢˋ ㄊㄞˊ
站立,1,ㄓㄢˋ ㄌㄧˋ
站崗,1,ㄓㄢˋ ㄍㄤˇ
站長,1,ㄓㄢˋ ㄓㄤˇ
站住,1,ㄓㄢˋ ㄓㄨˋ
站衛兵,1,ㄓㄢˋ ㄨㄟˋ ㄅㄧㄥ
站穩,1,ㄓㄢˋ ㄨㄣˇ
站穩腳跟,1,ㄓㄢˋ ㄨㄣˇ ㄐㄧㄠˇ ㄍㄣ
湛,1,ㄓㄢˋ
湛藍,1,ㄓㄢˋ ㄌㄢˊ
棧,1,ㄓㄢˋ
棧房,1,ㄓㄢˋ ㄈㄤˊ
棧道,1,ㄓㄢˋ ㄉㄠˋ
綻,1,ㄓㄢˋ
綻放,1,ㄓㄢˋ ㄈㄤˋ
綻開,1,ㄓㄢˋ ㄎㄞ
暫,1,ㄓㄢˋ
暫停,1,ㄓㄢˋ ㄊㄧㄥˊ
暫緩,1,ㄓㄢˋ ㄏㄨㄢˇ
暫且,1,ㄓㄢˋ ㄑㄧㄝˇ
暫時,1,ㄓㄢˋ ㄕˊ
戰,1,ㄓㄢˋ
戰敗,1,ㄓㄢˋ ㄅㄞˋ
戰備,1,ㄓㄢˋ ㄅㄟˋ
戰犯,1,ㄓㄢˋ ㄈㄢˋ
戰俘,1,ㄓㄢˋ ㄈㄨˊ
戰鬥,1,ㄓㄢˋ ㄉㄡˋ
戰鬥力,1,ㄓㄢˋ ㄉㄡˋ ㄌㄧˋ
戰鬥機,1,ㄓㄢˋ ㄉㄡˋ ㄐㄧ
戰地,1,ㄓㄢˋ ㄉㄧˋ
戰利品,1,ㄓㄢˋ ㄌㄧˋ ㄆㄧㄣˇ
戰慄,1,ㄓㄢˋ ㄌㄧˋ
戰亂,1,ㄓㄢˋ ㄌㄨㄢˋ
戰略,1,ㄓㄢˋ ㄌㄩㄝˋ
戰鼓,1,ㄓㄢˋ ㄍㄨˇ
戰國,1,ㄓㄢˋ ㄍㄨㄛˊ
戰果,1,ㄓㄢˋ ㄍㄨㄛˇ
戰功,1,ㄓㄢˋ ㄍㄨㄥ
戰況,1,ㄓㄢˋ ㄎㄨㄤˋ
戰壕,1,ㄓㄢˋ ㄏㄠˊ
戰火,1,ㄓㄢˋ ㄏㄨㄛˇ
戰機,1,ㄓㄢˋ ㄐㄧ
戰績,1,ㄓㄢˋ ㄐㄧ
戰艦,1,ㄓㄢˋ ㄐㄧㄢˋ
戰將,1,ㄓㄢˋ ㄐㄧㄤˋ
戰局,1,ㄓㄢˋ ㄐㄩˊ
戰情,1,ㄓㄢˋ ㄑㄧㄥˊ
戰區,1,ㄓㄢˋ ㄑㄩ
戰線,1,ㄓㄢˋ ㄒㄧㄢˋ
戰戰兢兢,1,ㄓㄢˋ ㄓㄢˋ ㄐㄧㄥ ㄐㄧㄥ
戰爭,1,ㄓㄢˋ ㄓㄥ
戰車,1,ㄓㄢˋ ㄔㄜ
戰場,1,ㄓㄢˋ ㄔㄤˇ
戰船,1,ㄓㄢˋ ㄔㄨㄢˊ
戰時,1,ㄓㄢˋ ㄕˊ
戰士,1,ㄓㄢˋ ㄕˋ
戰事,1,ㄓㄢˋ ㄕˋ
戰勝,1,ㄓㄢˋ ㄕㄥˋ
戰書,1,ㄓㄢˋ ㄕㄨ
戰術,1,ㄓㄢˋ ㄕㄨˋ
戰役,1,ㄓㄢˋ ㄧˋ
戰友,1,ㄓㄢˋ ㄧㄡˇ
戰無不勝,1,ㄓㄢˋ ㄨˊ ㄅㄨˋ ㄕㄥˋ
戰無不勝,1,ㄓㄢˋ ㄨˊ ㄅㄨˊ ㄕㄥˋ
戰雲密布,1,ㄓㄢˋ ㄩㄣˊ ㄇㄧˋ ㄅㄨˋ
顫,1,ㄓㄢˋ
顫抖,1,ㄓㄢˋ ㄉㄡˇ
顫動,1,ㄓㄢˋ ㄉㄨㄥˋ
顫慄,1,ㄓㄢˋ ㄌㄧˋ
顫聲,1,ㄓㄢˋ ㄕㄥ
顫音,1,ㄓㄢˋ ㄧㄣ
顫巍巍,1,ㄓㄢˋ ㄨㄟˊ ㄨㄟˊ
蘸,1,ㄓㄢˋ
珍,1,ㄓㄣ
珍寶,1,ㄓㄣ ㄅㄠˇ
珍品,1,ㄓㄣ ㄆㄧㄣˇ
珍貴,1,ㄓㄣ ㄍㄨㄟˋ
珍奇,1,ㄓㄣ ㄑㄧˊ
珍禽,1,ㄓㄣ ㄑㄧㄣˊ
珍禽異獸,1,ㄓㄣ ㄑㄧㄣˊ ㄧˋ ㄕㄡˋ
珍惜,1,ㄓㄣ ㄒㄧˊ
珍饈,1,ㄓㄣ ㄒㄧㄡ
珍珠,1,ㄓㄣ ㄓㄨ
珍重,1,ㄓㄣ ㄓㄨㄥˋ
珍視,1,ㄓㄣ ㄕˋ
珍藏,1,ㄓㄣ ㄘㄤˊ
珍愛,1,ㄓㄣ ㄞˋ
珍餚,1,ㄓㄣ ㄧㄠˊ
珍玩,1,ㄓㄣ ㄨㄢˊ
珍聞,1,ㄓㄣ ㄨㄣˊ
貞,1,ㄓㄣ
貞節,1,ㄓㄣ ㄐㄧㄝˊ
貞潔,1,ㄓㄣ ㄐㄧㄝˊ
貞操,1,ㄓㄣ ㄘㄠ
偵,1,ㄓㄣ
偵辦,1,ㄓㄣ ㄅㄢˋ
偵破,1,ㄓㄣ ㄆㄛˋ
偵防,1,ㄓㄣ ㄈㄤˊ
偵探,1,ㄓㄣ ㄊㄢˋ
偵探小說,1,ㄓㄣ ㄊㄢˋ ㄒㄧㄠˇ ㄕㄨㄛ
偵騎,1,ㄓㄣ ㄑㄧˊ
偵緝,1,ㄓㄣ ㄑㄧˋ
偵訊,1,ㄓㄣ ㄒㄩㄣˋ
偵查,1,ㄓㄣ ㄔㄚˊ
偵察,1,ㄓㄣ ㄔㄚˊ
偵察機,1,ㄓㄣ ㄔㄚˊ ㄐㄧ
偵測,1,ㄓㄣ ㄘㄜˋ
楨,1,ㄓㄣ
禎,1,ㄓㄣ
禎祥,1,ㄓㄣ ㄒㄧㄤˊ
真,1,ㄓㄣ
真皮,1,ㄓㄣ ㄆㄧˊ
真品,1,ㄓㄣ ㄆㄧㄣˇ
真面目,1,ㄓㄣ ㄇㄧㄢˋ ㄇㄨˋ
真諦,1,ㄓㄣ ㄉㄧˋ
真理,1,ㄓㄣ ㄌㄧˇ
真空,1,ㄓㄣ ㄎㄨㄥ
真話,1,ㄓㄣ ㄏㄨㄚˋ
真跡,1,ㄓㄣ ㄐㄧ
真金不怕火煉,1,ㄓㄣ ㄐㄧㄣ ㄅㄨˋ ㄆㄚˋ ㄏㄨㄛˇ ㄌㄧㄢˋ
真金不怕火煉,1,ㄓㄣ ㄐㄧㄣ ㄅㄨˊ ㄆㄚˋ ㄏㄨㄛˇ ㄌㄧㄢˋ
真切,1,ㄓㄣ ㄑㄧㄝˋ
真情,1,ㄓㄣ ㄑㄧㄥˊ
真確,1,ㄓㄣ ㄑㄩㄝˋ
真心,1,ㄓㄣ ㄒㄧㄣ
真相,1,ㄓㄣ ㄒㄧㄤˋ
真相大白,1,ㄓㄣ ㄒㄧㄤˋ ㄉㄚˋ ㄅㄞˊ
真知灼見,1,ㄓㄣ ㄓ ㄓㄨㄛˊ ㄐㄧㄢˋ
真摯,1,ㄓㄣ ㄓˋ
真真假假,1,ㄓㄣ ㄓㄣ ㄐㄧㄚˇ ㄐㄧㄚˇ
真正,1,ㄓㄣ ㄓㄥˋ
真珠,1,ㄓㄣ ㄓㄨ
真誠,1,ㄓㄣ ㄔㄥˊ
真除,1,ㄓㄣ ㄔㄨˊ
真傳,1,ㄓㄣ ㄔㄨㄢˊ
真實,1,ㄓㄣ ㄕˊ
真善美,1,ㄓㄣ ㄕㄢˋ ㄇㄟˇ
真人,1,ㄓㄣ ㄖㄣˊ
真人真事,1,ㄓㄣ ㄖㄣˊ ㄓㄣ ㄕˋ
真才實學,1,ㄓㄣ ㄘㄞˊ ㄕˊ ㄒㄩㄝˊ
真義,1,ㄓㄣ ㄧˋ
真言,1,ㄓㄣ ㄧㄢˊ
真偽,1,ㄓㄣ ㄨㄟˋ
砧,1,ㄓㄣ
砧板,1,ㄓㄣ ㄅㄢˇ
針,1,ㄓㄣ
針砭,1,ㄓㄣ ㄅㄧㄢ
針鋒相對,1,ㄓㄣ ㄈㄥ ㄒㄧㄤ ㄉㄨㄟˋ
針對,1,ㄓㄣ ㄉㄨㄟˋ
針頭,1,ㄓㄣ ㄊㄡˊ
針筒,1,ㄓㄣ ㄊㄨㄥˇ
針孔,1,ㄓㄣ ㄎㄨㄥˇ
針灸,1,ㄓㄣ ㄐㄧㄡˇ
針線,1,ㄓㄣ ㄒㄧㄢˋ
針葉樹,1,ㄓㄣ ㄧㄝˋ ㄕㄨˋ
針眼,1,ㄓㄣ ㄧㄢˇ
斟,1,ㄓㄣ
斟酌,1,ㄓㄣ ㄓㄨㄛˊ
椹,1,ㄓㄣ
榛,1,ㄓㄣ
蓁,1,ㄓㄣ
臻,1,ㄓㄣ
甄,1,ㄓㄣ
甄別,1,ㄓㄣ ㄅㄧㄝˊ
甄選,1,ㄓㄣ ㄒㄩㄢˇ
甄訓,1,ㄓㄣ ㄒㄩㄣˋ
甄試,1,ㄓㄣ ㄕˋ
甄審,1,ㄓㄣ ㄕㄣˇ
箴,1,ㄓㄣ
箴言,1,ㄓㄣ ㄧㄢˊ
枕,1,ㄓㄣˇ
枕邊細語,1,ㄓㄣˇ ㄅㄧㄢ ㄒㄧˋ ㄩˇ
枕邊人,1,ㄓㄣˇ ㄅㄧㄢ ㄖㄣˊ
枕頭,1,ㄓㄣˇ ㄊㄡ˙
疹,1,ㄓㄣˇ
疹子,1,ㄓㄣˇ ㄗ˙
畛,1,ㄓㄣˇ
畛域,1,ㄓㄣˇ ㄩˋ
診,1,ㄓㄣˇ
診斷,1,ㄓㄣˇ ㄉㄨㄢˋ
診療,1,ㄓㄣˇ ㄌㄧㄠˊ
診治,1,ㄓㄣˇ ㄓˋ
診察,1,ㄓㄣˇ ㄔㄚˊ
診視,1,ㄓㄣˇ ㄕˋ
診所,1,ㄓㄣˇ ㄙㄨㄛˇ
軫,1,ㄓㄣˇ
稹,1,ㄓㄣˇ
縝,1,ㄓㄣˇ
縝密,1,ㄓㄣˇ ㄇㄧˋ
枕,1,ㄓㄣˋ
枕戈待旦,1,ㄓㄣˋ ㄍㄜ ㄉㄞˋ ㄉㄢˋ
枕藉,1,ㄓㄣˋ ㄐㄧㄝˋ
鴆,1,ㄓㄣˋ
振,1,ㄓㄣˋ
振筆直書,1,ㄓㄣˋ ㄅㄧˇ ㄓˊ ㄕㄨ
振奮,1,ㄓㄣˋ ㄈㄣˋ
振幅,1,ㄓㄣˋ ㄈㄨˊ
振盪,1,ㄓㄣˋ ㄉㄤˋ
振動,1,ㄓㄣˋ ㄉㄨㄥˋ
振聾發聵,1,ㄓㄣˋ ㄌㄨㄥˊ ㄈㄚ ㄎㄨㄟˋ
振興,1,ㄓㄣˋ ㄒㄧㄥ
振振有辭,1,ㄓㄣˋ ㄓㄣˋ ㄧㄡˇ ㄘˊ
振翅高飛,1,ㄓㄣˋ ㄔˋ ㄍㄠ ㄈㄟ
振衰起敝,1,ㄓㄣˋ ㄕㄨㄞ ㄑㄧˇ ㄅㄧˋ
振作,1,ㄓㄣˋ ㄗㄨㄛˋ
賑,1,ㄓㄣˋ
賑濟,1,ㄓㄣˋ ㄐㄧˋ
賑恤,1,ㄓㄣˋ ㄒㄩˋ
賑災,1,ㄓㄣˋ ㄗㄞ
震,1,ㄓㄣˋ
震盪,1,ㄓㄣˋ ㄉㄤˋ
震動,1,ㄓㄣˋ ㄉㄨㄥˋ
震天價響,1,ㄓㄣˋ ㄊㄧㄢ ㄐㄧㄚˋ ㄒㄧㄤˇ
震怒,1,ㄓㄣˋ ㄋㄨˋ
震慄,1,ㄓㄣˋ ㄌㄧˋ
震古鑠今,1,ㄓㄣˋ ㄍㄨˇ ㄕㄨㄛˋ ㄐㄧㄣ
震撼,1,ㄓㄣˋ ㄏㄢˋ
震驚,1,ㄓㄣˋ ㄐㄧㄥ
震懾,1,ㄓㄣˋ ㄓㄜˊ
震顫,1,ㄓㄣˋ ㄓㄢˋ
震耳,1,ㄓㄣˋ ㄦˇ
震耳欲聾,1,ㄓㄣˋ ㄦˇ ㄩˋ ㄌㄨㄥˊ
震央,1,ㄓㄣˋ ㄧㄤ
震源,1,ㄓㄣˋ ㄩㄢˊ
朕,1,ㄓㄣˋ
朕兆,1,ㄓㄣˋ ㄓㄠˋ
陣,1,ㄓㄣˋ
陣發性,1,ㄓㄣˋ ㄈㄚ ㄒㄧㄥˋ
陣法,1,ㄓㄣˋ ㄈㄚˇ
陣風,1,ㄓㄣˋ ㄈㄥ
陣地,1,ㄓㄣˋ ㄉㄧˋ
陣痛,1,ㄓㄣˋ ㄊㄨㄥˋ
陣腳,1,ㄓㄣˋ ㄐㄧㄠˇ
陣線,1,ㄓㄣˋ ㄒㄧㄢˋ
陣陣,1,ㄓㄣˋ ㄓㄣˋ
陣勢,1,ㄓㄣˋ ㄕˋ
陣容,1,ㄓㄣˋ ㄖㄨㄥˊ
陣營,1,ㄓㄣˋ ㄧㄥˊ
陣亡,1,ㄓㄣˋ ㄨㄤˊ
陣雨,1,ㄓㄣˋ ㄩˇ
鎮,1,ㄓㄣˋ
鎮暴,1,ㄓㄣˋ ㄅㄠˋ
鎮定,1,ㄓㄣˋ ㄉㄧㄥˋ
鎮痛,1,ㄓㄣˋ ㄊㄨㄥˋ
鎮痛劑,1,ㄓㄣˋ ㄊㄨㄥˋ ㄐㄧˋ
鎮公所,1,ㄓㄣˋ ㄍㄨㄥ ㄙㄨㄛˇ
鎮靜,1,ㄓㄣˋ ㄐㄧㄥˋ
鎮靜劑,1,ㄓㄣˋ ㄐㄧㄥˋ ㄐㄧˋ
鎮紙,1,ㄓㄣˋ ㄓˇ
鎮長,1,ㄓㄣˋ ㄓㄤˇ
鎮守,1,ㄓㄣˋ ㄕㄡˇ
鎮日,1,ㄓㄣˋ ㄖˋ
鎮壓,1,ㄓㄣˋ ㄧㄚ
章,1,ㄓㄤ
章法,1,ㄓㄤ ㄈㄚˇ
章回小說,1,ㄓㄤ ㄏㄨㄟˊ ㄒㄧㄠˇ ㄕㄨㄛ
章節,1,ㄓㄤ ㄐㄧㄝˊ
章句,1,ㄓㄤ ㄐㄩˋ
章程,1,ㄓㄤ ㄔㄥˊ
章魚,1,ㄓㄤ ㄩˊ
漳,1,ㄓㄤ
漳江,1,ㄓㄤ ㄐㄧㄤ
彰,1,ㄓㄤ
獐,1,ㄓㄤ
獐頭鼠目,1,ㄓㄤ ㄊㄡˊ ㄕㄨˇ ㄇㄨˋ
璋,1,ㄓㄤ
樟,1,ㄓㄤ
樟腦,1,ㄓㄤ ㄋㄠˇ
樟腦油,1,ㄓㄤ ㄋㄠˇ ㄧㄡˊ
樟腦丸,1,ㄓㄤ ㄋㄠˇ ㄨㄢˊ
蟑,1,ㄓㄤ
蟑螂,1,ㄓㄤ ㄌㄤˊ
張,1,ㄓㄤ
張燈結綵,1,ㄓㄤ ㄉㄥ ㄐㄧㄝˊ ㄘㄞˇ
張貼,1,ㄓㄤ ㄊㄧㄝ
張老師,1,ㄓㄤ ㄌㄠˇ ㄕ
張力,1,ㄓㄤ ㄌㄧˋ
張羅,1,ㄓㄤ ㄌㄨㄛˊ
張掛,1,ㄓㄤ ㄍㄨㄚˋ
張冠李戴,1,ㄓㄤ ㄍㄨㄢ ㄌㄧˇ ㄉㄞˋ
張口結舌,1,ㄓㄤ ㄎㄡˇ ㄐㄧㄝˊ ㄕㄜˊ
張狂,1,ㄓㄤ ㄎㄨㄤˊ
張皇失措,1,ㄓㄤ ㄏㄨㄤˊ ㄕ ㄘㄨㄛˋ
張三李四,1,ㄓㄤ ㄙㄢ ㄌㄧˇ ㄙˋ
張牙舞爪,1,ㄓㄤ ㄧㄚˊ ㄨˇ ㄓㄠˇ
張牙舞爪,1,ㄓㄤ ㄧㄚˊ ㄨˇ ㄓㄨㄚˇ
張揚,1,ㄓㄤ ㄧㄤˊ
張望,1,ㄓㄤ ㄨㄤˋ
仉,1,ㄓㄤˇ
長,1,ㄓㄤˇ
長輩,1,ㄓㄤˇ ㄅㄟˋ
長大,1,ㄓㄤˇ ㄉㄚˋ
長老,1,ㄓㄤˇ ㄌㄠˇ
長官,1,ㄓㄤˇ ㄍㄨㄢ
長進,1,ㄓㄤˇ ㄐㄧㄣˋ
長相,1,ㄓㄤˇ ㄒㄧㄤˋ
長者,1,ㄓㄤˇ ㄓㄜˇ
長子,1,ㄓㄤˇ ㄗˇ
長尾巴,1,ㄓㄤˇ ㄨㄟˇ ㄅㄚ
長尾巴,1,ㄓㄤˇ ㄨㄟˇ ㄅㄚ˙
漲,1,ㄓㄤˇ
漲風,1,ㄓㄤˇ ㄈㄥ
漲幅,1,ㄓㄤˇ ㄈㄨˊ
漲跌,1,ㄓㄤˇ ㄉㄧㄝˊ
漲停,1,ㄓㄤˇ ㄊㄧㄥˊ
漲停板,1,ㄓㄤˇ ㄊㄧㄥˊ ㄅㄢˇ
漲落,1,ㄓㄤˇ ㄌㄨㄛˋ
漲價,1,ㄓㄤˇ ㄐㄧㄚˋ
漲價歸公,1,ㄓㄤˇ ㄐㄧㄚˋ ㄍㄨㄟ ㄍㄨㄥ
漲潮,1,ㄓㄤˇ ㄔㄠˊ
漲勢,1,ㄓㄤˇ ㄕˋ
掌,1,ㄓㄤˇ
掌門人,1,ㄓㄤˇ ㄇㄣˊ ㄖㄣˊ
掌舵,1,ㄓㄤˇ ㄉㄨㄛˋ
掌理,1,ㄓㄤˇ ㄌㄧˇ
掌故,1,ㄓㄤˇ ㄍㄨˋ
掌櫃,1,ㄓㄤˇ ㄍㄨㄟˋ
掌管,1,ㄓㄤˇ ㄍㄨㄢˇ
掌控,1,ㄓㄤˇ ㄎㄨㄥˋ
掌權,1,ㄓㄤˇ ㄑㄩㄢˊ
掌心,1,ㄓㄤˇ ㄒㄧㄣ
掌中戲,1,ㄓㄤˇ ㄓㄨㄥ ㄒㄧˋ
掌上明珠,1,ㄓㄤˇ ㄕㄤˋ ㄇㄧㄥˊ ㄓㄨ
掌上型電腦,1,ㄓㄤˇ ㄕㄤˋ ㄒㄧㄥˊ ㄉㄧㄢˋ ㄋㄠˇ
掌上型掃描器,1,ㄓㄤˇ ㄕㄤˋ ㄒㄧㄥˊ ㄙㄠˇ ㄇㄧㄠˊ ㄑㄧˋ
掌聲,1,ㄓㄤˇ ㄕㄥ
掌嘴,1,ㄓㄤˇ ㄗㄨㄟˇ
掌印,1,ㄓㄤˇ ㄧㄣˋ
掌握,1,ㄓㄤˇ ㄨㄛˋ
丈,1,ㄓㄤˋ
丈母娘,1,ㄓㄤˋ ㄇㄨˇ ㄋㄧㄤˊ
丈夫,1,ㄓㄤˋ ㄈㄨ
丈量,1,ㄓㄤˋ ㄌㄧㄤˊ
丈二金剛,1,ㄓㄤˋ ㄦˋ ㄐㄧㄣ ㄍㄤ
仗,1,ㄓㄤˋ
仗勢,1,ㄓㄤˋ ㄕˋ
仗勢欺人,1,ㄓㄤˋ ㄕˋ ㄑㄧ ㄖㄣˊ
仗義,1,ㄓㄤˋ ㄧˋ
仗義執言,1,ㄓㄤˋ ㄧˋ ㄓˊ ㄧㄢˊ
仗義疏財,1,ㄓㄤˋ ㄧˋ ㄕㄨ ㄘㄞˊ
杖,1,ㄓㄤˋ
帳,1,ㄓㄤˋ
帳簿,1,ㄓㄤˋ ㄅㄨˋ
帳棚,1,ㄓㄤˋ ㄆㄥˊ
帳篷,1,ㄓㄤˋ ㄆㄥˊ
帳目,1,ㄓㄤˋ ㄇㄨˋ
帳房,1,ㄓㄤˋ ㄈㄤˊ
帳單,1,ㄓㄤˋ ㄉㄢ
帳款,1,ㄓㄤˋ ㄎㄨㄢˇ
帳戶,1,ㄓㄤˋ ㄏㄨˋ
帳冊,1,ㄓㄤˋ ㄘㄜˋ
帳務,1,ㄓㄤˋ ㄨˋ
脹,1,ㄓㄤˋ
漲,1,ㄓㄤˋ
賬,1,ㄓㄤˋ
嶂,1,ㄓㄤˋ
幛,1,ㄓㄤˋ
障,1,ㄓㄤˋ
障礙,1,ㄓㄤˋ ㄞˋ
障礙物,1,ㄓㄤˋ ㄞˋ ㄨˋ
障眼法,1,ㄓㄤˋ ㄧㄢˇ ㄈㄚˇ
瘴,1,ㄓㄤˋ
瘴氣,1,ㄓㄤˋ ㄑㄧˋ
正,1,ㄓㄥ
正月,1,ㄓㄥ ㄩㄝˋ
怔,1,ㄓㄥ
怔忪,1,ㄓㄥ ㄓㄨㄥ
怔忡不安,1,ㄓㄥ ㄔㄨㄥ ㄅㄨˋ ㄢ
征,1,ㄓㄥ
征伐,1,ㄓㄥ ㄈㄚ
征服,1,ㄓㄥ ㄈㄨˊ
征討,1,ㄓㄥ ㄊㄠˇ
征途,1,ㄓㄥ ㄊㄨˊ
征戰,1,ㄓㄥ ㄓㄢˋ
鉦,1,ㄓㄥ
爭,1,ㄓㄥ
爭霸,1,ㄓㄥ ㄅㄚˋ
爭辯,1,ㄓㄥ ㄅㄧㄢˋ
爭名奪利,1,ㄓㄥ ㄇㄧㄥˊ ㄉㄨㄛˊ ㄌㄧˋ
爭鳴,1,ㄓㄥ ㄇㄧㄥˊ
爭風吃醋,1,ㄓㄥ ㄈㄥ ㄔ ㄘㄨˋ
爭鬥,1,ㄓㄥ ㄉㄡˋ
爭奪,1,ㄓㄥ ㄉㄨㄛˊ
爭端,1,ㄓㄥ ㄉㄨㄢ
爭論,1,ㄓㄥ ㄌㄨㄣˋ
爭光,1,ㄓㄥ ㄍㄨㄤ
爭功諉過,1,ㄓㄥ ㄍㄨㄥ ㄨㄟˇ ㄍㄨㄛˋ
爭輝,1,ㄓㄥ ㄏㄨㄟ
爭奇鬥豔,1,ㄓㄥ ㄑㄧˊ ㄉㄡˋ ㄧㄢˋ
爭氣,1,ㄓㄥ ㄑㄧˋ
爭球,1,ㄓㄥ ㄑㄧㄡˊ
爭取,1,ㄓㄥ ㄑㄩˇ
爭權奪利,1,ㄓㄥ ㄑㄩㄢˊ ㄉㄨㄛˊ ㄌㄧˋ
爭先恐後,1,ㄓㄥ ㄒㄧㄢ ㄎㄨㄥˇ ㄏㄡˋ
爭執,1,ㄓㄥ ㄓˊ
爭逐,1,ㄓㄥ ㄓㄨˊ
爭吵,1,ㄓㄥ ㄔㄠˇ
爭寵,1,ㄓㄥ ㄔㄨㄥˇ
爭議,1,ㄓㄥ ㄧˋ
掙,1,ㄓㄥ
掙脫,1,ㄓㄥ ㄊㄨㄛ
掙扎,1,ㄓㄥ ㄓㄚˊ
崢,1,ㄓㄥ
崢嶸,1,ㄓㄥ ㄖㄨㄥˊ
猙,1,ㄓㄥ
猙獰,1,ㄓㄥ ㄋㄧㄥˊ
睜,1,ㄓㄥ
睜一眼閉一眼,1,ㄓㄥ ㄧ ㄧㄢˇ ㄅㄧˋ ㄧ ㄧㄢˇ
睜一眼閉一眼,1,ㄓㄥ ㄧˋ ㄧㄢˇ ㄅㄧˋ ㄧˋ ㄧㄢˇ
睜眼,1,ㄓㄥ ㄧㄢˇ
箏,1,ㄓㄥ
諍,1,ㄓㄥ
諍友,1,ㄓㄥ ㄧㄡˇ
諍言,1,ㄓㄥ ㄧㄢˊ
錚,1,ㄓㄥ
烝,1,ㄓㄥ
蒸,1,ㄓㄥ
蒸發,1,ㄓㄥ ㄈㄚ
蒸餾,1,ㄓㄥ ㄌㄧㄡˋ
蒸餾法,1,ㄓㄥ ㄌㄧㄡˋ ㄈㄚˇ
蒸餾水,1,ㄓㄥ ㄌㄧㄡˋ ㄕㄨㄟˇ
蒸臉,1,ㄓㄥ ㄌㄧㄢˇ
蒸籠,1,ㄓㄥ ㄌㄨㄥˊ
蒸汽,1,ㄓㄥ ㄑㄧˋ
蒸汽機,1,ㄓㄥ ㄑㄧˋ ㄐㄧ
蒸氣,1,ㄓㄥ ㄑㄧˋ
蒸蒸日上,1,ㄓㄥ ㄓㄥ ㄖˋ ㄕㄤˋ
徵,1,ㄓㄥ
徵兵,1,ㄓㄥ ㄅㄧㄥ
徵聘,1,ㄓㄥ ㄆㄧㄥˋ
徵募,1,ㄓㄥ ㄇㄨˋ
徵答,1,ㄓㄥ ㄉㄚˊ
徵調,1,ㄓㄥ ㄉㄧㄠˋ
徵稿,1,ㄓㄥ ㄍㄠˇ
徵候,1,ㄓㄥ ㄏㄡˋ
徵婚,1,ㄓㄥ ㄏㄨㄣ
徵求,1,ㄓㄥ ㄑㄧㄡˊ
徵信,1,ㄓㄥ ㄒㄧㄣˋ
徵選,1,ㄓㄥ ㄒㄩㄢˇ
徵詢,1,ㄓㄥ ㄒㄩㄣˊ
徵召,1,ㄓㄥ ㄓㄠˋ
徵兆,1,ㄓㄥ ㄓㄠˋ
徵收,1,ㄓㄥ ㄕㄡ
徵稅,1,ㄓㄥ ㄕㄨㄟˋ
徵才,1,ㄓㄥ ㄘㄞˊ
徵文,1,ㄓㄥ ㄨㄣˊ
徵用,1,ㄓㄥ ㄩㄥˋ
癥,1,ㄓㄥ
癥結,1,ㄓㄥ ㄐㄧㄝˊ
拯,1,ㄓㄥˇ
拯救,1,ㄓㄥˇ ㄐㄧㄡˋ
整,1,ㄓㄥˇ
整編,1,ㄓㄥˇ ㄅㄧㄢ
整地,1,ㄓㄥˇ ㄉㄧˋ
整頓,1,ㄓㄥˇ ㄉㄨㄣˋ
整體,1,ㄓㄥˇ ㄊㄧˇ
整體性,1,ㄓㄥˇ ㄊㄧˇ ㄒㄧㄥˋ
整天,1,ㄓㄥˇ ㄊㄧㄢ
整年,1,ㄓㄥˇ ㄋㄧㄢˊ
整理,1,ㄓㄥˇ ㄌㄧˇ
整合,1,ㄓㄥˇ ㄏㄜˊ
整潔,1,ㄓㄥˇ ㄐㄧㄝˊ
整建,1,ㄓㄥˇ ㄐㄧㄢˋ
整軍,1,ㄓㄥˇ ㄐㄩㄣ
整軍經武,1,ㄓㄥˇ ㄐㄩㄣ ㄐㄧㄥ ㄨˇ
整齊,1,ㄓㄥˇ ㄑㄧˊ
整齊劃一,1,ㄓㄥˇ ㄑㄧˊ ㄏㄨㄚˋ ㄧ
整修,1,ㄓㄥˇ ㄒㄧㄡ
整型,1,ㄓㄥˇ ㄒㄧㄥˊ
整治,1,ㄓㄥˇ ㄓˋ
整裝,1,ㄓㄥˇ ㄓㄨㄤ
整裝待發,1,ㄓㄥˇ ㄓㄨㄤ ㄉㄞˋ ㄈㄚ
整飭,1,ㄓㄥˇ ㄔˋ
整數,1,ㄓㄥˇ ㄕㄨˋ
整日,1,ㄓㄥˇ ㄖˋ
整人,1,ㄓㄥˇ ㄖㄣˊ
整人遊戲,1,ㄓㄥˇ ㄖㄣˊ ㄧㄡˊ ㄒㄧˋ
整容,1,ㄓㄥˇ ㄖㄨㄥˊ
整肅,1,ㄓㄥˇ ㄙㄨˋ
整夜,1,ㄓㄥˇ ㄧㄝˋ
正,1,ㄓㄥˋ
正本,1,ㄓㄥˋ ㄅㄣˇ
正本清源,1,ㄓㄥˋ ㄅㄣˇ ㄑㄧㄥ ㄩㄢˊ
正比,1,ㄓㄥˋ ㄅㄧˇ
正比例,1,ㄓㄥˋ ㄅㄧˇ ㄌㄧˋ
正步,1,ㄓㄥˋ ㄅㄨˋ
正派,1,ㄓㄥˋ ㄆㄞˋ
正門,1,ㄓㄥˋ ㄇㄣˊ
正面,1,ㄓㄥˋ ㄇㄧㄢˋ
正名,1,ㄓㄥˋ ㄇㄧㄥˊ
正法,1,ㄓㄥˋ ㄈㄚˇ
正方,1,ㄓㄥˋ ㄈㄤ
正方體,1,ㄓㄥˋ ㄈㄤ ㄊㄧˇ
正方形,1,ㄓㄥˋ ㄈㄤ ㄒㄧㄥˊ
正大光明,1,ㄓㄥˋ ㄉㄚˋ ㄍㄨㄤ ㄇㄧㄥˊ
正道,1,ㄓㄥˋ ㄉㄠˋ
正當,1,ㄓㄥˋ ㄉㄤ
正當,1,ㄓㄥˋ ㄉㄤˋ
正電,1,ㄓㄥˋ ㄉㄧㄢˋ
正殿,1,ㄓㄥˋ ㄉㄧㄢˋ
正途,1,ㄓㄥˋ ㄊㄨˊ
正統,1,ㄓㄥˋ ㄊㄨㄥˇ
正路,1,ㄓㄥˋ ㄌㄨˋ
正果,1,ㄓㄥˋ ㄍㄨㄛˇ
正規,1,ㄓㄥˋ ㄍㄨㄟ
正規軍,1,ㄓㄥˋ ㄍㄨㄟ ㄐㄩㄣ
正軌,1,ㄓㄥˋ ㄍㄨㄟˇ
正好,1,ㄓㄥˋ ㄏㄠˇ
正集團,1,ㄓㄥˋ ㄐㄧˊ ㄊㄨㄢˊ
正襟危坐,1,ㄓㄥˋ ㄐㄧㄣ ㄨㄟˊ ㄗㄨㄛˋ
正經,1,ㄓㄥˋ ㄐㄧㄥ
正氣,1,ㄓㄥˋ ㄑㄧˋ
正巧,1,ㄓㄥˋ ㄑㄧㄠˇ
正取,1,ㄓㄥˋ ㄑㄩˇ
正確,1,ㄓㄥˋ ㄑㄩㄝˋ
正心,1,ㄓㄥˋ ㄒㄧㄣ
正直,1,ㄓㄥˋ ㄓˊ
正值,1,ㄓㄥˋ ㄓˊ
正中,1,ㄓㄥˋ ㄓㄨㄥ
正中下懷,1,ㄓㄥˋ ㄓㄨㄥˋ ㄒㄧㄚˋ ㄏㄨㄞˊ
正常,1,ㄓㄥˋ ㄔㄤˊ
正史,1,ㄓㄥˋ ㄕˇ
正式,1,ㄓㄥˋ ㄕˋ
正事,1,ㄓㄥˋ ㄕˋ
正室,1,ㄓㄥˋ ㄕˋ
正是,1,ㄓㄥˋ ㄕˋ
正視,1,ㄓㄥˋ ㄕˋ
正身,1,ㄓㄥˋ ㄕㄣ
正數,1,ㄓㄥˋ ㄕㄨˋ
正人君子,1,ㄓㄥˋ ㄖㄣˊ ㄐㄩㄣ ㄗˇ
正字,1,ㄓㄥˋ ㄗˋ
正在,1,ㄓㄥˋ ㄗㄞˋ
正宗,1,ㄓㄥˋ ㄗㄨㄥ
正餐,1,ㄓㄥˋ ㄘㄢ
正色,1,ㄓㄥˋ ㄙㄜˋ
正義,1,ㄓㄥˋ ㄧˋ
正義感,1,ㄓㄥˋ ㄧˋ ㄍㄢˇ
正業,1,ㄓㄥˋ ㄧㄝˋ
正言,1,ㄓㄥˋ ㄧㄢˊ
正眼,1,ㄓㄥˋ ㄧㄢˇ
正音,1,ㄓㄥˋ ㄧㄣ
正午,1,ㄓㄥˋ ㄨˇ
正文,1,ㄓㄥˋ ㄨㄣˊ
政,1,ㄓㄥˋ
政變,1,ㄓㄥˋ ㄅㄧㄢˋ
政風,1,ㄓㄥˋ ㄈㄥ
政府,1,ㄓㄥˋ ㄈㄨˇ
政黨,1,ㄓㄥˋ ㄉㄤˇ
政敵,1,ㄓㄥˋ ㄉㄧˊ
政壇,1,ㄓㄥˋ ㄊㄢˊ
政體,1,ㄓㄥˋ ㄊㄧˇ
政途,1,ㄓㄥˋ ㄊㄨˊ
政通人和,1,ㄓㄥˋ ㄊㄨㄥ ㄖㄣˊ ㄏㄜˊ
政令,1,ㄓㄥˋ ㄌㄧㄥˋ
政論,1,ㄓㄥˋ ㄌㄨㄣˋ
政綱,1,ㄓㄥˋ ㄍㄤ
政躬康泰,1,ㄓㄥˋ ㄍㄨㄥ ㄎㄤ ㄊㄞˋ
政客,1,ㄓㄥˋ ㄎㄜˋ
政績,1,ㄓㄥˋ ㄐㄧ
政界,1,ㄓㄥˋ ㄐㄧㄝˋ
政教,1,ㄓㄥˋ ㄐㄧㄠˋ
政見,1,ㄓㄥˋ ㄐㄧㄢˋ
政經,1,ㄓㄥˋ ㄐㄧㄥ
政局,1,ㄓㄥˋ ㄐㄩˊ
政情,1,ㄓㄥˋ ㄑㄧㄥˊ
政權,1,ㄓㄥˋ ㄑㄩㄢˊ
政治,1,ㄓㄥˋ ㄓˋ
政治庇護,1,ㄓㄥˋ ㄓˋ ㄅㄧˋ ㄏㄨˋ
政治犯,1,ㄓㄥˋ ㄓˋ ㄈㄢˋ
政治家,1,ㄓㄥˋ ㄓˋ ㄐㄧㄚ
政潮,1,ㄓㄥˋ ㄔㄠˊ
政事,1,ㄓㄥˋ ㄕˋ
政策,1,ㄓㄥˋ ㄘㄜˋ
政要,1,ㄓㄥˋ ㄧㄠˋ
政務,1,ㄓㄥˋ ㄨˋ
政務官,1,ㄓㄥˋ ㄨˋ ㄍㄨㄢ
症,1,ㄓㄥˋ
症候,1,ㄓㄥˋ ㄏㄡˋ
症候群,1,ㄓㄥˋ ㄏㄡˋ ㄑㄩㄣˊ
症狀,1,ㄓㄥˋ ㄓㄨㄤˋ
証,1,ㄓㄥˋ
掙,1,ㄓㄥˋ
幀,1,ㄓㄥˋ
鄭,1,ㄓㄥˋ
鄭重,1,ㄓㄥˋ ㄓㄨㄥˋ
證,1,ㄓㄥˋ
證明,1,ㄓㄥˋ ㄇㄧㄥˊ
證明書,1,ㄓㄥˋ ㄇㄧㄥˊ ㄕㄨ
證明文件,1,ㄓㄥˋ ㄇㄧㄥˊ ㄨㄣˊ ㄐㄧㄢˋ
證道,1,ㄓㄥˋ ㄉㄠˋ
證婚,1,ㄓㄥˋ ㄏㄨㄣ
證交稅,1,ㄓㄥˋ ㄐㄧㄠ ㄕㄨㄟˋ
證件,1,ㄓㄥˋ ㄐㄧㄢˋ
證據,1,ㄓㄥˋ ㄐㄩˋ
證券,1,ㄓㄥˋ ㄑㄩㄢˋ
證照,1,ㄓㄥˋ ㄓㄠˋ
證實,1,ㄓㄥˋ ㄕˊ
證書,1,ㄓㄥˋ ㄕㄨ
證人,1,ㄓㄥˋ ㄖㄣˊ
證詞,1,ㄓㄥˋ ㄘˊ
證所稅,1,ㄓㄥˋ ㄙㄨㄛˇ ㄕㄨㄟˋ
證言,1,ㄓㄥˋ ㄧㄢˊ
證物,1,ㄓㄥˋ ㄨˋ
朱,1,ㄓㄨ
朱門,1,ㄓㄨ ㄇㄣˊ
朱紅,1,ㄓㄨ ㄏㄨㄥˊ
朱槿,1,ㄓㄨ ㄐㄧㄣˇ
朱脣皓齒,1,ㄓㄨ ㄔㄨㄣˊ ㄏㄠˋ ㄔˇ
朱砂,1,ㄓㄨ ㄕㄚ
朱顏,1,ㄓㄨ ㄧㄢˊ
侏,1,ㄓㄨ
洙,1,ㄓㄨ
珠,1,ㄓㄨ
珠寶,1,ㄓㄨ ㄅㄠˇ
珠胎,1,ㄓㄨ ㄊㄞ
珠淚,1,ㄓㄨ ㄌㄟˋ
珠聯璧合,1,ㄓㄨ ㄌㄧㄢˊ ㄅㄧˋ ㄏㄜˊ
珠簾,1,ㄓㄨ ㄌㄧㄢˊ
珠光寶氣,1,ㄓㄨ ㄍㄨㄤ ㄅㄠˇ ㄑㄧˋ
珠璣,1,ㄓㄨ ㄐㄧ
珠飾,1,ㄓㄨ ㄕˋ
珠算,1,ㄓㄨ ㄙㄨㄢˋ
珠圓玉潤,1,ㄓㄨ ㄩㄢˊ ㄩˋ ㄖㄨㄣˋ
株,1,ㄓㄨ
株連,1,ㄓㄨ ㄌㄧㄢˊ
株守,1,ㄓㄨ ㄕㄡˇ
茱,1,ㄓㄨ
茱萸,1,ㄓㄨ ㄩˊ
硃,1,ㄓㄨ
硃筆,1,ㄓㄨ ㄅㄧˇ
硃砂,1,ㄓㄨ ㄕㄚ
蛛,1,ㄓㄨ
蛛絲馬跡,1,ㄓㄨ ㄙ ㄇㄚˇ ㄐㄧ
蛛網,1,ㄓㄨ ㄨㄤˇ
誅,1,ㄓㄨ
銖,1,ㄓㄨ
諸,1,ㄓㄨ
諸般,1,ㄓㄨ ㄅㄢ
諸侯,1,ㄓㄨ ㄏㄡˊ
諸君,1,ㄓㄨ ㄐㄩㄣ
諸如此類,1,ㄓㄨ ㄖㄨˊ ㄘˇ ㄌㄟˋ
諸子百家,1,ㄓㄨ ㄗˇ ㄅㄞˇ ㄐㄧㄚ
諸位,1,ㄓㄨ ㄨㄟˋ
豬,1,ㄓㄨ
豬八戒,1,ㄓㄨ ㄅㄚ ㄐㄧㄝˋ
豬頭肥,1,ㄓㄨ ㄊㄡˊ ㄈㄟˊ
豬玀,1,ㄓㄨ ㄌㄨㄛˊ
豬公,1,ㄓㄨ ㄍㄨㄥ
豬圈,1,ㄓㄨ ㄐㄩㄢˋ
豬鬃,1,ㄓㄨ ㄗㄨㄥ
瀦,1,ㄓㄨ
瀦水,1,ㄓㄨ ㄕㄨㄟˇ
櫫,1,ㄓㄨ
藷,1,ㄓㄨ
藷蔗,1,ㄓㄨ ㄓㄜˋ
朮,1,ㄓㄨˊ
竹,1,ㄓㄨˊ
竹筏,1,ㄓㄨˊ ㄈㄚˊ
竹筒飯,1,ㄓㄨˊ ㄊㄨㄥˇ ㄈㄢˋ
竹簍,1,ㄓㄨˊ ㄌㄡˇ
竹籬,1,ㄓㄨˊ ㄌㄧˊ
竹簾,1,ㄓㄨˊ ㄌㄧㄢˊ
竹林,1,ㄓㄨˊ ㄌㄧㄣˊ
竹林七賢,1,ㄓㄨˊ ㄌㄧㄣˊ ㄑㄧ ㄒㄧㄢˊ
竹竿,1,ㄓㄨˊ ㄍㄢ
竹竿舞,1,ㄓㄨˊ ㄍㄢ ㄨˇ
竹器,1,ㄓㄨˊ ㄑㄧˋ
竹蜻蜓,1,ㄓㄨˊ ㄑㄧㄥ ㄊㄧㄥˊ
竹子,1,ㄓㄨˊ ㄗ˙
竹材,1,ㄓㄨˊ ㄘㄞˊ
竹筍,1,ㄓㄨˊ ㄙㄨㄣˇ
竹葉青,1,ㄓㄨˊ ㄧㄝˋ ㄑㄧㄥ
竹影,1,ㄓㄨˊ ㄧㄥˇ
竺,1,ㄓㄨˊ
逐,1,ㄓㄨˊ
逐北,1,ㄓㄨˊ ㄅㄟˇ
逐步,1,ㄓㄨˊ ㄅㄨˋ
逐年,1,ㄓㄨˊ ㄋㄧㄢˊ
逐鹿,1,ㄓㄨˊ ㄌㄨˋ
逐鹿中原,1,ㄓㄨˊ ㄌㄨˋ ㄓㄨㄥ ㄩㄢˊ
逐客令,1,ㄓㄨˊ ㄎㄜˋ ㄌㄧㄥˋ
逐漸,1,ㄓㄨˊ ㄐㄧㄢˋ
逐臭,1,ㄓㄨˊ ㄔㄡˋ
逐臭之夫,1,ㄓㄨˊ ㄔㄡˋ ㄓ ㄈㄨ
逐日,1,ㄓㄨˊ ㄖˋ
逐次,1,ㄓㄨˊ ㄘˋ
逐一,1,ㄓㄨˊ ㄧ
逐月,1,ㄓㄨˊ ㄩㄝˋ
舳,1,ㄓㄨˊ
舳艫,1,ㄓㄨˊ ㄌㄨˊ
舳艫千里,1,ㄓㄨˊ ㄌㄨˊ ㄑㄧㄢ ㄌㄧˇ
筑,1,ㄓㄨˊ
築,1,ㄓㄨˊ
築堤,1,ㄓㄨˊ ㄊㄧˊ
築路,1,ㄓㄨˊ ㄌㄨˋ
築巢,1,ㄓㄨˊ ㄔㄠˊ
燭,1,ㄓㄨˊ
燭臺,1,ㄓㄨˊ ㄊㄞˊ
燭光,1,ㄓㄨˊ ㄍㄨㄤ
燭火,1,ㄓㄨˊ ㄏㄨㄛˇ
躅,1,ㄓㄨˊ
主,1,ㄓㄨˇ
主播,1,ㄓㄨˇ ㄅㄛˋ
主辦,1,ㄓㄨˇ ㄅㄢˋ
主筆,1,ㄓㄨˇ ㄅㄧˇ
主編,1,ㄓㄨˇ ㄅㄧㄢ
主謀,1,ㄓㄨˇ ㄇㄡˊ
主犯,1,ㄓㄨˇ ㄈㄢˋ
主峰,1,ㄓㄨˇ ㄈㄥ
主婦,1,ㄓㄨˇ ㄈㄨˋ
主導,1,ㄓㄨˇ ㄉㄠˇ
主動,1,ㄓㄨˇ ㄉㄨㄥˋ
主題,1,ㄓㄨˇ ㄊㄧˊ
主體,1,ㄓㄨˇ ㄊㄧˇ
主腦,1,ㄓㄨˇ ㄋㄠˇ
主力,1,ㄓㄨˇ ㄌㄧˋ
主流,1,ㄓㄨˇ ㄌㄧㄡˊ
主稿,1,ㄓㄨˇ ㄍㄠˇ
主幹,1,ㄓㄨˇ ㄍㄢˋ
主顧,1,ㄓㄨˇ ㄍㄨˋ
主觀,1,ㄓㄨˇ ㄍㄨㄢ
主管,1,ㄓㄨˇ ㄍㄨㄢˇ
主管機關,1,ㄓㄨˇ ㄍㄨㄢˇ ㄐㄧ ㄍㄨㄢ
主客,1,ㄓㄨˇ ㄎㄜˋ
主控,1,ㄓㄨˇ ㄎㄨㄥˋ
主婚,1,ㄓㄨˇ ㄏㄨㄣ
主計,1,ㄓㄨˇ ㄐㄧˋ
主祭,1,ㄓㄨˇ ㄐㄧˋ
主教,1,ㄓㄨˇ ㄐㄧㄠˋ
主見,1,ㄓㄨˇ ㄐㄧㄢˋ
主講,1,ㄓㄨˇ ㄐㄧㄤˇ
主將,1,ㄓㄨˇ ㄐㄧㄤˋ
主角,1,ㄓㄨˇ ㄐㄩㄝˊ
主角,1,ㄓㄨˇ ㄐㄧㄠˇ
主權,1,ㄓㄨˇ ㄑㄩㄢˊ
主席,1,ㄓㄨˇ ㄒㄧˊ
主修,1,ㄓㄨˇ ㄒㄧㄡ
主嫌,1,ㄓㄨˇ ㄒㄧㄢˊ
主旨,1,ㄓㄨˇ ㄓˇ
主治,1,ㄓㄨˇ ㄓˋ
主治大夫,1,ㄓㄨˇ ㄓˋ ㄉㄞˋ ㄈㄨ
主軸,1,ㄓㄨˇ ㄓㄡˊ
主戰,1,ㄓㄨˇ ㄓㄢˋ
主張,1,ㄓㄨˇ ㄓㄤ
主掌,1,ㄓㄨˇ ㄓㄤˇ
主持,1,ㄓㄨˇ ㄔˊ
主持人,1,ㄓㄨˇ ㄔˊ ㄖㄣˊ
主唱,1,ㄓㄨˇ ㄔㄤˋ
主使,1,ㄓㄨˇ ㄕˇ
主事,1,ㄓㄨˇ ㄕˋ
主審,1,ㄓㄨˇ ㄕㄣˇ
主帥,1,ㄓㄨˇ ㄕㄨㄞˋ
主日,1,ㄓㄨˇ ㄖˋ
主日學,1,ㄓㄨˇ ㄖˋ ㄒㄩㄝˊ
主人,1,ㄓㄨˇ ㄖㄣˊ
主人翁,1,ㄓㄨˇ ㄖㄣˊ ㄨㄥ
主任,1,ㄓㄨˇ ㄖㄣˋ
主任委員,1,ㄓㄨˇ ㄖㄣˋ ㄨㄟˇ ㄩㄢˊ
主宰,1,ㄓㄨˇ ㄗㄞˇ
主從,1,ㄓㄨˇ ㄗㄨㄥˋ
主菜,1,ㄓㄨˇ ㄘㄞˋ
主義,1,ㄓㄨˇ ㄧˋ
主意,1,ㄓㄨˇ ㄧˋ
主要,1,ㄓㄨˇ ㄧㄠˋ
主演,1,ㄓㄨˇ ㄧㄢˇ
主因,1,ㄓㄨˇ ㄧㄣ
主位,1,ㄓㄨˇ ㄨㄟˋ
拄,1,ㄓㄨˇ
麈,1,ㄓㄨˇ
渚,1,ㄓㄨˇ
煮,1,ㄓㄨˇ
煮沸,1,ㄓㄨˇ ㄈㄟˋ
煮飯,1,ㄓㄨˇ ㄈㄢˋ
煮菜,1,ㄓㄨˇ ㄘㄞˋ
貯,1,ㄓㄨˇ
貯備,1,ㄓㄨˇ ㄅㄟˋ
貯水,1,ㄓㄨˇ ㄕㄨㄟˇ
貯藏,1,ㄓㄨˇ ㄘㄤˊ
貯存,1,ㄓㄨˇ ㄘㄨㄣˊ
屬,1,ㄓㄨˇ
屬意,1,ㄓㄨˇ ㄧˋ
囑,1,ㄓㄨˇ
囑咐,1,ㄓㄨˇ ㄈㄨˋ
囑託,1,ㄓㄨˇ ㄊㄨㄛ
矚,1,ㄓㄨˇ
矚目,1,ㄓㄨˇ ㄇㄨˋ
矚望,1,ㄓㄨˇ ㄨㄤˋ
助,1,ㄓㄨˋ
助跑,1,ㄓㄨˋ ㄆㄠˇ
助聽器,1,ㄓㄨˋ ㄊㄧㄥ ㄑㄧˋ
助理,1,ㄓㄨˋ ㄌㄧˇ
助力,1,ㄓㄨˋ ㄌㄧˋ
助教,1,ㄓㄨˋ ㄐㄧㄠˋ
助講,1,ㄓㄨˋ ㄐㄧㄤˇ
助興,1,ㄓㄨˋ ㄒㄧㄥˋ
助學貸款,1,ㄓㄨˋ ㄒㄩㄝˊ ㄉㄞˋ ㄎㄨㄢˇ
助選,1,ㄓㄨˋ ㄒㄩㄢˇ
助陣,1,ㄓㄨˋ ㄓㄣˋ
助長,1,ㄓㄨˋ ㄓㄤˇ
助產士,1,ㄓㄨˋ ㄔㄢˇ ㄕˋ
助手,1,ㄓㄨˋ ㄕㄡˇ
助人,1,ㄓㄨˋ ㄖㄣˊ
助益,1,ㄓㄨˋ ㄧˋ
助威,1,ㄓㄨˋ ㄨㄟ
住,1,ㄓㄨˋ
住民,1,ㄓㄨˋ ㄇㄧㄣˊ
住戶,1,ㄓㄨˋ ㄏㄨˋ
住家,1,ㄓㄨˋ ㄐㄧㄚ
住址,1,ㄓㄨˋ ㄓˇ
住宅,1,ㄓㄨˋ ㄓㄞˊ
住持,1,ㄓㄨˋ ㄔˊ
住處,1,ㄓㄨˋ ㄔㄨˋ
住手,1,ㄓㄨˋ ㄕㄡˇ
住宿,1,ㄓㄨˋ ㄙㄨˋ
住所,1,ㄓㄨˋ ㄙㄨㄛˇ
住院,1,ㄓㄨˋ ㄩㄢˋ
注,1,ㄓㄨˋ
注目,1,ㄓㄨˋ ㄇㄨˋ
注目禮,1,ㄓㄨˋ ㄇㄨˋ ㄌㄧˇ
注定,1,ㄓㄨˋ ㄉㄧㄥˋ
注解,1,ㄓㄨˋ ㄐㄧㄝˇ
注腳,1,ㄓㄨˋ ㄐㄧㄠˇ
注重,1,ㄓㄨˋ ㄓㄨㄥˋ
注視,1,ㄓㄨˋ ㄕˋ
注釋,1,ㄓㄨˋ ㄕˋ
注射,1,ㄓㄨˋ ㄕㄜˋ
注疏,1,ㄓㄨˋ ㄕㄨ
注意,1,ㄓㄨˋ ㄧˋ
注音,1,ㄓㄨˋ ㄧㄣ
注音符號,1,ㄓㄨˋ ㄧㄣ ㄈㄨˊ ㄏㄠˋ
炷,1,ㄓㄨˋ
炷香,1,ㄓㄨˋ ㄒㄧㄤ
柱,1,ㄓㄨˋ
柱頭,1,ㄓㄨˋ ㄊㄡˊ
柱石,1,ㄓㄨˋ ㄕˊ
柱子,1,ㄓㄨˋ ㄗ˙
蛀,1,ㄓㄨˋ
蛀蟲,1,ㄓㄨˋ ㄔㄨㄥˊ
蛀牙,1,ㄓㄨˋ ㄧㄚˊ
註,1,ㄓㄨˋ
註明,1,ㄓㄨˋ ㄇㄧㄥˊ
註定,1,ㄓㄨˋ ㄉㄧㄥˋ
註銷,1,ㄓㄨˋ ㄒㄧㄠ
註冊,1,ㄓㄨˋ ㄘㄜˋ
註冊商標,1,ㄓㄨˋ ㄘㄜˋ ㄕㄤ ㄅㄧㄠ
駐,1,ㄓㄨˋ
駐防,1,ㄓㄨˋ ㄈㄤˊ
駐地,1,ㄓㄨˋ ㄉㄧˋ
駐屯,1,ㄓㄨˋ ㄊㄨㄣˊ
駐警,1,ㄓㄨˋ ㄐㄧㄥˇ
駐軍,1,ㄓㄨˋ ㄐㄩㄣ
駐紮,1,ㄓㄨˋ ㄓㄚˊ
駐診,1,ㄓㄨˋ ㄓㄣˇ
駐唱,1,ㄓㄨˋ ㄔㄤˋ
駐守,1,ㄓㄨˋ ㄕㄡˇ
駐足,1,ㄓㄨˋ ㄗㄨˊ
駐在國,1,ㄓㄨˋ ㄗㄞˋ ㄍㄨㄛˊ
駐顏有術,1,ㄓㄨˋ ㄧㄢˊ ㄧㄡˇ ㄕㄨˋ
駐外使節,1,ㄓㄨˋ ㄨㄞˋ ㄕˇ ㄐㄧㄝˊ
駐衛警察,1,ㄓㄨˋ ㄨㄟˋ ㄐㄧㄥˇ ㄔㄚˊ
佇,1,ㄓㄨˋ
佇立,1,ㄓㄨˋ ㄌㄧˋ
佇候,1,ㄓㄨˋ ㄏㄡˋ
佇足,1,ㄓㄨˋ ㄗㄨˊ
苧,1,ㄓㄨˋ
苧麻,1,ㄓㄨˋ ㄇㄚˊ
杼,1,ㄓㄨˋ
祝,1,ㄓㄨˋ
祝福,1,ㄓㄨˋ ㄈㄨˊ
祝禱,1,ㄓㄨˋ ㄉㄠˇ
祝賀,1,ㄓㄨˋ ㄏㄜˋ
祝壽,1,ㄓㄨˋ ㄕㄡˋ
祝融,1,ㄓㄨˋ ㄖㄨㄥˊ
祝詞,1,ㄓㄨˋ ㄘˊ
著,1,ㄓㄨˋ
著名,1,ㄓㄨˋ ㄇㄧㄥˊ
著者,1,ㄓㄨˋ ㄓㄜˇ
著稱,1,ㄓㄨˋ ㄔㄥ
著書,1,ㄓㄨˋ ㄕㄨ
著書立說,1,ㄓㄨˋ ㄕㄨ ㄌㄧˋ ㄕㄨㄛ
著述,1,ㄓㄨˋ ㄕㄨˋ
著作,1,ㄓㄨˋ ㄗㄨㄛˋ
箸,1,ㄓㄨˋ
粥,1,ㄓㄨˋ
鑄,1,ㄓㄨˋ
鑄鐵,1,ㄓㄨˋ ㄊㄧㄝˇ
鑄工,1,ㄓㄨˋ ㄍㄨㄥ
鑄造,1,ㄓㄨˋ ㄗㄠˋ
抓,1,ㄓㄨㄚ
抓牢,1,ㄓㄨㄚ ㄌㄠˊ
抓狂,1,ㄓㄨㄚ ㄎㄨㄤˊ
抓緊,1,ㄓㄨㄚ ㄐㄧㄣˇ
抓權,1,ㄓㄨㄚ ㄑㄩㄢˊ
抓週,1,ㄓㄨㄚ ㄓㄡ
抓住,1,ㄓㄨㄚ ㄓㄨˋ
抓耳撓腮,1,ㄓㄨㄚ ㄦˇ ㄋㄠˊ ㄙㄞ
抓藥,1,ㄓㄨㄚ ㄧㄠˋ
抓癢,1,ㄓㄨㄚ ㄧㄤˇ
爪,1,ㄓㄨㄚˇ
爪子,1,ㄓㄨㄚˇ ㄗ˙
捉,1,ㄓㄨㄛ
捉摸,1,ㄓㄨㄛ ㄇㄛ
捉摸不定,1,ㄓㄨㄛ ㄇㄛ ㄅㄨˋ ㄉㄧㄥˋ
捉摸不定,1,ㄓㄨㄛ ㄇㄛ ㄅㄨˊ ㄉㄧㄥˋ
捉迷藏,1,ㄓㄨㄛ ㄇㄧˊ ㄘㄤˊ
捉刀,1,ㄓㄨㄛ ㄉㄠ
捉拿,1,ㄓㄨㄛ ㄋㄚˊ
捉弄,1,ㄓㄨㄛ ㄋㄨㄥˋ
捉姦,1,ㄓㄨㄛ ㄐㄧㄢ
捉襟見肘,1,ㄓㄨㄛ ㄐㄧㄣ ㄐㄧㄢˋ ㄓㄡˇ
捉住,1,ㄓㄨㄛ ㄓㄨˋ
桌,1,ㄓㄨㄛ
桌面,1,ㄓㄨㄛ ㄇㄧㄢˋ
桌墊,1,ㄓㄨㄛ ㄉㄧㄢˋ
桌曆,1,ㄓㄨㄛ ㄌㄧˋ
桌罩,1,ㄓㄨㄛ ㄓㄠˋ
桌子,1,ㄓㄨㄛ ㄗ˙
棹,1,ㄓㄨㄛ
勺,1,ㄓㄨㄛˊ
灼,1,ㄓㄨㄛˊ
灼見,1,ㄓㄨㄛˊ ㄐㄧㄢˋ
灼燒,1,ㄓㄨㄛˊ ㄕㄠ
灼傷,1,ㄓㄨㄛˊ ㄕㄤ
灼熱,1,ㄓㄨㄛˊ ㄖㄜˋ
酌,1,ㄓㄨㄛˊ
酌量,1,ㄓㄨㄛˊ ㄌㄧㄤˊ
酌情,1,ㄓㄨㄛˊ ㄑㄧㄥˊ
拙,1,ㄓㄨㄛˊ
拙劣,1,ㄓㄨㄛˊ ㄌㄧㄝˋ
拙見,1,ㄓㄨㄛˊ ㄐㄧㄢˋ
拙荊,1,ㄓㄨㄛˊ ㄐㄧㄥ
拙著,1,ㄓㄨㄛˊ ㄓㄨˋ
茁,1,ㄓㄨㄛˊ
茁壯,1,ㄓㄨㄛˊ ㄓㄨㄤˋ
卓,1,ㄓㄨㄛˊ
卓見,1,ㄓㄨㄛˊ ㄐㄧㄢˋ
卓絕,1,ㄓㄨㄛˊ ㄐㄩㄝˊ
卓著,1,ㄓㄨㄛˊ ㄓㄨˋ
卓識,1,ㄓㄨㄛˊ ㄕˋ
卓然,1,ㄓㄨㄛˊ ㄖㄢˊ
卓越,1,ㄓㄨㄛˊ ㄩㄝˋ
浞,1,ㄓㄨㄛˊ
啄,1,ㄓㄨㄛˊ
啄木鳥,1,ㄓㄨㄛˊ ㄇㄨˋ ㄋㄧㄠˇ
啄食,1,ㄓㄨㄛˊ ㄕˊ
琢,1,ㄓㄨㄛˊ
琢磨,1,ㄓㄨㄛˊ ㄇㄛˊ
著,1,ㄓㄨㄛˊ
著墨,1,ㄓㄨㄛˊ ㄇㄛˋ
著地,1,ㄓㄨㄛˊ ㄉㄧˋ
著力,1,ㄓㄨㄛˊ ㄌㄧˋ
著陸,1,ㄓㄨㄛˊ ㄌㄨˋ
著落,1,ㄓㄨㄛˊ ㄌㄨㄛˋ
著重,1,ㄓㄨㄛˊ ㄓㄨㄥˋ
著實,1,ㄓㄨㄛˊ ㄕˊ
著手,1,ㄓㄨㄛˊ ㄕㄡˇ
斲,1,ㄓㄨㄛˊ
濁,1,ㄓㄨㄛˊ
濁流,1,ㄓㄨㄛˊ ㄌㄧㄡˊ
濁世,1,ㄓㄨㄛˊ ㄕˋ
鐲,1,ㄓㄨㄛˊ
鐲子,1,ㄓㄨㄛˊ ㄗ˙
濯,1,ㄓㄨㄛˊ
濯濯,1,ㄓㄨㄛˊ ㄓㄨㄛˊ
擢,1,ㄓㄨㄛˊ
擢升,1,ㄓㄨㄛˊ ㄕㄥ
跩,1,ㄓㄨㄞˇ
拽,1,ㄓㄨㄞˋ
隹,1,ㄓㄨㄟ
椎,1,ㄓㄨㄟ
椎心泣血,1,ㄓㄨㄟ ㄒㄧㄣ ㄑㄧˋ ㄒㄧㄝˇ
椎心蝕骨,1,ㄓㄨㄟ ㄒㄧㄣ ㄕˊ ㄍㄨˇ
錐,1,ㄓㄨㄟ
錐體,1,ㄓㄨㄟ ㄊㄧˇ
錐子,1,ㄓㄨㄟ ㄗ˙
騅,1,ㄓㄨㄟ
追,1,ㄓㄨㄟ
追捕,1,ㄓㄨㄟ ㄅㄨˇ
追肥,1,ㄓㄨㄟ ㄈㄟˊ
追悼,1,ㄓㄨㄟ ㄉㄠˋ
追念,1,ㄓㄨㄟ ㄋㄧㄢˋ
追趕,1,ㄓㄨㄟ ㄍㄢˇ
追根究柢,1,ㄓㄨㄟ ㄍㄣ ㄐㄧㄡˋ ㄉㄧˇ
追悔,1,ㄓㄨㄟ ㄏㄨㄟˇ
追加,1,ㄓㄨㄟ ㄐㄧㄚ
追究,1,ㄓㄨㄟ ㄐㄧㄡˋ
追求,1,ㄓㄨㄟ ㄑㄧㄡˊ
追星族,1,ㄓㄨㄟ ㄒㄧㄥ ㄗㄨˊ
追尋,1,ㄓㄨㄟ ㄒㄩㄣˊ
追逐,1,ㄓㄨㄟ ㄓㄨˊ
追撞,1,ㄓㄨㄟ ㄓㄨㄤˋ
追查,1,ㄓㄨㄟ ㄔㄚˊ
追述,1,ㄓㄨㄟ ㄕㄨˋ
追認,1,ㄓㄨㄟ ㄖㄣˋ
追贓,1,ㄓㄨㄟ ㄗㄤ
追贈,1,ㄓㄨㄟ ㄗㄥˋ
追蹤,1,ㄓㄨㄟ ㄗㄨㄥ
追思,1,ㄓㄨㄟ ㄙ
追訴權,1,ㄓㄨㄟ ㄙㄨˋ ㄑㄩㄢˊ
追溯,1,ㄓㄨㄟ ㄙㄨˋ
追隨,1,ㄓㄨㄟ ㄙㄨㄟˊ
追憶,1,ㄓㄨㄟ ㄧˋ
追問,1,ㄓㄨㄟ ㄨㄣˋ
惴,1,ㄓㄨㄟˋ
惴惴不安,1,ㄓㄨㄟˋ ㄓㄨㄟˋ ㄅㄨˋ ㄢ
綴,1,ㄓㄨㄟˋ
綴滿,1,ㄓㄨㄟˋ ㄇㄢˇ
綴飾,1,ㄓㄨㄟˋ ㄕˋ
墜,1,ㄓㄨㄟˋ
墜落,1,ㄓㄨㄟˋ ㄌㄨㄛˋ
墜毀,1,ㄓㄨㄟˋ ㄏㄨㄟˇ
墜子,1,ㄓㄨㄟˋ ㄗ˙
縋,1,ㄓㄨㄟˋ
贅,1,ㄓㄨㄟˋ
贅瘤,1,ㄓㄨㄟˋ ㄌㄧㄡˊ
贅述,1,ㄓㄨㄟˋ ㄕㄨˋ
贅肉,1,ㄓㄨㄟˋ ㄖㄡˋ
贅疣,1,ㄓㄨㄟˋ ㄧㄡˊ
贅言,1,ㄓㄨㄟˋ ㄧㄢˊ
專,1,ㄓㄨㄢ
專賣,1,ㄓㄨㄢ ㄇㄞˋ
專賣店,1,ㄓㄨㄢ ㄇㄞˋ ㄉㄧㄢˋ
專美於前,1,ㄓㄨㄢ ㄇㄟˇ ㄩˊ ㄑㄧㄢˊ
專門,1,ㄓㄨㄢ ㄇㄣˊ
專名號,1,ㄓㄨㄢ ㄇㄧㄥˊ ㄏㄠˋ
專訪,1,ㄓㄨㄢ ㄈㄤˇ
專電,1,ㄓㄨㄢ ㄉㄧㄢˋ
專斷,1,ㄓㄨㄢ ㄉㄨㄢˋ
專斷獨行,1,ㄓㄨㄢ ㄉㄨㄢˋ ㄉㄨˊ ㄒㄧㄥˊ
專題,1,ㄓㄨㄢ ㄊㄧˊ
專欄,1,ㄓㄨㄢ ㄌㄢˊ
專利,1,ㄓㄨㄢ ㄌㄧˋ
專論,1,ㄓㄨㄢ ㄌㄨㄣˋ
專櫃,1,ㄓㄨㄢ ㄍㄨㄟˋ
專攻,1,ㄓㄨㄢ ㄍㄨㄥ
專刊,1,ㄓㄨㄢ ㄎㄢ
專款,1,ㄓㄨㄢ ㄎㄨㄢˇ
專款專用,1,ㄓㄨㄢ ㄎㄨㄢˇ ㄓㄨㄢ ㄩㄥˋ
專橫,1,ㄓㄨㄢ ㄏㄥˋ
專戶,1,ㄓㄨㄢ ㄏㄨˋ
專機,1,ㄓㄨㄢ ㄐㄧ
專集,1,ㄓㄨㄢ ㄐㄧˊ
專輯,1,ㄓㄨㄢ ㄐㄧˊ
專家,1,ㄓㄨㄢ ㄐㄧㄚ
專家系統,1,ㄓㄨㄢ ㄐㄧㄚ ㄒㄧˋ ㄊㄨㄥˇ
專精,1,ㄓㄨㄢ ㄐㄧㄥ
專情,1,ㄓㄨㄢ ㄑㄧㄥˊ
專權,1,ㄓㄨㄢ ㄑㄩㄢˊ
專校,1,ㄓㄨㄢ ㄒㄧㄠˋ
專修,1,ㄓㄨㄢ ㄒㄧㄡ
專線,1,ㄓㄨㄢ ㄒㄧㄢˋ
專心,1,ㄓㄨㄢ ㄒㄧㄣ
專心一志,1,ㄓㄨㄢ ㄒㄧㄣ ㄧ ㄓˋ
專心一志,1,ㄓㄨㄢ ㄒㄧㄣ ㄧˊ ㄓˋ
專職,1,ㄓㄨㄢ ㄓˊ
專制,1,ㄓㄨㄢ ㄓˋ
專注,1,ㄓㄨㄢ ㄓㄨˋ
專著,1,ㄓㄨㄢ ㄓㄨˋ
專車,1,ㄓㄨㄢ ㄔㄜ
專長,1,ㄓㄨㄢ ㄔㄤˊ
專程,1,ㄓㄨㄢ ㄔㄥˊ
專擅,1,ㄓㄨㄢ ㄕㄢˋ
專書,1,ㄓㄨㄢ ㄕㄨ
專人,1,ㄓㄨㄢ ㄖㄣˊ
專任,1,ㄓㄨㄢ ㄖㄣˋ
專責,1,ㄓㄨㄢ ㄗㄜˊ
專才,1,ㄓㄨㄢ ㄘㄞˊ
專案,1,ㄓㄨㄢ ㄢˋ
專一,1,ㄓㄨㄢ ㄧ
專業,1,ㄓㄨㄢ ㄧㄝˋ
專業化,1,ㄓㄨㄢ ㄧㄝˋ ㄏㄨㄚˋ
專有名詞,1,ㄓㄨㄢ ㄧㄡˇ ㄇㄧㄥˊ ㄘˊ
專營,1,ㄓㄨㄢ ㄧㄥˊ
專員,1,ㄓㄨㄢ ㄩㄢˊ
專用,1,ㄓㄨㄢ ㄩㄥˋ
磚,1,ㄓㄨㄢ
磚頭,1,ㄓㄨㄢ ㄊㄡ˙
磚牆,1,ㄓㄨㄢ ㄑㄧㄤˊ
磚瓦,1,ㄓㄨㄢ ㄨㄚˇ
顓,1,ㄓㄨㄢ
轉,1,ㄓㄨㄢˇ
轉播,1,ㄓㄨㄢˇ ㄅㄛˋ
轉播站,1,ㄓㄨㄢˇ ㄅㄛˋ ㄓㄢˋ
轉變,1,ㄓㄨㄢˇ ㄅㄧㄢˋ
轉賣,1,ㄓㄨㄢˇ ㄇㄞˋ
轉發,1,ㄓㄨㄢˇ ㄈㄚ
轉赴,1,ㄓㄨㄢˇ ㄈㄨˋ
轉達,1,ㄓㄨㄢˇ ㄉㄚˊ
轉動,1,ㄓㄨㄢˇ ㄉㄨㄥˋ
轉投資,1,ㄓㄨㄢˇ ㄊㄡˊ ㄗ
轉檯,1,ㄓㄨㄢˇ ㄊㄞˊ
轉頭,1,ㄓㄨㄢˇ ㄊㄡˊ
轉捩點,1,ㄓㄨㄢˇ ㄌㄧㄝˋ ㄉㄧㄢˇ
轉錄,1,ㄓㄨㄢˇ ㄌㄨˋ
轉告,1,ㄓㄨㄢˇ ㄍㄠˋ
轉口貿易,1,ㄓㄨㄢˇ ㄎㄡˇ ㄇㄠˋ ㄧˋ
轉行,1,ㄓㄨㄢˇ ㄏㄤˊ
轉化,1,ㄓㄨㄢˇ ㄏㄨㄚˋ
轉圜,1,ㄓㄨㄢˇ ㄏㄨㄢˊ
轉換,1,ㄓㄨㄢˇ ㄏㄨㄢˋ
轉機,1,ㄓㄨㄢˇ ㄐㄧ
轉嫁,1,ㄓㄨㄢˇ ㄐㄧㄚˋ
轉接,1,ㄓㄨㄢˇ ㄐㄧㄝ
轉交,1,ㄓㄨㄢˇ ㄐㄧㄠ
轉進,1,ㄓㄨㄢˇ ㄐㄧㄣˋ
轉型,1,ㄓㄨㄢˇ ㄒㄧㄥˊ
轉學,1,ㄓㄨㄢˇ ㄒㄩㄝˊ
轉折,1,ㄓㄨㄢˇ ㄓㄜˊ
轉戰,1,ㄓㄨㄢˇ ㄓㄢˋ
轉診,1,ㄓㄨㄢˇ ㄓㄣˇ
轉帳,1,ㄓㄨㄢˇ ㄓㄤˋ
轉世,1,ㄓㄨㄢˇ ㄕˋ
轉手,1,ㄓㄨㄢˇ ㄕㄡˇ
轉售,1,ㄓㄨㄢˇ ㄕㄡˋ
轉身,1,ㄓㄨㄢˇ ㄕㄣ
轉述,1,ㄓㄨㄢˇ ㄕㄨˋ
轉瞬,1,ㄓㄨㄢˇ ㄕㄨㄣˋ
轉任,1,ㄓㄨㄢˇ ㄖㄣˋ
轉讓,1,ㄓㄨㄢˇ ㄖㄤˋ
轉入,1,ㄓㄨㄢˇ ㄖㄨˋ
轉載,1,ㄓㄨㄢˇ ㄗㄞˋ
轉側,1,ㄓㄨㄢˇ ㄘㄜˋ
轉速,1,ㄓㄨㄢˇ ㄙㄨˋ
轉送,1,ㄓㄨㄢˇ ㄙㄨㄥˋ
轉移,1,ㄓㄨㄢˇ ㄧˊ
轉業,1,ㄓㄨㄢˇ ㄧㄝˋ
轉眼,1,ㄓㄨㄢˇ ㄧㄢˇ
轉危為安,1,ㄓㄨㄢˇ ㄨㄟˊ ㄨㄟˊ ㄢ
轉彎,1,ㄓㄨㄢˇ ㄨㄢ
轉運,1,ㄓㄨㄢˇ ㄩㄣˋ
囀,1,ㄓㄨㄢˇ
傳,1,ㄓㄨㄢˋ
傳記,1,ㄓㄨㄢˋ ㄐㄧˋ
轉,1,ㄓㄨㄢˋ
轉盤,1,ㄓㄨㄢˇ ㄆㄢˊ
轉圈,1,ㄓㄨㄢˋ ㄑㄩㄢ
撰,1,ㄓㄨㄢˋ
撰稿,1,ㄓㄨㄢˋ ㄍㄠˇ
撰寫,1,ㄓㄨㄢˋ ㄒㄧㄝˇ
撰述,1,ㄓㄨㄢˋ ㄕㄨˋ
撰文,1,ㄓㄨㄢˋ ㄨㄣˊ
饌,1,ㄓㄨㄢˋ
篆,1,ㄓㄨㄢˋ
篆書,1,ㄓㄨㄢˋ ㄕㄨ
賺,1,ㄓㄨㄢˋ
賺頭,1,ㄓㄨㄢˋ ㄊㄡ˙
賺錢,1,ㄓㄨㄢˋ ㄑㄧㄢˊ
賺取,1,ㄓㄨㄢˋ ㄑㄩˇ
屯,1,ㄓㄨㄣ
迍,1,ㄓㄨㄣ
迍邅,1,ㄓㄨㄣ ㄓㄢ
肫,1,ㄓㄨㄣ
諄,1,ㄓㄨㄣ
諄諄,1,ㄓㄨㄣ ㄓㄨㄣ
諄諄教誨,1,ㄓㄨㄣ ㄓㄨㄣ ㄐㄧㄠˋ ㄏㄨㄟˋ
諄諄善誘,1,ㄓㄨㄣ ㄓㄨㄣ ㄕㄢˋ ㄧㄡˋ
准,1,ㄓㄨㄣˇ
准考證,1,ㄓㄨㄣˇ ㄎㄠˇ ㄓㄥˋ
准許,1,ㄓㄨㄣˇ ㄒㄩˇ
准予,1,ㄓㄨㄣˇ ㄩˇ
隼,1,ㄓㄨㄣˇ
準,1,ㄓㄨㄣˇ
準備,1,ㄓㄨㄣˇ ㄅㄟˋ
準備金,1,ㄓㄨㄣˇ ㄅㄟˋ ㄐㄧㄣ
準頭,1,ㄓㄨㄣˇ ㄊㄡˊ
準頭,1,ㄓㄨㄣˇ ㄊㄡ˙
準據,1,ㄓㄨㄣˇ ㄐㄩˋ
準確,1,ㄓㄨㄣˇ ㄑㄩㄝˋ
準時,1,ㄓㄨㄣˇ ㄕˊ
準繩,1,ㄓㄨㄣˇ ㄕㄥˊ
準則,1,ㄓㄨㄣˇ ㄗㄜˊ
妝,1,ㄓㄨㄤ
妝扮,1,ㄓㄨㄤ ㄅㄢˋ
莊,1,ㄓㄨㄤ
莊家,1,ㄓㄨㄤ ㄐㄧㄚ
莊稼,1,ㄓㄨㄤ ㄐㄧㄚˋ
莊稼漢,1,ㄓㄨㄤ ㄐㄧㄚˋ ㄏㄢˋ
莊敬自強,1,ㄓㄨㄤ ㄐㄧㄥˋ ㄗˋ ㄑㄧㄤˊ
莊主,1,ㄓㄨㄤ ㄓㄨˇ
莊重,1,ㄓㄨㄤ ㄓㄨㄥˋ
莊嚴,1,ㄓㄨㄤ ㄧㄢˊ
裝,1,ㄓㄨㄤ
裝備,1,ㄓㄨㄤ ㄅㄟˋ
裝扮,1,ㄓㄨㄤ ㄅㄢˋ
裝裱,1,ㄓㄨㄤ ㄅㄧㄠˇ
裝配,1,ㄓㄨㄤ ㄆㄟˋ
裝模作樣,1,ㄓㄨㄤ ㄇㄛˊ ㄗㄨㄛˋ ㄧㄤˋ
裝門面,1,ㄓㄨㄤ ㄇㄣˊ ㄇㄧㄢˋ
裝瘋賣傻,1,ㄓㄨㄤ ㄈㄥ ㄇㄞˋ ㄕㄚˇ
裝點,1,ㄓㄨㄤ ㄉㄧㄢˇ
裝訂,1,ㄓㄨㄤ ㄉㄧㄥˋ
裝殮,1,ㄓㄨㄤ ㄌㄧㄢˋ
裝聾作啞,1,ㄓㄨㄤ ㄌㄨㄥˊ ㄗㄨㄛˋ ㄧㄚˇ
裝潢,1,ㄓㄨㄤ ㄏㄨㄤˊ
裝甲,1,ㄓㄨㄤ ㄐㄧㄚˇ
裝甲兵,1,ㄓㄨㄤ ㄐㄧㄚˇ ㄅㄧㄥ
裝甲車,1,ㄓㄨㄤ ㄐㄧㄚˇ ㄔㄜ
裝腔作勢,1,ㄓㄨㄤ ㄑㄧㄤ ㄗㄨㄛˋ ㄕˋ
裝卸,1,ㄓㄨㄤ ㄒㄧㄝˋ
裝修,1,ㄓㄨㄤ ㄒㄧㄡ
裝置,1,ㄓㄨㄤ ㄓˋ
裝飾,1,ㄓㄨㄤ ㄕˋ
裝傻,1,ㄓㄨㄤ ㄕㄚˇ
裝設,1,ㄓㄨㄤ ㄕㄜˋ
裝神弄鬼,1,ㄓㄨㄤ ㄕㄣˊ ㄋㄨㄥˋ ㄍㄨㄟˇ
裝束,1,ㄓㄨㄤ ㄕㄨˋ
裝載,1,ㄓㄨㄤ ㄗㄞˋ
裝蒜,1,ㄓㄨㄤ ㄙㄨㄢˋ
裝運,1,ㄓㄨㄤ ㄩㄣˋ
樁,1,ㄓㄨㄤ
樁腳,1,ㄓㄨㄤ ㄐㄧㄠˇ
樁柱,1,ㄓㄨㄤ ㄓㄨˋ
壯,1,ㄓㄨㄤˋ
壯大,1,ㄓㄨㄤˋ ㄉㄚˋ
壯膽,1,ㄓㄨㄤˋ ㄉㄢˇ
壯丁,1,ㄓㄨㄤˋ ㄉㄧㄥ
壯年,1,ㄓㄨㄤˋ ㄋㄧㄢˊ
壯麗,1,ㄓㄨㄤˋ ㄌㄧˋ
壯烈,1,ㄓㄨㄤˋ ㄌㄧㄝˋ
壯烈成仁,1,ㄓㄨㄤˋ ㄌㄧㄝˋ ㄔㄥˊ ㄖㄣˊ
壯觀,1,ㄓㄨㄤˋ ㄍㄨㄢ
壯闊,1,ㄓㄨㄤˋ ㄎㄨㄛˋ
壯舉,1,ㄓㄨㄤˋ ㄐㄩˇ
壯志,1,ㄓㄨㄤˋ ㄓˋ
壯志未酬,1,ㄓㄨㄤˋ ㄓˋ ㄨㄟˋ ㄔㄡˊ
壯士,1,ㄓㄨㄤˋ ㄕˋ
壯盛,1,ㄓㄨㄤˋ ㄕㄥˋ
壯碩,1,ㄓㄨㄤˋ ㄕㄨㄛˋ
狀,1,ㄓㄨㄤˋ
狀態,1,ㄓㄨㄤˋ ㄊㄞˋ
狀況,1,ㄓㄨㄤˋ ㄎㄨㄤˋ
狀聲詞,1,ㄓㄨㄤˋ ㄕㄥ ㄘˊ
狀語,1,ㄓㄨㄤˋ ㄩˇ
狀元,1,ㄓㄨㄤˋ ㄩㄢˊ
僮,1,ㄓㄨㄤˋ
撞,1,ㄓㄨㄤˋ
撞破,1,ㄓㄨㄤˋ ㄆㄛˋ
撞騙,1,ㄓㄨㄤˋ ㄆㄧㄢˋ
撞擊,1,ㄓㄨㄤˋ ㄐㄧˊ
撞見,1,ㄓㄨㄤˋ ㄐㄧㄢˋ
撞球,1,ㄓㄨㄤˋ ㄑㄧㄡˊ
撞車,1,ㄓㄨㄤˋ ㄔㄜ
撞傷,1,ㄓㄨㄤˋ ㄕㄤ
戇,1,ㄓㄨㄤˋ
中,1,ㄓㄨㄥ
中飽,1,ㄓㄨㄥ ㄅㄠˇ
中飽私囊,1,ㄓㄨㄥ ㄅㄠˇ ㄙ ㄋㄤˊ
中盤,1,ㄓㄨㄥ ㄆㄢˊ
中篇小說,1,ㄓㄨㄥ ㄆㄧㄢ ㄒㄧㄠˇ ㄕㄨㄛ
中飯,1,ㄓㄨㄥ ㄈㄢˋ
中鋒,1,ㄓㄨㄥ ㄈㄥ
中等,1,ㄓㄨㄥ ㄉㄥˇ
中點,1,ㄓㄨㄥ ㄉㄧㄢˇ
中隊,1,ㄓㄨㄥ ㄉㄨㄟˋ
中斷,1,ㄓㄨㄥ ㄉㄨㄢˋ
中庭,1,ㄓㄨㄥ ㄊㄧㄥˊ
中途,1,ㄓㄨㄥ ㄊㄨˊ
中途之家,1,ㄓㄨㄥ ㄊㄨˊ ㄓ ㄐㄧㄚ
中年,1,ㄓㄨㄥ ㄋㄧㄢˊ
中立,1,ㄓㄨㄥ ㄌㄧˋ
中流,1,ㄓㄨㄥ ㄌㄧㄡˊ
中流砥柱,1,ㄓㄨㄥ ㄌㄧㄡˊ ㄉㄧˇ ㄓㄨˋ
中古,1,ㄓㄨㄥ ㄍㄨˇ
中國畫,1,ㄓㄨㄥ ㄍㄨㄛˊ ㄏㄨㄚˋ
中國結,1,ㄓㄨㄥ ㄍㄨㄛˊ ㄐㄧㄝˊ
中和,1,ㄓㄨㄥ ㄏㄜˊ
中級,1,ㄓㄨㄥ ㄐㄧˊ
中介,1,ㄓㄨㄥ ㄐㄧㄝˋ
中堅,1,ㄓㄨㄥ ㄐㄧㄢ
中間,1,ㄓㄨㄥ ㄐㄧㄢ
中間商,1,ㄓㄨㄥ ㄐㄧㄢ ㄕㄤ
中間人,1,ㄓㄨㄥ ㄐㄧㄢ ㄖㄣˊ
中氣,1,ㄓㄨㄥ ㄑㄧˋ
中秋,1,ㄓㄨㄥ ㄑㄧㄡ
中區,1,ㄓㄨㄥ ㄑㄩ
中小企業,1,ㄓㄨㄥ ㄒㄧㄠˇ ㄑㄧˋ ㄧㄝˋ
中線,1,ㄓㄨㄥ ㄒㄧㄢˋ
中心,1,ㄓㄨㄥ ㄒㄧㄣ
中興,1,ㄓㄨㄥ ㄒㄧㄥ
中型,1,ㄓㄨㄥ ㄒㄧㄥˊ
中性,1,ㄓㄨㄥ ㄒㄧㄥˋ
中選區,1,ㄓㄨㄥ ㄒㄩㄢˇ ㄑㄩ
中旬,1,ㄓㄨㄥ ㄒㄩㄣˊ
中止,1,ㄓㄨㄥ ㄓˇ
中指,1,ㄓㄨㄥ ㄓˇ
中正,1,ㄓㄨㄥ ㄓㄥˋ
中裝,1,ㄓㄨㄥ ㄓㄨㄤ
中產階級,1,ㄓㄨㄥ ㄔㄢˇ ㄐㄧㄝ ㄐㄧˊ
中場,1,ㄓㄨㄥ ㄔㄤˇ
中輟,1,ㄓㄨㄥ ㄔㄨㄛˋ
中式,1,ㄓㄨㄥ ㄕˋ
中山裝,1,ㄓㄨㄥ ㄕㄢ ㄓㄨㄤ
中生代,1,ㄓㄨㄥ ㄕㄥ ㄉㄞˋ
中樞,1,ㄓㄨㄥ ㄕㄨ
中樞神經,1,ㄓㄨㄥ ㄕㄨ ㄕㄣˊ ㄐㄧㄥ
中子,1,ㄓㄨㄥ ㄗˇ
中耳,1,ㄓㄨㄥ ㄦˇ
中耳炎,1,ㄓㄨㄥ ㄦˇ ㄧㄢˊ
中譯,1,ㄓㄨㄥ ㄧˋ
中葉,1,ㄓㄨㄥ ㄧㄝˋ
中藥,1,ㄓㄨㄥ ㄧㄠˋ
中游,1,ㄓㄨㄥ ㄧㄡˊ
中央,1,ㄓㄨㄥ ㄧㄤ
中央空調系統,1,ㄓㄨㄥ ㄧㄤ ㄎㄨㄥ ㄊㄧㄠˊ ㄒㄧˋ ㄊㄨㄥˇ
中央集權,1,ㄓㄨㄥ ㄧㄤ ㄐㄧˊ ㄑㄩㄢˊ
中午,1,ㄓㄨㄥ ㄨˇ
中外馳名,1,ㄓㄨㄥ ㄨㄞˋ ㄔˊ ㄇㄧㄥˊ
中元,1,ㄓㄨㄥ ㄩㄢˊ
中元普渡,1,ㄓㄨㄥ ㄩㄢˊ ㄆㄨˇ ㄉㄨˋ
中原,1,ㄓㄨㄥ ㄩㄢˊ
中庸,1,ㄓㄨㄥ ㄩㄥ
忠,1,ㄓㄨㄥ
忠烈,1,ㄓㄨㄥ ㄌㄧㄝˋ
忠良,1,ㄓㄨㄥ ㄌㄧㄤˊ
忠告,1,ㄓㄨㄥ ㄍㄠˋ
忠肝義膽,1,ㄓㄨㄥ ㄍㄢ ㄧˋ ㄉㄢˇ
忠厚,1,ㄓㄨㄥ ㄏㄡˋ
忠魂,1,ㄓㄨㄥ ㄏㄨㄣˊ
忠孝,1,ㄓㄨㄥ ㄒㄧㄠˋ
忠孝兩全,1,ㄓㄨㄥ ㄒㄧㄠˋ ㄌㄧㄤˇ ㄑㄩㄢˊ
忠心耿耿,1,ㄓㄨㄥ ㄒㄧㄣ ㄍㄥˇ ㄍㄥˇ
忠信,1,ㄓㄨㄥ ㄒㄧㄣˋ
忠貞,1,ㄓㄨㄥ ㄓㄣ
忠臣,1,ㄓㄨㄥ ㄔㄣˊ
忠誠,1,ㄓㄨㄥ ㄔㄥˊ
忠實,1,ㄓㄨㄥ ㄕˊ
忠恕,1,ㄓㄨㄥ ㄕㄨˋ
忠義,1,ㄓㄨㄥ ㄧˋ
忠言,1,ㄓㄨㄥ ㄧㄢˊ
忠言逆耳,1,ㄓㄨㄥ ㄧㄢˊ ㄋㄧˋ ㄦˇ
忠勇,1,ㄓㄨㄥ ㄩㄥˇ
盅,1,ㄓㄨㄥ
衷,1,ㄓㄨㄥ
衷情,1,ㄓㄨㄥ ㄑㄧㄥˊ
衷曲,1,ㄓㄨㄥ ㄑㄩ
衷心,1,ㄓㄨㄥ ㄒㄧㄣ
忪,1,ㄓㄨㄥ
終,1,ㄓㄨㄥ
終點,1,ㄓㄨㄥ ㄉㄧㄢˇ
終端機,1,ㄓㄨㄥ ㄉㄨㄢ ㄐㄧ
終年,1,ㄓㄨㄥ ㄋㄧㄢˊ
終老,1,ㄓㄨㄥ ㄌㄠˇ
終歸,1,ㄓㄨㄥ ㄍㄨㄟ
終極,1,ㄓㄨㄥ ㄐㄧˊ
終結,1,ㄓㄨㄥ ㄐㄧㄝˊ
終究,1,ㄓㄨㄥ ㄐㄧㄡˋ
終局,1,ㄓㄨㄥ ㄐㄩˊ
終止,1,ㄓㄨㄥ ㄓˇ
終場,1,ㄓㄨㄥ ㄔㄤˇ
終身,1,ㄓㄨㄥ ㄕㄣ
終身伴侶,1,ㄓㄨㄥ ㄕㄣ ㄅㄢˋ ㄌㄩˇ
終身大事,1,ㄓㄨㄥ ㄕㄣ ㄉㄚˋ ㄕˋ
終生,1,ㄓㄨㄥ ㄕㄥ
終日,1,ㄓㄨㄥ ㄖˋ
終於,1,ㄓㄨㄥ ㄩˊ
螽,1,ㄓㄨㄥ
螽斯,1,ㄓㄨㄥ ㄙ
鍾,1,ㄓㄨㄥ
鍾情,1,ㄓㄨㄥ ㄑㄧㄥˊ
鍾愛,1,ㄓㄨㄥ ㄞˋ
鐘,1,ㄓㄨㄥ
鐘擺,1,ㄓㄨㄥ ㄅㄞˇ
鐘錶,1,ㄓㄨㄥ ㄅㄧㄠˇ
鐘點,1,ㄓㄨㄥ ㄉㄧㄢˇ
鐘點費,1,ㄓㄨㄥ ㄉㄧㄢˇ ㄈㄟˋ
鐘鼎文,1,ㄓㄨㄥ ㄉㄧㄥˇ ㄨㄣˊ
鐘頭,1,ㄓㄨㄥ ㄊㄡˊ
鐘樓,1,ㄓㄨㄥ ㄌㄡˊ
鐘乳石,1,ㄓㄨㄥ ㄖㄨˇ ㄕˊ
冢,1,ㄓㄨㄥˇ
塚,1,ㄓㄨㄥˇ
腫,1,ㄓㄨㄥˇ
腫大,1,ㄓㄨㄥˇ ㄉㄚˋ
腫瘤,1,ㄓㄨㄥˇ ㄌㄧㄡˊ
腫脹,1,ㄓㄨㄥˇ ㄓㄤˋ
種,1,ㄓㄨㄥˇ
種類,1,ㄓㄨㄥˇ ㄌㄟˋ
種性,1,ㄓㄨㄥˇ ㄒㄧㄥˋ
種種,1,ㄓㄨㄥˇ ㄓㄨㄥˇ
種子,1,ㄓㄨㄥˇ ㄗˇ
種子球員,1,ㄓㄨㄥˇ ㄗˇ ㄑㄧㄡˊ ㄩㄢˊ
種子網路,1,ㄓㄨㄥˇ ㄗˇ ㄨㄤˇ ㄌㄨˋ
種族主義,1,ㄓㄨㄥˇ ㄗㄨˊ ㄓㄨˇ ㄧˋ
踵,1,ㄓㄨㄥˇ
踵繼,1,ㄓㄨㄥˇ ㄐㄧˋ
踵謝,1,ㄓㄨㄥˇ ㄒㄧㄝˋ
中,1,ㄓㄨㄥˋ
中彈,1,ㄓㄨㄥˋ ㄉㄢˋ
中毒,1,ㄓㄨㄥˋ ㄉㄨˊ
中聽,1,ㄓㄨㄥˋ ㄊㄧㄥ
中規中矩,1,ㄓㄨㄥˋ ㄍㄨㄟ ㄓㄨㄥˋ ㄐㄩˇ
中看,1,ㄓㄨㄥˋ ㄎㄢˋ
中肯,1,ㄓㄨㄥˋ ㄎㄣˇ
中計,1,ㄓㄨㄥˋ ㄐㄧˋ
中獎,1,ㄓㄨㄥˋ ㄐㄧㄤˇ
中選,1,ㄓㄨㄥˋ ㄒㄩㄢˇ
中傷,1,ㄓㄨㄥˋ ㄕㄤ
中暑,1,ㄓㄨㄥˋ ㄕㄨˇ
中意,1,ㄓㄨㄥˋ ㄧˋ
中用,1,ㄓㄨㄥˋ ㄩㄥˋ
仲,1,ㄓㄨㄥˋ
仲介,1,ㄓㄨㄥˋ ㄐㄧㄝˋ
仲秋,1,ㄓㄨㄥˋ ㄑㄧㄡ
仲夏,1,ㄓㄨㄥˋ ㄒㄧㄚˋ
仲裁,1,ㄓㄨㄥˋ ㄘㄞˊ
重,1,ㄓㄨㄥˋ
重兵,1,ㄓㄨㄥˋ ㄅㄧㄥ
重病,1,ㄓㄨㄥˋ ㄅㄧㄥˋ
重罰,1,ㄓㄨㄥˋ ㄈㄚˊ
重犯,1,ㄓㄨㄥˋ ㄈㄢˋ
重負,1,ㄓㄨㄥˋ ㄈㄨˋ
重大,1,ㄓㄨㄥˋ ㄉㄚˋ
重擔,1,ㄓㄨㄥˋ ㄉㄢˋ
重地,1,ㄓㄨㄥˋ ㄉㄧˋ
重典,1,ㄓㄨㄥˋ ㄉㄧㄢˇ
重點,1,ㄓㄨㄥˋ ㄉㄧㄢˇ
重頭戲,1,ㄓㄨㄥˋ ㄊㄡˊ ㄒㄧˋ
重聽,1,ㄓㄨㄥˋ ㄊㄧㄥ
重力,1,ㄓㄨㄥˋ ㄌㄧˋ
重利,1,ㄓㄨㄥˋ ㄌㄧˋ
重量,1,ㄓㄨㄥˋ ㄌㄧㄤˋ
重量級,1,ㄓㄨㄥˋ ㄌㄧㄤˋ ㄐㄧˊ
重工業,1,ㄓㄨㄥˋ ㄍㄨㄥ ㄧㄝˋ
重話,1,ㄓㄨㄥˋ ㄏㄨㄚˋ
重擊,1,ㄓㄨㄥˋ ㄐㄧˊ
重金,1,ㄓㄨㄥˋ ㄐㄧㄣ
重金屬,1,ㄓㄨㄥˋ ㄐㄧㄣ ㄕㄨˇ
重嫌,1,ㄓㄨㄥˋ ㄒㄧㄢˊ
重心,1,ㄓㄨㄥˋ ㄒㄧㄣ
重鎮,1,ㄓㄨㄥˋ ㄓㄣˋ
重懲,1,ㄓㄨㄥˋ ㄔㄥˊ
重創,1,ㄓㄨㄥˋ ㄔㄨㄤ
重視,1,ㄓㄨㄥˋ ㄕˋ
重傷,1,ㄓㄨㄥˋ ㄕㄤ
重賞,1,ㄓㄨㄥˋ ㄕㄤˇ
重水,1,ㄓㄨㄥˋ ㄕㄨㄟˇ
重任,1,ㄓㄨㄥˋ ㄖㄣˋ
重責,1,ㄓㄨㄥˋ ㄗㄜˊ
重責大任,1,ㄓㄨㄥˋ ㄗㄜˊ ㄉㄚˋ ㄖㄣˋ
重罪,1,ㄓㄨㄥˋ ㄗㄨㄟˋ
重要,1,ㄓㄨㄥˋ ㄧㄠˋ
重要性,1,ㄓㄨㄥˋ ㄧㄠˋ ㄒㄧㄥˋ
重油,1,ㄓㄨㄥˋ ㄧㄡˊ
重用,1,ㄓㄨㄥˋ ㄩㄥˋ
種,1,ㄓㄨㄥˋ
種田,1,ㄓㄨㄥˋ ㄊㄧㄢˊ
種瓜得瓜種豆得豆,1,ㄓㄨㄥˋ ㄍㄨㄚ ㄉㄜˊ ㄍㄨㄚ ㄓㄨㄥˋ ㄉㄡˋ ㄉㄜˊ ㄉㄡˋ
種植,1,ㄓㄨㄥˋ ㄓˊ
種因,1,ㄓㄨㄥˋ ㄧㄣ
眾,1,ㄓㄨㄥˋ
眾叛親離,1,ㄓㄨㄥˋ ㄆㄢˋ ㄑㄧㄣ ㄌㄧˊ
眾目睽睽,1,ㄓㄨㄥˋ ㄇㄨˋ ㄎㄨㄟˊ ㄎㄨㄟˊ
眾多,1,ㄓㄨㄥˋ ㄉㄨㄛ
眾口鑠金,1,ㄓㄨㄥˋ ㄎㄡˇ ㄕㄨㄛˋ ㄐㄧㄣ
眾星拱月,1,ㄓㄨㄥˋ ㄒㄧㄥ ㄍㄨㄥˇ ㄩㄝˋ
眾志成城,1,ㄓㄨㄥˋ ㄓˋ ㄔㄥˊ ㄔㄥˊ
眾矢之的,1,ㄓㄨㄥˋ ㄕˇ ㄓ ㄉㄧˋ
眾生,1,ㄓㄨㄥˋ ㄕㄥ
眾生相,1,ㄓㄨㄥˋ ㄕㄥ ㄒㄧㄤˋ
眾說,1,ㄓㄨㄥˋ ㄕㄨㄛ
眾說紛紜,1,ㄓㄨㄥˋ ㄕㄨㄛ ㄈㄣ ㄩㄣˊ
眾人,1,ㄓㄨㄥˋ ㄖㄣˊ
眾所周知,1,ㄓㄨㄥˋ ㄙㄨㄛˇ ㄓㄡ ㄓ
眾所矚目,1,ㄓㄨㄥˋ ㄙㄨㄛˇ ㄓㄨˇ ㄇㄨˋ
眾議,1,ㄓㄨㄥˋ ㄧˋ
眾望所歸,1,ㄓㄨㄥˋ ㄨㄤˋ ㄙㄨㄛˇ ㄍㄨㄟ
吃,1,ㄔ
吃不開,1,ㄔ ㄅㄨˋ ㄎㄞ
吃不下,1,ㄔ ㄅㄨˋ ㄒㄧㄚˋ
吃不下,1,ㄔ ㄅㄨˊ ㄒㄧㄚˋ
吃不消,1,ㄔ ㄅㄨˋ ㄒㄧㄠ
吃不完兜著走,1,ㄔ ㄅㄨˋ ㄨㄢˊ ㄉㄡ ㄓㄜ˙ ㄗㄡˇ
吃排頭,1,ㄔ ㄆㄞˊ ㄊㄡ˙
吃飯傢伙,1,ㄔ ㄈㄢˋ ㄐㄧㄚ ㄏㄨㄛˇ
吃裡扒外,1,ㄔ ㄌㄧˇ ㄆㄚˊ ㄨㄞˋ
吃力,1,ㄔ ㄌㄧˋ
吃力不討好,1,ㄔ ㄌㄧˋ ㄅㄨˋ ㄊㄠˇ ㄏㄠˇ
吃螺絲,1,ㄔ ㄌㄨㄛˊ ㄙ
吃乾醋,1,ㄔ ㄍㄢ ㄘㄨˋ
吃官司,1,ㄔ ㄍㄨㄢ ㄙ
吃苦,1,ㄔ ㄎㄨˇ
吃苦頭,1,ㄔ ㄎㄨˇ ㄊㄡ˙
吃虧,1,ㄔ ㄎㄨㄟ
吃喝拉撒睡,1,ㄔ ㄏㄜ ㄌㄚ ㄙㄚ ㄕㄨㄟˋ
吃喝玩樂,1,ㄔ ㄏㄜ ㄨㄢˊ ㄌㄜˋ
吃火鍋,1,ㄔ ㄏㄨㄛˇ ㄍㄨㄛ
吃緊,1,ㄔ ㄐㄧㄣˇ
吃驚,1,ㄔ ㄐㄧㄥ
吃香,1,ㄔ ㄒㄧㄤ
吃齋,1,ㄔ ㄓㄞ
吃重,1,ㄔ ㄓㄨㄥˋ
吃茶,1,ㄔ ㄔㄚˊ
吃水,1,ㄔ ㄕㄨㄟˇ
吃人不吐骨,1,ㄔ ㄖㄣˊ ㄅㄨˋ ㄊㄨˇ ㄍㄨˇ
吃軟不吃硬,1,ㄔ ㄖㄨㄢˇ ㄅㄨˋ ㄔ ㄧㄥˋ
吃醋,1,ㄔ ㄘㄨˋ
吃錯藥,1,ㄔ ㄘㄨㄛˋ ㄧㄠˋ
吃素,1,ㄔ ㄙㄨˋ
吃案,1,ㄔ ㄢˋ
吃鴨蛋,1,ㄔ ㄧㄚ ㄉㄢˋ
吃味,1,ㄔ ㄨㄟˋ
哧,1,ㄔ
蚩,1,ㄔ
嗤,1,ㄔ
嗤之以鼻,1,ㄔ ㄓ ㄧˇ ㄅㄧˊ
笞,1,ㄔ
喫,1,ㄔ
痴,1,ㄔ
痴迷,1,ㄔ ㄇㄧˊ
痴肥,1,ㄔ ㄈㄟˊ
痴狂,1,ㄔ ㄎㄨㄤˊ
痴情,1,ㄔ ㄑㄧㄥˊ
痴心,1,ㄔ ㄒㄧㄣ
痴心妄想,1,ㄔ ㄒㄧㄣ ㄨㄤˋ ㄒㄧㄤˇ
痴想,1,ㄔ ㄒㄧㄤˇ
痴人說夢,1,ㄔ ㄖㄣˊ ㄕㄨㄛ ㄇㄥˋ
鴟,1,ㄔ
鴟鴞,1,ㄔ ㄒㄧㄠ
魑,1,ㄔ
魑魅,1,ㄔ ㄇㄟˋ
池,1,ㄔˊ
池塘,1,ㄔˊ ㄊㄤˊ
池中物,1,ㄔˊ ㄓㄨㄥ ㄨˋ
池魚之殃,1,ㄔˊ ㄩˊ ㄓ ㄧㄤ
弛,1,ㄔˊ
馳,1,ㄔˊ
馳名,1,ㄔˊ ㄇㄧㄥˊ
馳赴,1,ㄔˊ ㄈㄨˋ
馳騁,1,ㄔˊ ㄔㄥˇ
持,1,ㄔˊ
持家,1,ㄔˊ ㄐㄧㄚ
持久,1,ㄔˊ ㄐㄧㄡˇ
持續,1,ㄔˊ ㄒㄩˋ
持之以恆,1,ㄔˊ ㄓ ㄧˇ ㄏㄥˊ
持重,1,ㄔˊ ㄓㄨㄥˋ
持盈保泰,1,ㄔˊ ㄧㄥˊ ㄅㄠˇ ㄊㄞˋ
持用,1,ㄔˊ ㄩㄥˋ
匙,1,ㄔˊ
墀,1,ㄔˊ
遲,1,ㄔˊ
遲暮,1,ㄔˊ ㄇㄨˋ
遲到,1,ㄔˊ ㄉㄠˋ
遲鈍,1,ㄔˊ ㄉㄨㄣˋ
遲緩,1,ㄔˊ ㄏㄨㄢˇ
遲滯,1,ㄔˊ ㄓˋ
遲遲,1,ㄔˊ ㄔˊ
遲早,1,ㄔˊ ㄗㄠˇ
遲疑,1,ㄔˊ ㄧˊ
遲延,1,ㄔˊ ㄧㄢˊ
踟,1,ㄔˊ
踟躕,1,ㄔˊ ㄔㄨˊ
尺,1,ㄔˇ
尺碼,1,ㄔˇ ㄇㄚˇ
尺幅,1,ㄔˇ ㄈㄨˊ
尺牘,1,ㄔˇ ㄉㄨˊ
尺度,1,ㄔˇ ㄉㄨˋ
尺寸,1,ㄔˇ ㄘㄨㄣˋ
呎,1,ㄔˇ
侈,1,ㄔˇ
侈糜,1,ㄔˇ ㄇㄧˊ
恥,1,ㄔˇ
恥骨,1,ㄔˇ ㄍㄨˇ
恥笑,1,ㄔˇ ㄒㄧㄠˋ
恥辱,1,ㄔˇ ㄖㄨˋ
豉,1,ㄔˇ
齒,1,ㄔˇ
齒冷,1,ㄔˇ ㄌㄥˇ
齒輪,1,ㄔˇ ㄌㄨㄣˊ
齒根,1,ㄔˇ ㄍㄣ
齒頰留香,1,ㄔˇ ㄐㄧㄚˊ ㄌㄧㄡˊ ㄒㄧㄤ
齒齦,1,ㄔˇ ㄧㄣˊ
褫,1,ㄔˇ
褫奪,1,ㄔˇ ㄉㄨㄛˊ
彳,1,ㄔˋ
彳亍,1,ㄔˋ ㄔㄨˋ
叱,1,ㄔˋ
叱吒,1,ㄔˋ ㄓㄚˋ
叱吒風雲,1,ㄔˋ ㄓㄚˋ ㄈㄥ ㄩㄣˊ
叱責,1,ㄔˋ ㄗㄜˊ
斥,1,ㄔˋ
斥退,1,ㄔˋ ㄊㄨㄟˋ
斥候,1,ㄔˋ ㄏㄡˋ
斥資,1,ㄔˋ ㄗ
斥責,1,ㄔˋ ㄗㄜˊ
赤,1,ㄔˋ
赤膊,1,ㄔˋ ㄅㄛˊ
赤貧,1,ㄔˋ ㄆㄧㄣˊ
赤道,1,ㄔˋ ㄉㄠˋ
赤道儀,1,ㄔˋ ㄉㄠˋ ㄧˊ
赤裸,1,ㄔˋ ㄌㄨㄛˇ
赤裸裸,1,ㄔˋ ㄌㄨㄛˇ ㄌㄨㄛˇ
赤嵌樓,1,ㄔˋ ㄎㄢˇ ㄌㄡˊ
赤腳,1,ㄔˋ ㄐㄧㄠˇ
赤誠,1,ㄔˋ ㄔㄥˊ
赤手空拳,1,ㄔˋ ㄕㄡˇ ㄎㄨㄥ ㄑㄩㄢˊ
赤身露體,1,ㄔˋ ㄕㄣ ㄌㄡˋ ㄊㄧˇ
赤身裸體,1,ㄔˋ ㄕㄣ ㄌㄨㄛˇ ㄊㄧˇ
赤子,1,ㄔˋ ㄗˇ
赤子之心,1,ㄔˋ ㄗˇ ㄓ ㄒㄧㄣ
赤字,1,ㄔˋ ㄗˋ
赤字預算,1,ㄔˋ ㄗˋ ㄩˋ ㄙㄨㄢˋ
赤足,1,ㄔˋ ㄗㄨˊ
翅,1,ㄔˋ
翅膀,1,ㄔˋ ㄅㄤˇ
敕,1,ㄔˋ
啻,1,ㄔˋ
飭,1,ㄔˋ
飭令,1,ㄔˋ ㄌㄧㄥˋ
飭回,1,ㄔˋ ㄏㄨㄟˊ
熾,1,ㄔˋ
熾烈,1,ㄔˋ ㄌㄧㄝˋ
熾盛,1,ㄔˋ ㄕㄥˋ
熾熱,1,ㄔˋ ㄖㄜˋ
熾愛,1,ㄔˋ ㄞˋ
叉,1,ㄔㄚ
叉燒,1,ㄔㄚ ㄕㄠ
叉燒包,1,ㄔㄚ ㄕㄠ ㄅㄠ
叉子,1,ㄔㄚ ㄗ˙
杈,1,ㄔㄚ
差,1,ㄔㄚ
差別,1,ㄔㄚ ㄅㄧㄝˊ
差別待遇,1,ㄔㄚ ㄅㄧㄝˊ ㄉㄞˋ ㄩˋ
差不多,1,ㄔㄚ ㄅㄨˋ ㄉㄨㄛ
差點兒,1,ㄔㄚ ㄉㄧㄢˇ ㄦ
差點兒,1,ㄔㄚ ㄉㄧㄚˇ ㄦ
差可,1,ㄔㄚ ㄎㄜˇ
差價,1,ㄔㄚ ㄐㄧㄚˋ
差勁,1,ㄔㄚ ㄐㄧㄥˋ
差距,1,ㄔㄚ ㄐㄩˋ
差強人意,1,ㄔㄚ ㄑㄧㄤˊ ㄖㄣˊ ㄧˋ
差錯,1,ㄔㄚ ㄘㄨㄛˋ
差額,1,ㄔㄚ ㄜˊ
差異,1,ㄔㄚ ㄧˋ
插,1,ㄔㄚ
插播,1,ㄔㄚ ㄅㄛˋ
插班,1,ㄔㄚ ㄅㄢ
插隊,1,ㄔㄚ ㄉㄨㄟˋ
插頭,1,ㄔㄚ ㄊㄡˊ
插圖,1,ㄔㄚ ㄊㄨˊ
插科打諢,1,ㄔㄚ ㄎㄜ ㄉㄚˇ ㄏㄨㄣˋ
插花,1,ㄔㄚ ㄏㄨㄚ
插話,1,ㄔㄚ ㄏㄨㄚˋ
插畫,1,ㄔㄚ ㄏㄨㄚˋ
插接,1,ㄔㄚ ㄐㄧㄝ
插曲,1,ㄔㄚ ㄑㄩˇ
插枝,1,ㄔㄚ ㄓ
插翅難飛,1,ㄔㄚ ㄔˋ ㄋㄢˊ ㄈㄟ
插手,1,ㄔㄚ ㄕㄡˇ
插足,1,ㄔㄚ ㄗㄨˊ
插座,1,ㄔㄚ ㄗㄨㄛˋ
插嘴,1,ㄔㄚ ㄗㄨㄟˇ
插一腳,1,ㄔㄚ ㄧ ㄐㄧㄠˇ
插一腳,1,ㄔㄚ ㄧˋ ㄐㄧㄠˇ
插腰,1,ㄔㄚ ㄧㄠ
插秧,1,ㄔㄚ ㄧㄤ
查,1,ㄔㄚˊ
查報,1,ㄔㄚˊ ㄅㄠˋ
查辦,1,ㄔㄚˊ ㄅㄢˋ
查表,1,ㄔㄚˊ ㄅㄧㄠˇ
查明,1,ㄔㄚˊ ㄇㄧㄥˊ
查訪,1,ㄔㄚˊ ㄈㄤˇ
查封,1,ㄔㄚˊ ㄈㄥ
查對,1,ㄔㄚˊ ㄉㄨㄟˋ
查考,1,ㄔㄚˊ ㄎㄠˇ
查扣,1,ㄔㄚˊ ㄎㄡˋ
查勘,1,ㄔㄚˊ ㄎㄢ
查看,1,ㄔㄚˊ ㄎㄢˋ
查核,1,ㄔㄚˊ ㄏㄜˊ
查獲,1,ㄔㄚˊ ㄏㄨㄛˋ
查究,1,ㄔㄚˊ ㄐㄧㄡˋ
查禁,1,ㄔㄚˊ ㄐㄧㄣˋ
查緝,1,ㄔㄚˊ ㄑㄧˋ
查勤,1,ㄔㄚˊ ㄑㄧㄣˊ
查尋,1,ㄔㄚˊ ㄒㄩㄣˊ
查詢,1,ㄔㄚˊ ㄒㄩㄣˊ
查照,1,ㄔㄚˊ ㄓㄠˋ
查證,1,ㄔㄚˊ ㄓㄥˋ
查哨,1,ㄔㄚˊ ㄕㄠˋ
查案,1,ㄔㄚˊ ㄢˋ
查驗,1,ㄔㄚˊ ㄧㄢˋ
查問,1,ㄔㄚˊ ㄨㄣˋ
查閱,1,ㄔㄚˊ ㄩㄝˋ
碴,1,ㄔㄚˊ
茶,1,ㄔㄚˊ
茶杯,1,ㄔㄚˊ ㄅㄟ
茶包,1,ㄔㄚˊ ㄅㄠ
茶飯不思,1,ㄔㄚˊ ㄈㄢˋ ㄅㄨˋ ㄙ
茶坊,1,ㄔㄚˊ ㄈㄤ
茶道,1,ㄔㄚˊ ㄉㄠˋ
茶點,1,ㄔㄚˊ ㄉㄧㄢˇ
茶樓,1,ㄔㄚˊ ㄌㄡˊ
茶館,1,ㄔㄚˊ ㄍㄨㄢˇ
茶褐色,1,ㄔㄚˊ ㄏㄜˊ ㄙㄜˋ
茶行,1,ㄔㄚˊ ㄏㄤˊ
茶壺,1,ㄔㄚˊ ㄏㄨˊ
茶花,1,ㄔㄚˊ ㄏㄨㄚ
茶話會,1,ㄔㄚˊ ㄏㄨㄚˋ ㄏㄨㄟˋ
茶會,1,ㄔㄚˊ ㄏㄨㄟˋ
茶几,1,ㄔㄚˊ ㄐㄧ
茶具,1,ㄔㄚˊ ㄐㄩˋ
茶莊,1,ㄔㄚˊ ㄓㄨㄤ
茶匙,1,ㄔㄚˊ ㄔˊ
茶室,1,ㄔㄚˊ ㄕˋ
茶藝,1,ㄔㄚˊ ㄧˋ
茶藝館,1,ㄔㄚˊ ㄧˋ ㄍㄨㄢˇ
茶葉,1,ㄔㄚˊ ㄧㄝˋ
茶葉蛋,1,ㄔㄚˊ ㄧㄝˋ ㄉㄢˋ
茶餘飯後,1,ㄔㄚˊ ㄩˊ ㄈㄢˋ ㄏㄡˋ
茶園,1,ㄔㄚˊ ㄩㄢˊ
搽,1,ㄔㄚˊ
察,1,ㄔㄚˊ
察訪,1,ㄔㄚˊ ㄈㄤˇ
察納,1,ㄔㄚˊ ㄋㄚˋ
察勘,1,ㄔㄚˊ ㄎㄢ
察看,1,ㄔㄚˊ ㄎㄢˋ
察覺,1,ㄔㄚˊ ㄐㄩㄝˊ
察言觀色,1,ㄔㄚˊ ㄧㄢˊ ㄍㄨㄢ ㄙㄜˋ
槎,1,ㄔㄚˊ
汊,1,ㄔㄚˋ
衩,1,ㄔㄚˋ
岔,1,ㄔㄚˋ
岔道,1,ㄔㄚˋ ㄉㄠˋ
岔路,1,ㄔㄚˋ ㄌㄨˋ
岔口,1,ㄔㄚˋ ㄎㄡˇ
剎,1,ㄔㄚˋ
剎那,1,ㄔㄚˋ ㄋㄚˋ
詫,1,ㄔㄚˋ
詫異,1,ㄔㄚˋ ㄧˋ
車,1,ㄔㄜ
車把,1,ㄔㄜ ㄅㄚˋ
車牌,1,ㄔㄜ ㄆㄞˊ
車票,1,ㄔㄜ ㄆㄧㄠˋ
車馬費,1,ㄔㄜ ㄇㄚˇ ㄈㄟˋ
車夫,1,ㄔㄜ ㄈㄨ
車道,1,ㄔㄜ ㄉㄠˋ
車隊,1,ㄔㄜ ㄉㄨㄟˋ
車胎,1,ㄔㄜ ㄊㄞ
車頭,1,ㄔㄜ ㄊㄡˊ
車體廣告,1,ㄔㄜ ㄊㄧˇ ㄍㄨㄤˇ ㄍㄠˋ
車諾比耳事件,1,ㄔㄜ ㄋㄨㄛˋ ㄅㄧˇ ㄦˇ ㄕˋ ㄐㄧㄢˋ
車流,1,ㄔㄜ ㄌㄧㄡˊ
車輛,1,ㄔㄜ ㄌㄧㄤˋ
車鼓陣,1,ㄔㄜ ㄍㄨˇ ㄓㄣˋ
車軌,1,ㄔㄜ ㄍㄨㄟˇ
車工,1,ㄔㄜ ㄍㄨㄥ
車庫,1,ㄔㄜ ㄎㄨˋ
車行,1,ㄔㄜ ㄏㄤˊ
車禍,1,ㄔㄜ ㄏㄨㄛˋ
車錢,1,ㄔㄜ ㄑㄧㄢˊ
車廂,1,ㄔㄜ ㄒㄧㄤ
車廂廣告,1,ㄔㄜ ㄒㄧㄤ ㄍㄨㄤˇ ㄍㄠˋ
車站,1,ㄔㄜ ㄓㄢˋ
車掌,1,ㄔㄜ ㄓㄤˇ
車陣,1,ㄔㄜ ㄓㄣˋ
車主,1,ㄔㄜ ㄓㄨˇ
車種,1,ㄔㄜ ㄓㄨㄥˇ
車長,1,ㄔㄜ ㄔㄤˊ
車廠,1,ㄔㄜ ㄔㄤˇ
車程,1,ㄔㄜ ㄔㄥˊ
車床,1,ㄔㄜ ㄔㄨㄤˊ
車身,1,ㄔㄜ ㄕㄣ
車水馬龍,1,ㄔㄜ ㄕㄨㄟˇ ㄇㄚˇ ㄌㄨㄥˊ
車資,1,ㄔㄜ ㄗ
車載斗量,1,ㄔㄜ ㄗㄞˋ ㄉㄡˇ ㄌㄧㄤˊ
車速,1,ㄔㄜ ㄙㄨˋ
車位,1,ㄔㄜ ㄨㄟˋ
尺,1,ㄔㄜˇ
扯,1,ㄔㄜˇ
扯不清,1,ㄔㄜˇ ㄅㄨˋ ㄑㄧㄥ
扯平,1,ㄔㄜˇ ㄆㄧㄥˊ
扯淡,1,ㄔㄜˇ ㄉㄢˋ
扯鈴,1,ㄔㄜˇ ㄌㄧㄥˊ
扯後腿,1,ㄔㄜˇ ㄏㄡˋ ㄊㄨㄟˇ
掣,1,ㄔㄜˋ
掣肘,1,ㄔㄜˋ ㄓㄡˇ
澈,1,ㄔㄜˋ
澈底,1,ㄔㄜˋ ㄉㄧˇ
澈悟,1,ㄔㄜˋ ㄨˋ
撤,1,ㄔㄜˋ
撤兵,1,ㄔㄜˋ ㄅㄧㄥ
撤退,1,ㄔㄜˋ ㄊㄨㄟˋ
撤離,1,ㄔㄜˋ ㄌㄧˊ
撤回,1,ㄔㄜˋ ㄏㄨㄟˊ
撤換,1,ㄔㄜˋ ㄏㄨㄢˋ
撤銷,1,ㄔㄜˋ ㄒㄧㄠ
撤職,1,ㄔㄜˋ ㄓˊ
撤除,1,ㄔㄜˋ ㄔㄨˊ
撤守,1,ㄔㄜˋ ㄕㄡˇ
撤資,1,ㄔㄜˋ ㄗ
徹,1,ㄔㄜˋ
徹頭徹尾,1,ㄔㄜˋ ㄊㄡˊ ㄔㄜˋ ㄨㄟˇ
徹骨,1,ㄔㄜˋ ㄍㄨˇ
徹查,1,ㄔㄜˋ ㄔㄚˊ
徹夜,1,ㄔㄜˋ ㄧㄝˋ
轍,1,ㄔㄜˋ
拆,1,ㄔㄞ
拆封,1,ㄔㄞ ㄈㄥ
拆款利率,1,ㄔㄞ ㄎㄨㄢˇ ㄌㄧˋ ㄌㄩˋ
拆夥,1,ㄔㄞ ㄏㄨㄛˇ
拆毀,1,ㄔㄞ ㄏㄨㄟˇ
拆遷,1,ㄔㄞ ㄑㄧㄢ
拆卸,1,ㄔㄞ ㄒㄧㄝˋ
拆招,1,ㄔㄞ ㄓㄠ
拆除,1,ㄔㄞ ㄔㄨˊ
拆穿,1,ㄔㄞ ㄔㄨㄢ
拆字,1,ㄔㄞ ㄗˋ
拆散,1,ㄔㄞ ㄙㄢˋ
差,1,ㄔㄞ
差旅費,1,ㄔㄞ ㄌㄩˇ ㄈㄟˋ
差遣,1,ㄔㄞ ㄑㄧㄢˇ
差使,1,ㄔㄞ ㄕˇ
差事,1,ㄔㄞ ㄕˋ
釵,1,ㄔㄞ
柴,1,ㄔㄞˊ
柴米油鹽,1,ㄔㄞˊ ㄇㄧˇ ㄧㄡˊ ㄧㄢˊ
柴火,1,ㄔㄞˊ ㄏㄨㄛˇ
柴薪,1,ㄔㄞˊ ㄒㄧㄣ
柴油,1,ㄔㄞˊ ㄧㄡˊ
豺,1,ㄔㄞˊ
豺狼,1,ㄔㄞˊ ㄌㄤˊ
豺狼當道,1,ㄔㄞˊ ㄌㄤˊ ㄉㄤ ㄉㄠˋ
儕,1,ㄔㄞˊ
抄,1,ㄔㄠ
抄本,1,ㄔㄠ ㄅㄣˇ
抄錄,1,ㄔㄠ ㄌㄨˋ
抄家,1,ㄔㄠ ㄐㄧㄚ
抄球,1,ㄔㄠ ㄑㄧㄡˊ
抄襲,1,ㄔㄠ ㄒㄧˊ
抄寫,1,ㄔㄠ ㄒㄧㄝˇ
抄小路,1,ㄔㄠ ㄒㄧㄠˇ ㄌㄨˋ
抄手,1,ㄔㄠ ㄕㄡˇ
鈔,1,ㄔㄠ
鈔票,1,ㄔㄠ ㄆㄧㄠˋ
超,1,ㄔㄠ
超拔,1,ㄔㄠ ㄅㄚˊ
超媒體,1,ㄔㄠ ㄇㄟˊ ㄊㄧˇ
超凡,1,ㄔㄠ ㄈㄢˊ
超凡入聖,1,ㄔㄠ ㄈㄢˊ ㄖㄨˋ ㄕㄥˋ
超貸,1,ㄔㄠ ㄉㄞˋ
超導體,1,ㄔㄠ ㄉㄠˇ ㄊㄧˇ
超等,1,ㄔㄠ ㄉㄥˇ
超渡,1,ㄔㄠ ㄉㄨˋ
超短波,1,ㄔㄠ ㄉㄨㄢˇ ㄅㄛ
超脫,1,ㄔㄠ ㄊㄨㄛ
超齡,1,ㄔㄠ ㄌㄧㄥˊ
超過,1,ㄔㄠ ㄍㄨㄛˋ
超級,1,ㄔㄠ ㄐㄧˊ
超級市場,1,ㄔㄠ ㄐㄧˊ ㄕˋ ㄔㄤˇ
超強,1,ㄔㄠ ㄑㄧㄤˊ
超群,1,ㄔㄠ ㄑㄩㄣˊ
超群絕倫,1,ㄔㄠ ㄑㄩㄣˊ ㄐㄩㄝˊ ㄌㄨㄣˊ
超新星,1,ㄔㄠ ㄒㄧㄣ ㄒㄧㄥ
超支,1,ㄔㄠ ㄓ
超車,1,ㄔㄠ ㄔㄜ
超出,1,ㄔㄠ ㄔㄨ
超收,1,ㄔㄠ ㄕㄡ
超生,1,ㄔㄠ ㄕㄥ
超然,1,ㄔㄠ ㄖㄢˊ
超然物外,1,ㄔㄠ ㄖㄢˊ ㄨˋ ㄨㄞˋ
超人,1,ㄔㄠ ㄖㄣˊ
超載,1,ㄔㄠ ㄗㄞˋ
超次,1,ㄔㄠ ㄘˋ
超速,1,ㄔㄠ ㄙㄨˋ
超額,1,ㄔㄠ ㄜˊ
超額貸款,1,ㄔㄠ ㄜˊ ㄉㄞˋ ㄎㄨㄢˇ
超音波,1,ㄔㄠ ㄧㄣ ㄅㄛ
超音速,1,ㄔㄠ ㄧㄣ ㄙㄨˋ
超文本,1,ㄔㄠ ㄨㄣˊ ㄅㄣˇ
超文本描述語言,1,ㄔㄠ ㄨㄣˊ ㄅㄣˇ ㄇㄧㄠˊ ㄕㄨˋ ㄩˇ ㄧㄢˊ
超文本傳輸協定,1,ㄔㄠ ㄨㄣˊ ㄅㄣˇ ㄔㄨㄢˊ ㄕㄨ ㄒㄧㄝˊ ㄉㄧㄥˋ
超越,1,ㄔㄠ ㄩㄝˋ
勦,1,ㄔㄠ
晁,1,ㄔㄠˊ
巢,1,ㄔㄠˊ
巢穴,1,ㄔㄠˊ ㄒㄩㄝˋ
朝,1,ㄔㄠˊ
朝拜,1,ㄔㄠˊ ㄅㄞˋ
朝代,1,ㄔㄠˊ ㄉㄞˋ
朝廷,1,ㄔㄠˊ ㄊㄧㄥˊ
朝貢,1,ㄔㄠˊ ㄍㄨㄥˋ
朝覲,1,ㄔㄠˊ ㄐㄧㄣˋ
朝向,1,ㄔㄠˊ ㄒㄧㄤˋ
朝政,1,ㄔㄠˊ ㄓㄥˋ
朝山,1,ㄔㄠˊ ㄕㄢ
朝聖,1,ㄔㄠˊ ㄕㄥˋ
朝野,1,ㄔㄠˊ ㄧㄝˇ
潮,1,ㄔㄠˊ
潮流,1,ㄔㄠˊ ㄌㄧㄡˊ
潮汐,1,ㄔㄠˊ ㄒㄧˋ
潮溼,1,ㄔㄠˊ ㄕ
潮水,1,ㄔㄠˊ ㄕㄨㄟˇ
潮湧,1,ㄔㄠˊ ㄩㄥˇ
嘲,1,ㄔㄠˊ
嘲諷,1,ㄔㄠˊ ㄈㄥˋ
漫罵,1,ㄇㄢˋ ㄇㄚˋ
嘲弄,1,ㄔㄠˊ ㄋㄨㄥˋ
嘲笑,1,ㄔㄠˊ ㄒㄧㄠˋ
吵,1,ㄔㄠˇ
吵鬧,1,ㄔㄠˇ ㄋㄠˋ
吵架,1,ㄔㄠˇ ㄐㄧㄚˋ
吵吵鬧鬧,1,ㄔㄠˇ ㄔㄠˇ ㄋㄠˋ ㄋㄠˋ
吵嚷,1,ㄔㄠˇ ㄖㄤˇ
吵嚷,1,ㄔㄠˇ ㄖㄤ˙
吵雜,1,ㄔㄠˇ ㄗㄚˊ
吵嘈,1,ㄔㄠˇ ㄘㄠˊ
炒,1,ㄔㄠˇ
炒地皮,1,ㄔㄠˇ ㄉㄧˋ ㄆㄧˊ
炒冷飯,1,ㄔㄠˇ ㄌㄥˇ ㄈㄢˋ
炒股票,1,ㄔㄠˇ ㄍㄨˇ ㄆㄧㄠˋ
炒作,1,ㄔㄠˇ ㄗㄨㄛˋ
炒菜,1,ㄔㄠˇ ㄘㄞˋ
炒魷魚,1,ㄔㄠˇ ㄧㄡˊ ㄩˊ
抽,1,ㄔㄡ
抽風機,1,ㄔㄡ ㄈㄥ ㄐㄧ
抽調,1,ㄔㄡ ㄉㄧㄠˋ
抽頭,1,ㄔㄡ ㄊㄡˊ
抽屜,1,ㄔㄡ ㄊㄧˋ
抽考,1,ㄔㄡ ㄎㄠˇ
抽空,1,ㄔㄡ ㄎㄨㄥˋ
抽筋,1,ㄔㄡ ㄐㄧㄣ
抽獎,1,ㄔㄡ ㄐㄧㄤˇ
抽球,1,ㄔㄡ ㄑㄧㄡˊ
抽籤,1,ㄔㄡ ㄑㄧㄢ
抽取,1,ㄔㄡ ㄑㄩˇ
抽血,1,ㄔㄡ ㄒㄧㄝˇ
抽象,1,ㄔㄡ ㄒㄧㄤˋ
抽象主義,1,ㄔㄡ ㄒㄧㄤˋ ㄓㄨˇ ㄧˋ
抽查,1,ㄔㄡ ㄔㄚˊ
抽搐,1,ㄔㄡ ㄔㄨˋ
抽身,1,ㄔㄡ ㄕㄣ
抽水機,1,ㄔㄡ ㄕㄨㄟˇ ㄐㄧ
抽絲剝繭,1,ㄔㄡ ㄙ ㄅㄛ ㄐㄧㄢˇ
抽油煙機,1,ㄔㄡ ㄧㄡˊ ㄧㄢ ㄐㄧ
抽菸,1,ㄔㄡ ㄧㄢ
抽驗,1,ㄔㄡ ㄧㄢˋ
抽樣,1,ㄔㄡ ㄧㄤˋ
仇,1,ㄔㄡˊ
仇敵,1,ㄔㄡˊ ㄉㄧˊ
仇恨,1,ㄔㄡˊ ㄏㄣˋ
仇隙,1,ㄔㄡˊ ㄒㄧˋ
仇視,1,ㄔㄡˊ ㄕˋ
仇人,1,ㄔㄡˊ ㄖㄣˊ
惆,1,ㄔㄡˊ
惆悵,1,ㄔㄡˊ ㄔㄤˋ
稠,1,ㄔㄡˊ
稠密,1,ㄔㄡˊ ㄇㄧˋ
綢,1,ㄔㄡˊ
綢繆,1,ㄔㄡˊ ㄇㄡˊ
綢緞,1,ㄔㄡˊ ㄉㄨㄢˋ
酬,1,ㄔㄡˊ
酬賓,1,ㄔㄡˊ ㄅㄧㄣ
酬勞,1,ㄔㄡˊ ㄌㄠˊ
酬謝,1,ㄔㄡˊ ㄒㄧㄝˋ
酬神,1,ㄔㄡˊ ㄕㄣˊ
酬酢,1,ㄔㄡˊ ㄗㄨㄛˋ
酬庸,1,ㄔㄡˊ ㄩㄥ
愁,1,ㄔㄡˊ
愁眉不展,1,ㄔㄡˊ ㄇㄟˊ ㄅㄨˋ ㄓㄢˇ
愁眉苦臉,1,ㄔㄡˊ ㄇㄟˊ ㄎㄨˇ ㄌㄧㄢˇ
愁苦,1,ㄔㄡˊ ㄎㄨˇ
愁緒,1,ㄔㄡˊ ㄒㄩˋ
愁腸,1,ㄔㄡˊ ㄔㄤˊ
愁容,1,ㄔㄡˊ ㄖㄨㄥˊ
愁雲,1,ㄔㄡˊ ㄩㄣˊ
愁雲慘霧,1,ㄔㄡˊ ㄩㄣˊ ㄘㄢˇ ㄨˋ
儔,1,ㄔㄡˊ
疇,1,ㄔㄡˊ
籌,1,ㄔㄡˊ
籌備,1,ㄔㄡˊ ㄅㄟˋ
籌辦,1,ㄔㄡˊ ㄅㄢˋ
籌碼,1,ㄔㄡˊ ㄇㄚˇ
籌募,1,ㄔㄡˊ ㄇㄨˋ
籌款,1,ㄔㄡˊ ㄎㄨㄢˇ
籌劃,1,ㄔㄡˊ ㄏㄨㄚˋ
籌集,1,ㄔㄡˊ ㄐㄧˊ
籌建,1,ㄔㄡˊ ㄐㄧㄢˋ
籌設,1,ㄔㄡˊ ㄕㄜˋ
籌資,1,ㄔㄡˊ ㄗ
籌組,1,ㄔㄡˊ ㄗㄨˇ
籌措,1,ㄔㄡˊ ㄘㄨㄛˋ
躊,1,ㄔㄡˊ
躊躇,1,ㄔㄡˊ ㄔㄨˊ
躊躇滿志,1,ㄔㄡˊ ㄔㄨˊ ㄇㄢˇ ㄓˋ
鯈,1,ㄔㄡˊ
讎,1,ㄔㄡˊ
丑,1,ㄔㄡˇ
丑角,1,ㄔㄡˇ ㄐㄩㄝˊ
丑角,1,ㄔㄡˇ ㄐㄧㄠˇ
瞅,1,ㄔㄡˇ
醜,1,ㄔㄡˇ
醜八怪,1,ㄔㄡˇ ㄅㄚ ㄍㄨㄞˋ
醜態,1,ㄔㄡˇ ㄊㄞˋ
醜態百出,1,ㄔㄡˇ ㄊㄞˋ ㄅㄞˇ ㄔㄨ
醜陋,1,ㄔㄡˇ ㄌㄡˋ
醜化,1,ㄔㄡˇ ㄏㄨㄚˋ
醜行,1,ㄔㄡˇ ㄒㄧㄥˊ
醜惡,1,ㄔㄡˇ ㄜˋ
醜聞,1,ㄔㄡˇ ㄨㄣˊ
臭,1,ㄔㄡˋ
臭皮匠,1,ㄔㄡˋ ㄆㄧˊ ㄐㄧㄤˋ
臭罵,1,ㄔㄡˋ ㄇㄚˋ
臭美,1,ㄔㄡˋ ㄇㄟˇ
臭名昭彰,1,ㄔㄡˋ ㄇㄧㄥˊ ㄓㄠ ㄓㄤ
臭豆腐,1,ㄔㄡˋ ㄉㄡˋ ㄈㄨˇ
臭氣,1,ㄔㄡˋ ㄑㄧˋ
臭氣沖天,1,ㄔㄡˋ ㄑㄧˋ ㄔㄨㄥ ㄊㄧㄢ
臭蟲,1,ㄔㄡˋ ㄔㄨㄥˊ
臭氧,1,ㄔㄡˋ ㄧㄤˇ
臭氧層,1,ㄔㄡˋ ㄧㄤˇ ㄘㄥˊ
臭味,1,ㄔㄡˋ ㄨㄟˋ
臭味相投,1,ㄔㄡˋ ㄨㄟˋ ㄒㄧㄤ ㄊㄡˊ
摻,1,ㄔㄢ
摻合,1,ㄔㄢ ㄏㄜˊ
摻雜,1,ㄔㄢ ㄗㄚˊ
攙,1,ㄔㄢ
攙扶,1,ㄔㄢ ㄈㄨˊ
攙和,1,ㄔㄢ ㄏㄨㄛˋ
攙雜,1,ㄔㄢ ㄗㄚˊ
單,1,ㄔㄢˊ
單于,1,ㄔㄢˊ ㄩˊ
嬋,1,ㄔㄢˊ
嬋娟,1,ㄔㄢˊ ㄐㄩㄢ
禪,1,ㄔㄢˊ
禪房,1,ㄔㄢˊ ㄈㄤˊ
禪定,1,ㄔㄢˊ ㄉㄧㄥˋ
禪堂,1,ㄔㄢˊ ㄊㄤˊ
禪學,1,ㄔㄢˊ ㄒㄩㄝˊ
禪師,1,ㄔㄢˊ ㄕ
禪宗,1,ㄔㄢˊ ㄗㄨㄥ
禪寺,1,ㄔㄢˊ ㄙˋ
蟬,1,ㄔㄢˊ
蟬蛻,1,ㄔㄢˊ ㄊㄨㄟˋ
蟬聯,1,ㄔㄢˊ ㄌㄧㄢˊ
蟬翼,1,ㄔㄢˊ ㄧˋ
孱,1,ㄔㄢˊ
孱弱,1,ㄔㄢˊ ㄖㄨㄛˋ
潺,1,ㄔㄢˊ
潺潺,1,ㄔㄢˊ ㄔㄢˊ
蟾,1,ㄔㄢˊ
蟾蜍,1,ㄔㄢˊ ㄔㄨˊ
巉,1,ㄔㄢˊ
讒,1,ㄔㄢˊ
讒言,1,ㄔㄢˊ ㄧㄢˊ
鑱,1,ㄔㄢˊ
饞,1,ㄔㄢˊ
饞涎欲滴,1,ㄔㄢˊ ㄒㄧㄢˊ ㄩˋ ㄉㄧ
纏,1,ㄔㄢˊ
纏綿,1,ㄔㄢˊ ㄇㄧㄢˊ
纏綿悱惻,1,ㄔㄢˊ ㄇㄧㄢˊ ㄈㄟˇ ㄘㄜˋ
纏鬥,1,ㄔㄢˊ ㄉㄡˋ
纏身,1,ㄔㄢˊ ㄕㄣ
纏繞,1,ㄔㄢˊ ㄖㄠˋ
纏足,1,ㄔㄢˊ ㄗㄨˊ
纏訟,1,ㄔㄢˊ ㄙㄨㄥˋ
產,1,ㄔㄢˇ
產婆,1,ㄔㄢˇ ㄆㄛˊ
產品,1,ㄔㄢˇ ㄆㄧㄣˇ
產房,1,ㄔㄢˇ ㄈㄤˊ
產婦,1,ㄔㄢˇ ㄈㄨˋ
產地,1,ㄔㄢˇ ㄉㄧˋ
產能,1,ㄔㄢˇ ㄋㄥˊ
產量,1,ㄔㄢˇ ㄌㄧㄤˋ
產科,1,ㄔㄢˇ ㄎㄜ
產假,1,ㄔㄢˇ ㄐㄧㄚˋ
產權,1,ㄔㄢˇ ㄑㄩㄢˊ
產銷,1,ㄔㄢˇ ㄒㄧㄠ
產險,1,ㄔㄢˇ ㄒㄧㄢˇ
產值,1,ㄔㄢˇ ㄓˊ
產生,1,ㄔㄢˇ ㄕㄥ
產褥熱,1,ㄔㄢˇ ㄖㄨˋ ㄖㄜˋ
產業,1,ㄔㄢˇ ㄧㄝˋ
產物,1,ㄔㄢˇ ㄨˋ
產物保險,1,ㄔㄢˇ ㄨˋ ㄅㄠˇ ㄒㄧㄢˇ
剷,1,ㄔㄢˇ
剷平,1,ㄔㄢˇ ㄆㄧㄥˊ
剷除,1,ㄔㄢˇ ㄔㄨˊ
鏟,1,ㄔㄢˇ
鏟除,1,ㄔㄢˇ ㄔㄨˊ
鏟子,1,ㄔㄢˇ ㄗ˙
諂,1,ㄔㄢˇ
諂媚,1,ㄔㄢˇ ㄇㄟˋ
闡,1,ㄔㄢˇ
闡明,1,ㄔㄢˇ ㄇㄧㄥˊ
闡釋,1,ㄔㄢˇ ㄕˋ
闡述,1,ㄔㄢˇ ㄕㄨˋ
闡揚,1,ㄔㄢˇ ㄧㄤˊ
懺,1,ㄔㄢˋ
懺悔,1,ㄔㄢˋ ㄏㄨㄟˇ
羼,1,ㄔㄢˋ
羼水,1,ㄔㄢˋ ㄕㄨㄟˇ
琛,1,ㄔㄣ
嗔,1,ㄔㄣ
嗔怒,1,ㄔㄣ ㄋㄨˋ
瞋,1,ㄔㄣ
臣,1,ㄔㄣˊ
臣民,1,ㄔㄣˊ ㄇㄧㄣˊ
臣服,1,ㄔㄣˊ ㄈㄨˊ
臣子,1,ㄔㄣˊ ㄗˇ
沉,1,ㄔㄣˊ
沉沒,1,ㄔㄣˊ ㄇㄛˋ
沉默,1,ㄔㄣˊ ㄇㄛˋ
沉默寡言,1,ㄔㄣˊ ㄇㄛˋ ㄍㄨㄚˇ ㄧㄢˊ
沉悶,1,ㄔㄣˊ ㄇㄣˋ
沉迷,1,ㄔㄣˊ ㄇㄧˊ
沉浮,1,ㄔㄣˊ ㄈㄨˊ
沉澱,1,ㄔㄣˊ ㄉㄧㄢˋ
沉痛,1,ㄔㄣˊ ㄊㄨㄥˋ
沉溺,1,ㄔㄣˊ ㄋㄧˋ
沉淪,1,ㄔㄣˊ ㄌㄨㄣˊ
沉厚,1,ㄔㄣˊ ㄏㄡˋ
沉積,1,ㄔㄣˊ ㄐㄧ
沉積岩,1,ㄔㄣˊ ㄐㄧ ㄧㄢˊ
沉寂,1,ㄔㄣˊ ㄐㄧˊ
沉浸,1,ㄔㄣˊ ㄐㄧㄣˋ
沉靜,1,ㄔㄣˊ ㄐㄧㄥˋ
沉陷,1,ㄔㄣˊ ㄒㄧㄢˋ
沉香,1,ㄔㄣˊ ㄒㄧㄤ
沉著,1,ㄔㄣˊ ㄓㄨㄛˊ
沉重,1,ㄔㄣˊ ㄓㄨㄥˋ
沉睡,1,ㄔㄣˊ ㄕㄨㄟˋ
沉醉,1,ㄔㄣˊ ㄗㄨㄟˋ
沉思,1,ㄔㄣˊ ㄙ
沉痾,1,ㄔㄣˊ ㄜ
沉吟,1,ㄔㄣˊ ㄧㄣˊ
沉穩,1,ㄔㄣˊ ㄨㄣˇ
沉魚落雁,1,ㄔㄣˊ ㄩˊ ㄌㄨㄛˋ ㄧㄢˋ
沉冤,1,ㄔㄣˊ ㄩㄢ
忱,1,ㄔㄣˊ
辰,1,ㄔㄣˊ
宸,1,ㄔㄣˊ
晨,1,ㄔㄣˊ
晨跑,1,ㄔㄣˊ ㄆㄠˇ
晨光,1,ㄔㄣˊ ㄍㄨㄤ
晨昏,1,ㄔㄣˊ ㄏㄨㄣ
晨曦,1,ㄔㄣˊ ㄒㄧ
陳,1,ㄔㄣˊ
陳皮,1,ㄔㄣˊ ㄆㄧˊ
陳腐,1,ㄔㄣˊ ㄈㄨˇ
陳年,1,ㄔㄣˊ ㄋㄧㄢˊ
陳列,1,ㄔㄣˊ ㄌㄧㄝˋ
陳跡,1,ㄔㄣˊ ㄐㄧ
陳舊,1,ㄔㄣˊ ㄐㄧㄡˋ
陳腔濫調,1,ㄔㄣˊ ㄑㄧㄤ ㄌㄢˋ ㄉㄧㄠˋ
陳情,1,ㄔㄣˊ ㄑㄧㄥˊ
陳請,1,ㄔㄣˊ ㄑㄧㄥˇ
陳陳相因,1,ㄔㄣˊ ㄔㄣˊ ㄒㄧㄤ ㄧㄣ
陳事,1,ㄔㄣˊ ㄕˋ
陳設,1,ㄔㄣˊ ㄕㄜˋ
陳述,1,ㄔㄣˊ ㄕㄨˋ
陳訴,1,ㄔㄣˊ ㄙㄨˋ
陳義過高,1,ㄔㄣˊ ㄧˋ ㄍㄨㄛˋ ㄍㄠ
湛,1,ㄔㄣˊ
諶,1,ㄔㄣˊ
塵,1,ㄔㄣˊ
塵肺症,1,ㄔㄣˊ ㄈㄟˋ ㄓㄥˋ
塵封,1,ㄔㄣˊ ㄈㄥ
塵土,1,ㄔㄣˊ ㄊㄨˇ
塵垢,1,ㄔㄣˊ ㄍㄡˋ
塵囂,1,ㄔㄣˊ ㄒㄧㄠ
塵世,1,ㄔㄣˊ ㄕˋ
塵俗,1,ㄔㄣˊ ㄙㄨˊ
塵埃,1,ㄔㄣˊ ㄞ
塵埃落定,1,ㄔㄣˊ ㄞ ㄌㄨㄛˋ ㄉㄧㄥˋ
塵緣,1,ㄔㄣˊ ㄩㄢˊ
疢,1,ㄔㄣˋ
趁,1,ㄔㄣˋ
趁便,1,ㄔㄣˋ ㄅㄧㄢˋ
趁火打劫,1,ㄔㄣˋ ㄏㄨㄛˇ ㄉㄚˇ ㄐㄧㄝˊ
趁機,1,ㄔㄣˋ ㄐㄧ
趁虛而入,1,ㄔㄣˋ ㄒㄩ ㄦˊ ㄖㄨˋ
趁勢,1,ㄔㄣˋ ㄕˋ
趁熱,1,ㄔㄣˋ ㄖㄜˋ
趁人不備,1,ㄔㄣˋ ㄖㄣˊ ㄅㄨˋ ㄅㄟˋ
趁人不備,1,ㄔㄣˋ ㄖㄣˊ ㄅㄨˊ ㄅㄟˋ
趁人之危,1,ㄔㄣˋ ㄖㄣˊ ㄓ ㄨㄟˊ
趁早,1,ㄔㄣˋ ㄗㄠˇ
齔,1,ㄔㄣˋ
櫬,1,ㄔㄣˋ
襯,1,ㄔㄣˋ
襯托,1,ㄔㄣˋ ㄊㄨㄛ
襯裡,1,ㄔㄣˋ ㄌㄧˇ
襯裙,1,ㄔㄣˋ ㄑㄩㄣˊ
襯衫,1,ㄔㄣˋ ㄕㄢ
襯衣,1,ㄔㄣˋ ㄧ
襯映,1,ㄔㄣˋ ㄧㄥˋ
讖,1,ㄔㄣˋ
讖緯,1,ㄔㄣˋ ㄨㄟˇ
昌,1,ㄔㄤ
昌明,1,ㄔㄤ ㄇㄧㄥˊ
昌隆,1,ㄔㄤ ㄌㄨㄥˊ
昌盛,1,ㄔㄤ ㄕㄥˋ
倡,1,ㄔㄤ
猖,1,ㄔㄤ
猖狂,1,ㄔㄤ ㄎㄨㄤˊ
猖獗,1,ㄔㄤ ㄐㄩㄝˊ
娼,1,ㄔㄤ
娼妓,1,ㄔㄤ ㄐㄧˋ
菖,1,ㄔㄤ
鯧,1,ㄔㄤ
鯧魚,1,ㄔㄤ ㄩˊ
倀,1,ㄔㄤ
長,1,ㄔㄤˊ
長臂猿,1,ㄔㄤˊ ㄅㄧˋ ㄩㄢˊ
長濱文化,1,ㄔㄤˊ ㄅㄧㄣ ㄨㄣˊ ㄏㄨㄚˋ
長袍,1,ㄔㄤˊ ㄆㄠˊ
長跑,1,ㄔㄤˊ ㄆㄠˇ
長篇大論,1,ㄔㄤˊ ㄆㄧㄢ ㄉㄚˋ ㄌㄨㄣˋ
長篇小說,1,ㄔㄤˊ ㄆㄧㄢ ㄒㄧㄠˇ ㄕㄨㄛ
長眠,1,ㄔㄤˊ ㄇㄧㄢˊ
長命,1,ㄔㄤˊ ㄇㄧㄥˋ
長命百歲,1,ㄔㄤˊ ㄇㄧㄥˋ ㄅㄞˇ ㄙㄨㄟˋ
長命鎖,1,ㄔㄤˊ ㄇㄧㄥˋ ㄙㄨㄛˇ
長方體,1,ㄔㄤˊ ㄈㄤ ㄊㄧˇ
長方形,1,ㄔㄤˊ ㄈㄤ ㄒㄧㄥˊ
長笛,1,ㄔㄤˊ ㄉㄧˊ
長度,1,ㄔㄤˊ ㄉㄨˋ
長短,1,ㄔㄤˊ ㄉㄨㄢˇ
長談,1,ㄔㄤˊ ㄊㄢˊ
長嘆,1,ㄔㄤˊ ㄊㄢˋ
長途,1,ㄔㄤˊ ㄊㄨˊ
長途跋涉,1,ㄔㄤˊ ㄊㄨˊ ㄅㄚˊ ㄕㄜˋ
長年,1,ㄔㄤˊ ㄋㄧㄢˊ
長年菜,1,ㄔㄤˊ ㄋㄧㄢˊ ㄘㄞˋ
長龍,1,ㄔㄤˊ ㄌㄨㄥˊ
長跪,1,ㄔㄤˊ ㄍㄨㄟˋ
長工,1,ㄔㄤˊ ㄍㄨㄥ
長黑,1,ㄔㄤˊ ㄏㄟ
長話短說,1,ㄔㄤˊ ㄏㄨㄚˋ ㄉㄨㄢˇ ㄕㄨㄛ
長紅,1,ㄔㄤˊ ㄏㄨㄥˊ
長假,1,ㄔㄤˊ ㄐㄧㄚˋ
長焦距鏡頭,1,ㄔㄤˊ ㄐㄧㄠ ㄐㄩˋ ㄐㄧㄥˋ ㄊㄡˊ
長久,1,ㄔㄤˊ ㄐㄧㄡˇ
長頸鹿,1,ㄔㄤˊ ㄐㄧㄥˇ ㄌㄨˋ
長鏡頭,1,ㄔㄤˊ ㄐㄧㄥˋ ㄊㄡˊ
長居,1,ㄔㄤˊ ㄐㄩ
長期,1,ㄔㄤˊ ㄑㄧˊ
長青,1,ㄔㄤˊ ㄑㄧㄥ
長青學苑,1,ㄔㄤˊ ㄑㄧㄥ ㄒㄩㄝˊ ㄩㄢˋ
長青樹,1,ㄔㄤˊ ㄑㄧㄥ ㄕㄨˋ
長驅直入,1,ㄔㄤˊ ㄑㄩ ㄓˊ ㄖㄨˋ
長夏,1,ㄔㄤˊ ㄒㄧㄚˋ
長袖善舞,1,ㄔㄤˊ ㄒㄧㄡˋ ㄕㄢˋ ㄨˇ
長吁短嘆,1,ㄔㄤˊ ㄒㄩ ㄉㄨㄢˇ ㄊㄢˋ
長治久安,1,ㄔㄤˊ ㄓˋ ㄐㄧㄡˇ ㄢ
長征,1,ㄔㄤˊ ㄓㄥ
長程,1,ㄔㄤˊ ㄔㄥˊ
長處,1,ㄔㄤˊ ㄔㄨˋ
長逝,1,ㄔㄤˊ ㄕˋ
長舌,1,ㄔㄤˊ ㄕㄜˊ
長壽,1,ㄔㄤˊ ㄕㄡˋ
長衫,1,ㄔㄤˊ ㄕㄢ
長生,1,ㄔㄤˊ ㄕㄥ
長生不老,1,ㄔㄤˊ ㄕㄥ ㄅㄨˋ ㄌㄠˇ
長人,1,ㄔㄤˊ ㄖㄣˊ
長足進步,1,ㄔㄤˊ ㄗㄨˊ ㄐㄧㄣˋ ㄅㄨˋ
長此以往,1,ㄔㄤˊ ㄘˇ ㄧˇ ㄨㄤˇ
長才,1,ㄔㄤˊ ㄘㄞˊ
長揖,1,ㄔㄤˊ ㄧ
長夜,1,ㄔㄤˊ ㄧㄝˋ
長遠,1,ㄔㄤˊ ㄩㄢˇ
倘,1,ㄔㄤˊ
倘佯,1,ㄔㄤˊ ㄧㄤˊ
常,1,ㄔㄤˊ
常態,1,ㄔㄤˊ ㄊㄞˋ
常態分班,1,ㄔㄤˊ ㄊㄞˋ ㄈㄣ ㄅㄢ
常談,1,ㄔㄤˊ ㄊㄢˊ
常年,1,ㄔㄤˊ ㄋㄧㄢˊ
常理,1,ㄔㄤˊ ㄌㄧˇ
常例,1,ㄔㄤˊ ㄌㄧˋ
常規,1,ㄔㄤˊ ㄍㄨㄟ
常軌,1,ㄔㄤˊ ㄍㄨㄟˇ
常客,1,ㄔㄤˊ ㄎㄜˋ
常見,1,ㄔㄤˊ ㄐㄧㄢˋ
常情,1,ㄔㄤˊ ㄑㄧㄥˊ
常駐,1,ㄔㄤˊ ㄓㄨˋ
常常,1,ㄔㄤˊ ㄔㄤˊ
常識,1,ㄔㄤˊ ㄕˋ
常設,1,ㄔㄤˊ ㄕㄜˋ
常數,1,ㄔㄤˊ ㄕㄨˋ
常人,1,ㄔㄤˊ ㄖㄣˊ
常言,1,ㄔㄤˊ ㄧㄢˊ
常務,1,ㄔㄤˊ ㄨˋ
常溫,1,ㄔㄤˊ ㄨㄣ
徜,1,ㄔㄤˊ
徜徉,1,ㄔㄤˊ ㄧㄤˊ
裳,1,ㄔㄤˊ
嘗,1,ㄔㄤˊ
嘗試,1,ㄔㄤˊ ㄕˋ
嫦,1,ㄔㄤˊ
嫦娥奔月,1,ㄔㄤˊ ㄜˊ ㄅㄣ ㄩㄝˋ
嚐,1,ㄔㄤˊ
償,1,ㄔㄤˊ
償命,1,ㄔㄤˊ ㄇㄧㄥˋ
償付,1,ㄔㄤˊ ㄈㄨˋ
償還,1,ㄔㄤˊ ㄏㄨㄢˊ
償債,1,ㄔㄤˊ ㄓㄞˋ
腸,1,ㄔㄤˊ
腸子,1,ㄔㄤˊ ㄗ˙
腸胃,1,ㄔㄤˊ ㄨㄟˋ
昶,1,ㄔㄤˇ
場,1,ㄔㄤˇ
場面,1,ㄔㄤˇ ㄇㄧㄢˋ
場地,1,ㄔㄤˇ ㄉㄧˋ
場合,1,ㄔㄤˇ ㄏㄜˊ
場記,1,ㄔㄤˇ ㄐㄧˋ
場子,1,ㄔㄤˇ ㄗ˙
場次,1,ㄔㄤˇ ㄘˋ
場所,1,ㄔㄤˇ ㄙㄨㄛˇ
敞,1,ㄔㄤˇ
敞篷車,1,ㄔㄤˇ ㄆㄥˊ ㄔㄜ
敞廳,1,ㄔㄤˇ ㄊㄧㄥ
敞開,1,ㄔㄤˇ ㄎㄞ
廠,1,ㄔㄤˇ
廠牌,1,ㄔㄤˇ ㄆㄞˊ
廠棚,1,ㄔㄤˇ ㄆㄥˊ
廠房,1,ㄔㄤˇ ㄈㄤˊ
廠長,1,ㄔㄤˇ ㄓㄤˇ
廠商,1,ㄔㄤˇ ㄕㄤ
氅,1,ㄔㄤˇ
倡,1,ㄔㄤˋ
倡導,1,ㄔㄤˋ ㄉㄠˇ
倡議,1,ㄔㄤˋ ㄧˋ
倡言,1,ㄔㄤˋ ㄧㄢˊ
唱,1,ㄔㄤˋ
唱盤,1,ㄔㄤˋ ㄆㄢˊ
唱票,1,ㄔㄤˋ ㄆㄧㄠˋ
唱片,1,ㄔㄤˋ ㄆㄧㄢˋ
唱名,1,ㄔㄤˋ ㄇㄧㄥˊ
唱反調,1,ㄔㄤˋ ㄈㄢˇ ㄉㄧㄠˋ
唱獨角戲,1,ㄔㄤˋ ㄉㄨˊ ㄐㄩㄝˊ ㄒㄧˋ
唱獨角戲,1,ㄔㄤˋ ㄉㄨˊ ㄐㄧㄠˇ ㄒㄧˋ
唱高調,1,ㄔㄤˋ ㄍㄠ ㄉㄧㄠˋ
唱空城計,1,ㄔㄤˋ ㄎㄨㄥ ㄔㄥˊ ㄐㄧˋ
唱和,1,ㄔㄤˋ ㄏㄜˋ
唱機,1,ㄔㄤˋ ㄐㄧ
唱腔,1,ㄔㄤˋ ㄑㄧㄤ
唱戲,1,ㄔㄤˋ ㄒㄧˋ
唱針,1,ㄔㄤˋ ㄓㄣ
唱作俱佳,1,ㄔㄤˋ ㄗㄨㄛˋ ㄐㄩˋ ㄐㄧㄚ
唱遊,1,ㄔㄤˋ ㄧㄡˊ
悵,1,ㄔㄤˋ
悵然,1,ㄔㄤˋ ㄖㄢˊ
悵惘,1,ㄔㄤˋ ㄨㄤˇ
暢,1,ㄔㄤˋ
暢談,1,ㄔㄤˋ ㄊㄢˊ
暢通,1,ㄔㄤˋ ㄊㄨㄥ
暢快,1,ㄔㄤˋ ㄎㄨㄞˋ
暢懷,1,ㄔㄤˋ ㄏㄨㄞˊ
暢銷,1,ㄔㄤˋ ㄒㄧㄠ
暢行無阻,1,ㄔㄤˋ ㄒㄧㄥˊ ㄨˊ ㄗㄨˇ
暢所欲言,1,ㄔㄤˋ ㄙㄨㄛˇ ㄩˋ ㄧㄢˊ
暢遊,1,ㄔㄤˋ ㄧㄡˊ
暢飲,1,ㄔㄤˋ ㄧㄣˇ
暢旺,1,ㄔㄤˋ ㄨㄤˋ
偁,1,ㄔㄥ
稱,1,ㄔㄥ
稱霸,1,ㄔㄥ ㄅㄚˋ
稱道,1,ㄔㄥ ㄉㄠˋ
稱快,1,ㄔㄥ ㄎㄨㄞˋ
稱號,1,ㄔㄥ ㄏㄠˋ
稱呼,1,ㄔㄥ ㄏㄨ
稱慶,1,ㄔㄥ ㄑㄧㄥˋ
稱謝,1,ㄔㄥ ㄒㄧㄝˋ
稱羨,1,ㄔㄥ ㄒㄧㄢˋ
稱許,1,ㄔㄥ ㄒㄩˇ
稱兄道弟,1,ㄔㄥ ㄒㄩㄥ ㄉㄠˋ ㄉㄧˋ
稱雄,1,ㄔㄥ ㄒㄩㄥˊ
稱讚,1,ㄔㄥ ㄗㄢˋ
稱頌,1,ㄔㄥ ㄙㄨㄥˋ
稱謂,1,ㄔㄥ ㄨㄟˋ
稱王封后,1,ㄔㄥ ㄨㄤˊ ㄈㄥ ㄏㄡˋ
稱譽,1,ㄔㄥ ㄩˋ
琤,1,ㄔㄥ
撐,1,ㄔㄥ
撐不住,1,ㄔㄥ ㄅㄨˋ ㄓㄨˋ
撐不住,1,ㄔㄥ ㄅㄨˊ ㄓㄨˋ
撐竿跳,1,ㄔㄥ ㄍㄢ ㄊㄧㄠˋ
撐開,1,ㄔㄥ ㄎㄞ
撐場面,1,ㄔㄥ ㄔㄤˇ ㄇㄧㄢˋ
撐船,1,ㄔㄥ ㄔㄨㄢˊ
撐腰,1,ㄔㄥ ㄧㄠ
瞠,1,ㄔㄥ
瞠目,1,ㄔㄥ ㄇㄨˋ
瞠目結舌,1,ㄔㄥ ㄇㄨˋ ㄐㄧㄝˊ ㄕㄜˊ
瞠乎其後,1,ㄔㄥ ㄏㄨ ㄑㄧˊ ㄏㄡˋ
鐺,1,ㄔㄥ
成,1,ㄔㄥˊ
成敗,1,ㄔㄥˊ ㄅㄞˋ
成本,1,ㄔㄥˊ ㄅㄣˇ
成品,1,ㄔㄥˊ ㄆㄧㄣˇ
成名,1,ㄔㄥˊ ㄇㄧㄥˊ
成命,1,ㄔㄥˊ ㄇㄧㄥˋ
成分,1,ㄔㄥˊ ㄈㄣˋ
成天,1,ㄔㄥˊ ㄊㄧㄢ
成年,1,ㄔㄥˊ ㄋㄧㄢˊ
成年累月,1,ㄔㄥˊ ㄋㄧㄢˊ ㄌㄟˇ ㄩㄝˋ
成立,1,ㄔㄥˊ ㄌㄧˋ
成果,1,ㄔㄥˊ ㄍㄨㄛˇ
成規,1,ㄔㄥˊ ㄍㄨㄟ
成功,1,ㄔㄥˊ ㄍㄨㄥ
成婚,1,ㄔㄥˊ ㄏㄨㄣ
成績,1,ㄔㄥˊ ㄐㄧ
成家,1,ㄔㄥˊ ㄐㄧㄚ
成家立業,1,ㄔㄥˊ ㄐㄧㄚ ㄌㄧˋ ㄧㄝˋ
成交,1,ㄔㄥˊ ㄐㄧㄠ
成就,1,ㄔㄥˊ ㄐㄧㄡˋ
成見,1,ㄔㄥˊ ㄐㄧㄢˋ
成器,1,ㄔㄥˊ ㄑㄧˋ
成氣候,1,ㄔㄥˊ ㄑㄧˋ ㄏㄡˋ
成千上萬,1,ㄔㄥˊ ㄑㄧㄢ ㄕㄤˋ ㄨㄢˋ
成親,1,ㄔㄥˊ ㄑㄧㄣ
成擒,1,ㄔㄥˊ ㄑㄧㄣˊ
成全,1,ㄔㄥˊ ㄑㄩㄢˊ
成群,1,ㄔㄥˊ ㄑㄩㄣˊ
成群結隊,1,ㄔㄥˊ ㄑㄩㄣˊ ㄐㄧㄝˊ ㄉㄨㄟˋ
成效,1,ㄔㄥˊ ㄒㄧㄠˋ
成行,1,ㄔㄥˊ ㄒㄧㄥˊ
成長,1,ㄔㄥˊ ㄓㄤˇ
成長率,1,ㄔㄥˊ ㄓㄤˇ ㄌㄩˋ
成竹在胸,1,ㄔㄥˊ ㄓㄨˊ ㄗㄞˋ ㄒㄩㄥ
成蟲,1,ㄔㄥˊ ㄔㄨㄥˊ
成事不足敗事有餘,1,ㄔㄥˊ ㄕˋ ㄅㄨˋ ㄗㄨˊ ㄅㄞˋ ㄕˋ ㄧㄡˇ ㄩˊ
成熟,1,ㄔㄥˊ ㄕㄡˊ
成數,1,ㄔㄥˊ ㄕㄨˋ
成人,1,ㄔㄥˊ ㄖㄣˊ
成人教育,1,ㄔㄥˊ ㄖㄣˊ ㄐㄧㄠˋ ㄩˋ
成人之美,1,ㄔㄥˊ ㄖㄣˊ ㄓ ㄇㄟˇ
成仁,1,ㄔㄥˊ ㄖㄣˊ
成仁取義,1,ㄔㄥˊ ㄖㄣˊ ㄑㄩˇ ㄧˋ
成材,1,ㄔㄥˊ ㄘㄞˊ
成色,1,ㄔㄥˊ ㄙㄜˋ
成衣,1,ㄔㄥˊ ㄧ
成藥,1,ㄔㄥˊ ㄧㄠˋ
成文,1,ㄔㄥˊ ㄨㄣˊ
成語,1,ㄔㄥˊ ㄩˇ
成員,1,ㄔㄥˊ ㄩㄢˊ
城,1,ㄔㄥˊ
城堡,1,ㄔㄥˊ ㄅㄠˇ
城門,1,ㄔㄥˊ ㄇㄣˊ
城門失火殃及池魚,1,ㄔㄥˊ ㄇㄣˊ ㄕ ㄏㄨㄛˇ ㄧㄤ ㄐㄧˊ ㄔˊ ㄩˊ
城府,1,ㄔㄥˊ ㄈㄨˇ
城樓,1,ㄔㄥˊ ㄌㄡˊ
城開不夜,1,ㄔㄥˊ ㄎㄞ ㄅㄨˋ ㄧㄝˋ
城開不夜,1,ㄔㄥˊ ㄎㄞ ㄅㄨˊ ㄧㄝˋ
城隍,1,ㄔㄥˊ ㄏㄨㄤˊ
城區,1,ㄔㄥˊ ㄑㄩ
城下之盟,1,ㄔㄥˊ ㄒㄧㄚˋ ㄓ ㄇㄥˊ
城鄉,1,ㄔㄥˊ ㄒㄧㄤ
城鎮,1,ㄔㄥˊ ㄓㄣˋ
城池,1,ㄔㄥˊ ㄔˊ
城市,1,ㄔㄥˊ ㄕˋ
城垣,1,ㄔㄥˊ ㄩㄢˊ
盛,1,ㄔㄥˊ
盛放,1,ㄔㄥˊ ㄈㄤˋ
盛器,1,ㄔㄥˊ ㄑㄧˋ
誠,1,ㄔㄥˊ
誠懇,1,ㄔㄥˊ ㄎㄣˇ
誠惶誠恐,1,ㄔㄥˊ ㄏㄨㄤˊ ㄔㄥˊ ㄎㄨㄥˇ
誠敬,1,ㄔㄥˊ ㄐㄧㄥˋ
誠心,1,ㄔㄥˊ ㄒㄧㄣ
誠心誠意,1,ㄔㄥˊ ㄒㄧㄣ ㄔㄥˊ ㄧˋ
誠信,1,ㄔㄥˊ ㄒㄧㄣˋ
誠信原則,1,ㄔㄥˊ ㄒㄧㄣˋ ㄩㄢˊ ㄗㄜˊ
誠摯,1,ㄔㄥˊ ㄓˋ
誠實,1,ㄔㄥˊ ㄕˊ
誠然,1,ㄔㄥˊ ㄖㄢˊ
誠意,1,ㄔㄥˊ ㄧˋ
丞,1,ㄔㄥˊ
丞相,1,ㄔㄥˊ ㄒㄧㄤˋ
承,1,ㄔㄥˊ
承包,1,ㄔㄥˊ ㄅㄠ
承辦,1,ㄔㄥˊ ㄅㄢˋ
承平,1,ㄔㄥˊ ㄆㄧㄥˊ
承蒙,1,ㄔㄥˊ ㄇㄥˊ
承擔,1,ㄔㄥˊ ㄉㄢ
承當,1,ㄔㄥˊ ㄉㄤ
承諾,1,ㄔㄥˊ ㄋㄨㄛˋ
承攬,1,ㄔㄥˊ ㄌㄢˇ
承購,1,ㄔㄥˊ ㄍㄡˋ
承歡,1,ㄔㄥˊ ㄏㄨㄢ
承繼,1,ㄔㄥˊ ㄐㄧˋ
承接,1,ㄔㄥˊ ㄐㄧㄝ
承襲,1,ㄔㄥˊ ㄒㄧˊ
承銷,1,ㄔㄥˊ ㄒㄧㄠ
承先啟後,1,ㄔㄥˊ ㄒㄧㄢ ㄑㄧˇ ㄏㄡˋ
承製,1,ㄔㄥˊ ㄓˋ
承受,1,ㄔㄥˊ ㄕㄡˋ
承上啟下,1,ㄔㄥˊ ㄕㄤˋ ㄑㄧˇ ㄒㄧㄚˋ
承認,1,ㄔㄥˊ ㄖㄣˋ
承造,1,ㄔㄥˊ ㄗㄠˋ
承租,1,ㄔㄥˊ ㄗㄨ
呈,1,ㄔㄥˊ
呈報,1,ㄔㄥˊ ㄅㄠˋ
呈遞,1,ㄔㄥˊ ㄉㄧˋ
呈露,1,ㄔㄥˊ ㄌㄨˋ
呈交,1,ㄔㄥˊ ㄐㄧㄠ
呈請,1,ㄔㄥˊ ㄑㄧㄥˇ
呈現,1,ㄔㄥˊ ㄒㄧㄢˋ
呈獻,1,ㄔㄥˊ ㄒㄧㄢˋ
呈上,1,ㄔㄥˊ ㄕㄤˋ
程,1,ㄔㄥˊ
程度,1,ㄔㄥˊ ㄉㄨˋ
程序,1,ㄔㄥˊ ㄒㄩˋ
程式,1,ㄔㄥˊ ㄕˋ
程式設計,1,ㄔㄥˊ ㄕˋ ㄕㄜˋ ㄐㄧˋ
裎,1,ㄔㄥˊ
酲,1,ㄔㄥˊ
乘,1,ㄔㄥˊ
乘法,1,ㄔㄥˊ ㄈㄚˇ
乘風破浪,1,ㄔㄥˊ ㄈㄥ ㄆㄛˋ ㄌㄤˋ
乘涼,1,ㄔㄥˊ ㄌㄧㄤˊ
乘客,1,ㄔㄥˊ ㄎㄜˋ
乘機,1,ㄔㄥˊ ㄐㄧ
乘興,1,ㄔㄥˊ ㄒㄧㄥˋ
乘虛而入,1,ㄔㄥˊ ㄒㄩ ㄦˊ ㄖㄨˋ
乘除,1,ㄔㄥˊ ㄔㄨˊ
乘勝追擊,1,ㄔㄥˊ ㄕㄥˋ ㄓㄨㄟ ㄐㄧˊ
乘數,1,ㄔㄥˊ ㄕㄨˋ
乘人之危,1,ㄔㄥˊ ㄖㄣˊ ㄓ ㄨㄟˊ
乘坐,1,ㄔㄥˊ ㄗㄨㄛˋ
澄,1,ㄔㄥˊ
澄明,1,ㄔㄥˊ ㄇㄧㄥˊ
澄清,1,ㄔㄥˊ ㄑㄧㄥ
澄澈,1,ㄔㄥˊ ㄔㄜˋ
橙,1,ㄔㄥˊ
橙色,1,ㄔㄥˊ ㄙㄜˋ
懲,1,ㄔㄥˊ
懲罰,1,ㄔㄥˊ ㄈㄚˊ
懲戒,1,ㄔㄥˊ ㄐㄧㄝˋ
懲前毖後,1,ㄔㄥˊ ㄑㄧㄢˊ ㄅㄧˋ ㄏㄡˋ
懲治,1,ㄔㄥˊ ㄓˋ
懲處,1,ㄔㄥˊ ㄔㄨˇ
懲惡獎善,1,ㄔㄥˊ ㄜˋ ㄐㄧㄤˇ ㄕㄢˋ
逞,1,ㄔㄥˇ
逞能,1,ㄔㄥˇ ㄋㄥˊ
逞強,1,ㄔㄥˇ ㄑㄧㄤˊ
逞凶,1,ㄔㄥˇ ㄒㄩㄥ
逞威風,1,ㄔㄥˇ ㄨㄟ ㄈㄥ
騁,1,ㄔㄥˇ
秤,1,ㄔㄥˋ
秤錘,1,ㄔㄥˋ ㄔㄨㄟˊ
稱,1,ㄔㄥˋ
稱心,1,ㄔㄥˋ ㄒㄧㄣ
稱心如意,1,ㄔㄥˋ ㄒㄧㄣ ㄖㄨˊ ㄧˋ
稱職,1,ㄔㄥˋ ㄓˊ
稱身,1,ㄔㄥˋ ㄕㄣ
出,1,ㄔㄨ
出版,1,ㄔㄨ ㄅㄢˇ
出殯,1,ㄔㄨ ㄅㄧㄣˋ
出兵,1,ㄔㄨ ㄅㄧㄥ
出品,1,ㄔㄨ ㄆㄧㄣˇ
出馬,1,ㄔㄨ ㄇㄚˇ
出沒,1,ㄔㄨ ㄇㄛˋ
出賣,1,ㄔㄨ ㄇㄞˋ
出門,1,ㄔㄨ ㄇㄣˊ
出面,1,ㄔㄨ ㄇㄧㄢˋ
出名,1,ㄔㄨ ㄇㄧㄥˊ
出發,1,ㄔㄨ ㄈㄚ
出發點,1,ㄔㄨ ㄈㄚ ㄉㄧㄢˇ
出風頭,1,ㄔㄨ ㄈㄥ ㄊㄡ˙
出道,1,ㄔㄨ ㄉㄠˋ
出點子,1,ㄔㄨ ㄉㄧㄢˇ ㄗ˙
出動,1,ㄔㄨ ㄉㄨㄥˋ
出頭,1,ㄔㄨ ㄊㄡˊ
出庭,1,ㄔㄨ ㄊㄧㄥˊ
出土,1,ㄔㄨ ㄊㄨˇ
出土文物,1,ㄔㄨ ㄊㄨˇ ㄨㄣˊ ㄨˋ
出脫,1,ㄔㄨ ㄊㄨㄛ
出納,1,ㄔㄨ ㄋㄚˋ
出來,1,ㄔㄨ ㄌㄞˊ
出類拔萃,1,ㄔㄨ ㄌㄟˋ ㄅㄚˊ ㄘㄨㄟˋ
出力,1,ㄔㄨ ㄌㄧˋ
出列,1,ㄔㄨ ㄌㄧㄝˋ
出爐,1,ㄔㄨ ㄌㄨˊ
出路,1,ㄔㄨ ㄌㄨˋ
出落,1,ㄔㄨ ㄌㄨㄛˋ
出籠,1,ㄔㄨ ㄌㄨㄥˊ
出閣,1,ㄔㄨ ㄍㄜˊ
出國,1,ㄔㄨ ㄍㄨㄛˊ
出軌,1,ㄔㄨ ㄍㄨㄟˇ
出公差,1,ㄔㄨ ㄍㄨㄥ ㄔㄞ
出口,1,ㄔㄨ ㄎㄡˇ
出口成章,1,ㄔㄨ ㄎㄡˇ ㄔㄥˊ ㄓㄤ
出海,1,ㄔㄨ ㄏㄞˇ
出汗,1,ㄔㄨ ㄏㄢˋ
出乎尋常,1,ㄔㄨ ㄏㄨ ㄒㄩㄣˊ ㄔㄤˊ
出乎意料,1,ㄔㄨ ㄏㄨ ㄧˋ ㄌㄧㄠˋ
出乎意外,1,ㄔㄨ ㄏㄨ ㄧˋ ㄨㄞˋ
出擊,1,ㄔㄨ ㄐㄧˊ
出家,1,ㄔㄨ ㄐㄧㄚ
出家人,1,ㄔㄨ ㄐㄧㄚ ㄖㄣˊ
出借,1,ㄔㄨ ㄐㄧㄝˋ
出將入相,1,ㄔㄨ ㄐㄧㄤˋ ㄖㄨˋ ㄒㄧㄤˋ
出境,1,ㄔㄨ ㄐㄧㄥˋ
出局,1,ㄔㄨ ㄐㄩˊ
出其不意,1,ㄔㄨ ㄑㄧˊ ㄅㄨˋ ㄧˋ
出其不意,1,ㄔㄨ ㄑㄧˊ ㄅㄨˊ ㄧˋ
出奇,1,ㄔㄨ ㄑㄧˊ
出奇制勝,1,ㄔㄨ ㄑㄧˊ ㄓˋ ㄕㄥˋ
出氣,1,ㄔㄨ ㄑㄧˋ
出糗,1,ㄔㄨ ㄑㄧㄡˇ
出勤,1,ㄔㄨ ㄑㄧㄣˊ
出清,1,ㄔㄨ ㄑㄧㄥ
出去,1,ㄔㄨ ㄑㄩˋ
出缺,1,ㄔㄨ ㄑㄩㄝ
出席,1,ㄔㄨ ㄒㄧˊ
出息,1,ㄔㄨ ㄒㄧ˙
出血,1,ㄔㄨ ㄒㄧㄝˇ
出險,1,ㄔㄨ ㄒㄧㄢˇ
出現,1,ㄔㄨ ㄒㄧㄢˋ
出巡,1,ㄔㄨ ㄒㄩㄣˊ
出招,1,ㄔㄨ ㄓㄠ
出診,1,ㄔㄨ ㄓㄣˇ
出征,1,ㄔㄨ ㄓㄥ
出主意,1,ㄔㄨ ㄓㄨˇ ㄧˋ
出狀況,1,ㄔㄨ ㄓㄨㄤˋ ㄎㄨㄤˋ
出眾,1,ㄔㄨ ㄓㄨㄥˋ
出岔子,1,ㄔㄨ ㄔㄚˋ ㄗ˙
出差,1,ㄔㄨ ㄔㄞ
出醜,1,ㄔㄨ ㄔㄡˇ
出產,1,ㄔㄨ ㄔㄢˇ
出場,1,ㄔㄨ ㄔㄤˇ
出處,1,ㄔㄨ ㄔㄨˇ
出處,1,ㄔㄨ ㄔㄨˋ
出師,1,ㄔㄨ ㄕ
出師不利,1,ㄔㄨ ㄕ ㄅㄨˋ ㄌㄧˋ
出師不利,1,ㄔㄨ ㄕ ㄅㄨˊ ㄌㄧˋ
出使,1,ㄔㄨ ㄕˇ
出世,1,ㄔㄨ ㄕˋ
出示,1,ㄔㄨ ㄕˋ
出事,1,ㄔㄨ ㄕˋ
出手,1,ㄔㄨ ㄕㄡˇ
出售,1,ㄔㄨ ㄕㄡˋ
出身,1,ㄔㄨ ㄕㄣ
出神,1,ㄔㄨ ㄕㄣˊ
出神入化,1,ㄔㄨ ㄕㄣˊ ㄖㄨˋ ㄏㄨㄚˋ
出生,1,ㄔㄨ ㄕㄥ
出生入死,1,ㄔㄨ ㄕㄥ ㄖㄨˋ ㄙˇ
出聲,1,ㄔㄨ ㄕㄥ
出書,1,ㄔㄨ ㄕㄨ
出雙入對,1,ㄔㄨ ㄕㄨㄤ ㄖㄨˋ ㄉㄨㄟˋ
出人頭地,1,ㄔㄨ ㄖㄣˊ ㄊㄡˊ ㄉㄧˋ
出人意表,1,ㄔㄨ ㄖㄣˊ ㄧˋ ㄅㄧㄠˇ
出人意料,1,ㄔㄨ ㄖㄣˊ ㄧˋ ㄌㄧㄠˋ
出人意外,1,ㄔㄨ ㄖㄣˊ ㄧˋ ㄨㄞˋ
出任,1,ㄔㄨ ㄖㄣˋ
出讓,1,ㄔㄨ ㄖㄤˋ
出入,1,ㄔㄨ ㄖㄨˋ
出資,1,ㄔㄨ ㄗ
出走,1,ㄔㄨ ㄗㄡˇ
出租,1,ㄔㄨ ㄗㄨ
出此下策,1,ㄔㄨ ㄘˇ ㄒㄧㄚˋ ㄘㄜˋ
出錯,1,ㄔㄨ ㄘㄨㄛˋ
出色,1,ㄔㄨ ㄙㄜˋ
出爾反爾,1,ㄔㄨ ㄦˇ ㄈㄢˇ ㄦˇ
出言不遜,1,ㄔㄨ ㄧㄢˊ ㄅㄨˋ ㄒㄩㄣˋ
出言不遜,1,ㄔㄨ ㄧㄢˊ ㄅㄨˊ ㄒㄩㄣˋ
出洋相,1,ㄔㄨ ㄧㄤˊ ㄒㄧㄤˋ
出外,1,ㄔㄨ ㄨㄞˋ
出外景,1,ㄔㄨ ㄨㄞˋ ㄐㄧㄥˇ
出亡,1,ㄔㄨ ㄨㄤˊ
出淤泥而不染,1,ㄔㄨ ㄩ ㄋㄧˊ ㄦˊ ㄅㄨˋ ㄖㄢˇ
出浴,1,ㄔㄨ ㄩˋ
出獄,1,ㄔㄨ ㄩˋ
出遠門,1,ㄔㄨ ㄩㄢˇ ㄇㄣˊ
出院,1,ㄔㄨ ㄩㄢˋ
初,1,ㄔㄨ
初版,1,ㄔㄨ ㄅㄢˇ
初步,1,ㄔㄨ ㄅㄨˋ
初犯,1,ㄔㄨ ㄈㄢˋ
初露鋒芒,1,ㄔㄨ ㄌㄨˋ ㄈㄥ ㄇㄤˊ
初露頭角,1,ㄔㄨ ㄌㄨˋ ㄊㄡˊ ㄐㄧㄠˇ
初戀,1,ㄔㄨ ㄌㄧㄢˋ
初稿,1,ㄔㄨ ㄍㄠˇ
初虧,1,ㄔㄨ ㄎㄨㄟ
初級,1,ㄔㄨ ㄐㄧˊ
初階,1,ㄔㄨ ㄐㄧㄝ
初期,1,ㄔㄨ ㄑㄧˊ
初學,1,ㄔㄨ ㄒㄩㄝˊ
初選,1,ㄔㄨ ㄒㄩㄢˇ
初旬,1,ㄔㄨ ㄒㄩㄣˊ
初診,1,ㄔㄨ ㄓㄣˇ
初衷,1,ㄔㄨ ㄓㄨㄥ
初始,1,ㄔㄨ ㄕˇ
初審,1,ㄔㄨ ㄕㄣˇ
初生之犢不畏虎,1,ㄔㄨ ㄕㄥ ㄓ ㄉㄨˊ ㄅㄨˋ ㄨㄟˋ ㄏㄨˇ
初生之犢不畏虎,1,ㄔㄨ ㄕㄥ ㄓ ㄉㄨˊ ㄅㄨˊ ㄨㄟˋ ㄏㄨˇ
初賽,1,ㄔㄨ ㄙㄞˋ
初一,1,ㄔㄨ ㄧ
齣,1,ㄔㄨ
芻,1,ㄔㄨˊ
芻狗,1,ㄔㄨˊ ㄍㄡˇ
芻議,1,ㄔㄨˊ ㄧˋ
雛,1,ㄔㄨˊ
雛妓,1,ㄔㄨˊ ㄐㄧˋ
雛菊,1,ㄔㄨˊ ㄐㄩˊ
雛形,1,ㄔㄨˊ ㄒㄧㄥˊ
除,1,ㄔㄨˊ
除暴安良,1,ㄔㄨˊ ㄅㄠˋ ㄢ ㄌㄧㄤˊ
除弊,1,ㄔㄨˊ ㄅㄧˋ
除名,1,ㄔㄨˊ ㄇㄧㄥˊ
除法,1,ㄔㄨˊ ㄈㄚˇ
除非,1,ㄔㄨˊ ㄈㄟ
除掉,1,ㄔㄨˊ ㄉㄧㄠˋ
除籍,1,ㄔㄨˊ ㄐㄧˊ
除舊布新,1,ㄔㄨˊ ㄐㄧㄡˋ ㄅㄨˋ ㄒㄧㄣ
除去,1,ㄔㄨˊ ㄑㄩˋ
除卻,1,ㄔㄨˊ ㄑㄩㄝˋ
除權,1,ㄔㄨˊ ㄑㄩㄢˊ
除夕,1,ㄔㄨˊ ㄒㄧˋ
除塵,1,ㄔㄨˊ ㄔㄣˊ
除溼,1,ㄔㄨˊ ㄕ
除數,1,ㄔㄨˊ ㄕㄨˋ
除此之外,1,ㄔㄨˊ ㄘˇ ㄓ ㄨㄞˋ
除惡務盡,1,ㄔㄨˊ ㄜˋ ㄨˋ ㄐㄧㄣˋ
除役,1,ㄔㄨˊ ㄧˋ
除外,1,ㄔㄨˊ ㄨㄞˋ
蜍,1,ㄔㄨˊ
廚,1,ㄔㄨˊ
廚房,1,ㄔㄨˊ ㄈㄤˊ
廚具,1,ㄔㄨˊ ㄐㄩˋ
廚師,1,ㄔㄨˊ ㄕ
廚子,1,ㄔㄨˊ ㄗ˙
櫥,1,ㄔㄨˊ
櫥櫃,1,ㄔㄨˊ ㄍㄨㄟˋ
櫥窗,1,ㄔㄨˊ ㄔㄨㄤ
躕,1,ㄔㄨˊ
鋤,1,ㄔㄨˊ
鋤頭,1,ㄔㄨˊ ㄊㄡ˙
鋤強扶弱,1,ㄔㄨˊ ㄑㄧㄤˊ ㄈㄨˊ ㄖㄨㄛˋ
儲,1,ㄔㄨˊ
儲備,1,ㄔㄨˊ ㄅㄟˋ
儲君,1,ㄔㄨˊ ㄐㄩㄣ
儲蓄,1,ㄔㄨˊ ㄒㄩˋ
儲訓,1,ㄔㄨˊ ㄒㄩㄣˋ
儲藏,1,ㄔㄨˊ ㄘㄤˊ
儲存,1,ㄔㄨˊ ㄘㄨㄣˊ
躇,1,ㄔㄨˊ
杵,1,ㄔㄨˇ
處,1,ㄔㄨˇ
處變不驚,1,ㄔㄨˇ ㄅㄧㄢˋ ㄅㄨˋ ㄐㄧㄥ
處罰,1,ㄔㄨˇ ㄈㄚˊ
處分,1,ㄔㄨˇ ㄈㄣˋ
處方,1,ㄔㄨˇ ㄈㄤ
處斷,1,ㄔㄨˇ ㄉㄨㄢˋ
處女,1,ㄔㄨˇ ㄋㄩˇ
處女地,1,ㄔㄨˇ ㄋㄩˇ ㄉㄧˋ
處女作,1,ㄔㄨˇ ㄋㄩˇ ㄗㄨㄛˋ
處理,1,ㄔㄨˇ ㄌㄧˇ
處境,1,ㄔㄨˇ ㄐㄧㄥˋ
處決,1,ㄔㄨˇ ㄐㄩㄝˊ
處心積慮,1,ㄔㄨˇ ㄒㄧㄣ ㄐㄧ ㄌㄩˋ
處刑,1,ㄔㄨˇ ㄒㄧㄥˊ
處之泰然,1,ㄔㄨˇ ㄓ ㄊㄞˋ ㄖㄢˊ
處置,1,ㄔㄨˇ ㄓˋ
處士,1,ㄔㄨˇ ㄕˋ
處世,1,ㄔㄨˇ ㄕˋ
處世待人,1,ㄔㄨˇ ㄕˋ ㄉㄞˋ ㄖㄣˊ
處事,1,ㄔㄨˇ ㄕˋ
處身,1,ㄔㄨˇ ㄕㄣ
處暑,1,ㄔㄨˇ ㄕㄨˇ
處子,1,ㄔㄨˇ ㄗˇ
處死,1,ㄔㄨˇ ㄙˇ
楚,1,ㄔㄨˇ
楚河漢界,1,ㄔㄨˇ ㄏㄜˊ ㄏㄢˋ ㄐㄧㄝˋ
楚囚相對,1,ㄔㄨˇ ㄑㄧㄡˊ ㄒㄧㄤ ㄉㄨㄟˋ
楚楚,1,ㄔㄨˇ ㄔㄨˇ
楚楚可憐,1,ㄔㄨˇ ㄔㄨˇ ㄎㄜˇ ㄌㄧㄢˊ
楚材晉用,1,ㄔㄨˇ ㄘㄞˊ ㄐㄧㄣˋ ㄩㄥˋ
礎,1,ㄔㄨˇ
礎潤而雨,1,ㄔㄨˇ ㄖㄨㄣˋ ㄦˊ ㄩˋ
褚,1,ㄔㄨˇ
亍,1,ㄔㄨˋ
怵,1,ㄔㄨˋ
怵目驚心,1,ㄔㄨˋ ㄇㄨˋ ㄐㄧㄥ ㄒㄧㄣ
怵惕,1,ㄔㄨˋ ㄊㄧˋ
怵然,1,ㄔㄨˋ ㄖㄢˊ
畜,1,ㄔㄨˋ
畜生,1,ㄔㄨˋ ㄕㄥ
搐,1,ㄔㄨˋ
處,1,ㄔㄨˋ
處長,1,ㄔㄨˋ ㄓㄤˇ
處處,1,ㄔㄨˋ ㄔㄨˋ
處所,1,ㄔㄨˋ ㄙㄨㄛˇ
絀,1,ㄔㄨˋ
黜,1,ㄔㄨˋ
黜官,1,ㄔㄨˋ ㄍㄨㄢ
觸,1,ㄔㄨˋ
觸摸,1,ㄔㄨˋ ㄇㄛ
觸媒,1,ㄔㄨˋ ㄇㄟˊ
觸媒轉化器,1,ㄔㄨˋ ㄇㄟˊ ㄓㄨㄢˇ ㄏㄨㄚˋ ㄑㄧˋ
觸目,1,ㄔㄨˋ ㄇㄨˋ
觸目驚心,1,ㄔㄨˋ ㄇㄨˋ ㄐㄧㄥ ㄒㄧㄣ
觸發,1,ㄔㄨˋ ㄈㄚ
觸犯,1,ㄔㄨˋ ㄈㄢˋ
觸電,1,ㄔㄨˋ ㄉㄧㄢˋ
觸動,1,ㄔㄨˋ ㄉㄨㄥˋ
觸怒,1,ㄔㄨˋ ㄋㄨˋ
觸類旁通,1,ㄔㄨˋ ㄌㄟˋ ㄆㄤˊ ㄊㄨㄥ
觸及,1,ㄔㄨˋ ㄐㄧˊ
觸礁,1,ㄔㄨˋ ㄐㄧㄠ
觸角,1,ㄔㄨˋ ㄐㄧㄠˇ
觸景傷情,1,ㄔㄨˋ ㄐㄧㄥˇ ㄕㄤ ㄑㄧㄥˊ
觸覺,1,ㄔㄨˋ ㄐㄩㄝˊ
觸手,1,ㄔㄨˋ ㄕㄡˇ
觸網,1,ㄔㄨˋ ㄨㄤˇ
矗,1,ㄔㄨˋ
矗立,1,ㄔㄨˋ ㄌㄧˋ
抓,1,ㄔㄨㄚˇ
抓子兒,1,ㄔㄨㄚˇ ㄗˇ ㄦ
抓子兒,1,ㄔㄨㄚˇ ㄗㄜˇ ㄦ
戳,1,ㄔㄨㄛ
啜,1,ㄔㄨㄛˋ
啜泣,1,ㄔㄨㄛˋ ㄑㄧˋ
啜飲,1,ㄔㄨㄛˋ ㄧㄣˇ
輟,1,ㄔㄨㄛˋ
輟學,1,ㄔㄨㄛˋ ㄒㄩㄝˊ
綽,1,ㄔㄨㄛˋ
綽號,1,ㄔㄨㄛˋ ㄏㄠˋ
綽綽有餘,1,ㄔㄨㄛˋ ㄔㄨㄛˋ ㄧㄡˇ ㄩˊ
綽約,1,ㄔㄨㄛˋ ㄩㄝ
齪,1,ㄔㄨㄛˋ
揣,1,ㄔㄨㄞˇ
揣摩,1,ㄔㄨㄞˇ ㄇㄛˊ
揣測,1,ㄔㄨㄞˇ ㄘㄜˋ
踹,1,ㄔㄨㄞˋ
吹,1,ㄔㄨㄟ
吹捧,1,ㄔㄨㄟ ㄆㄥˇ
吹毛求疵,1,ㄔㄨㄟ ㄇㄠˊ ㄑㄧㄡˊ ㄘ
吹風,1,ㄔㄨㄟ ㄈㄥ
吹風機,1,ㄔㄨㄟ ㄈㄥ ㄐㄧ
吹拂,1,ㄔㄨㄟ ㄈㄨˊ
吹糖,1,ㄔㄨㄟ ㄊㄤˊ
吹牛,1,ㄔㄨㄟ ㄋㄧㄡˊ
吹牛大王,1,ㄔㄨㄟ ㄋㄧㄡˊ ㄉㄚˋ ㄨㄤˊ
吹管,1,ㄔㄨㄟ ㄍㄨㄢˇ
吹口哨,1,ㄔㄨㄟ ㄎㄡˇ ㄕㄠˋ
吹鬍子瞪眼,1,ㄔㄨㄟ ㄏㄨˊ ㄗ˙ ㄉㄥˋ ㄧㄢˇ
吹灰之力,1,ㄔㄨㄟ ㄏㄨㄟ ㄓ ㄌㄧˋ
吹襲,1,ㄔㄨㄟ ㄒㄧˊ
吹噓,1,ㄔㄨㄟ ㄒㄩ
吹奏,1,ㄔㄨㄟ ㄗㄡˋ
炊,1,ㄔㄨㄟ
炊具,1,ㄔㄨㄟ ㄐㄩˋ
炊事,1,ㄔㄨㄟ ㄕˋ
炊煙,1,ㄔㄨㄟ ㄧㄢ
垂,1,ㄔㄨㄟˊ
垂暮,1,ㄔㄨㄟˊ ㄇㄨˋ
垂釣,1,ㄔㄨㄟˊ ㄉㄧㄠˋ
垂頭喪氣,1,ㄔㄨㄟˊ ㄊㄡˊ ㄙㄤˋ ㄑㄧˋ
垂老,1,ㄔㄨㄟˊ ㄌㄠˇ
垂柳,1,ㄔㄨㄟˊ ㄌㄧㄡˇ
垂憐,1,ㄔㄨㄟˊ ㄌㄧㄢˊ
垂簾聽政,1,ㄔㄨㄟˊ ㄌㄧㄢˊ ㄊㄧㄥˋ ㄓㄥˋ
垂落,1,ㄔㄨㄟˊ ㄌㄨㄛˋ
垂掛,1,ㄔㄨㄟˊ ㄍㄨㄚˋ
垂青,1,ㄔㄨㄟˊ ㄑㄧㄥ
垂下,1,ㄔㄨㄟˊ ㄒㄧㄚˋ
垂涎,1,ㄔㄨㄟˊ ㄒㄧㄢˊ
垂涎三尺,1,ㄔㄨㄟˊ ㄒㄧㄢˊ ㄙㄢ ㄔˇ
垂詢,1,ㄔㄨㄟˊ ㄒㄩㄣˊ
垂直,1,ㄔㄨㄟˊ ㄓˊ
垂直線,1,ㄔㄨㄟˊ ㄓˊ ㄒㄧㄢˋ
垂手,1,ㄔㄨㄟˊ ㄕㄡˇ
垂手可得,1,ㄔㄨㄟˊ ㄕㄡˇ ㄎㄜˇ ㄉㄜˊ
垂死,1,ㄔㄨㄟˊ ㄙˇ
垂死掙扎,1,ㄔㄨㄟˊ ㄙˇ ㄓㄥ ㄓㄚˊ
垂愛,1,ㄔㄨㄟˊ ㄞˋ
垂楊,1,ㄔㄨㄟˊ ㄧㄤˊ
垂危,1,ㄔㄨㄟˊ ㄨㄟˊ
垂問,1,ㄔㄨㄟˊ ㄨㄣˋ
捶,1,ㄔㄨㄟˊ
捶打,1,ㄔㄨㄟˊ ㄉㄚˇ
捶胸頓足,1,ㄔㄨㄟˊ ㄒㄩㄥ ㄉㄨㄣˋ ㄗㄨˊ
陲,1,ㄔㄨㄟˊ
棰,1,ㄔㄨㄟˊ
錘,1,ㄔㄨㄟˊ
錘鍊,1,ㄔㄨㄟˊ ㄌㄧㄢˋ
搥,1,ㄔㄨㄟˊ
搥打,1,ㄔㄨㄟˊ ㄉㄚˇ
槌,1,ㄔㄨㄟˊ
槌球,1,ㄔㄨㄟˊ ㄑㄧㄡˊ
槌子,1,ㄔㄨㄟˊ ㄗ˙
鎚,1,ㄔㄨㄟˊ
川,1,ㄔㄨㄢ
川流不息,1,ㄔㄨㄢ ㄌㄧㄡˊ ㄅㄨˋ ㄒㄧˊ
川崎症,1,ㄔㄨㄢ ㄑㄧˊ ㄓㄥˋ
川芎,1,ㄔㄨㄢ ㄑㄩㄥ
穿,1,ㄔㄨㄢ
穿幫,1,ㄔㄨㄢ ㄅㄤ
穿戴,1,ㄔㄨㄢ ㄉㄞˋ
穿透,1,ㄔㄨㄢ ㄊㄡˋ
穿針引線,1,ㄔㄨㄢ ㄓㄣ ㄧㄣˇ ㄒㄧㄢˋ
穿著,1,ㄔㄨㄢ ㄓㄨㄛˊ
穿插,1,ㄔㄨㄢ ㄔㄚ
穿山甲,1,ㄔㄨㄢ ㄕㄢ ㄐㄧㄚˇ
穿鑿附會,1,ㄔㄨㄢ ㄗㄠˊ ㄈㄨˋ ㄏㄨㄟˋ
穿梭,1,ㄔㄨㄢ ㄙㄨㄛ
穿越,1,ㄔㄨㄢ ㄩㄝˋ
船,1,ㄔㄨㄢˊ
船舶,1,ㄔㄨㄢˊ ㄅㄛˊ
船埠,1,ㄔㄨㄢˊ ㄅㄨˋ
船票,1,ㄔㄨㄢˊ ㄆㄧㄠˋ
船錨,1,ㄔㄨㄢˊ ㄇㄠˊ
船到橋頭自然直,1,ㄔㄨㄢˊ ㄉㄠˋ ㄑㄧㄠˊ ㄊㄡˊ ㄗˋ ㄖㄢˊ ㄓˊ
船隊,1,ㄔㄨㄢˊ ㄉㄨㄟˋ
船工,1,ㄔㄨㄢˊ ㄍㄨㄥ
船艦,1,ㄔㄨㄢˊ ㄐㄧㄢˋ
船舷,1,ㄔㄨㄢˊ ㄒㄧㄢˊ
船隻,1,ㄔㄨㄢˊ ㄓ
船長,1,ㄔㄨㄢˊ ㄓㄤˇ
船主,1,ㄔㄨㄢˊ ㄓㄨˇ
船艙,1,ㄔㄨㄢˊ ㄘㄤ
船務,1,ㄔㄨㄢˊ ㄨˋ
船塢,1,ㄔㄨㄢˊ ㄨˋ
船桅,1,ㄔㄨㄢˊ ㄨㄟˊ
船員,1,ㄔㄨㄢˊ ㄩㄢˊ
船運,1,ㄔㄨㄢˊ ㄩㄣˋ
椽,1,ㄔㄨㄢˊ
椽木,1,ㄔㄨㄢˊ ㄇㄨˋ
椽梁,1,ㄔㄨㄢˊ ㄌㄧㄤˊ
遄,1,ㄔㄨㄢˊ
傳,1,ㄔㄨㄢˊ
傳播,1,ㄔㄨㄢˊ ㄅㄛˋ
傳布,1,ㄔㄨㄢˊ ㄅㄨˋ
傳票,1,ㄔㄨㄢˊ ㄆㄧㄠˋ
傳達,1,ㄔㄨㄢˊ ㄉㄚˊ
傳導,1,ㄔㄨㄢˊ ㄉㄠˇ
傳道,1,ㄔㄨㄢˊ ㄉㄠˋ
傳單,1,ㄔㄨㄢˊ ㄉㄢ
傳遞,1,ㄔㄨㄢˊ ㄉㄧˋ
傳統,1,ㄔㄨㄢˊ ㄊㄨㄥˇ
傳令,1,ㄔㄨㄢˊ ㄌㄧㄥˋ
傳呼機,1,ㄔㄨㄢˊ ㄏㄨ ㄐㄧ
傳喚,1,ㄔㄨㄢˊ ㄏㄨㄢˋ
傳家,1,ㄔㄨㄢˊ ㄐㄧㄚ
傳家之寶,1,ㄔㄨㄢˊ ㄐㄧㄚ ㄓ ㄅㄠˇ
傳教,1,ㄔㄨㄢˊ ㄐㄧㄠˋ
傳教士,1,ㄔㄨㄢˊ ㄐㄧㄠˋ ㄕˋ
傳奇,1,ㄔㄨㄢˊ ㄑㄧˊ
傳情,1,ㄔㄨㄢˊ ㄑㄧㄥˊ
傳習,1,ㄔㄨㄢˊ ㄒㄧˊ
傳訊,1,ㄔㄨㄢˊ ㄒㄩㄣˋ
傳真,1,ㄔㄨㄢˊ ㄓㄣ
傳真機,1,ㄔㄨㄢˊ ㄓㄣ ㄐㄧ
傳鈔,1,ㄔㄨㄢˊ ㄔㄠ
傳承,1,ㄔㄨㄢˊ ㄔㄥˊ
傳世,1,ㄔㄨㄢˊ ㄕˋ
傳授,1,ㄔㄨㄢˊ ㄕㄡˋ
傳神,1,ㄔㄨㄢˊ ㄕㄣˊ
傳聲筒,1,ㄔㄨㄢˊ ㄕㄥ ㄊㄨㄥˇ
傳輸,1,ㄔㄨㄢˊ ㄕㄨ
傳述,1,ㄔㄨㄢˊ ㄕㄨˋ
傳說,1,ㄔㄨㄢˊ ㄕㄨㄛ
傳熱,1,ㄔㄨㄢˊ ㄖㄜˋ
傳染,1,ㄔㄨㄢˊ ㄖㄢˇ
傳染病,1,ㄔㄨㄢˊ ㄖㄢˇ ㄅㄧㄥˋ
傳人,1,ㄔㄨㄢˊ ㄖㄣˊ
傳宗接代,1,ㄔㄨㄢˊ ㄗㄨㄥ ㄐㄧㄝ ㄉㄞˋ
傳送,1,ㄔㄨㄢˊ ㄙㄨㄥˋ
傳頌,1,ㄔㄨㄢˊ ㄙㄨㄥˋ
傳誦,1,ㄔㄨㄢˊ ㄙㄨㄥˋ
傳言,1,ㄔㄨㄢˊ ㄧㄢˊ
傳揚,1,ㄔㄨㄢˊ ㄧㄤˊ
傳聞,1,ㄔㄨㄢˊ ㄨㄣˊ
傳閱,1,ㄔㄨㄢˊ ㄩㄝˋ
舛,1,ㄔㄨㄢˇ
舛錯,1,ㄔㄨㄢˇ ㄘㄨㄛˋ
喘,1,ㄔㄨㄢˇ
喘氣,1,ㄔㄨㄢˇ ㄑㄧˋ
喘息,1,ㄔㄨㄢˇ ㄒㄧˊ
喘噓噓,1,ㄔㄨㄢˇ ㄒㄩ ㄒㄩ
串,1,ㄔㄨㄢˋ
串門子,1,ㄔㄨㄢˋ ㄇㄣˊ ㄗ˙
串通,1,ㄔㄨㄢˋ ㄊㄨㄥ
串聯,1,ㄔㄨㄢˋ ㄌㄧㄢˊ
串供,1,ㄔㄨㄢˋ ㄍㄨㄥ
串燒,1,ㄔㄨㄢˋ ㄕㄠ
串演,1,ㄔㄨㄢˋ ㄧㄢˇ
釧,1,ㄔㄨㄢˋ
春,1,ㄔㄨㄣ
春夢,1,ㄔㄨㄣ ㄇㄥˋ
春分點,1,ㄔㄨㄣ ㄈㄣ ㄉㄧㄢˇ
春風得意,1,ㄔㄨㄣ ㄈㄥ ㄉㄜˊ ㄧˋ
春風化雨,1,ㄔㄨㄣ ㄈㄥ ㄏㄨㄚˋ ㄩˇ
春天,1,ㄔㄨㄣ ㄊㄧㄢ
春聯,1,ㄔㄨㄣ ㄌㄧㄢˊ
春霖,1,ㄔㄨㄣ ㄌㄧㄣˊ
春宮,1,ㄔㄨㄣ ㄍㄨㄥ
春寒料峭,1,ㄔㄨㄣ ㄏㄢˊ ㄌㄧㄠˋ ㄑㄧㄠˋ
春華,1,ㄔㄨㄣ ㄏㄨㄚ
春暉,1,ㄔㄨㄣ ㄏㄨㄟ
春假,1,ㄔㄨㄣ ㄐㄧㄚˋ
春節,1,ㄔㄨㄣ ㄐㄧㄝˊ
春酒,1,ㄔㄨㄣ ㄐㄧㄡˇ
春捲,1,ㄔㄨㄣ ㄐㄩㄢˇ
春秋,1,ㄔㄨㄣ ㄑㄧㄡ
春情,1,ㄔㄨㄣ ㄑㄧㄥˊ
春裝,1,ㄔㄨㄣ ㄓㄨㄤ
春色,1,ㄔㄨㄣ ㄙㄜˋ
春元演習,1,ㄔㄨㄣ ㄩㄢˊ ㄧㄢˇ ㄒㄧˊ
椿,1,ㄔㄨㄣ
椿萱,1,ㄔㄨㄣ ㄒㄩㄢ
屯,1,ㄔㄨㄣˊ
屯留縣,1,ㄔㄨㄣˊ ㄌㄧㄡˊ ㄒㄧㄢˋ
純,1,ㄔㄨㄣˊ
純樸,1,ㄔㄨㄣˊ ㄆㄨˊ
純棉,1,ㄔㄨㄣˊ ㄇㄧㄢˊ
純利,1,ㄔㄨㄣˊ ㄌㄧˋ
純良,1,ㄔㄨㄣˊ ㄌㄧㄤˊ
純潔,1,ㄔㄨㄣˊ ㄐㄧㄝˊ
純金,1,ㄔㄨㄣˊ ㄐㄧㄣ
純淨,1,ㄔㄨㄣˊ ㄐㄧㄥˋ
純情,1,ㄔㄨㄣˊ ㄑㄧㄥˊ
純真,1,ㄔㄨㄣˊ ㄓㄣ
純正,1,ㄔㄨㄣˊ ㄓㄥˋ
純種,1,ㄔㄨㄣˊ ㄓㄨㄥˇ
純熟,1,ㄔㄨㄣˊ ㄕㄡˊ
純水,1,ㄔㄨㄣˊ ㄕㄨㄟˇ
純然,1,ㄔㄨㄣˊ ㄖㄢˊ
純粹,1,ㄔㄨㄣˊ ㄘㄨㄟˋ
純益,1,ㄔㄨㄣˊ ㄧˋ
純文學,1,ㄔㄨㄣˊ ㄨㄣˊ ㄒㄩㄝˊ
淳,1,ㄔㄨㄣˊ
淳樸,1,ㄔㄨㄣˊ ㄆㄨˊ
淳厚,1,ㄔㄨㄣˊ ㄏㄡˋ
醇,1,ㄔㄨㄣˊ
醇美,1,ㄔㄨㄣˊ ㄇㄟˇ
醇酒,1,ㄔㄨㄣˊ ㄐㄧㄡˇ
醇郁,1,ㄔㄨㄣˊ ㄩˋ
鶉,1,ㄔㄨㄣˊ
脣,1,ㄔㄨㄣˊ
脣膏,1,ㄔㄨㄣˊ ㄍㄠ
脣紅齒白,1,ㄔㄨㄣˊ ㄏㄨㄥˊ ㄔˇ ㄅㄞˊ
脣槍舌劍,1,ㄔㄨㄣˊ ㄑㄧㄤ ㄕㄜˊ ㄐㄧㄢˋ
脣舌,1,ㄔㄨㄣˊ ㄕㄜˊ
脣亡齒寒,1,ㄔㄨㄣˊ ㄨㄤˊ ㄔˇ ㄏㄢˊ
蠢,1,ㄔㄨㄣˇ
蠢動,1,ㄔㄨㄣˇ ㄉㄨㄥˋ
蠢蠢欲動,1,ㄔㄨㄣˇ ㄔㄨㄣˇ ㄩˋ ㄉㄨㄥˋ
蠢材,1,ㄔㄨㄣˇ ㄘㄞˊ
囪,1,ㄔㄨㄤ
窗,1,ㄔㄨㄤ
窗明几淨,1,ㄔㄨㄤ ㄇㄧㄥˊ ㄐㄧ ㄐㄧㄥˋ
窗帘,1,ㄔㄨㄤ ㄌㄧㄢˊ
窗簾,1,ㄔㄨㄤ ㄌㄧㄢˊ
窗櫺,1,ㄔㄨㄤ ㄌㄧㄥˊ
窗戶,1,ㄔㄨㄤ ㄏㄨˋ
窗戶,1,ㄔㄨㄤ ㄏㄨ˙
創,1,ㄔㄨㄤ
創痛,1,ㄔㄨㄤ ㄊㄨㄥˋ
創口,1,ㄔㄨㄤ ㄎㄡˇ
創痕,1,ㄔㄨㄤ ㄏㄣˊ
創傷,1,ㄔㄨㄤ ㄕㄤ
瘡,1,ㄔㄨㄤ
瘡疤,1,ㄔㄨㄤ ㄅㄚ
瘡痍,1,ㄔㄨㄤ ㄧˊ
床,1,ㄔㄨㄤˊ
床鋪,1,ㄔㄨㄤˊ ㄆㄨˋ
床單,1,ㄔㄨㄤˊ ㄉㄢ
床頭櫃,1,ㄔㄨㄤˊ ㄊㄡˊ ㄍㄨㄟˋ
床罩,1,ㄔㄨㄤˊ ㄓㄠˋ
床褥,1,ㄔㄨㄤˊ ㄖㄨˋ
床笫,1,ㄔㄨㄤˊ ㄗˇ
床位,1,ㄔㄨㄤˊ ㄨㄟˋ
幢,1,ㄔㄨㄤˊ
幢幢,1,ㄔㄨㄤˊ ㄔㄨㄤˊ
闖,1,ㄔㄨㄤˇ
闖蕩,1,ㄔㄨㄤˇ ㄉㄤˋ
闖關,1,ㄔㄨㄤˇ ㄍㄨㄢ
闖空門,1,ㄔㄨㄤˇ ㄎㄨㄥ ㄇㄣˊ
闖禍,1,ㄔㄨㄤˇ ㄏㄨㄛˋ
闖紅燈,1,ㄔㄨㄤˇ ㄏㄨㄥˊ ㄉㄥ
闖江湖,1,ㄔㄨㄤˇ ㄐㄧㄤ ㄏㄨˊ
闖入,1,ㄔㄨㄤˇ ㄖㄨˋ
創,1,ㄔㄨㄤˋ
創辦,1,ㄔㄨㄤˋ ㄅㄢˋ
創立,1,ㄔㄨㄤˋ ㄌㄧˋ
創刊,1,ㄔㄨㄤˋ ㄎㄢ
創紀錄,1,ㄔㄨㄤˋ ㄐㄧˋ ㄌㄨˋ
創見,1,ㄔㄨㄤˋ ㄐㄧㄢˋ
創建,1,ㄔㄨㄤˋ ㄐㄧㄢˋ
創舉,1,ㄔㄨㄤˋ ㄐㄩˇ
創下,1,ㄔㄨㄤˋ ㄒㄧㄚˋ
創新,1,ㄔㄨㄤˋ ㄒㄧㄣ
創制,1,ㄔㄨㄤˋ ㄓˋ
創制權,1,ㄔㄨㄤˋ ㄓˋ ㄑㄩㄢˊ
創始,1,ㄔㄨㄤˋ ㄕˇ
創世紀,1,ㄔㄨㄤˋ ㄕˋ ㄐㄧˋ
創設,1,ㄔㄨㄤˋ ㄕㄜˋ
創造,1,ㄔㄨㄤˋ ㄗㄠˋ
創作,1,ㄔㄨㄤˋ ㄗㄨㄛˋ
創意,1,ㄔㄨㄤˋ ㄧˋ
創意指導,1,ㄔㄨㄤˋ ㄧˋ ㄓˇ ㄉㄠˇ
創業,1,ㄔㄨㄤˋ ㄧㄝˋ
創業維艱,1,ㄔㄨㄤˋ ㄧㄝˋ ㄨㄟˊ ㄐㄧㄢ
愴,1,ㄔㄨㄤˋ
愴然,1,ㄔㄨㄤˋ ㄖㄢˊ
充,1,ㄔㄨㄥ
充沛,1,ㄔㄨㄥ ㄆㄟˋ
充滿,1,ㄔㄨㄥ ㄇㄢˇ
充門面,1,ㄔㄨㄥ ㄇㄣˊ ㄇㄧㄢˋ
充分,1,ㄔㄨㄥ ㄈㄣˋ
充當,1,ㄔㄨㄥ ㄉㄤ
充電,1,ㄔㄨㄥ ㄉㄧㄢˋ
充填,1,ㄔㄨㄥ ㄊㄧㄢˊ
充公,1,ㄔㄨㄥ ㄍㄨㄥ
充飢,1,ㄔㄨㄥ ㄐㄧ
充軍,1,ㄔㄨㄥ ㄐㄩㄣ
充其量,1,ㄔㄨㄥ ㄑㄧˊ ㄌㄧㄤˋ
充氣,1,ㄔㄨㄥ ㄑㄧˋ
充血,1,ㄔㄨㄥ ㄒㄧㄝˇ
充斥,1,ㄔㄨㄥ ㄔˋ
充場面,1,ㄔㄨㄥ ㄔㄤˇ ㄇㄧㄢˋ
充實,1,ㄔㄨㄥ ㄕˊ
充數,1,ㄔㄨㄥ ㄕㄨˋ
充任,1,ㄔㄨㄥ ㄖㄣˋ
充足,1,ㄔㄨㄥ ㄗㄨˊ
充塞,1,ㄔㄨㄥ ㄙㄜˋ
充耳不聞,1,ㄔㄨㄥ ㄦˇ ㄅㄨˋ ㄨㄣˊ
充裕,1,ㄔㄨㄥ ㄩˋ
沖,1,ㄔㄨㄥ
沖泡,1,ㄔㄨㄥ ㄆㄠˋ
沖犯,1,ㄔㄨㄥ ㄈㄢˋ
沖淡,1,ㄔㄨㄥ ㄉㄢˋ
沖天,1,ㄔㄨㄥ ㄊㄧㄢ
沖積平原,1,ㄔㄨㄥ ㄐㄧ ㄆㄧㄥˊ ㄩㄢˊ
沖積扇,1,ㄔㄨㄥ ㄐㄧ ㄕㄢˋ
沖積層,1,ㄔㄨㄥ ㄐㄧ ㄘㄥˊ
沖擊,1,ㄔㄨㄥ ㄐㄧˊ
沖洗,1,ㄔㄨㄥ ㄒㄧˇ
沖喜,1,ㄔㄨㄥ ㄒㄧˇ
沖銷,1,ㄔㄨㄥ ㄒㄧㄠ
沖茶,1,ㄔㄨㄥ ㄔㄚˊ
沖蝕,1,ㄔㄨㄥ ㄕˊ
沖刷,1,ㄔㄨㄥ ㄕㄨㄚ
沖印,1,ㄔㄨㄥ ㄧㄣˋ
忡,1,ㄔㄨㄥ
忡忡,1,ㄔㄨㄥ ㄔㄨㄥ
舂,1,ㄔㄨㄥ
憧,1,ㄔㄨㄥ
憧憬,1,ㄔㄨㄥ ㄐㄧㄥˇ
衝,1,ㄔㄨㄥ
衝破,1,ㄔㄨㄥ ㄆㄛˋ
衝犯,1,ㄔㄨㄥ ㄈㄢˋ
衝鋒,1,ㄔㄨㄥ ㄈㄥ
衝鋒陷陣,1,ㄔㄨㄥ ㄈㄥ ㄒㄧㄢˋ ㄓㄣˋ
衝動,1,ㄔㄨㄥ ㄉㄨㄥˋ
衝突,1,ㄔㄨㄥ ㄊㄨˊ
衝浪,1,ㄔㄨㄥ ㄌㄤˋ
衝口而出,1,ㄔㄨㄥ ㄎㄡˇ ㄦˊ ㄔㄨ
衝擊,1,ㄔㄨㄥ ㄐㄧˊ
衝勁,1,ㄔㄨㄥ ㄐㄧㄥˋ
衝撞,1,ㄔㄨㄥ ㄓㄨㄤˋ
衝刺,1,ㄔㄨㄥ ㄘˋ
虫,1,ㄔㄨㄥˊ
蟲,1,ㄔㄨㄥˊ
蟲害,1,ㄔㄨㄥˊ ㄏㄞˋ
蟲子,1,ㄔㄨㄥˊ ㄗ˙
重,1,ㄔㄨㄥˊ
重播,1,ㄔㄨㄥˊ ㄅㄛˋ
重門深鎖,1,ㄔㄨㄥˊ ㄇㄣˊ ㄕㄣ ㄙㄨㄛˇ
重返,1,ㄔㄨㄥˊ ㄈㄢˇ
重犯,1,ㄔㄨㄥˊ ㄈㄢˋ
重逢,1,ㄔㄨㄥˊ ㄈㄥˊ
重複,1,ㄔㄨㄥˊ ㄈㄨˋ
重蹈覆轍,1,ㄔㄨㄥˊ ㄉㄠˋ ㄈㄨˋ ㄔㄜˋ
重疊,1,ㄔㄨㄥˊ ㄉㄧㄝˊ
重貼現率,1,ㄔㄨㄥˊ ㄊㄧㄝ ㄒㄧㄢˋ ㄌㄩˋ
重考,1,ㄔㄨㄥˊ ㄎㄠˇ
重劃,1,ㄔㄨㄥˊ ㄏㄨㄚˋ
重婚,1,ㄔㄨㄥˊ ㄏㄨㄣ
重九,1,ㄔㄨㄥˊ ㄐㄧㄡˇ
重見天日,1,ㄔㄨㄥˊ ㄐㄧㄢˋ ㄊㄧㄢ ㄖˋ
重修,1,ㄔㄨㄥˊ ㄒㄧㄡ
重修舊好,1,ㄔㄨㄥˊ ㄒㄧㄡ ㄐㄧㄡˋ ㄏㄠˇ
重現江湖,1,ㄔㄨㄥˊ ㄒㄧㄢˋ ㄐㄧㄤ ㄏㄨˊ
重新,1,ㄔㄨㄥˊ ㄒㄧㄣ
重振,1,ㄔㄨㄥˊ ㄓㄣˋ
重振旗鼓,1,ㄔㄨㄥˊ ㄓㄣˋ ㄑㄧˊ ㄍㄨˇ
重振雄風,1,ㄔㄨㄥˊ ㄓㄣˋ ㄒㄩㄥˊ ㄈㄥ
重整,1,ㄔㄨㄥˊ ㄓㄥˇ
重整旗鼓,1,ㄔㄨㄥˊ ㄓㄥˇ ㄑㄧˊ ㄍㄨˇ
重重,1,ㄔㄨㄥˊ ㄔㄨㄥˊ
重申,1,ㄔㄨㄥˊ ㄕㄣ
重生,1,ㄔㄨㄥˊ ㄕㄥ
重奏,1,ㄔㄨㄥˊ ㄗㄡˋ
重組,1,ㄔㄨㄥˊ ㄗㄨˇ
重作馮婦,1,ㄔㄨㄥˊ ㄗㄨㄛˋ ㄈㄥˊ ㄈㄨˋ
重操舊業,1,ㄔㄨㄥˊ ㄘㄠ ㄐㄧㄡˋ ㄧㄝˋ
重演,1,ㄔㄨㄥˊ ㄧㄢˇ
重陽,1,ㄔㄨㄥˊ ㄧㄤˊ
重圍,1,ㄔㄨㄥˊ ㄨㄟˊ
重溫舊夢,1,ㄔㄨㄥˊ ㄨㄣ ㄐㄧㄡˋ ㄇㄥˋ
崇,1,ㄔㄨㄥˊ
崇拜,1,ㄔㄨㄥˊ ㄅㄞˋ
崇高,1,ㄔㄨㄥˊ ㄍㄠ
崇敬,1,ㄔㄨㄥˊ ㄐㄧㄥˋ
崇信,1,ㄔㄨㄥˊ ㄒㄧㄣˋ
崇山峻嶺,1,ㄔㄨㄥˊ ㄕㄢ ㄐㄩㄣˋ ㄌㄧㄥˇ
崇尚,1,ㄔㄨㄥˊ ㄕㄤˋ
崇洋,1,ㄔㄨㄥˊ ㄧㄤˊ
寵,1,ㄔㄨㄥˇ
寵信,1,ㄔㄨㄥˇ ㄒㄧㄣˋ
寵幸,1,ㄔㄨㄥˇ ㄒㄧㄥˋ
寵愛,1,ㄔㄨㄥˇ ㄞˋ
寵物,1,ㄔㄨㄥˇ ㄨˋ
銃,1,ㄔㄨㄥˋ
衝,1,ㄔㄨㄥˋ
尸,1,ㄕ
尸位素餐,1,ㄕ ㄨㄟˋ ㄙㄨˋ ㄘㄢ
屍,1,ㄕ
屍體,1,ㄕ ㄊㄧˇ
屍骨,1,ㄕ ㄍㄨˇ
屍骨無存,1,ㄕ ㄍㄨˇ ㄨˊ ㄘㄨㄣˊ
屍骨未寒,1,ㄕ ㄍㄨˇ ㄨㄟˋ ㄏㄢˊ
屍骸,1,ㄕ ㄏㄞˊ
屍首,1,ㄕ ㄕㄡˇ
失,1,ㄕ
失敗,1,ㄕ ㄅㄞˋ
失陪,1,ㄕ ㄆㄟˊ
失眠,1,ㄕ ㄇㄧㄢˊ
失明,1,ㄕ ㄇㄧㄥˊ
失德,1,ㄕ ㄉㄜˊ
失當,1,ㄕ ㄉㄤˋ
失態,1,ㄕ ㄊㄞˋ
失調,1,ㄕ ㄊㄧㄠˊ
失禮,1,ㄕ ㄌㄧˇ
失利,1,ㄕ ㄌㄧˋ
失戀,1,ㄕ ㄌㄧㄢˋ
失靈,1,ㄕ ㄌㄧㄥˊ
失落,1,ㄕ ㄌㄨㄛˋ
失控,1,ㄕ ㄎㄨㄥˋ
失和,1,ㄕ ㄏㄜˊ
失怙,1,ㄕ ㄏㄨˋ
失火,1,ㄕ ㄏㄨㄛˇ
失魂落魄,1,ㄕ ㄏㄨㄣˊ ㄌㄨㄛˋ ㄆㄛˋ
失檢,1,ㄕ ㄐㄧㄢˇ
失敬,1,ㄕ ㄐㄧㄥˋ
失竊,1,ㄕ ㄑㄧㄝˋ
失去,1,ㄕ ㄑㄩˋ
失效,1,ㄕ ㄒㄧㄠˋ
失笑,1,ㄕ ㄒㄧㄠˋ
失陷,1,ㄕ ㄒㄧㄢˋ
失信,1,ㄕ ㄒㄧㄣˋ
失學,1,ㄕ ㄒㄩㄝˊ
失之交臂,1,ㄕ ㄓ ㄐㄧㄠ ㄅㄧˋ
失職,1,ㄕ ㄓˊ
失真,1,ㄕ ㄓㄣ
失主,1,ㄕ ㄓㄨˇ
失察,1,ㄕ ㄔㄚˊ
失常,1,ㄕ ㄔㄤˊ
失傳,1,ㄕ ㄔㄨㄢˊ
失寵,1,ㄕ ㄔㄨㄥˇ
失實,1,ㄕ ㄕˊ
失恃,1,ㄕ ㄕˋ
失事,1,ㄕ ㄕˋ
失勢,1,ㄕ ㄕˋ
失手,1,ㄕ ㄕㄡˇ
失守,1,ㄕ ㄕㄡˇ
失身,1,ㄕ ㄕㄣ
失神,1,ㄕ ㄕㄣˊ
失聲,1,ㄕ ㄕㄥ
失足,1,ㄕ ㄗㄨˊ
失蹤,1,ㄕ ㄗㄨㄥ
失策,1,ㄕ ㄘㄜˋ
失措,1,ㄕ ㄘㄨㄛˋ
失聰,1,ㄕ ㄘㄨㄥ
失色,1,ㄕ ㄙㄜˋ
失散,1,ㄕ ㄙㄢˋ
失算,1,ㄕ ㄙㄨㄢˋ
失而復得,1,ㄕ ㄦˊ ㄈㄨˋ ㄉㄜˊ
失意,1,ㄕ ㄧˋ
失憶症,1,ㄕ ㄧˋ ㄓㄥˋ
失業,1,ㄕ ㄧㄝˋ
失業保險,1,ㄕ ㄧㄝˋ ㄅㄠˇ ㄒㄧㄢˇ
失業救助,1,ㄕ ㄧㄝˋ ㄐㄧㄡˋ ㄓㄨˋ
失言,1,ㄕ ㄧㄢˊ
失物,1,ㄕ ㄨˋ
失誤,1,ㄕ ㄨˋ
失望,1,ㄕ ㄨㄤˋ
失語症,1,ㄕ ㄩˇ ㄓㄥˋ
失約,1,ㄕ ㄩㄝ
虱,1,ㄕ
虱目魚,1,ㄕ ㄇㄨˋ ㄩˊ
施,1,ㄕ
施暴,1,ㄕ ㄅㄠˋ
施肥,1,ㄕ ㄈㄟˊ
施放,1,ㄕ ㄈㄤˋ
施虐,1,ㄕ ㄋㄩㄝˋ
施工,1,ㄕ ㄍㄨㄥ
施惠,1,ㄕ ㄏㄨㄟˋ
施行,1,ㄕ ㄒㄧㄥˊ
施展,1,ㄕ ㄓㄢˇ
施政,1,ㄕ ㄓㄥˋ
施主,1,ㄕ ㄓㄨˇ
施捨,1,ㄕ ㄕㄜˇ
施壓,1,ㄕ ㄧㄚ
施予,1,ㄕ ㄩˇ
施與,1,ㄕ ㄩˇ
施用,1,ㄕ ㄩㄥˋ
師,1,ㄕ
師妹,1,ㄕ ㄇㄟˋ
師門,1,ㄕ ㄇㄣˊ
師母,1,ㄕ ㄇㄨˇ
師法,1,ㄕ ㄈㄚˇ
師範,1,ㄕ ㄈㄢˋ
師範生,1,ㄕ ㄈㄢˋ ㄕㄥ
師傅,1,ㄕ ㄈㄨˋ
師父,1,ㄕ ㄈㄨˋ
師父,1,ㄕ ㄈㄨ˙
師道,1,ㄕ ㄉㄠˋ
師弟,1,ㄕ ㄉㄧˋ
師徒,1,ㄕ ㄊㄨˊ
師老兵疲,1,ㄕ ㄌㄠˇ ㄅㄧㄥ ㄆㄧˊ
師兄,1,ㄕ ㄒㄩㄥ
師兄弟,1,ㄕ ㄒㄩㄥ ㄉㄧˋ
師長,1,ㄕ ㄓㄤˇ
師丈,1,ㄕ ㄓㄤˋ
師承,1,ㄕ ㄔㄥˊ
師出無名,1,ㄕ ㄔㄨ ㄨˊ ㄇㄧㄥˊ
師事,1,ㄕ ㄕˋ
師生,1,ㄕ ㄕㄥ
師資,1,ㄕ ㄗ
師尊,1,ㄕ ㄗㄨㄣ
師爺,1,ㄕ ㄧㄝˊ
師友,1,ㄕ ㄧㄡˇ
獅,1,ㄕ
獅子,1,ㄕ ㄗ˙
溼,1,ㄕ
溼答答,1,ㄕ ㄉㄚ ㄉㄚ
溼地,1,ㄕ ㄉㄧˋ
溼度,1,ㄕ ㄉㄨˋ
溼度計,1,ㄕ ㄉㄨˋ ㄐㄧˋ
溼漉漉,1,ㄕ ㄌㄨˋ ㄌㄨˋ
溼氣,1,ㄕ ㄑㄧˋ
溼疹,1,ㄕ ㄓㄣˇ
溼潤,1,ㄕ ㄖㄨㄣˋ
詩,1,ㄕ
詩篇,1,ㄕ ㄆㄧㄢ
詩風,1,ㄕ ㄈㄥ
詩壇,1,ㄕ ㄊㄢˊ
詩歌,1,ㄕ ㄍㄜ
詩集,1,ㄕ ㄐㄧˊ
詩情畫意,1,ㄕ ㄑㄧㄥˊ ㄏㄨㄚˋ ㄧˋ
詩仙,1,ㄕ ㄒㄧㄢ
詩選,1,ㄕ ㄒㄩㄢˇ
詩中有畫,1,ㄕ ㄓㄨㄥ ㄧㄡˇ ㄏㄨㄚˋ
詩社,1,ㄕ ㄕㄜˋ
詩聖,1,ㄕ ㄕㄥˋ
詩人,1,ㄕ ㄖㄣˊ
詩意,1,ㄕ ㄧˋ
詩餘,1,ㄕ ㄩˊ
蝨,1,ㄕ
蝨子,1,ㄕ ㄗ˙
濕,1,ㄕ
十,1,ㄕˊ
十八般武藝,1,ㄕˊ ㄅㄚ ㄅㄢ ㄨˇ ㄧˋ
十八羅漢,1,ㄕˊ ㄅㄚ ㄌㄨㄛˊ ㄏㄢˋ
十分,1,ㄕˊ ㄈㄣ
十拿九穩,1,ㄕˊ ㄋㄚˊ ㄐㄧㄡˇ ㄨㄣˇ
十年樹木百年樹人,1,ㄕˊ ㄋㄧㄢˊ ㄕㄨˋ ㄇㄨˋ ㄅㄞˇ ㄋㄧㄢˊ ㄕㄨˋ ㄖㄣˊ
十里洋場,1,ㄕˊ ㄌㄧˇ ㄧㄤˊ ㄔㄤˇ
十誡,1,ㄕˊ ㄐㄧㄝˋ
十進法,1,ㄕˊ ㄐㄧㄣˋ ㄈㄚˇ
十全,1,ㄕˊ ㄑㄩㄢˊ
十全十美,1,ㄕˊ ㄑㄩㄢˊ ㄕˊ ㄇㄟˇ
十項全能,1,ㄕˊ ㄒㄧㄤˋ ㄑㄩㄢˊ ㄋㄥˊ
十之八九,1,ㄕˊ ㄓ ㄅㄚ ㄐㄧㄡˇ
十成,1,ㄕˊ ㄔㄥˊ
十字路口,1,ㄕˊ ㄗˋ ㄌㄨˋ ㄎㄡˇ
十字架,1,ㄕˊ ㄗˋ ㄐㄧㄚˋ
十字軍東征,1,ㄕˊ ㄗˋ ㄐㄩㄣ ㄉㄨㄥ ㄓㄥ
十足,1,ㄕˊ ㄗㄨˊ
十四行詩,1,ㄕˊ ㄙˋ ㄏㄤˊ ㄕ
十三點,1,ㄕˊ ㄙㄢ ㄉㄧㄢˇ
十三經,1,ㄕˊ ㄙㄢ ㄐㄧㄥ
十惡不赦,1,ㄕˊ ㄜˋ ㄅㄨˋ ㄕㄜˋ
十惡不赦,1,ㄕˊ ㄜˋ ㄅㄨˊ ㄕㄜˋ
十二碼球,1,ㄕˊ ㄦˋ ㄇㄚˇ ㄑㄧㄡˊ
十二項建設,1,ㄕˊ ㄦˋ ㄒㄧㄤˋ ㄐㄧㄢˋ ㄕㄜˋ
十二指腸,1,ㄕˊ ㄦˋ ㄓˇ ㄔㄤˊ
十二生肖,1,ㄕˊ ㄦˋ ㄕㄥ ㄒㄧㄠˋ
十二萬分,1,ㄕˊ ㄦˋ ㄨㄢˋ ㄈㄣ
十萬火急,1,ㄕˊ ㄨㄢˋ ㄏㄨㄛˇ ㄐㄧˊ
什,1,ㄕˊ
什錦,1,ㄕˊ ㄐㄧㄣˇ
什物,1,ㄕˊ ㄨˋ
石,1,ㄕˊ
石碑,1,ㄕˊ ㄅㄟ
石斑魚,1,ㄕˊ ㄅㄢ ㄩˊ
石版,1,ㄕˊ ㄅㄢˇ
石破天驚,1,ㄕˊ ㄆㄛˋ ㄊㄧㄢ ㄐㄧㄥ
石磨,1,ㄕˊ ㄇㄛˋ
石墨,1,ㄕˊ ㄇㄛˋ
石綿,1,ㄕˊ ㄇㄧㄢˊ
石方,1,ㄕˊ ㄈㄤ
石雕,1,ㄕˊ ㄉㄧㄠ
石墩,1,ㄕˊ ㄉㄨㄣ
石頭,1,ㄕˊ ㄊㄡ˙
石炭,1,ㄕˊ ㄊㄢˋ
石榴,1,ㄕˊ ㄌㄧㄡˊ
石榴裙,1,ㄕˊ ㄌㄧㄡˊ ㄑㄩㄣˊ
石膏,1,ㄕˊ ㄍㄠ
石敢當,1,ㄕˊ ㄍㄢˇ ㄉㄤ
石棺,1,ㄕˊ ㄍㄨㄢ
石刻,1,ㄕˊ ㄎㄜˋ
石窟,1,ㄕˊ ㄎㄨ
石斛蘭,1,ㄕˊ ㄏㄨˊ ㄌㄢˊ
石化,1,ㄕˊ ㄏㄨㄚˋ
石化工業,1,ㄕˊ ㄏㄨㄚˋ ㄍㄨㄥ ㄧㄝˋ
石灰,1,ㄕˊ ㄏㄨㄟ
石灰岩,1,ㄕˊ ㄏㄨㄟ ㄧㄢˊ
石匠,1,ㄕˊ ㄐㄧㄤˋ
石像,1,ㄕˊ ㄒㄧㄤˋ
石鐘乳,1,ㄕˊ ㄓㄨㄥ ㄖㄨˇ
石沉大海,1,ㄕˊ ㄔㄣˊ ㄉㄚˋ ㄏㄞˇ
石材,1,ㄕˊ ㄘㄞˊ
石筍,1,ㄕˊ ㄙㄨㄣˇ
石油,1,ㄕˊ ㄧㄡˊ
石油危機,1,ㄕˊ ㄧㄡˊ ㄨㄟˊ ㄐㄧ
石英,1,ㄕˊ ㄧㄥ
拾,1,ㄕˊ
拾破爛,1,ㄕˊ ㄆㄛˋ ㄌㄢˋ
拾獲,1,ㄕˊ ㄏㄨㄛˋ
拾荒,1,ㄕˊ ㄏㄨㄤ
拾金不昧,1,ㄕˊ ㄐㄧㄣ ㄅㄨˋ ㄇㄟˋ
拾金不昧,1,ㄕˊ ㄐㄧㄣ ㄅㄨˊ ㄇㄟˋ
拾取,1,ㄕˊ ㄑㄩˇ
拾人牙慧,1,ㄕˊ ㄖㄣˊ ㄧㄚˊ ㄏㄨㄟˋ
食,1,ㄕˊ
食不知味,1,ㄕˊ ㄅㄨˋ ㄓ ㄨㄟˋ
食品,1,ㄕˊ ㄆㄧㄣˇ
食譜,1,ㄕˊ ㄆㄨˇ
食道,1,ㄕˊ ㄉㄠˋ
食堂,1,ㄕˊ ㄊㄤˊ
食療,1,ㄕˊ ㄌㄧㄠˊ
食糧,1,ㄕˊ ㄌㄧㄤˊ
食量,1,ㄕˊ ㄌㄧㄤˋ
食古不化,1,ㄕˊ ㄍㄨˇ ㄅㄨˋ ㄏㄨㄚˋ
食古不化,1,ㄕˊ ㄍㄨˇ ㄅㄨˊ ㄏㄨㄚˋ
食客,1,ㄕˊ ㄎㄜˋ
食火雞,1,ㄕˊ ㄏㄨㄛˇ ㄐㄧ
食指,1,ㄕˊ ㄓˇ
食指大動,1,ㄕˊ ㄓˇ ㄉㄚˋ ㄉㄨㄥˋ
食宿,1,ㄕˊ ㄙㄨˋ
食髓知味,1,ㄕˊ ㄙㄨㄟˇ ㄓ ㄨㄟˋ
食蟻獸,1,ㄕˊ ㄧˇ ㄕㄡˋ
食言,1,ㄕˊ ㄧㄢˊ
食言而肥,1,ㄕˊ ㄧㄢˊ ㄦˊ ㄈㄟˊ
食鹽,1,ㄕˊ ㄧㄢˊ
食物,1,ㄕˊ ㄨˋ
食物鏈,1,ㄕˊ ㄨˋ ㄌㄧㄢˋ
食慾,1,ㄕˊ ㄩˋ
食用,1,ㄕˊ ㄩㄥˋ
蝕,1,ㄕˊ
蝕本,1,ㄕˊ ㄅㄣˇ
時,1,ㄕˊ
時報廣告金像獎,1,ㄕˊ ㄅㄠˋ ㄍㄨㄤˇ ㄍㄠˋ ㄐㄧㄣ ㄒㄧㄤˋ ㄐㄧㄤˇ
時髦,1,ㄕˊ ㄇㄠˊ
時分,1,ㄕˊ ㄈㄣ
時代,1,ㄕˊ ㄉㄞˋ
時段,1,ㄕˊ ㄉㄨㄢˋ
時來運轉,1,ㄕˊ ㄌㄞˊ ㄩㄣˋ ㄓㄨㄢˇ
時令,1,ㄕˊ ㄌㄧㄥˋ
時光,1,ㄕˊ ㄍㄨㄤ
時刻,1,ㄕˊ ㄎㄜˋ
時刻表,1,ㄕˊ ㄎㄜˋ ㄅㄧㄠˇ
時空,1,ㄕˊ ㄎㄨㄥ
時候,1,ㄕˊ ㄏㄡˋ
時機,1,ㄕˊ ㄐㄧ
時價,1,ㄕˊ ㄐㄧㄚˋ
時節,1,ㄕˊ ㄐㄧㄝˊ
時間,1,ㄕˊ ㄐㄧㄢ
時間表,1,ㄕˊ ㄐㄧㄢ ㄅㄧㄠˇ
時間差攻擊,1,ㄕˊ ㄐㄧㄢ ㄔㄚ ㄍㄨㄥ ㄐㄧˊ
時艱,1,ㄕˊ ㄐㄧㄢ
時局,1,ㄕˊ ㄐㄩˊ
時期,1,ㄕˊ ㄑㄧˊ
時下,1,ㄕˊ ㄒㄧㄚˋ
時效,1,ㄕˊ ㄒㄧㄠˋ
時限,1,ㄕˊ ㄒㄧㄢˋ
時興,1,ㄕˊ ㄒㄧㄥ
時序,1,ㄕˊ ㄒㄩˋ
時裝,1,ㄕˊ ㄓㄨㄤ
時鐘,1,ㄕˊ ㄓㄨㄥ
時差,1,ㄕˊ ㄔㄚ
時辰,1,ㄕˊ ㄔㄣˊ
時常,1,ㄕˊ ㄔㄤˊ
時時,1,ㄕˊ ㄕˊ
時時刻刻,1,ㄕˊ ㄕˊ ㄎㄜˋ ㄎㄜˋ
時事,1,ㄕˊ ㄕˋ
時勢,1,ㄕˊ ㄕˋ
時尚,1,ㄕˊ ㄕㄤˋ
時日,1,ㄕˊ ㄖˋ
時人,1,ㄕˊ ㄖㄣˊ
時速,1,ㄕˊ ㄙㄨˋ
時宜,1,ㄕˊ ㄧˊ
時運,1,ㄕˊ ㄩㄣˋ
時運不濟,1,ㄕˊ ㄩㄣˋ ㄅㄨˋ ㄐㄧˋ
時運不濟,1,ㄕˊ ㄩㄣˋ ㄅㄨˊ ㄐㄧˋ
蒔,1,ㄕˊ
鰣,1,ㄕˊ
提,1,ㄕˊ
實,1,ㄕˊ
實報實銷,1,ㄕˊ ㄅㄠˋ ㄕˊ ㄒㄧㄠ
實彈射擊,1,ㄕˊ ㄉㄢˋ ㄕㄜˋ ㄐㄧˊ
實地,1,ㄕˊ ㄉㄧˋ
實體,1,ㄕˊ ㄊㄧˇ
實力,1,ㄕˊ ㄌㄧˋ
實例,1,ㄕˊ ㄌㄧˋ
實錄,1,ㄕˊ ㄌㄨˋ
實幹,1,ㄕˊ ㄍㄢˋ
實況,1,ㄕˊ ㄎㄨㄤˋ
實況錄影,1,ㄕˊ ㄎㄨㄤˋ ㄌㄨˋ ㄧㄥˇ
實話,1,ㄕˊ ㄏㄨㄚˋ
實話實說,1,ㄕˊ ㄏㄨㄚˋ ㄕˊ ㄕㄨㄛ
實惠,1,ㄕˊ ㄏㄨㄟˋ
實績,1,ㄕˊ ㄐㄧ
實際,1,ㄕˊ ㄐㄧˋ
實價,1,ㄕˊ ㄐㄧㄚˋ
實踐,1,ㄕˊ ㄐㄧㄢˋ
實據,1,ㄕˊ ㄐㄩˋ
實情,1,ㄕˊ ㄑㄧㄥˊ
實缺,1,ㄕˊ ㄑㄩㄝ
實權,1,ㄕˊ ㄑㄩㄢˊ
實習,1,ㄕˊ ㄒㄧˊ
實效,1,ㄕˊ ㄒㄧㄠˋ
實現,1,ㄕˊ ㄒㄧㄢˋ
實心,1,ㄕˊ ㄒㄧㄣ
實行,1,ㄕˊ ㄒㄧㄥˊ
實質,1,ㄕˊ ㄓˊ
實至名歸,1,ㄕˊ ㄓˋ ㄇㄧㄥˊ ㄍㄨㄟ
實證,1,ㄕˊ ㄓㄥˋ
實施,1,ㄕˊ ㄕ
實實在在,1,ㄕˊ ㄕˊ ㄗㄞˋ ㄗㄞˋ
實事,1,ㄕˊ ㄕˋ
實事求是,1,ㄕˊ ㄕˋ ㄑㄧㄡˊ ㄕˋ
實數,1,ㄕˊ ㄕㄨˋ
實說,1,ㄕˊ ㄕㄨㄛ
實在,1,ㄕˊ ㄗㄞˋ
實業,1,ㄕˊ ㄧㄝˋ
實驗,1,ㄕˊ ㄧㄢˋ
實驗電影,1,ㄕˊ ㄧㄢˋ ㄉㄧㄢˋ ㄧㄥˇ
實物,1,ㄕˊ ㄨˋ
實務,1,ㄕˊ ㄨˋ
實用,1,ㄕˊ ㄩㄥˋ
實用主義,1,ㄕˊ ㄩㄥˋ ㄓㄨˇ ㄧˋ
史,1,ㄕˇ
史料,1,ㄕˇ ㄌㄧㄠˋ
史跡,1,ㄕˇ ㄐㄧ
史前時代,1,ㄕˇ ㄑㄧㄢˊ ㄕˊ ㄉㄞˋ
史學,1,ㄕˇ ㄒㄩㄝˊ
史詩,1,ㄕˇ ㄕ
史實,1,ㄕˇ ㄕˊ
史書,1,ㄕˇ ㄕㄨ
史冊,1,ㄕˇ ㄘㄜˋ
史無前例,1,ㄕˇ ㄨˊ ㄑㄧㄢˊ ㄌㄧˋ
使,1,ㄕˇ
使命感,1,ㄕˇ ㄇㄧㄥˋ ㄍㄢˇ
使徒,1,ㄕˇ ㄊㄨˊ
使喚,1,ㄕˇ ㄏㄨㄢˋ
使勁,1,ㄕˇ ㄐㄧㄥˋ
使性子,1,ㄕˇ ㄒㄧㄥˋ ㄗ˙
使者,1,ㄕˇ ㄓㄜˇ
使臣,1,ㄕˇ ㄔㄣˊ
使然,1,ㄕˇ ㄖㄢˊ
使眼色,1,ㄕˇ ㄧㄢˇ ㄙㄜˋ
使用,1,ㄕˇ ㄩㄥˋ
使用率,1,ㄕˇ ㄩㄥˋ ㄌㄩˋ
使用權,1,ㄕˇ ㄩㄥˋ ㄑㄩㄢˊ
駛,1,ㄕˇ
矢,1,ㄕˇ
矢口否認,1,ㄕˇ ㄎㄡˇ ㄈㄡˇ ㄖㄣˋ
矢勤矢勇,1,ㄕˇ ㄑㄧㄣˊ ㄕˇ ㄩㄥˇ
矢言,1,ㄕˇ ㄧㄢˊ
豕,1,ㄕˇ
始,1,ㄕˇ
始末,1,ㄕˇ ㄇㄛˋ
始料不及,1,ㄕˇ ㄌㄧㄠˋ ㄅㄨˋ ㄐㄧˊ
始料未及,1,ㄕˇ ㄌㄧㄠˋ ㄨㄟˋ ㄐㄧˊ
始亂終棄,1,ㄕˇ ㄌㄨㄢˋ ㄓㄨㄥ ㄑㄧˋ
始終,1,ㄕˇ ㄓㄨㄥ
始終如一,1,ㄕˇ ㄓㄨㄥ ㄖㄨˊ ㄧ
始祖,1,ㄕˇ ㄗㄨˇ
始作俑者,1,ㄕˇ ㄗㄨㄛˋ ㄩㄥˇ ㄓㄜˇ
始業式,1,ㄕˇ ㄧㄝˋ ㄕˋ
屎,1,ㄕˇ
屎尿,1,ㄕˇ ㄋㄧㄠˋ
屎蚵蜋,1,ㄕˇ ㄎㄜ ㄌㄤˊ
士,1,ㄕˋ
士兵,1,ㄕˋ ㄅㄧㄥ
士大夫,1,ㄕˋ ㄉㄚˋ ㄈㄨ
士林,1,ㄕˋ ㄌㄧㄣˊ
士官,1,ㄕˋ ㄍㄨㄢ
士可殺不可辱,1,ㄕˋ ㄎㄜˇ ㄕㄚ ㄅㄨˋ ㄎㄜˇ ㄖㄨˋ
士氣,1,ㄕˋ ㄑㄧˋ
仕,1,ㄕˋ
仕途,1,ㄕˋ ㄊㄨˊ
仕女,1,ㄕˋ ㄋㄩˇ
仕紳,1,ㄕˋ ㄕㄣ
氏,1,ㄕˋ
舐,1,ㄕˋ
舐犢情深,1,ㄕˋ ㄉㄨˊ ㄑㄧㄥˊ ㄕㄣ
市,1,ㄕˋ
市面,1,ㄕˋ ㄇㄧㄢˋ
市民,1,ㄕˋ ㄇㄧㄣˊ
市民農園,1,ㄕˋ ㄇㄧㄣˊ ㄋㄨㄥˊ ㄩㄢˊ
市府,1,ㄕˋ ㄈㄨˇ
市內,1,ㄕˋ ㄋㄟˋ
市立,1,ㄕˋ ㄌㄧˋ
市公所,1,ㄕˋ ㄍㄨㄥ ㄙㄨㄛˇ
市儈,1,ㄕˋ ㄎㄨㄞˋ
市集,1,ㄕˋ ㄐㄧˊ
市價,1,ㄕˋ ㄐㄧㄚˋ
市街,1,ㄕˋ ㄐㄧㄝ
市井,1,ㄕˋ ㄐㄧㄥˇ
市井小民,1,ㄕˋ ㄐㄧㄥˇ ㄒㄧㄠˇ ㄇㄧㄣˊ
市井無賴,1,ㄕˋ ㄐㄧㄥˇ ㄨˊ ㄌㄞˋ
市區,1,ㄕˋ ㄑㄩ
市招,1,ㄕˋ ㄓㄠ
市鎮,1,ㄕˋ ㄓㄣˋ
市長,1,ㄕˋ ㄓㄤˇ
市政,1,ㄕˋ ㄓㄥˋ
市中心,1,ㄕˋ ㄓㄨㄥ ㄒㄧㄣ
市場,1,ㄕˋ ㄔㄤˇ
市場調查,1,ㄕˋ ㄔㄤˇ ㄉㄧㄠˋ ㄔㄚˊ
市場區隔,1,ㄕˋ ㄔㄤˇ ㄑㄩ ㄍㄜˊ
市場占有率,1,ㄕˋ ㄔㄤˇ ㄓㄢˋ ㄧㄡˇ ㄌㄩˋ
市容,1,ㄕˋ ㄖㄨㄥˊ
柿,1,ㄕˋ
柿子,1,ㄕˋ ㄗ˙
示,1,ㄕˋ
示範,1,ㄕˋ ㄈㄢˋ
示範社區,1,ㄕˋ ㄈㄢˋ ㄕㄜˋ ㄑㄩ
示好,1,ㄕˋ ㄏㄠˇ
示警,1,ㄕˋ ㄐㄧㄥˇ
示眾,1,ㄕˋ ㄓㄨㄥˋ
示弱,1,ㄕˋ ㄖㄨㄛˋ
示愛,1,ㄕˋ ㄞˋ
示意,1,ㄕˋ ㄧˋ
示威,1,ㄕˋ ㄨㄟ
視,1,ㄕˋ
視聽,1,ㄕˋ ㄊㄧㄥ
視聽教育,1,ㄕˋ ㄊㄧㄥ ㄐㄧㄠˋ ㄩˋ
視同兒戲,1,ㄕˋ ㄊㄨㄥˊ ㄦˊ ㄒㄧˋ
視力,1,ㄕˋ ㄌㄧˋ
視界,1,ㄕˋ ㄐㄧㄝˋ
視覺,1,ㄕˋ ㄐㄩㄝˊ
視線,1,ㄕˋ ㄒㄧㄢˋ
視訊,1,ㄕˋ ㄒㄩㄣˋ
視察,1,ㄕˋ ㄔㄚˊ
視事,1,ㄕˋ ㄕˋ
視如己出,1,ㄕˋ ㄖㄨˊ ㄐㄧˇ ㄔㄨ
視如敝屣,1,ㄕˋ ㄖㄨˊ ㄅㄧˋ ㄒㄧˇ
視若無睹,1,ㄕˋ ㄖㄨㄛˋ ㄨˊ ㄉㄨˇ
視若無物,1,ㄕˋ ㄖㄨㄛˋ ㄨˊ ㄨˋ
視死如歸,1,ㄕˋ ㄙˇ ㄖㄨˊ ㄍㄨㄟ
視而不見,1,ㄕˋ ㄦˊ ㄅㄨˋ ㄐㄧㄢˋ
視而不見,1,ㄕˋ ㄦˊ ㄅㄨˊ ㄐㄧㄢˋ
視野,1,ㄕˋ ㄧㄝˇ
視為畏途,1,ㄕˋ ㄨㄟˊ ㄨㄟˋ ㄊㄨˊ
世,1,ㄕˋ
世面,1,ㄕˋ ㄇㄧㄢˋ
世風日下,1,ㄕˋ ㄈㄥ ㄖˋ ㄒㄧㄚˋ
世代,1,ㄕˋ ㄉㄞˋ
世代交替,1,ㄕˋ ㄉㄞˋ ㄐㄧㄠ ㄊㄧˋ
世道,1,ㄕˋ ㄉㄠˋ
世態,1,ㄕˋ ㄊㄞˋ
世態炎涼,1,ㄕˋ ㄊㄞˋ ㄧㄢˊ ㄌㄧㄤˊ
世故,1,ㄕˋ ㄍㄨˋ
世紀,1,ㄕˋ ㄐㄧˋ
世家,1,ㄕˋ ㄐㄧㄚ
世界,1,ㄕˋ ㄐㄧㄝˋ
世界貿易組織,1,ㄕˋ ㄐㄧㄝˋ ㄇㄠˋ ㄧˋ ㄗㄨˇ ㄓ
世界大同,1,ㄕˋ ㄐㄧㄝˋ ㄉㄚˋ ㄊㄨㄥˊ
世界大戰,1,ㄕˋ ㄐㄧㄝˋ ㄉㄚˋ ㄓㄢˋ
世界觀,1,ㄕˋ ㄐㄧㄝˋ ㄍㄨㄢ
世界級,1,ㄕˋ ㄐㄧㄝˋ ㄐㄧˊ
世界性,1,ㄕˋ ㄐㄧㄝˋ ㄒㄧㄥˋ
世界展望會,1,ㄕˋ ㄐㄧㄝˋ ㄓㄢˇ ㄨㄤˋ ㄏㄨㄟˋ
世界運動會,1,ㄕˋ ㄐㄧㄝˋ ㄩㄣˋ ㄉㄨㄥˋ ㄏㄨㄟˋ
世交,1,ㄕˋ ㄐㄧㄠ
世間,1,ㄕˋ ㄐㄧㄢ
世居,1,ㄕˋ ㄐㄩ
世局,1,ㄕˋ ㄐㄩˊ
世襲,1,ㄕˋ ㄒㄧˊ
世系,1,ㄕˋ ㄒㄧˋ
世兄,1,ㄕˋ ㄒㄩㄥ
世侄,1,ㄕˋ ㄓˊ
世仇,1,ㄕˋ ㄔㄡˊ
世世代代,1,ㄕˋ ㄕˋ ㄉㄞˋ ㄉㄞˋ
世事,1,ㄕˋ ㄕˋ
世事難料,1,ㄕˋ ㄕˋ ㄋㄢˊ ㄌㄧㄠˋ
世上,1,ㄕˋ ㄕㄤˋ
世人,1,ㄕˋ ㄖㄣˊ
世俗,1,ㄕˋ ㄙㄨˊ
世外桃源,1,ㄕˋ ㄨㄞˋ ㄊㄠˊ ㄩㄢˊ
世運,1,ㄕˋ ㄩㄣˋ
式,1,ㄕˋ
式子,1,ㄕˋ ㄗ˙
式樣,1,ㄕˋ ㄧㄤˋ
式微,1,ㄕˋ ㄨㄟˊ
拭,1,ㄕˋ
拭目以待,1,ㄕˋ ㄇㄨˋ ㄧˇ ㄉㄞˋ
拭淚,1,ㄕˋ ㄌㄟˋ
試,1,ㄕˋ
試播,1,ㄕˋ ㄅㄛˋ
試辦,1,ㄕˋ ㄅㄢˋ
試探,1,ㄕˋ ㄊㄢˋ
試題,1,ㄕˋ ㄊㄧˊ
試圖,1,ㄕˋ ㄊㄨˊ
試管,1,ㄕˋ ㄍㄨㄢˇ
試航,1,ㄕˋ ㄏㄤˊ
試婚,1,ㄕˋ ㄏㄨㄣ
試金石,1,ㄕˋ ㄐㄧㄣ ㄕˊ
試卷,1,ㄕˋ ㄐㄩㄢˋ
試紙,1,ㄕˋ ㄓˇ
試車,1,ㄕˋ ㄔㄜ
試場,1,ㄕˋ ㄔㄤˇ
試穿,1,ㄕˋ ㄔㄨㄢ
試試,1,ㄕˋ ㄕˋ
試晬,1,ㄕˋ ㄗㄨㄟˋ
試驗,1,ㄕˋ ㄧㄢˋ
試問,1,ㄕˋ ㄨㄣˋ
試用,1,ㄕˋ ㄩㄥˋ
軾,1,ㄕˋ
弒,1,ㄕˋ
事,1,ㄕˋ
事倍功半,1,ㄕˋ ㄅㄟˋ ㄍㄨㄥ ㄅㄢˋ
事半功倍,1,ㄕˋ ㄅㄢˋ ㄍㄨㄥ ㄅㄟˋ
事必躬親,1,ㄕˋ ㄅㄧˋ ㄍㄨㄥ ㄑㄧㄣ
事變,1,ㄕˋ ㄅㄧㄢˋ
事不宜遲,1,ㄕˋ ㄅㄨˋ ㄧˊ ㄔˊ
事端,1,ㄕˋ ㄉㄨㄢ
事態,1,ㄕˋ ㄊㄞˋ
事理,1,ㄕˋ ㄌㄧˇ
事例,1,ㄕˋ ㄌㄧˋ
事略,1,ㄕˋ ㄌㄩㄝˋ
事故,1,ㄕˋ ㄍㄨˋ
事過境遷,1,ㄕˋ ㄍㄨㄛˋ ㄐㄧㄥˋ ㄑㄧㄢ
事功,1,ㄕˋ ㄍㄨㄥ
事後,1,ㄕˋ ㄏㄡˋ
事機,1,ㄕˋ ㄐㄧ
事蹟,1,ㄕˋ ㄐㄧ
事件,1,ㄕˋ ㄐㄧㄢˋ
事前,1,ㄕˋ ㄑㄧㄢˊ
事情,1,ㄕˋ ㄑㄧㄥˊ
事權,1,ㄕˋ ㄑㄩㄢˊ
事先,1,ㄕˋ ㄒㄧㄢ
事項,1,ㄕˋ ㄒㄧㄤˋ
事主,1,ㄕˋ ㄓㄨˇ
事出有因,1,ㄕˋ ㄔㄨ ㄧㄡˇ ㄧㄣ
事實,1,ㄕˋ ㄕˊ
事事,1,ㄕˋ ㄕˋ
事在人為,1,ㄕˋ ㄗㄞˋ ㄖㄣˊ ㄨㄟˊ
事宜,1,ㄕˋ ㄧˊ
事業,1,ㄕˋ ㄧㄝˋ
事由,1,ㄕˋ ㄧㄡˊ
事物,1,ㄕˋ ㄨˋ
事務,1,ㄕˋ ㄨˋ
事務官,1,ㄕˋ ㄨˋ ㄍㄨㄢ
事務所,1,ㄕˋ ㄨˋ ㄙㄨㄛˇ
事與願違,1,ㄕˋ ㄩˇ ㄩㄢˋ ㄨㄟˊ
侍,1,ㄕˋ
侍奉,1,ㄕˋ ㄈㄥˋ
侍女,1,ㄕˋ ㄋㄩˇ
侍郎,1,ㄕˋ ㄌㄤˊ
侍候,1,ㄕˋ ㄏㄡˋ
侍妾,1,ㄕˋ ㄑㄧㄝˋ
侍者,1,ㄕˋ ㄓㄜˇ
侍從,1,ㄕˋ ㄗㄨㄥˋ
侍應生,1,ㄕˋ ㄧㄥˋ ㄕㄥ
侍衛,1,ㄕˋ ㄨㄟˋ
恃,1,ㄕˋ
恃強凌弱,1,ㄕˋ ㄑㄧㄤˊ ㄌㄧㄥˊ ㄖㄨㄛˋ
恃寵而驕,1,ㄕˋ ㄔㄨㄥˇ ㄦˊ ㄐㄧㄠ
恃才傲物,1,ㄕˋ ㄘㄞˊ ㄠˋ ㄨˋ
室,1,ㄕˋ
室內,1,ㄕˋ ㄋㄟˋ
室內植物,1,ㄕˋ ㄋㄟˋ ㄓˊ ㄨˋ
室內樂,1,ㄕˋ ㄋㄟˋ ㄩㄝˋ
室友,1,ㄕˋ ㄧㄡˇ
室外,1,ㄕˋ ㄨㄞˋ
室溫,1,ㄕˋ ㄨㄣ
是,1,ㄕˋ
是非,1,ㄕˋ ㄈㄟ
是非不分,1,ㄕˋ ㄈㄟ ㄅㄨˋ ㄈㄣ
是非分明,1,ㄕˋ ㄈㄟ ㄈㄣ ㄇㄧㄥˊ
是非曲直,1,ㄕˋ ㄈㄟ ㄑㄩ ㄓˊ
是否,1,ㄕˋ ㄈㄡˇ
是福不是禍是禍躲不過,1,ㄕˋ ㄈㄨˊ ㄅㄨˋ ㄕˋ ㄏㄨㄛˋ ㄕˋ ㄏㄨㄛˋ ㄉㄨㄛˇ ㄅㄨˋ ㄍㄨㄛˋ
是福不是禍是禍躲不過,1,ㄕˋ ㄈㄨˊ ㄅㄨˊ ㄕˋ ㄏㄨㄛˋ ㄕˋ ㄏㄨㄛˋ ㄉㄨㄛˇ ㄅㄨˊ ㄍㄨㄛˋ
逝,1,ㄕˋ
逝世,1,ㄕˋ ㄕˋ
誓,1,ㄕˋ
誓不兩立,1,ㄕˋ ㄅㄨˋ ㄌㄧㄤˇ ㄌㄧˋ
誓不甘休,1,ㄕˋ ㄅㄨˋ ㄍㄢ ㄒㄧㄡ
誓師,1,ㄕˋ ㄕ
誓詞,1,ㄕˋ ㄘˊ
誓死,1,ㄕˋ ㄙˇ
誓死不屈,1,ㄕˋ ㄙˇ ㄅㄨˋ ㄑㄩ
誓言,1,ㄕˋ ㄧㄢˊ
誓約,1,ㄕˋ ㄩㄝ
誓願,1,ㄕˋ ㄩㄢˋ
勢,1,ㄕˋ
勢必,1,ㄕˋ ㄅㄧˋ
勢不得已,1,ㄕˋ ㄅㄨˋ ㄉㄜˊ ㄧˇ
勢不兩立,1,ㄕˋ ㄅㄨˋ ㄌㄧㄤˇ ㄌㄧˋ
勢不可當,1,ㄕˋ ㄅㄨˋ ㄎㄜˇ ㄉㄤˇ
勢同水火,1,ㄕˋ ㄊㄨㄥˊ ㄕㄨㄟˇ ㄏㄨㄛˇ
勢力,1,ㄕˋ ㄌㄧˋ
勢利,1,ㄕˋ ㄌㄧˋ
勢利眼,1,ㄕˋ ㄌㄧˋ ㄧㄢˇ
勢均力敵,1,ㄕˋ ㄐㄩㄣ ㄌㄧˋ ㄉㄧˊ
勢如破竹,1,ㄕˋ ㄖㄨˊ ㄆㄛˋ ㄓㄨˊ
勢在必行,1,ㄕˋ ㄗㄞˋ ㄅㄧˋ ㄒㄧㄥˊ
嗜,1,ㄕˋ
嗜好,1,ㄕˋ ㄏㄠˋ
嗜酒,1,ㄕˋ ㄐㄧㄡˇ
嗜之如命,1,ㄕˋ ㄓ ㄖㄨˊ ㄇㄧㄥˋ
筮,1,ㄕˋ
噬,1,ㄕˋ
噬臍莫及,1,ㄕˋ ㄑㄧˊ ㄇㄛˋ ㄐㄧˊ
噬人菌,1,ㄕˋ ㄖㄣˊ ㄐㄩㄣˋ
飾,1,ㄕˋ
飾金,1,ㄕˋ ㄐㄧㄣ
飾詞,1,ㄕˋ ㄘˊ
飾演,1,ㄕˋ ㄧㄢˇ
飾物,1,ㄕˋ ㄨˋ
適,1,ㄕˋ
適得其反,1,ㄕˋ ㄉㄜˊ ㄑㄧˊ ㄈㄢˇ
適得其所,1,ㄕˋ ㄉㄜˊ ㄑㄧˊ ㄙㄨㄛˇ
適當,1,ㄕˋ ㄉㄤˋ
適度,1,ㄕˋ ㄉㄨˋ
適量,1,ㄕˋ ㄌㄧㄤˋ
適可而止,1,ㄕˋ ㄎㄜˇ ㄦˊ ㄓˇ
適合,1,ㄕˋ ㄏㄜˊ
適婚年齡,1,ㄕˋ ㄏㄨㄣ ㄋㄧㄢˊ ㄌㄧㄥˊ
適切,1,ㄕˋ ㄑㄧㄝˋ
適性,1,ㄕˋ ㄒㄧㄥˋ
適中,1,ㄕˋ ㄓㄨㄥ
適時,1,ㄕˋ ㄕˊ
適任,1,ㄕˋ ㄖㄣˋ
適才,1,ㄕˋ ㄘㄞˊ
適材適用,1,ㄕˋ ㄘㄞˊ ㄕˋ ㄩㄥˋ
適宜,1,ㄕˋ ㄧˊ
適意,1,ㄕˋ ㄧˋ
適應,1,ㄕˋ ㄧㄥˋ
適用,1,ㄕˋ ㄩㄥˋ
諡,1,ㄕˋ
識,1,ㄕˋ
識別,1,ㄕˋ ㄅㄧㄝˊ
識破,1,ㄕˋ ㄆㄛˋ
識大體,1,ㄕˋ ㄉㄚˋ ㄊㄧˇ
識途老馬,1,ㄕˋ ㄊㄨˊ ㄌㄠˇ ㄇㄚˇ
識貨,1,ㄕˋ ㄏㄨㄛˋ
識見,1,ㄕˋ ㄐㄧㄢˋ
識趣,1,ㄕˋ ㄑㄩˋ
識相,1,ㄕˋ ㄒㄧㄤˋ
識時務,1,ㄕˋ ㄕˊ ㄨˋ
釋,1,ㄕˋ
釋放,1,ㄕˋ ㄈㄤˋ
釋例,1,ㄕˋ ㄌㄧˋ
釋懷,1,ㄕˋ ㄏㄨㄞˊ
釋迦,1,ㄕˋ ㄐㄧㄚ
釋出,1,ㄕˋ ㄔㄨ
釋然,1,ㄕˋ ㄖㄢˊ
釋疑,1,ㄕˋ ㄧˊ
釋義,1,ㄕˋ ㄧˋ
釋文,1,ㄕˋ ㄨㄣˊ
匙,1,ㄕ˙
沙,1,ㄕㄚ
沙盤,1,ㄕㄚ ㄆㄢˊ
沙盤推演,1,ㄕㄚ ㄆㄢˊ ㄊㄨㄟ ㄧㄢˇ
沙漠,1,ㄕㄚ ㄇㄛˋ
沙發,1,ㄕㄚ ㄈㄚ
沙袋,1,ㄕㄚ ㄉㄞˋ
沙丁魚,1,ㄕㄚ ㄉㄧㄥ ㄩˊ
沙灘,1,ㄕㄚ ㄊㄢ
沙土,1,ㄕㄚ ㄊㄨˇ
沙拉,1,ㄕㄚ ㄌㄚ
沙拉油,1,ㄕㄚ ㄌㄚ ㄧㄡˊ
沙漏,1,ㄕㄚ ㄌㄡˋ
沙礫,1,ㄕㄚ ㄌㄧˋ
沙龍,1,ㄕㄚ ㄌㄨㄥˊ
沙鍋,1,ㄕㄚ ㄍㄨㄛ
沙坑,1,ㄕㄚ ㄎㄥ
沙金,1,ㄕㄚ ㄐㄧㄣ
沙丘,1,ㄕㄚ ㄑㄧㄡ
沙洲,1,ㄕㄚ ㄓㄡ
沙茶,1,ㄕㄚ ㄔㄚˊ
沙場,1,ㄕㄚ ㄔㄤˇ
沙子,1,ㄕㄚ ㄗ˙
沙鷗,1,ㄕㄚ ㄡ
沙啞,1,ㄕㄚ ㄧㄚˇ
沙文主義,1,ㄕㄚ ㄨㄣˊ ㄓㄨˇ ㄧˋ
砂,1,ㄕㄚ
砂布,1,ㄕㄚ ㄅㄨˋ
砂糖,1,ㄕㄚ ㄊㄤˊ
砂土,1,ㄕㄚ ㄊㄨˇ
砂囊,1,ㄕㄚ ㄋㄤˊ
砂礫,1,ㄕㄚ ㄌㄧˋ
砂輪,1,ㄕㄚ ㄌㄨㄣˊ
砂鍋,1,ㄕㄚ ㄍㄨㄛ
砂質,1,ㄕㄚ ㄓˊ
砂紙,1,ㄕㄚ ㄓˇ
砂石,1,ㄕㄚ ㄕˊ
砂岩,1,ㄕㄚ ㄧㄢˊ
砂眼,1,ㄕㄚ ㄧㄢˇ
紗,1,ㄕㄚ
紗布,1,ㄕㄚ ㄅㄨˋ
紗帽,1,ㄕㄚ ㄇㄠˋ
紗門,1,ㄕㄚ ㄇㄣˊ
紗廠,1,ㄕㄚ ㄔㄤˇ
紗窗,1,ㄕㄚ ㄔㄨㄤ
莎,1,ㄕㄚ
莎雞,1,ㄕㄚ ㄐㄧ
痧,1,ㄕㄚ
裟,1,ㄕㄚ
鯊,1,ㄕㄚ
鯊魚,1,ㄕㄚ ㄩˊ
殺,1,ㄕㄚ
殺風景,1,ㄕㄚ ㄈㄥ ㄐㄧㄥˇ
殺戮,1,ㄕㄚ ㄌㄨˋ
殺害,1,ㄕㄚ ㄏㄞˋ
殺機,1,ㄕㄚ ㄐㄧ
殺雞儆猴,1,ㄕㄚ ㄐㄧ ㄐㄧㄥˇ ㄏㄡˊ
殺雞取卵,1,ㄕㄚ ㄐㄧ ㄑㄩˇ ㄌㄨㄢˇ
殺雞焉用牛刀,1,ㄕㄚ ㄐㄧ ㄧㄢ ㄩㄥˋ ㄋㄧㄡˊ ㄉㄠ
殺價,1,ㄕㄚ ㄐㄧㄚˋ
殺戒,1,ㄕㄚ ㄐㄧㄝˋ
殺菌,1,ㄕㄚ ㄐㄩㄣˋ
殺氣,1,ㄕㄚ ㄑㄧˋ
殺青,1,ㄕㄚ ㄑㄧㄥ
殺出重圍,1,ㄕㄚ ㄔㄨ ㄔㄨㄥˊ ㄨㄟˊ
殺蟲劑,1,ㄕㄚ ㄔㄨㄥˊ ㄐㄧˋ
殺手,1,ㄕㄚ ㄕㄡˇ
殺身,1,ㄕㄚ ㄕㄣ
殺身之禍,1,ㄕㄚ ㄕㄣ ㄓ ㄏㄨㄛˋ
殺身成仁,1,ㄕㄚ ㄕㄣ ㄔㄥˊ ㄖㄣˊ
殺傷,1,ㄕㄚ ㄕㄤ
殺生,1,ㄕㄚ ㄕㄥ
殺聲震天,1,ㄕㄚ ㄕㄥ ㄓㄣˋ ㄊㄧㄢ
殺人不見血,1,ㄕㄚ ㄖㄣˊ ㄅㄨˋ ㄐㄧㄢˋ ㄒㄧㄝˇ
殺人不見血,1,ㄕㄚ ㄖㄣˊ ㄅㄨˊ ㄐㄧㄢˋ ㄒㄧㄝˇ
殺人不眨眼,1,ㄕㄚ ㄖㄣˊ ㄅㄨˋ ㄓㄚˇ ㄧㄢˇ
殺人滅口,1,ㄕㄚ ㄖㄣˊ ㄇㄧㄝˋ ㄎㄡˇ
殺人犯,1,ㄕㄚ ㄖㄣˊ ㄈㄢˋ
殺人如麻,1,ㄕㄚ ㄖㄣˊ ㄖㄨˊ ㄇㄚˊ
殺人罪,1,ㄕㄚ ㄖㄣˊ ㄗㄨㄟˋ
殺死,1,ㄕㄚ ㄙˇ
殺一儆百,1,ㄕㄚ ㄧ ㄐㄧㄥˇ ㄅㄞˇ
鎩,1,ㄕㄚ
鎩羽而歸,1,ㄕㄚ ㄩˇ ㄦˊ ㄍㄨㄟ
煞,1,ㄕㄚ
煞住,1,ㄕㄚ ㄓㄨˋ
煞車,1,ㄕㄚ ㄔㄜ
煞尾,1,ㄕㄚ ㄨㄟˇ
啥,1,ㄕㄚˊ
傻,1,ㄕㄚˇ
傻里傻氣,1,ㄕㄚˇ ㄌㄧˇ ㄕㄚˇ ㄑㄧˋ
傻瓜,1,ㄕㄚˇ ㄍㄨㄚ
傻瓜相機,1,ㄕㄚˇ ㄍㄨㄚ ㄒㄧㄤˋ ㄐㄧ
傻勁,1,ㄕㄚˇ ㄐㄧㄥˋ
傻小子,1,ㄕㄚˇ ㄒㄧㄠˇ ㄗ˙
傻事,1,ㄕㄚˇ ㄕˋ
傻人有傻福,1,ㄕㄚˇ ㄖㄣˊ ㄧㄡˇ ㄕㄚˇ ㄈㄨˊ
傻子,1,ㄕㄚˇ ㄗ˙
歃,1,ㄕㄚˋ
歃血為盟,1,ㄕㄚˋ ㄒㄧㄝˇ ㄨㄟˊ ㄇㄥˊ
煞,1,ㄕㄚˋ
煞費苦心,1,ㄕㄚˋ ㄈㄟˋ ㄎㄨˇ ㄒㄧㄣ
煞氣,1,ㄕㄚˋ ㄑㄧˋ
煞星,1,ㄕㄚˋ ㄒㄧㄥ
煞有介事,1,ㄕㄚˋ ㄧㄡˇ ㄐㄧㄝˋ ㄕˋ
霎,1,ㄕㄚˋ
霎時,1,ㄕㄚˋ ㄕˊ
奢,1,ㄕㄜ
奢靡,1,ㄕㄜ ㄇㄧˇ
奢華,1,ㄕㄜ ㄏㄨㄚˊ
奢求,1,ㄕㄜ ㄑㄧㄡˊ
奢侈,1,ㄕㄜ ㄔˇ
奢侈品,1,ㄕㄜ ㄔˇ ㄆㄧㄣˇ
奢望,1,ㄕㄜ ㄨㄤˋ
畬,1,ㄕㄜ
賒,1,ㄕㄜ
賒貸,1,ㄕㄜ ㄉㄞˋ
賒借,1,ㄕㄜ ㄐㄧㄝˋ
賒帳,1,ㄕㄜ ㄓㄤˋ
舌,1,ㄕㄜˊ
舌敝脣焦,1,ㄕㄜˊ ㄅㄧˋ ㄔㄨㄣˊ ㄐㄧㄠ
舌苔,1,ㄕㄜˊ ㄊㄞ
舌頭,1,ㄕㄜˊ ㄊㄡ˙
舌根,1,ㄕㄜˊ ㄍㄣ
舌耕,1,ㄕㄜˊ ㄍㄥ
舌尖,1,ㄕㄜˊ ㄐㄧㄢ
舌劍脣槍,1,ㄕㄜˊ ㄐㄧㄢˋ ㄔㄨㄣˊ ㄑㄧㄤ
舌戰,1,ㄕㄜˊ ㄓㄢˋ
折,1,ㄕㄜˊ
佘,1,ㄕㄜˊ
蛇,1,ㄕㄜˊ
蛇吞象,1,ㄕㄜˊ ㄊㄨㄣ ㄒㄧㄤˋ
蛇蠍,1,ㄕㄜˊ ㄒㄧㄝ
蛇蠍美人,1,ㄕㄜˊ ㄒㄧㄝ ㄇㄟˇ ㄖㄣˊ
蛇蠍心腸,1,ㄕㄜˊ ㄒㄧㄝ ㄒㄧㄣ ㄔㄤˊ
蛇信,1,ㄕㄜˊ ㄒㄧㄣˋ
蛇行,1,ㄕㄜˊ ㄒㄧㄥˊ
舍,1,ㄕㄜˇ
舍我其誰,1,ㄕㄜˇ ㄨㄛˇ ㄑㄧˊ ㄕㄟˊ
捨,1,ㄕㄜˇ
捨本逐末,1,ㄕㄜˇ ㄅㄣˇ ㄓㄨˊ ㄇㄛˋ
捨不得,1,ㄕㄜˇ ㄅㄨˋ ㄉㄜ˙
捨命,1,ㄕㄜˇ ㄇㄧㄥˋ
捨得,1,ㄕㄜˇ ㄉㄜ˙
捨己救人,1,ㄕㄜˇ ㄐㄧˇ ㄐㄧㄡˋ ㄖㄣˊ
捨近求遠,1,ㄕㄜˇ ㄐㄧㄣˋ ㄑㄧㄡˊ ㄩㄢˇ
捨棄,1,ㄕㄜˇ ㄑㄧˋ
捨身,1,ㄕㄜˇ ㄕㄣ
捨生取義,1,ㄕㄜˇ ㄕㄥ ㄑㄩˇ ㄧˋ
捨我其誰,1,ㄕㄜˇ ㄨㄛˇ ㄑㄧˊ ㄕㄟˊ
社,1,ㄕㄜˋ
社團,1,ㄕㄜˋ ㄊㄨㄢˊ
社論,1,ㄕㄜˋ ㄌㄨㄣˋ
社工,1,ㄕㄜˋ ㄍㄨㄥ
社會,1,ㄕㄜˋ ㄏㄨㄟˋ
社會保險,1,ㄕㄜˋ ㄏㄨㄟˋ ㄅㄠˇ ㄒㄧㄢˇ
社會福利,1,ㄕㄜˋ ㄏㄨㄟˋ ㄈㄨˊ ㄌㄧˋ
社會工作,1,ㄕㄜˋ ㄏㄨㄟˋ ㄍㄨㄥ ㄗㄨㄛˋ
社會科學,1,ㄕㄜˋ ㄏㄨㄟˋ ㄎㄜ ㄒㄩㄝˊ
社會化,1,ㄕㄜˋ ㄏㄨㄟˋ ㄏㄨㄚˋ
社會教育,1,ㄕㄜˋ ㄏㄨㄟˋ ㄐㄧㄠˋ ㄩˋ
社會救助,1,ㄕㄜˋ ㄏㄨㄟˋ ㄐㄧㄡˋ ㄓㄨˋ
社會心理,1,ㄕㄜˋ ㄏㄨㄟˋ ㄒㄧㄣ ㄌㄧˇ
社會學,1,ㄕㄜˋ ㄏㄨㄟˋ ㄒㄩㄝˊ
社會主義,1,ㄕㄜˋ ㄏㄨㄟˋ ㄓㄨˇ ㄧˋ
社稷,1,ㄕㄜˋ ㄐㄧˋ
社交,1,ㄕㄜˋ ㄐㄧㄠ
社交舞,1,ㄕㄜˋ ㄐㄧㄠ ㄨˇ
社教,1,ㄕㄜˋ ㄐㄧㄠˋ
社區,1,ㄕㄜˋ ㄑㄩ
社區服務,1,ㄕㄜˋ ㄑㄩ ㄈㄨˊ ㄨˋ
社區意識,1,ㄕㄜˋ ㄑㄩ ㄧˋ ㄕˋ
舍,1,ㄕㄜˋ
舍利,1,ㄕㄜˋ ㄌㄧˋ
舍監,1,ㄕㄜˋ ㄐㄧㄢ
舍下,1,ㄕㄜˋ ㄒㄧㄚˋ
拾,1,ㄕㄜˋ
拾級而上,1,ㄕㄜˋ ㄐㄧˊ ㄦˊ ㄕㄤˋ
涉,1,ㄕㄜˋ
涉獵,1,ㄕㄜˋ ㄌㄧㄝˋ
涉及,1,ㄕㄜˋ ㄐㄧˊ
涉嫌,1,ㄕㄜˋ ㄒㄧㄢˊ
涉世,1,ㄕㄜˋ ㄕˋ
涉足,1,ㄕㄜˋ ㄗㄨˊ
涉案,1,ㄕㄜˋ ㄢˋ
射,1,ㄕㄜˋ
射門,1,ㄕㄜˋ ㄇㄣˊ
射擊,1,ㄕㄜˋ ㄐㄧˊ
射箭,1,ㄕㄜˋ ㄐㄧㄢˋ
射程,1,ㄕㄜˋ ㄔㄥˊ
射手,1,ㄕㄜˋ ㄕㄡˇ
射殺,1,ㄕㄜˋ ㄕㄚ
麝,1,ㄕㄜˋ
麝香,1,ㄕㄜˋ ㄒㄧㄤ
設,1,ㄕㄜˋ
設備,1,ㄕㄜˋ ㄅㄟˋ
設法,1,ㄕㄜˋ ㄈㄚˇ
設防,1,ㄕㄜˋ ㄈㄤˊ
設定,1,ㄕㄜˋ ㄉㄧㄥˋ
設立,1,ㄕㄜˋ ㄌㄧˋ
設籍,1,ㄕㄜˋ ㄐㄧˊ
設計,1,ㄕㄜˋ ㄐㄧˋ
設計師,1,ㄕㄜˋ ㄐㄧˋ ㄕ
設局,1,ㄕㄜˋ ㄐㄩˊ
設限,1,ㄕㄜˋ ㄒㄧㄢˋ
設想,1,ㄕㄜˋ ㄒㄧㄤˇ
設置,1,ㄕㄜˋ ㄓˋ
設廠,1,ㄕㄜˋ ㄔㄤˇ
設施,1,ㄕㄜˋ ㄕ
設身處地,1,ㄕㄜˋ ㄕㄣ ㄔㄨˇ ㄉㄧˋ
設問,1,ㄕㄜˋ ㄨㄣˋ
赦,1,ㄕㄜˋ
赦免,1,ㄕㄜˋ ㄇㄧㄢˇ
赦罪,1,ㄕㄜˋ ㄗㄨㄟˋ
葉,1,ㄕㄜˋ
葉縣,1,ㄕㄜˋ ㄒㄧㄢˋ
攝,1,ㄕㄜˋ
攝護腺,1,ㄕㄜˋ ㄏㄨˋ ㄒㄧㄢˋ
攝取,1,ㄕㄜˋ ㄑㄩˇ
攝製,1,ㄕㄜˋ ㄓˋ
攝政,1,ㄕㄜˋ ㄓㄥˋ
攝氏,1,ㄕㄜˋ ㄕˋ
攝影,1,ㄕㄜˋ ㄧㄥˇ
攝影棚,1,ㄕㄜˋ ㄧㄥˇ ㄆㄥˊ
攝影機,1,ㄕㄜˋ ㄧㄥˇ ㄐㄧ
攝影師,1,ㄕㄜˋ ㄧㄥˇ ㄕ
篩,1,ㄕㄞ
篩檢,1,ㄕㄞ ㄐㄧㄢˇ
篩選,1,ㄕㄞ ㄒㄩㄢˇ
色,1,ㄕㄞˇ
色子,1,ㄕㄞˇ ㄗ˙
晒,1,ㄕㄞˋ
晒黑,1,ㄕㄞˋ ㄏㄟ
殺,1,ㄕㄞˋ
誰,1,ㄕㄟˊ
捎,1,ㄕㄠ
捎來,1,ㄕㄠ ㄌㄞˊ
梢,1,ㄕㄠ
稍,1,ㄕㄠ
稍後,1,ㄕㄠ ㄏㄡˋ
稍候,1,ㄕㄠ ㄏㄡˋ
稍息,1,ㄕㄠ ㄒㄧˊ
稍占上風,1,ㄕㄠ ㄓㄢˋ ㄕㄤˋ ㄈㄥ
稍事,1,ㄕㄠ ㄕˋ
稍稍,1,ㄕㄠ ㄕㄠ
稍縱即逝,1,ㄕㄠ ㄗㄨㄥˋ ㄐㄧˊ ㄕˋ
稍微,1,ㄕㄠ ㄨㄟˊ
筲,1,ㄕㄠ
燒,1,ㄕㄠ
燒杯,1,ㄕㄠ ㄅㄟ
燒餅,1,ㄕㄠ ㄅㄧㄥˇ
燒瓶,1,ㄕㄠ ㄆㄧㄥˊ
燒賣,1,ㄕㄠ ㄇㄞˋ
燒飯,1,ㄕㄠ ㄈㄢˋ
燒烤,1,ㄕㄠ ㄎㄠˇ
燒火,1,ㄕㄠ ㄏㄨㄛˇ
燒毀,1,ㄕㄠ ㄏㄨㄟˇ
燒焦,1,ㄕㄠ ㄐㄧㄠ
燒酒,1,ㄕㄠ ㄐㄧㄡˇ
燒香,1,ㄕㄠ ㄒㄧㄤ
燒灼,1,ㄕㄠ ㄓㄨㄛˊ
燒傷,1,ㄕㄠ ㄕㄤ
燒水,1,ㄕㄠ ㄕㄨㄟˇ
燒王船,1,ㄕㄠ ㄨㄤˊ ㄔㄨㄢˊ
勺,1,ㄕㄠˊ
勺子,1,ㄕㄠˊ ㄗ˙
杓,1,ㄕㄠˊ
芍,1,ㄕㄠˊ
芍藥,1,ㄕㄠˊ ㄧㄠˋ
芍藥花,1,ㄕㄠˊ ㄧㄠˋ ㄏㄨㄚ
韶,1,ㄕㄠˊ
韶光,1,ㄕㄠˊ ㄍㄨㄤ
韶華,1,ㄕㄠˊ ㄏㄨㄚˊ
少,1,ㄕㄠˇ
少來,1,ㄕㄠˇ ㄌㄞˊ
少量,1,ㄕㄠˇ ㄌㄧㄤˋ
少見,1,ㄕㄠˇ ㄐㄧㄢˋ
少見多怪,1,ㄕㄠˇ ㄐㄧㄢˋ ㄉㄨㄛ ㄍㄨㄞˋ
少許,1,ㄕㄠˇ ㄒㄩˇ
少數,1,ㄕㄠˇ ㄕㄨˋ
少,1,ㄕㄠˋ
少不更事,1,ㄕㄠˋ ㄅㄨˋ ㄍㄥ ㄕˋ
少婦,1,ㄕㄠˋ ㄈㄨˋ
少奶奶,1,ㄕㄠˋ ㄋㄞˇ ㄋㄞ˙
少年,1,ㄕㄠˋ ㄋㄧㄢˊ
少年法庭,1,ㄕㄠˋ ㄋㄧㄢˊ ㄈㄚˇ ㄊㄧㄥˊ
少年老成,1,ㄕㄠˋ ㄋㄧㄢˊ ㄌㄠˇ ㄔㄥˊ
少女,1,ㄕㄠˋ ㄋㄩˇ
少女情懷,1,ㄕㄠˋ ㄋㄩˇ ㄑㄧㄥˊ ㄏㄨㄞˊ
少林拳,1,ㄕㄠˋ ㄌㄧㄣˊ ㄑㄩㄢˊ
少小,1,ㄕㄠˋ ㄒㄧㄠˇ
少壯,1,ㄕㄠˋ ㄓㄨㄤˋ
少時,1,ㄕㄠˋ ㄕˊ
少爺,1,ㄕㄠˋ ㄧㄝˊ
召,1,ㄕㄠˋ
劭,1,ㄕㄠˋ
邵,1,ㄕㄠˋ
紹,1,ㄕㄠˋ
捎,1,ㄕㄠˋ
哨,1,ㄕㄠˋ
哨兵,1,ㄕㄠˋ ㄅㄧㄥ
哨子,1,ㄕㄠˋ ㄗ˙
哨音,1,ㄕㄠˋ ㄧㄣ
收,1,ㄕㄡ
收編,1,ㄕㄡ ㄅㄧㄢ
收盤,1,ㄕㄡ ㄆㄢˊ
收買,1,ㄕㄡ ㄇㄞˇ
收發,1,ㄕㄡ ㄈㄚ
收費,1,ㄕㄡ ㄈㄟˋ
收放自如,1,ㄕㄡ ㄈㄤˋ ㄗˋ ㄖㄨˊ
收服,1,ㄕㄡ ㄈㄨˊ
收復,1,ㄕㄡ ㄈㄨˋ
收條,1,ㄕㄡ ㄊㄧㄠˊ
收聽,1,ㄕㄡ ㄊㄧㄥ
收納,1,ㄕㄡ ㄋㄚˋ
收攬人心,1,ㄕㄡ ㄌㄢˇ ㄖㄣˊ ㄒㄧㄣ
收留,1,ㄕㄡ ㄌㄧㄡˊ
收殮,1,ㄕㄡ ㄌㄧㄢˋ
收斂,1,ㄕㄡ ㄌㄧㄢˋ
收錄,1,ㄕㄡ ㄌㄨˋ
收錄音機,1,ㄕㄡ ㄌㄨˋ ㄧㄣ ㄐㄧ
收割,1,ㄕㄡ ㄍㄜ
收購,1,ㄕㄡ ㄍㄡˋ
收歸國有,1,ㄕㄡ ㄍㄨㄟ ㄍㄨㄛˊ ㄧㄡˇ
收工,1,ㄕㄡ ㄍㄨㄥ
收看,1,ㄕㄡ ㄎㄢˋ
收款,1,ㄕㄡ ㄎㄨㄢˇ
收穫,1,ㄕㄡ ㄏㄨㄛˋ
收回,1,ㄕㄡ ㄏㄨㄟˊ
收賄,1,ㄕㄡ ㄏㄨㄟˋ
收集,1,ㄕㄡ ㄐㄧˊ
收件人,1,ㄕㄡ ㄐㄧㄢˋ ㄖㄣˊ
收驚,1,ㄕㄡ ㄐㄧㄥ
收據,1,ㄕㄡ ㄐㄩˋ
收訖,1,ㄕㄡ ㄑㄧˋ
收取,1,ㄕㄡ ㄑㄩˇ
收效,1,ㄕㄡ ㄒㄧㄠˋ
收心,1,ㄕㄡ ㄒㄧㄣ
收支,1,ㄕㄡ ㄓ
收支平衡,1,ㄕㄡ ㄓ ㄆㄧㄥˊ ㄏㄥˊ
收帳,1,ㄕㄡ ㄓㄤˋ
收場,1,ㄕㄡ ㄔㄤˇ
收成,1,ㄕㄡ ㄔㄥˊ
收拾,1,ㄕㄡ ㄕˊ
收視,1,ㄕㄡ ㄕˋ
收視率,1,ㄕㄡ ㄕˋ ㄌㄩˋ
收手,1,ㄕㄡ ㄕㄡˇ
收受,1,ㄕㄡ ㄕㄡˋ
收入,1,ㄕㄡ ㄖㄨˋ
收容,1,ㄕㄡ ㄖㄨㄥˊ
收容所,1,ㄕㄡ ㄖㄨㄥˊ ㄙㄨㄛˇ
收租,1,ㄕㄡ ㄗㄨ
收藏,1,ㄕㄡ ㄘㄤˊ
收藏家,1,ㄕㄡ ㄘㄤˊ ㄐㄧㄚ
收縮,1,ㄕㄡ ㄙㄨㄛ
收益,1,ㄕㄡ ㄧˋ
收押,1,ㄕㄡ ㄧㄚ
收音機,1,ㄕㄡ ㄧㄣ ㄐㄧ
收銀機,1,ㄕㄡ ㄧㄣˊ ㄐㄧ
收養,1,ㄕㄡ ㄧㄤˇ
收尾,1,ㄕㄡ ㄨㄟˇ
熟,1,ㄕㄡˊ
熟讀,1,ㄕㄡˊ ㄉㄨˊ
熟鐵,1,ㄕㄡˊ ㄊㄧㄝˇ
熟能生巧,1,ㄕㄡˊ ㄋㄥˊ ㄕㄥ ㄑㄧㄠˇ
熟練,1,ㄕㄡˊ ㄌㄧㄢˋ
熟慮,1,ㄕㄡˊ ㄌㄩˋ
熟客,1,ㄕㄡˊ ㄎㄜˋ
熟記,1,ㄕㄡˊ ㄐㄧˋ
熟悉,1,ㄕㄡˊ ㄒㄧ
熟習,1,ㄕㄡˊ ㄒㄧˊ
熟知,1,ㄕㄡˊ ㄓ
熟食,1,ㄕㄡˊ ㄕˊ
熟識,1,ㄕㄡˊ ㄕˋ
熟手,1,ㄕㄡˊ ㄕㄡˇ
熟睡,1,ㄕㄡˊ ㄕㄨㄟˋ
熟人,1,ㄕㄡˊ ㄖㄣˊ
熟稔,1,ㄕㄡˊ ㄖㄣˇ
熟諳,1,ㄕㄡˊ ㄢ
熟語,1,ㄕㄡˊ ㄩˇ
手,1,ㄕㄡˇ
手把,1,ㄕㄡˇ ㄅㄚˋ
手背,1,ㄕㄡˇ ㄅㄟˋ
手筆,1,ㄕㄡˇ ㄅㄧˇ
手臂,1,ㄕㄡˇ ㄅㄧˋ
手錶,1,ㄕㄡˇ ㄅㄧㄠˇ
手不釋卷,1,ㄕㄡˇ ㄅㄨˋ ㄕˋ ㄐㄩㄢˋ
手不釋卷,1,ㄕㄡˇ ㄅㄨˊ ㄕˋ ㄐㄩㄢˋ
手帕,1,ㄕㄡˇ ㄆㄚˋ
手忙腳亂,1,ㄕㄡˇ ㄇㄤˊ ㄐㄧㄠˇ ㄌㄨㄢˋ
手法,1,ㄕㄡˇ ㄈㄚˇ
手風,1,ㄕㄡˇ ㄈㄥ
手風琴,1,ㄕㄡˇ ㄈㄥ ㄑㄧㄣˊ
手袋,1,ㄕㄡˇ ㄉㄞˋ
手到擒來,1,ㄕㄡˇ ㄉㄠˋ ㄑㄧㄣˊ ㄌㄞˊ
手電筒,1,ㄕㄡˇ ㄉㄧㄢˋ ㄊㄨㄥˇ
手段,1,ㄕㄡˇ ㄉㄨㄢˋ
手套,1,ㄕㄡˇ ㄊㄠˋ
手頭,1,ㄕㄡˇ ㄊㄡˊ
手提包,1,ㄕㄡˇ ㄊㄧˊ ㄅㄠ
手提袋,1,ㄕㄡˇ ㄊㄧˊ ㄉㄞˋ
手提式,1,ㄕㄡˇ ㄊㄧˊ ㄕˋ
手推車,1,ㄕㄡˇ ㄊㄨㄟ ㄔㄜ
手泐,1,ㄕㄡˇ ㄌㄜˋ
手稿,1,ㄕㄡˇ ㄍㄠˇ
手工,1,ㄕㄡˇ ㄍㄨㄥ
手工藝,1,ㄕㄡˇ ㄍㄨㄥ ㄧˋ
手工藝品,1,ㄕㄡˇ ㄍㄨㄥ ㄧˋ ㄆㄧㄣˇ
手工業,1,ㄕㄡˇ ㄍㄨㄥ ㄧㄝˋ
手銬,1,ㄕㄡˇ ㄎㄠˋ
手腳,1,ㄕㄡˇ ㄐㄧㄠˇ
手巾,1,ㄕㄡˇ ㄐㄧㄣ
手卷,1,ㄕㄡˇ ㄐㄩㄢˇ
手卷,1,ㄕㄡˇ ㄐㄩㄢˋ
手絹,1,ㄕㄡˇ ㄐㄩㄢˋ
手氣,1,ㄕㄡˇ ㄑㄧˋ
手球,1,ㄕㄡˇ ㄑㄧㄡˊ
手槍,1,ㄕㄡˇ ㄑㄧㄤ
手下,1,ㄕㄡˇ ㄒㄧㄚˋ
手下留情,1,ㄕㄡˇ ㄒㄧㄚˋ ㄌㄧㄡˊ ㄑㄧㄥˊ
手心,1,ㄕㄡˇ ㄒㄧㄣ
手相,1,ㄕㄡˇ ㄒㄧㄤˋ
手續,1,ㄕㄡˇ ㄒㄩˋ
手指,1,ㄕㄡˇ ㄓˇ
手札,1,ㄕㄡˇ ㄓㄚˊ
手肘,1,ㄕㄡˇ ㄓㄡˇ
手掌,1,ㄕㄡˇ ㄓㄤˇ
手杖,1,ㄕㄡˇ ㄓㄤˋ
手鐲,1,ㄕㄡˇ ㄓㄨㄛˊ
手抄,1,ㄕㄡˇ ㄔㄠ
手勢,1,ㄕㄡˇ ㄕˋ
手書,1,ㄕㄡˇ ㄕㄨ
手術,1,ㄕㄡˇ ㄕㄨˋ
手足,1,ㄕㄡˇ ㄗㄨˊ
手足胼胝,1,ㄕㄡˇ ㄗㄨˊ ㄆㄧㄢˊ ㄓ
手足情深,1,ㄕㄡˇ ㄗㄨˊ ㄑㄧㄥˊ ㄕㄣ
手冊,1,ㄕㄡˇ ㄘㄜˋ
手藝,1,ㄕㄡˇ ㄧˋ
手印,1,ㄕㄡˇ ㄧㄣˋ
手無寸鐵,1,ㄕㄡˇ ㄨˊ ㄘㄨㄣˋ ㄊㄧㄝˇ
手舞足蹈,1,ㄕㄡˇ ㄨˇ ㄗㄨˊ ㄉㄠˋ
手腕,1,ㄕㄡˇ ㄨㄢˋ
手紋,1,ㄕㄡˇ ㄨㄣˊ
手語,1,ㄕㄡˇ ㄩˇ
手語歌,1,ㄕㄡˇ ㄩˇ ㄍㄜ
手諭,1,ㄕㄡˇ ㄩˋ
守,1,ㄕㄡˇ
守備,1,ㄕㄡˇ ㄅㄟˋ
守備率,1,ㄕㄡˇ ㄅㄟˋ ㄌㄩˋ
守門員,1,ㄕㄡˇ ㄇㄣˊ ㄩㄢˊ
守密,1,ㄕㄡˇ ㄇㄧˋ
守法,1,ㄕㄡˇ ㄈㄚˇ
守分,1,ㄕㄡˇ ㄈㄣˋ
守靈,1,ㄕㄡˇ ㄌㄧㄥˊ
守寡,1,ㄕㄡˇ ㄍㄨㄚˇ
守宮,1,ㄕㄡˇ ㄍㄨㄥ
守口如瓶,1,ㄕㄡˇ ㄎㄡˇ ㄖㄨˊ ㄆㄧㄥˊ
守候,1,ㄕㄡˇ ㄏㄡˋ
守護,1,ㄕㄡˇ ㄏㄨˋ
守護神,1,ㄕㄡˇ ㄏㄨˋ ㄕㄣˊ
守節,1,ㄕㄡˇ ㄐㄧㄝˊ
守舊,1,ㄕㄡˇ ㄐㄧㄡˋ
守孝,1,ㄕㄡˇ ㄒㄧㄠˋ
守信,1,ㄕㄡˇ ㄒㄧㄣˋ
守制,1,ㄕㄡˇ ㄓˋ
守正不阿,1,ㄕㄡˇ ㄓㄥˋ ㄅㄨˋ ㄜ
守株待兔,1,ㄕㄡˇ ㄓㄨ ㄉㄞˋ ㄊㄨˋ
守成,1,ㄕㄡˇ ㄔㄥˊ
守時,1,ㄕㄡˇ ㄕˊ
守勢,1,ㄕㄡˇ ㄕˋ
守身如玉,1,ㄕㄡˇ ㄕㄣ ㄖㄨˊ ㄩˋ
守則,1,ㄕㄡˇ ㄗㄜˊ
守財奴,1,ㄕㄡˇ ㄘㄞˊ ㄋㄨˊ
守喪,1,ㄕㄡˇ ㄙㄤ
守歲,1,ㄕㄡˇ ㄙㄨㄟˋ
守衛,1,ㄕㄡˇ ㄨㄟˋ
守望,1,ㄕㄡˇ ㄨㄤˋ
守望相助,1,ㄕㄡˇ ㄨㄤˋ ㄒㄧㄤ ㄓㄨˋ
首,1,ㄕㄡˇ
首謀,1,ㄕㄡˇ ㄇㄡˊ
首府,1,ㄕㄡˇ ㄈㄨˇ
首富,1,ㄕㄡˇ ㄈㄨˋ
首當其衝,1,ㄕㄡˇ ㄉㄤ ㄑㄧˊ ㄔㄨㄥ
首都,1,ㄕㄡˇ ㄉㄨ
首度,1,ㄕㄡˇ ㄉㄨˋ
首腦,1,ㄕㄡˇ ㄋㄠˇ
首領,1,ㄕㄡˇ ㄌㄧㄥˇ
首輪,1,ㄕㄡˇ ㄌㄨㄣˊ
首輪片,1,ㄕㄡˇ ㄌㄨㄣˊ ㄆㄧㄢˋ
首功,1,ㄕㄡˇ ㄍㄨㄥ
首開紀錄,1,ㄕㄡˇ ㄎㄞ ㄐㄧˋ ㄌㄨˋ
首肯,1,ㄕㄡˇ ㄎㄣˇ
首航,1,ㄕㄡˇ ㄏㄤˊ
首級,1,ㄕㄡˇ ㄐㄧˊ
首屈一指,1,ㄕㄡˇ ㄑㄩ ㄧ ㄓˇ
首屈一指,1,ㄕㄡˇ ㄑㄩ ㄧˋ ㄓˇ
首席,1,ㄕㄡˇ ㄒㄧˊ
首先,1,ㄕㄡˇ ㄒㄧㄢ
首相,1,ㄕㄡˇ ㄒㄧㄤˋ
首長,1,ㄕㄡˇ ㄓㄤˇ
首創,1,ㄕㄡˇ ㄔㄨㄤˋ
首飾,1,ㄕㄡˇ ㄕˋ
首善,1,ㄕㄡˇ ㄕㄢˋ
首善之區,1,ㄕㄡˇ ㄕㄢˋ ㄓ ㄑㄩ
首座,1,ㄕㄡˇ ㄗㄨㄛˋ
首惡,1,ㄕㄡˇ ㄜˋ
首頁,1,ㄕㄡˇ ㄧㄝˋ
首要,1,ㄕㄡˇ ㄧㄠˋ
首映典禮,1,ㄕㄡˇ ㄧㄥˋ ㄉㄧㄢˇ ㄌㄧˇ
首尾,1,ㄕㄡˇ ㄨㄟˇ
受,1,ㄕㄡˋ
受不了,1,ㄕㄡˋ ㄅㄨˋ ㄌㄧㄠˇ
受騙,1,ㄕㄡˋ ㄆㄧㄢˋ
受命,1,ㄕㄡˋ ㄇㄧㄥˋ
受罰,1,ㄕㄡˋ ㄈㄚˊ
受訪,1,ㄕㄡˋ ㄈㄤˇ
受封,1,ㄕㄡˋ ㄈㄥ
受託,1,ㄕㄡˋ ㄊㄨㄛ
受難,1,ㄕㄡˋ ㄋㄢˋ
受虐,1,ㄕㄡˋ ㄋㄩㄝˋ
受累,1,ㄕㄡˋ ㄌㄟˋ
受冷落,1,ㄕㄡˋ ㄌㄥˇ ㄌㄨㄛˋ
受理,1,ㄕㄡˋ ㄌㄧˇ
受僱,1,ㄕㄡˋ ㄍㄨˋ
受苦,1,ㄕㄡˋ ㄎㄨˇ
受困,1,ㄕㄡˋ ㄎㄨㄣˋ
受害,1,ㄕㄡˋ ㄏㄞˋ
受寒,1,ㄕㄡˋ ㄏㄢˊ
受惠,1,ㄕㄡˋ ㄏㄨㄟˋ
受賄,1,ㄕㄡˋ ㄏㄨㄟˋ
受戒,1,ㄕㄡˋ ㄐㄧㄝˋ
受教,1,ㄕㄡˋ ㄐㄧㄠˋ
受獎,1,ㄕㄡˋ ㄐㄧㄤˇ
受精,1,ㄕㄡˋ ㄐㄧㄥ
受氣,1,ㄕㄡˋ ㄑㄧˋ
受氣包,1,ㄕㄡˋ ㄑㄧˋ ㄅㄠ
受屈,1,ㄕㄡˋ ㄑㄩ
受洗,1,ㄕㄡˋ ㄒㄧˇ
受限,1,ㄕㄡˋ ㄒㄧㄢˋ
受刑,1,ㄕㄡˋ ㄒㄧㄥˊ
受訓,1,ㄕㄡˋ ㄒㄩㄣˋ
受制,1,ㄕㄡˋ ㄓˋ
受潮,1,ㄕㄡˋ ㄔㄠˊ
受寵,1,ㄕㄡˋ ㄔㄨㄥˇ
受寵若驚,1,ㄕㄡˋ ㄔㄨㄥˇ ㄖㄨㄛˋ ㄐㄧㄥ
受審,1,ㄕㄡˋ ㄕㄣˇ
受傷,1,ㄕㄡˋ ㄕㄤ
受人之託忠人之事,1,ㄕㄡˋ ㄖㄣˊ ㄓ ㄊㄨㄛ ㄓㄨㄥ ㄖㄣˊ ㄓ ㄕˋ
受人矚目,1,ㄕㄡˋ ㄖㄣˊ ㄓㄨˇ ㄇㄨˋ
受辱,1,ㄕㄡˋ ㄖㄨˋ
受阻,1,ㄕㄡˋ ㄗㄨˇ
受罪,1,ㄕㄡˋ ㄗㄨㄟˋ
受挫,1,ㄕㄡˋ ㄘㄨㄛˋ
受損,1,ㄕㄡˋ ㄙㄨㄣˇ
受益,1,ㄕㄡˋ ㄧˋ
受益人,1,ㄕㄡˋ ㄧˋ ㄖㄣˊ
受業,1,ㄕㄡˋ ㄧㄝˋ
受邀,1,ㄕㄡˋ ㄧㄠ
受委屈,1,ㄕㄡˋ ㄨㄟˇ ㄑㄩ
受孕,1,ㄕㄡˋ ㄩㄣˋ
受用,1,ㄕㄡˋ ㄩㄥˋ
授,1,ㄕㄡˋ
授命,1,ㄕㄡˋ ㄇㄧㄥˋ
授田,1,ㄕㄡˋ ㄊㄧㄢˊ
授徒,1,ㄕㄡˋ ㄊㄨˊ
授課,1,ㄕㄡˋ ㄎㄜˋ
授旗,1,ㄕㄡˋ ㄑㄧˊ
授權,1,ㄕㄡˋ ㄑㄩㄢˊ
授受,1,ㄕㄡˋ ㄕㄡˋ
授意,1,ㄕㄡˋ ㄧˋ
授藝,1,ㄕㄡˋ ㄧˋ
授業,1,ㄕㄡˋ ㄧㄝˋ
授予,1,ㄕㄡˋ ㄩˇ
授與,1,ㄕㄡˋ ㄩˇ
綬,1,ㄕㄡˋ
狩,1,ㄕㄡˋ
狩獵,1,ㄕㄡˋ ㄌㄧㄝˋ
售,1,ㄕㄡˋ
售票,1,ㄕㄡˋ ㄆㄧㄠˋ
售票亭,1,ㄕㄡˋ ㄆㄧㄠˋ ㄊㄧㄥˊ
售貨,1,ㄕㄡˋ ㄏㄨㄛˋ
售價,1,ㄕㄡˋ ㄐㄧㄚˋ
售罄,1,ㄕㄡˋ ㄑㄧㄥˋ
壽,1,ㄕㄡˋ
壽比南山,1,ㄕㄡˋ ㄅㄧˇ ㄋㄢˊ ㄕㄢ
壽麵,1,ㄕㄡˋ ㄇㄧㄢˋ
壽命,1,ㄕㄡˋ ㄇㄧㄥˋ
壽誕,1,ㄕㄡˋ ㄉㄢˋ
壽桃,1,ㄕㄡˋ ㄊㄠˊ
壽堂,1,ㄕㄡˋ ㄊㄤˊ
壽考,1,ㄕㄡˋ ㄎㄠˇ
壽險,1,ㄕㄡˋ ㄒㄧㄢˇ
壽星,1,ㄕㄡˋ ㄒㄧㄥ
壽終正寢,1,ㄕㄡˋ ㄓㄨㄥ ㄓㄥˋ ㄑㄧㄣˇ
壽辰,1,ㄕㄡˋ ㄔㄣˊ
壽司,1,ㄕㄡˋ ㄙ
壽衣,1,ㄕㄡˋ ㄧ
瘦,1,ㄕㄡˋ
瘦皮猴,1,ㄕㄡˋ ㄆㄧˊ ㄏㄡˊ
瘦骨嶙峋,1,ㄕㄡˋ ㄍㄨˇ ㄌㄧㄣˊ ㄒㄩㄣˊ
瘦瘠,1,ㄕㄡˋ ㄐㄧˊ
瘦小,1,ㄕㄡˋ ㄒㄧㄠˇ
瘦削,1,ㄕㄡˋ ㄒㄩㄝˋ
瘦長,1,ㄕㄡˋ ㄔㄤˊ
瘦弱,1,ㄕㄡˋ ㄖㄨㄛˋ
瘦子,1,ㄕㄡˋ ㄗ˙
獸,1,ㄕㄡˋ
獸性,1,ㄕㄡˋ ㄒㄧㄥˋ
獸醫,1,ㄕㄡˋ ㄧ
山,1,ㄕㄢ
山崩地裂,1,ㄕㄢ ㄅㄥ ㄉㄧˋ ㄌㄧㄝˋ
山坡,1,ㄕㄢ ㄆㄛ
山脈,1,ㄕㄢ ㄇㄞˋ
山門,1,ㄕㄢ ㄇㄣˊ
山明水秀,1,ㄕㄢ ㄇㄧㄥˊ ㄕㄨㄟˇ ㄒㄧㄡˋ
山峰,1,ㄕㄢ ㄈㄥ
山地,1,ㄕㄢ ㄉㄧˋ
山巔,1,ㄕㄢ ㄉㄧㄢ
山頂,1,ㄕㄢ ㄉㄧㄥˇ
山洞,1,ㄕㄢ ㄉㄨㄥˋ
山頭,1,ㄕㄢ ㄊㄡˊ
山難,1,ㄕㄢ ㄋㄢˋ
山老鼠,1,ㄕㄢ ㄌㄠˇ ㄕㄨˇ
山嵐,1,ㄕㄢ ㄌㄢˊ
山林,1,ㄕㄢ ㄌㄧㄣˊ
山嶺,1,ㄕㄢ ㄌㄧㄥˇ
山麓,1,ㄕㄢ ㄌㄨˋ
山巒,1,ㄕㄢ ㄌㄨㄢˊ
山歌,1,ㄕㄢ ㄍㄜ
山高水長,1,ㄕㄢ ㄍㄠ ㄕㄨㄟˇ ㄔㄤˊ
山溝,1,ㄕㄢ ㄍㄡ
山崗,1,ㄕㄢ ㄍㄤ
山谷,1,ㄕㄢ ㄍㄨˇ
山光水色,1,ㄕㄢ ㄍㄨㄤ ㄕㄨㄟˇ ㄙㄜˋ
山河,1,ㄕㄢ ㄏㄜˊ
山洪,1,ㄕㄢ ㄏㄨㄥˊ
山脊,1,ㄕㄢ ㄐㄧˇ
山腳,1,ㄕㄢ ㄐㄧㄠˇ
山澗,1,ㄕㄢ ㄐㄧㄢˋ
山徑,1,ㄕㄢ ㄐㄧㄥˋ
山居,1,ㄕㄢ ㄐㄩ
山丘,1,ㄕㄢ ㄑㄧㄡ
山區,1,ㄕㄢ ㄑㄩ
山窮水盡,1,ㄕㄢ ㄑㄩㄥˊ ㄕㄨㄟˇ ㄐㄧㄣˋ
山寨,1,ㄕㄢ ㄓㄞˋ
山珍海味,1,ㄕㄢ ㄓㄣ ㄏㄞˇ ㄨㄟˋ
山莊,1,ㄕㄢ ㄓㄨㄤ
山茶,1,ㄕㄢ ㄔㄚˊ
山城,1,ㄕㄢ ㄔㄥˊ
山川,1,ㄕㄢ ㄔㄨㄢ
山重水複,1,ㄕㄢ ㄔㄨㄥˊ ㄕㄨㄟˇ ㄈㄨˋ
山勢,1,ㄕㄢ ㄕˋ
山水,1,ㄕㄢ ㄕㄨㄟˇ
山水畫,1,ㄕㄢ ㄕㄨㄟˇ ㄏㄨㄚˋ
山人,1,ㄕㄢ ㄖㄣˊ
山人自有妙計,1,ㄕㄢ ㄖㄣˊ ㄗˋ ㄧㄡˇ ㄇㄧㄠˋ ㄐㄧˋ
山村,1,ㄕㄢ ㄘㄨㄣ
山隘,1,ㄕㄢ ㄞˋ
山坳,1,ㄕㄢ ㄠ
山野,1,ㄕㄢ ㄧㄝˇ
山崖,1,ㄕㄢ ㄧㄞˊ
山腰,1,ㄕㄢ ㄧㄠ
山搖地動,1,ㄕㄢ ㄧㄠˊ ㄉㄧˋ ㄉㄨㄥˋ
山友,1,ㄕㄢ ㄧㄡˇ
山羊,1,ㄕㄢ ㄧㄤˊ
山雨欲來,1,ㄕㄢ ㄩˇ ㄩˋ ㄌㄞˊ
山岳,1,ㄕㄢ ㄩㄝˋ
山嶽,1,ㄕㄢ ㄩㄝˋ
舢,1,ㄕㄢ
舢舨,1,ㄕㄢ ㄅㄢˇ
杉,1,ㄕㄢ
杉木,1,ㄕㄢ ㄇㄨˋ
衫,1,ㄕㄢ
刪,1,ㄕㄢ
刪改,1,ㄕㄢ ㄍㄞˇ
刪節號,1,ㄕㄢ ㄐㄧㄝˊ ㄏㄠˋ
刪減,1,ㄕㄢ ㄐㄧㄢˇ
刪除,1,ㄕㄢ ㄔㄨˊ
姍,1,ㄕㄢ
姍姍,1,ㄕㄢ ㄕㄢ
姍姍來遲,1,ㄕㄢ ㄕㄢ ㄌㄞˊ ㄔˊ
珊,1,ㄕㄢ
珊瑚,1,ㄕㄢ ㄏㄨˊ
珊瑚礁,1,ㄕㄢ ㄏㄨˊ ㄐㄧㄠ
珊瑚蟲,1,ㄕㄢ ㄏㄨˊ ㄔㄨㄥˊ
跚,1,ㄕㄢ
苫,1,ㄕㄢ
扇,1,ㄕㄢ
搧,1,ㄕㄢ
搧風,1,ㄕㄢ ㄈㄥ
煽,1,ㄕㄢ
煽動,1,ㄕㄢ ㄉㄨㄥˋ
煽惑,1,ㄕㄢ ㄏㄨㄛˋ
煽情,1,ㄕㄢ ㄑㄧㄥˊ
潸,1,ㄕㄢ
潸然淚下,1,ㄕㄢ ㄖㄢˊ ㄌㄟˋ ㄒㄧㄚˋ
羶,1,ㄕㄢ
閃,1,ㄕㄢˇ
閃避,1,ㄕㄢˇ ㄅㄧˋ
閃電,1,ㄕㄢˇ ㄉㄧㄢˋ
閃躲,1,ㄕㄢˇ ㄉㄨㄛˇ
閃動,1,ㄕㄢˇ ㄉㄨㄥˋ
閃亮,1,ㄕㄢˇ ㄌㄧㄤˋ
閃光,1,ㄕㄢˇ ㄍㄨㄤ
閃光燈,1,ㄕㄢˇ ㄍㄨㄤ ㄉㄥ
閃開,1,ㄕㄢˇ ㄎㄞ
閃失,1,ㄕㄢˇ ㄕ
閃閃,1,ㄕㄢˇ ㄕㄢˇ
閃閃發光,1,ㄕㄢˇ ㄕㄢˇ ㄈㄚ ㄍㄨㄤ
閃閃爍爍,1,ㄕㄢˇ ㄕㄢˇ ㄕㄨㄛˋ ㄕㄨㄛˋ
閃身,1,ㄕㄢˇ ㄕㄣ
閃爍,1,ㄕㄢˇ ㄕㄨㄛˋ
閃耀,1,ㄕㄢˇ ㄧㄠˋ
陝,1,ㄕㄢˇ
汕,1,ㄕㄢˋ
汕頭,1,ㄕㄢˋ ㄊㄡˊ
疝,1,ㄕㄢˋ
疝氣,1,ㄕㄢˋ ㄑㄧˋ
訕,1,ㄕㄢˋ
訕笑,1,ㄕㄢˋ ㄒㄧㄠˋ
扇,1,ㄕㄢˋ
扇形,1,ㄕㄢˋ ㄒㄧㄥˊ
扇子,1,ㄕㄢˋ ㄗ˙
善,1,ㄕㄢˋ
善罷干休,1,ㄕㄢˋ ㄅㄚˋ ㄍㄢ ㄒㄧㄡ
善罷甘休,1,ㄕㄢˋ ㄅㄚˋ ㄍㄢ ㄒㄧㄡ
善本,1,ㄕㄢˋ ㄅㄣˇ
善變,1,ㄕㄢˋ ㄅㄧㄢˋ
善待,1,ㄕㄢˋ ㄉㄞˋ
善男信女,1,ㄕㄢˋ ㄋㄢˊ ㄒㄧㄣˋ ㄋㄩˇ
善良,1,ㄕㄢˋ ㄌㄧㄤˊ
善後,1,ㄕㄢˋ ㄏㄡˋ
善解人意,1,ㄕㄢˋ ㄐㄧㄝˇ ㄖㄣˊ ㄧˋ
善舉,1,ㄕㄢˋ ㄐㄩˇ
善心,1,ㄕㄢˋ ㄒㄧㄣ
善心人士,1,ㄕㄢˋ ㄒㄧㄣ ㄖㄣˊ ㄕˋ
善終,1,ㄕㄢˋ ㄓㄨㄥ
善士,1,ㄕㄢˋ ㄕˋ
善事,1,ㄕㄢˋ ㄕˋ
善書,1,ㄕㄢˋ ㄕㄨ
善人,1,ㄕㄢˋ ㄖㄣˊ
善哉,1,ㄕㄢˋ ㄗㄞ
善意,1,ㄕㄢˋ ㄧˋ
善緣,1,ㄕㄢˋ ㄩㄢˊ
善用,1,ㄕㄢˋ ㄩㄥˋ
鄯,1,ㄕㄢˋ
鄯善,1,ㄕㄢˋ ㄕㄢˋ
膳,1,ㄕㄢˋ
膳房,1,ㄕㄢˋ ㄈㄤˊ
膳食,1,ㄕㄢˋ ㄕˊ
膳宿,1,ㄕㄢˋ ㄙㄨˋ
繕,1,ㄕㄢˋ
繕寫,1,ㄕㄢˋ ㄒㄧㄝˇ
鱔,1,ㄕㄢˋ
鱔魚,1,ㄕㄢˋ ㄩˊ
單,1,ㄕㄢˋ
單縣,1,ㄕㄢˋ ㄒㄧㄢˋ
撣,1,ㄕㄢˋ
撣人,1,ㄕㄢˋ ㄖㄣˊ
禪,1,ㄕㄢˋ
禪讓,1,ㄕㄢˋ ㄖㄤˋ
擅,1,ㄕㄢˋ
擅變,1,ㄕㄢˋ ㄅㄧㄢˋ
擅離職守,1,ㄕㄢˋ ㄌㄧˊ ㄓˊ ㄕㄡˇ
擅改,1,ㄕㄢˋ ㄍㄞˇ
擅長,1,ㄕㄢˋ ㄔㄤˊ
擅自,1,ㄕㄢˋ ㄗˋ
擅自作主,1,ㄕㄢˋ ㄗˋ ㄗㄨㄛˋ ㄓㄨˇ
擅作主張,1,ㄕㄢˋ ㄗㄨㄛˋ ㄓㄨˇ ㄓㄤ
擅用,1,ㄕㄢˋ ㄩㄥˋ
嬗,1,ㄕㄢˋ
嬗遞,1,ㄕㄢˋ ㄉㄧˋ
贍,1,ㄕㄢˋ
贍養,1,ㄕㄢˋ ㄧㄤˇ
申,1,ㄕㄣ
申報,1,ㄕㄣ ㄅㄠˋ
申辯,1,ㄕㄣ ㄅㄧㄢˋ
申論,1,ㄕㄣ ㄌㄨㄣˋ
申告,1,ㄕㄣ ㄍㄠˋ
申誡,1,ㄕㄣ ㄐㄧㄝˋ
申請,1,ㄕㄣ ㄑㄧㄥˇ
申訴,1,ㄕㄣ ㄙㄨˋ
申冤,1,ㄕㄣ ㄩㄢ
伸,1,ㄕㄣ
伸腿,1,ㄕㄣ ㄊㄨㄟˇ
伸懶腰,1,ㄕㄣ ㄌㄢˇ ㄧㄠ
伸開,1,ㄕㄣ ㄎㄞ
伸展,1,ㄕㄣ ㄓㄢˇ
伸張正義,1,ㄕㄣ ㄓㄤ ㄓㄥˋ ㄧˋ
伸長,1,ㄕㄣ ㄔㄤˊ
伸出,1,ㄕㄣ ㄔㄨ
伸出援手,1,ㄕㄣ ㄔㄨ ㄩㄢˊ ㄕㄡˇ
伸手,1,ㄕㄣ ㄕㄡˇ
伸手不見五指,1,ㄕㄣ ㄕㄡˇ ㄅㄨˋ ㄐㄧㄢˋ ㄨˇ ㄓˇ
伸手不見五指,1,ㄕㄣ ㄕㄡˇ ㄅㄨˊ ㄐㄧㄢˋ ㄨˇ ㄓˇ
伸縮,1,ㄕㄣ ㄙㄨㄛ
伸縮縫,1,ㄕㄣ ㄙㄨㄛ ㄈㄥˋ
伸冤,1,ㄕㄣ ㄩㄢ
呻,1,ㄕㄣ
呻吟,1,ㄕㄣ ㄧㄣˊ
砷,1,ㄕㄣ
紳,1,ㄕㄣ
紳士,1,ㄕㄣ ㄕˋ
身,1,ㄕㄣ
身敗名裂,1,ㄕㄣ ㄅㄞˋ ㄇㄧㄥˊ ㄌㄧㄝˋ
身不由己,1,ㄕㄣ ㄅㄨˋ ㄧㄡˊ ㄐㄧˇ
身法,1,ㄕㄣ ㄈㄚˇ
身分,1,ㄕㄣ ㄈㄣˋ
身分證,1,ㄕㄣ ㄈㄣˋ ㄓㄥˋ
身段,1,ㄕㄣ ㄉㄨㄢˋ
身體,1,ㄕㄣ ㄊㄧˇ
身體力行,1,ㄕㄣ ㄊㄧˇ ㄌㄧˋ ㄒㄧㄥˊ
身歷聲,1,ㄕㄣ ㄌㄧˋ ㄕㄥ
身臨其境,1,ㄕㄣ ㄌㄧㄣˊ ㄑㄧˊ ㄐㄧㄥˋ
身高,1,ㄕㄣ ㄍㄠ
身故,1,ㄕㄣ ㄍㄨˋ
身後,1,ㄕㄣ ㄏㄡˋ
身懷六甲,1,ㄕㄣ ㄏㄨㄞˊ ㄌㄧㄡˋ ㄐㄧㄚˇ
身懷絕技,1,ㄕㄣ ㄏㄨㄞˊ ㄐㄩㄝˊ ㄐㄧˋ
身家,1,ㄕㄣ ㄐㄧㄚ
身價,1,ㄕㄣ ㄐㄧㄚˋ
身價非凡,1,ㄕㄣ ㄐㄧㄚˋ ㄈㄟ ㄈㄢˊ
身教,1,ㄕㄣ ㄐㄧㄠˋ
身輕如燕,1,ㄕㄣ ㄑㄧㄥ ㄖㄨˊ ㄧㄢˋ
身軀,1,ㄕㄣ ㄑㄩ
身心,1,ㄕㄣ ㄒㄧㄣ
身心障礙,1,ㄕㄣ ㄒㄧㄣ ㄓㄤˋ ㄞˋ
身長,1,ㄕㄣ ㄔㄤˊ
身世,1,ㄕㄣ ㄕˋ
身手,1,ㄕㄣ ㄕㄡˇ
身手不凡,1,ㄕㄣ ㄕㄡˇ ㄅㄨˋ ㄈㄢˊ
身受,1,ㄕㄣ ㄕㄡˋ
身子,1,ㄕㄣ ㄗ˙
身材,1,ㄕㄣ ㄘㄞˊ
身無分文,1,ㄕㄣ ㄨˊ ㄈㄣ ㄨㄣˊ
身外之物,1,ㄕㄣ ㄨㄞˋ ㄓ ㄨˋ
身亡,1,ㄕㄣ ㄨㄤˊ
身孕,1,ㄕㄣ ㄩㄣˋ
娠,1,ㄕㄣ
深,1,ㄕㄣ
深不可測,1,ㄕㄣ ㄅㄨˋ ㄎㄜˇ ㄘㄜˋ
深怕,1,ㄕㄣ ㄆㄚˋ
深謀遠慮,1,ㄕㄣ ㄇㄡˊ ㄩㄢˇ ㄌㄩˋ
深明大義,1,ㄕㄣ ㄇㄧㄥˊ ㄉㄚˋ ㄧˋ
深度,1,ㄕㄣ ㄉㄨˋ
深更半夜,1,ㄕㄣ ㄍㄥ ㄅㄢˋ ㄧㄝˋ
深耕,1,ㄕㄣ ㄍㄥ
深耕易耨,1,ㄕㄣ ㄍㄥ ㄧˋ ㄋㄡˋ
深閨,1,ㄕㄣ ㄍㄨㄟ
深刻,1,ㄕㄣ ㄎㄜˋ
深厚,1,ㄕㄣ ㄏㄡˋ
深呼吸,1,ㄕㄣ ㄏㄨ ㄒㄧ
深化,1,ㄕㄣ ㄏㄨㄚˋ
深交,1,ㄕㄣ ㄐㄧㄠ
深究,1,ㄕㄣ ㄐㄧㄡˋ
深居簡出,1,ㄕㄣ ㄐㄩ ㄐㄧㄢˇ ㄔㄨ
深切,1,ㄕㄣ ㄑㄧㄝˋ
深秋,1,ㄕㄣ ㄑㄧㄡ
深淺,1,ㄕㄣ ㄑㄧㄢˇ
深情,1,ㄕㄣ ㄑㄧㄥˊ
深信,1,ㄕㄣ ㄒㄧㄣˋ
深宅大院,1,ㄕㄣ ㄓㄞˊ ㄉㄚˋ ㄩㄢˋ
深湛,1,ㄕㄣ ㄓㄢˋ
深重,1,ㄕㄣ ㄓㄨㄥˋ
深仇大恨,1,ㄕㄣ ㄔㄡˊ ㄉㄚˋ ㄏㄣˋ
深沉,1,ㄕㄣ ㄔㄣˊ
深長,1,ㄕㄣ ㄔㄤˊ
深山,1,ㄕㄣ ㄕㄢ
深入,1,ㄕㄣ ㄖㄨˋ
深入堂奧,1,ㄕㄣ ㄖㄨˋ ㄊㄤˊ ㄠˋ
深入淺出,1,ㄕㄣ ㄖㄨˋ ㄑㄧㄢˇ ㄔㄨ
深造,1,ㄕㄣ ㄗㄠˋ
深藏,1,ㄕㄣ ㄘㄤˊ
深藏不露,1,ㄕㄣ ㄘㄤˊ ㄅㄨˋ ㄌㄡˋ
深藏不露,1,ㄕㄣ ㄘㄤˊ ㄅㄨˊ ㄌㄡˋ
深思,1,ㄕㄣ ㄙ
深思熟慮,1,ㄕㄣ ㄙ ㄕㄡˊ ㄌㄩˋ
深邃,1,ㄕㄣ ㄙㄨㄟˋ
深奧,1,ㄕㄣ ㄠˋ
深意,1,ㄕㄣ ㄧˋ
深夜,1,ㄕㄣ ㄧㄝˋ
深惡痛絕,1,ㄕㄣ ㄨˋ ㄊㄨㄥˋ ㄐㄩㄝˊ
深淵,1,ㄕㄣ ㄩㄢ
深遠,1,ㄕㄣ ㄩㄢˇ
莘,1,ㄕㄣ
莘莘學子,1,ㄕㄣ ㄕㄣ ㄒㄩㄝˊ ㄗˇ
參,1,ㄕㄣ
蔘,1,ㄕㄣ
燊,1,ㄕㄣ
什,1,ㄕㄣˊ
什麼,1,ㄕㄣˊ ㄇㄜ˙
甚,1,ㄕㄣˊ
甚麼,1,ㄕㄣˊ ㄇㄜ˙
神,1,ㄕㄣˊ
神不知鬼不覺,1,ㄕㄣˊ ㄅㄨˋ ㄓ ㄍㄨㄟˇ ㄅㄨˋ ㄐㄩㄝˊ
神不守舍,1,ㄕㄣˊ ㄅㄨˋ ㄕㄡˇ ㄕㄜˋ
神祕,1,ㄕㄣˊ ㄇㄧˋ
神妙,1,ㄕㄣˊ ㄇㄧㄠˋ
神廟,1,ㄕㄣˊ ㄇㄧㄠˋ
神明,1,ㄕㄣˊ ㄇㄧㄥˊ
神木,1,ㄕㄣˊ ㄇㄨˋ
神父,1,ㄕㄣˊ ㄈㄨˋ
神態,1,ㄕㄣˊ ㄊㄞˋ
神壇,1,ㄕㄣˊ ㄊㄢˊ
神通,1,ㄕㄣˊ ㄊㄨㄥ
神童,1,ㄕㄣˊ ㄊㄨㄥˊ
神農氏,1,ㄕㄣˊ ㄋㄨㄥˊ ㄕˋ
神女,1,ㄕㄣˊ ㄋㄩˇ
神來之筆,1,ㄕㄣˊ ㄌㄞˊ ㄓ ㄅㄧˇ
神力,1,ㄕㄣˊ ㄌㄧˋ
神靈,1,ㄕㄣˊ ㄌㄧㄥˊ
神怪,1,ㄕㄣˊ ㄍㄨㄞˋ
神功,1,ㄕㄣˊ ㄍㄨㄥ
神龕,1,ㄕㄣˊ ㄎㄢ
神話,1,ㄕㄣˊ ㄏㄨㄚˋ
神魂顛倒,1,ㄕㄣˊ ㄏㄨㄣˊ ㄉㄧㄢ ㄉㄠˇ
神機妙算,1,ㄕㄣˊ ㄐㄧ ㄇㄧㄠˋ ㄙㄨㄢˋ
神交,1,ㄕㄣˊ ㄐㄧㄠ
神轎,1,ㄕㄣˊ ㄐㄧㄠˋ
神經,1,ㄕㄣˊ ㄐㄧㄥ
神經過敏,1,ㄕㄣˊ ㄐㄧㄥ ㄍㄨㄛˋ ㄇㄧㄣˇ
神經中樞,1,ㄕㄣˊ ㄐㄧㄥ ㄓㄨㄥ ㄕㄨ
神經衰弱,1,ㄕㄣˊ ㄐㄧㄥ ㄕㄨㄞ ㄖㄨㄛˋ
神奇,1,ㄕㄣˊ ㄑㄧˊ
神祇,1,ㄕㄣˊ ㄑㄧˊ
神氣,1,ㄕㄣˊ ㄑㄧˋ
神槍手,1,ㄕㄣˊ ㄑㄧㄤ ㄕㄡˇ
神情,1,ㄕㄣˊ ㄑㄧㄥˊ
神效,1,ㄕㄣˊ ㄒㄧㄠˋ
神仙,1,ㄕㄣˊ ㄒㄧㄢ
神像,1,ㄕㄣˊ ㄒㄧㄤˋ
神學,1,ㄕㄣˊ ㄒㄩㄝˊ
神職,1,ㄕㄣˊ ㄓˊ
神智,1,ㄕㄣˊ ㄓˋ
神智不清,1,ㄕㄣˊ ㄓˋ ㄅㄨˋ ㄑㄧㄥ
神州,1,ㄕㄣˊ ㄓㄡ
神差鬼使,1,ㄕㄣˊ ㄔㄞ ㄍㄨㄟˇ ㄕˇ
神出鬼沒,1,ㄕㄣˊ ㄔㄨ ㄍㄨㄟˇ ㄇㄛˋ
神聖,1,ㄕㄣˊ ㄕㄥˋ
神荼鬱壘,1,ㄕㄣˊ ㄕㄨ ㄩˋ ㄌㄩˋ
神采,1,ㄕㄣˊ ㄘㄞˇ
神采飛揚,1,ㄕㄣˊ ㄘㄞˇ ㄈㄟ ㄧㄤˊ
神采奕奕,1,ㄕㄣˊ ㄘㄞˇ ㄧˋ ㄧˋ
神似,1,ㄕㄣˊ ㄙˋ
神色,1,ㄕㄣˊ ㄙㄜˋ
神色自若,1,ㄕㄣˊ ㄙㄜˋ ㄗˋ ㄖㄨㄛˋ
神速,1,ㄕㄣˊ ㄙㄨˋ
神算,1,ㄕㄣˊ ㄙㄨㄢˋ
神案,1,ㄕㄣˊ ㄢˋ
神醫,1,ㄕㄣˊ ㄧ
神遊,1,ㄕㄣˊ ㄧㄡˊ
神遊太虛,1,ㄕㄣˊ ㄧㄡˊ ㄊㄞˋ ㄒㄩ
神位,1,ㄕㄣˊ ㄨㄟˋ
神往,1,ㄕㄣˊ ㄨㄤˇ
神韻,1,ㄕㄣˊ ㄩㄣˋ
神勇,1,ㄕㄣˊ ㄩㄥˇ
沈,1,ㄕㄣˇ
哂,1,ㄕㄣˇ
審,1,ㄕㄣˇ
審判,1,ㄕㄣˇ ㄆㄢˋ
審美,1,ㄕㄣˇ ㄇㄟˇ
審定,1,ㄕㄣˇ ㄉㄧㄥˋ
審訂,1,ㄕㄣˇ ㄉㄧㄥˋ
審理,1,ㄕㄣˇ ㄌㄧˇ
審稿,1,ㄕㄣˇ ㄍㄠˇ
審核,1,ㄕㄣˇ ㄏㄜˊ
審計,1,ㄕㄣˇ ㄐㄧˋ
審訊,1,ㄕㄣˇ ㄒㄩㄣˋ
審查,1,ㄕㄣˇ ㄔㄚˊ
審處,1,ㄕㄣˇ ㄔㄨˇ
審視,1,ㄕㄣˇ ㄕˋ
審慎,1,ㄕㄣˇ ㄕㄣˋ
審案,1,ㄕㄣˇ ㄢˋ
審議,1,ㄕㄣˇ ㄧˋ
審問,1,ㄕㄣˇ ㄨㄣˋ
審閱,1,ㄕㄣˇ ㄩㄝˋ
瀋,1,ㄕㄣˇ
嬸,1,ㄕㄣˇ
嬸婆,1,ㄕㄣˇ ㄆㄛˊ
嬸嬸,1,ㄕㄣˇ ㄕㄣ˙
甚,1,ㄕㄣˋ
甚或,1,ㄕㄣˋ ㄏㄨㄛˋ
甚且,1,ㄕㄣˋ ㄑㄧㄝˇ
甚囂塵上,1,ㄕㄣˋ ㄒㄧㄠ ㄔㄣˊ ㄕㄤˋ
甚至,1,ㄕㄣˋ ㄓˋ
葚,1,ㄕㄣˋ
腎,1,ㄕㄣˋ
腎虧,1,ㄕㄣˋ ㄎㄨㄟ
腎結石,1,ㄕㄣˋ ㄐㄧㄝˊ ㄕˊ
腎臟,1,ㄕㄣˋ ㄗㄤˋ
慎,1,ㄕㄣˋ
慎謀能斷,1,ㄕㄣˋ ㄇㄡˊ ㄋㄥˊ ㄉㄨㄢˋ
慎防,1,ㄕㄣˋ ㄈㄤˊ
慎行,1,ㄕㄣˋ ㄒㄧㄥˊ
慎終追遠,1,ㄕㄣˋ ㄓㄨㄥ ㄓㄨㄟ ㄩㄢˇ
慎重,1,ㄕㄣˋ ㄓㄨㄥˋ
慎思,1,ㄕㄣˋ ㄙ
慎思明辨,1,ㄕㄣˋ ㄙ ㄇㄧㄥˊ ㄅㄧㄢˋ
蜃,1,ㄕㄣˋ
滲,1,ㄕㄣˋ
滲透,1,ㄕㄣˋ ㄊㄡˋ
滲漏,1,ㄕㄣˋ ㄌㄡˋ
滲出,1,ㄕㄣˋ ㄔㄨ
滲水,1,ㄕㄣˋ ㄕㄨㄟˇ
滲入,1,ㄕㄣˋ ㄖㄨˋ
商,1,ㄕㄤ
商標,1,ㄕㄤ ㄅㄧㄠ
商埠,1,ㄕㄤ ㄅㄨˋ
商品,1,ㄕㄤ ㄆㄧㄣˇ
商品條碼,1,ㄕㄤ ㄆㄧㄣˇ ㄊㄧㄠˊ ㄇㄚˇ
商販,1,ㄕㄤ ㄈㄢˋ
商店,1,ㄕㄤ ㄉㄧㄢˋ
商訂,1,ㄕㄤ ㄉㄧㄥˋ
商定,1,ㄕㄤ ㄉㄧㄥˋ
商討,1,ㄕㄤ ㄊㄠˇ
商談,1,ㄕㄤ ㄊㄢˊ
商量,1,ㄕㄤ ㄌㄧㄤˊ
商旅,1,ㄕㄤ ㄌㄩˇ
商港,1,ㄕㄤ ㄍㄤˇ
商賈,1,ㄕㄤ ㄍㄨˇ
商號,1,ㄕㄤ ㄏㄠˋ
商行,1,ㄕㄤ ㄏㄤˊ
商會,1,ㄕㄤ ㄏㄨㄟˋ
商家,1,ㄕㄤ ㄐㄧㄚ
商榷,1,ㄕㄤ ㄑㄩㄝˋ
商圈,1,ㄕㄤ ㄑㄩㄢ
商船,1,ㄕㄤ ㄔㄨㄢˊ
商數,1,ㄕㄤ ㄕㄨˋ
商人,1,ㄕㄤ ㄖㄣˊ
商議,1,ㄕㄤ ㄧˋ
商業,1,ㄕㄤ ㄧㄝˋ
商業區,1,ㄕㄤ ㄧㄝˋ ㄑㄩ
商務,1,ㄕㄤ ㄨˋ
商務仲裁,1,ㄕㄤ ㄨˋ ㄓㄨㄥˋ ㄘㄞˊ
商譽,1,ㄕㄤ ㄩˋ
商用,1,ㄕㄤ ㄩㄥˋ
湯,1,ㄕㄤ
湯湯,1,ㄕㄤ ㄕㄤ
傷,1,ㄕㄤ
傷悲,1,ㄕㄤ ㄅㄟ
傷兵,1,ㄕㄤ ㄅㄧㄥ
傷風,1,ㄕㄤ ㄈㄥ
傷風敗俗,1,ㄕㄤ ㄈㄥ ㄅㄞˋ ㄙㄨˊ
傷天害理,1,ㄕㄤ ㄊㄧㄢ ㄏㄞˋ ㄌㄧˇ
傷痛,1,ㄕㄤ ㄊㄨㄥˋ
傷腦筋,1,ㄕㄤ ㄋㄠˇ ㄐㄧㄣ
傷感,1,ㄕㄤ ㄍㄢˇ
傷感情,1,ㄕㄤ ㄍㄢˇ ㄑㄧㄥˊ
傷口,1,ㄕㄤ ㄎㄡˇ
傷害,1,ㄕㄤ ㄏㄞˋ
傷寒,1,ㄕㄤ ㄏㄢˊ
傷痕,1,ㄕㄤ ㄏㄣˊ
傷痕累累,1,ㄕㄤ ㄏㄣˊ ㄌㄟˇ ㄌㄟˇ
傷患,1,ㄕㄤ ㄏㄨㄢˋ
傷心,1,ㄕㄤ ㄒㄧㄣ
傷勢,1,ㄕㄤ ㄕˋ
傷神,1,ㄕㄤ ㄕㄣˊ
傷人,1,ㄕㄤ ㄖㄣˊ
傷財,1,ㄕㄤ ㄘㄞˊ
傷殘,1,ㄕㄤ ㄘㄢˊ
傷亡,1,ㄕㄤ ㄨㄤˊ
殤,1,ㄕㄤ
觴,1,ㄕㄤ
上,1,ㄕㄤˇ
上聲,1,ㄕㄤˇ ㄕㄥ
晌,1,ㄕㄤˇ
晌午,1,ㄕㄤˇ ㄏㄨㄛ˙
賞,1,ㄕㄤˇ
賞罰分明,1,ㄕㄤˇ ㄈㄚˊ ㄈㄣ ㄇㄧㄥˊ
賞光,1,ㄕㄤˇ ㄍㄨㄤ
賞金,1,ㄕㄤˇ ㄐㄧㄣ
賞析,1,ㄕㄤˇ ㄒㄧ
賞心悅目,1,ㄕㄤˇ ㄒㄧㄣ ㄩㄝˋ ㄇㄨˋ
賞識,1,ㄕㄤˇ ㄕˋ
賞賜,1,ㄕㄤˇ ㄙˋ
賞玩,1,ㄕㄤˇ ㄨㄢˊ
賞月,1,ㄕㄤˇ ㄩㄝˋ
上,1,ㄕㄤˋ
上輩子,1,ㄕㄤˋ ㄅㄟˋ ㄗ˙
上班,1,ㄕㄤˋ ㄅㄢ
上半,1,ㄕㄤˋ ㄅㄢˋ
上榜,1,ㄕㄤˋ ㄅㄤˇ
上邊,1,ㄕㄤˋ ㄅㄧㄢ
上賓,1,ㄕㄤˋ ㄅㄧㄣ
上片,1,ㄕㄤˋ ㄆㄧㄢˋ
上品,1,ㄕㄤˋ ㄆㄧㄣˇ
上門,1,ㄕㄤˋ ㄇㄣˊ
上面,1,ㄕㄤˋ ㄇㄧㄢˋ
上方,1,ㄕㄤˋ ㄈㄤ
上風,1,ㄕㄤˋ ㄈㄥ
上當,1,ㄕㄤˋ ㄉㄤˋ
上等,1,ㄕㄤˋ ㄉㄥˇ
上帝,1,ㄕㄤˋ ㄉㄧˋ
上吊,1,ㄕㄤˋ ㄉㄧㄠˋ
上臺,1,ㄕㄤˋ ㄊㄞˊ
上頭,1,ㄕㄤˋ ㄊㄡ˙
上天,1,ㄕㄤˋ ㄊㄧㄢ
上吐下瀉,1,ㄕㄤˋ ㄊㄨˋ ㄒㄧㄚˋ ㄒㄧㄝˋ
上了歲數,1,ㄕㄤˋ ㄌㄜ˙ ㄙㄨㄟˋ ㄕㄨˋ
上來,1,ㄕㄤˋ ㄌㄞˊ
上列,1,ㄕㄤˋ ㄌㄧㄝˋ
上流,1,ㄕㄤˋ ㄌㄧㄡˊ
上梁不正下梁歪,1,ㄕㄤˋ ㄌㄧㄤˊ ㄅㄨˋ ㄓㄥˋ ㄒㄧㄚˋ ㄌㄧㄤˊ ㄨㄞ
上梁不正下梁歪,1,ㄕㄤˋ ㄌㄧㄤˊ ㄅㄨˊ ㄓㄥˋ ㄒㄧㄚˋ ㄌㄧㄤˊ ㄨㄞ
上路,1,ㄕㄤˋ ㄌㄨˋ
上鉤,1,ㄕㄤˋ ㄍㄡ
上古,1,ㄕㄤˋ ㄍㄨˇ
上軌道,1,ㄕㄤˋ ㄍㄨㄟˇ ㄉㄠˋ
上館子,1,ㄕㄤˋ ㄍㄨㄢˇ ㄗ˙
上工,1,ㄕㄤˋ ㄍㄨㄥ
上課,1,ㄕㄤˋ ㄎㄜˋ
上口,1,ㄕㄤˋ ㄎㄡˇ
上款,1,ㄕㄤˋ ㄎㄨㄢˇ
上空,1,ㄕㄤˋ ㄎㄨㄥ
上好,1,ㄕㄤˋ ㄏㄠˇ
上級,1,ㄕㄤˋ ㄐㄧˊ
上街,1,ㄕㄤˋ ㄐㄧㄝ
上進,1,ㄕㄤˋ ㄐㄧㄣˋ
上將,1,ㄕㄤˋ ㄐㄧㄤˋ
上鏡頭,1,ㄕㄤˋ ㄐㄧㄥˋ ㄊㄡˊ
上氣不接下氣,1,ㄕㄤˋ ㄑㄧˋ ㄅㄨˋ ㄐㄧㄝ ㄒㄧㄚˋ ㄑㄧˋ
上前,1,ㄕㄤˋ ㄑㄧㄢˊ
上去,1,ㄕㄤˋ ㄑㄩˋ
上下,1,ㄕㄤˋ ㄒㄧㄚˋ
上下其手,1,ㄕㄤˋ ㄒㄧㄚˋ ㄑㄧˊ ㄕㄡˇ
上下一心,1,ㄕㄤˋ ㄒㄧㄚˋ ㄧ ㄒㄧㄣ
上校,1,ㄕㄤˋ ㄒㄧㄠˋ
上限,1,ㄕㄤˋ ㄒㄧㄢˋ
上香,1,ㄕㄤˋ ㄒㄧㄤ
上相,1,ㄕㄤˋ ㄒㄧㄤˋ
上行,1,ㄕㄤˋ ㄒㄧㄥˊ
上行下效,1,ㄕㄤˋ ㄒㄧㄥˊ ㄒㄧㄚˋ ㄒㄧㄠˋ
上學,1,ㄕㄤˋ ㄒㄩㄝˊ
上旬,1,ㄕㄤˋ ㄒㄩㄣˊ
上陣,1,ㄕㄤˋ ㄓㄣˋ
上漲,1,ㄕㄤˋ ㄓㄤˇ
上桌,1,ㄕㄤˋ ㄓㄨㄛ
上妝,1,ㄕㄤˋ ㄓㄨㄤ
上裝,1,ㄕㄤˋ ㄓㄨㄤ
上朝,1,ㄕㄤˋ ㄔㄠˊ
上場,1,ㄕㄤˋ ㄔㄤˇ
上床,1,ㄕㄤˋ ㄔㄨㄤˊ
上市,1,ㄕㄤˋ ㄕˋ
上士,1,ㄕㄤˋ ㄕˋ
上手,1,ㄕㄤˋ ㄕㄡˇ
上山,1,ㄕㄤˋ ㄕㄢ
上身,1,ㄕㄤˋ ㄕㄣ
上上下下,1,ㄕㄤˋ ㄕㄤˋ ㄒㄧㄚˋ ㄒㄧㄚˋ
上升,1,ㄕㄤˋ ㄕㄥ
上乘,1,ㄕㄤˋ ㄕㄥˋ
上任,1,ㄕㄤˋ ㄖㄣˋ
上座,1,ㄕㄤˋ ㄗㄨㄛˋ
上策,1,ㄕㄤˋ ㄘㄜˋ
上菜,1,ㄕㄤˋ ㄘㄞˋ
上蒼,1,ㄕㄤˋ ㄘㄤ
上層,1,ㄕㄤˋ ㄘㄥˊ
上司,1,ㄕㄤˋ ㄙ
上色,1,ㄕㄤˋ ㄙㄜˋ
上溯,1,ㄕㄤˋ ㄙㄨˋ
上訴,1,ㄕㄤˋ ㄙㄨˋ
上顎,1,ㄕㄤˋ ㄜˋ
上岸,1,ㄕㄤˋ ㄢˋ
上衣,1,ㄕㄤˋ ㄧ
上藥,1,ㄕㄤˋ ㄧㄠˋ
上游,1,ㄕㄤˋ ㄧㄡˊ
上有天堂下有蘇杭,1,ㄕㄤˋ ㄧㄡˇ ㄊㄧㄢ ㄊㄤˊ ㄒㄧㄚˋ ㄧㄡˇ ㄙㄨ ㄏㄤˊ
上釉,1,ㄕㄤˋ ㄧㄡˋ
上演,1,ㄕㄤˋ ㄧㄢˇ
上眼,1,ㄕㄤˋ ㄧㄢˇ
上癮,1,ㄕㄤˋ ㄧㄣˇ
上揚,1,ㄕㄤˋ ㄧㄤˊ
上映,1,ㄕㄤˋ ㄧㄥˋ
上午,1,ㄕㄤˋ ㄨˇ
上位,1,ㄕㄤˋ ㄨㄟˋ
上尉,1,ㄕㄤˋ ㄨㄟˋ
上網,1,ㄕㄤˋ ㄨㄤˇ
上元,1,ㄕㄤˋ ㄩㄢˊ
尚,1,ㄕㄤˋ
尚可,1,ㄕㄤˋ ㄎㄜˇ
尚佳,1,ㄕㄤˋ ㄐㄧㄚ
尚且,1,ㄕㄤˋ ㄑㄧㄝˇ
尚饗,1,ㄕㄤˋ ㄒㄧㄤˇ
尚有可為,1,ㄕㄤˋ ㄧㄡˇ ㄎㄜˇ ㄨㄟˊ
尚武,1,ㄕㄤˋ ㄨˇ
尚未,1,ㄕㄤˋ ㄨㄟˋ
裳,1,ㄕㄤ˙
升,1,ㄕㄥ
升斗小民,1,ㄕㄥ ㄉㄡˇ ㄒㄧㄠˇ ㄇㄧㄣˊ
升等,1,ㄕㄥ ㄉㄥˇ
升等考試,1,ㄕㄥ ㄉㄥˇ ㄎㄠˇ ㄕˋ
升堂入室,1,ㄕㄥ ㄊㄤˊ ㄖㄨˋ ㄕˋ
升天,1,ㄕㄥ ㄊㄧㄢ
升格,1,ㄕㄥ ㄍㄜˊ
升高,1,ㄕㄥ ㄍㄠ
升官,1,ㄕㄥ ㄍㄨㄢ
升空,1,ㄕㄥ ㄎㄨㄥ
升火,1,ㄕㄥ ㄏㄨㄛˇ
升級,1,ㄕㄥ ㄐㄧˊ
升降,1,ㄕㄥ ㄐㄧㄤˋ
升降機,1,ㄕㄥ ㄐㄧㄤˋ ㄐㄧ
升旗,1,ㄕㄥ ㄑㄧˊ
升遷,1,ㄕㄥ ㄑㄧㄢ
升學,1,ㄕㄥ ㄒㄩㄝˊ
升值,1,ㄕㄥ ㄓˊ
昇,1,ㄕㄥ
昇平,1,ㄕㄥ ㄆㄧㄥˊ
昇天,1,ㄕㄥ ㄊㄧㄢ
昇華,1,ㄕㄥ ㄏㄨㄚˊ
陞,1,ㄕㄥ
生,1,ㄕㄥ
生變,1,ㄕㄥ ㄅㄧㄢˋ
生病,1,ㄕㄥ ㄅㄧㄥˋ
生不逢時,1,ㄕㄥ ㄅㄨˋ ㄈㄥˊ ㄕˊ
生不如死,1,ㄕㄥ ㄅㄨˋ ㄖㄨˊ ㄙˇ
生怕,1,ㄕㄥ ㄆㄚˋ
生啤酒,1,ㄕㄥ ㄆㄧˊ ㄐㄧㄡˇ
生平,1,ㄕㄥ ㄆㄧㄥˊ
生米煮成熟飯,1,ㄕㄥ ㄇㄧˇ ㄓㄨˇ ㄔㄥˊ ㄕㄡˊ ㄈㄢˋ
生面孔,1,ㄕㄥ ㄇㄧㄢˋ ㄎㄨㄥˇ
生民塗炭,1,ㄕㄥ ㄇㄧㄣˊ ㄊㄨˊ ㄊㄢˋ
生命,1,ㄕㄥ ㄇㄧㄥˋ
生命線,1,ㄕㄥ ㄇㄧㄥˋ ㄒㄧㄢˋ
生母,1,ㄕㄥ ㄇㄨˇ
生父,1,ㄕㄥ ㄈㄨˋ
生動,1,ㄕㄥ ㄉㄨㄥˋ
生動有趣,1,ㄕㄥ ㄉㄨㄥˋ ㄧㄡˇ ㄑㄩˋ
生態,1,ㄕㄥ ㄊㄞˋ
生態環境,1,ㄕㄥ ㄊㄞˋ ㄏㄨㄢˊ ㄐㄧㄥˋ
生態系,1,ㄕㄥ ㄊㄞˋ ㄒㄧˋ
生鐵,1,ㄕㄥ ㄊㄧㄝˇ
生吞活剝,1,ㄕㄥ ㄊㄨㄣ ㄏㄨㄛˊ ㄅㄛ
生年,1,ㄕㄥ ㄋㄧㄢˊ
生老病死,1,ㄕㄥ ㄌㄠˇ ㄅㄧㄥˋ ㄙˇ
生冷,1,ㄕㄥ ㄌㄥˇ
生離死別,1,ㄕㄥ ㄌㄧˊ ㄙˇ ㄅㄧㄝˊ
生理,1,ㄕㄥ ㄌㄧˇ
生理學,1,ㄕㄥ ㄌㄧˇ ㄒㄩㄝˊ
生理時鐘,1,ㄕㄥ ㄌㄧˇ ㄕˊ ㄓㄨㄥ
生力軍,1,ㄕㄥ ㄌㄧˋ ㄐㄩㄣ
生靈塗炭,1,ㄕㄥ ㄌㄧㄥˊ ㄊㄨˊ ㄊㄢˋ
生路,1,ㄕㄥ ㄌㄨˋ
生龍活虎,1,ㄕㄥ ㄌㄨㄥˊ ㄏㄨㄛˊ ㄏㄨˇ
生根,1,ㄕㄥ ㄍㄣ
生蠔,1,ㄕㄥ ㄏㄠˊ
生花妙筆,1,ㄕㄥ ㄏㄨㄚ ㄇㄧㄠˋ ㄅㄧˇ
生化,1,ㄕㄥ ㄏㄨㄚˋ
生活,1,ㄕㄥ ㄏㄨㄛˊ
生活必需品,1,ㄕㄥ ㄏㄨㄛˊ ㄅㄧˋ ㄒㄩ ㄆㄧㄣˇ
生活品質,1,ㄕㄥ ㄏㄨㄛˊ ㄆㄧㄣˇ ㄓˊ
生活費,1,ㄕㄥ ㄏㄨㄛˊ ㄈㄟˋ
生活方式,1,ㄕㄥ ㄏㄨㄛˊ ㄈㄤ ㄕˋ
生活圈,1,ㄕㄥ ㄏㄨㄛˊ ㄑㄩㄢ
生活照,1,ㄕㄥ ㄏㄨㄛˊ ㄓㄠˋ
生活水準,1,ㄕㄥ ㄏㄨㄛˊ ㄕㄨㄟˇ ㄓㄨㄣˇ
生火,1,ㄕㄥ ㄏㄨㄛˇ
生還,1,ㄕㄥ ㄏㄨㄢˊ
生機,1,ㄕㄥ ㄐㄧ
生計,1,ㄕㄥ ㄐㄧˋ
生津止渴,1,ㄕㄥ ㄐㄧㄣ ㄓˇ ㄎㄜˇ
生薑,1,ㄕㄥ ㄐㄧㄤ
生氣,1,ㄕㄥ ㄑㄧˋ
生氣蓬勃,1,ㄕㄥ ㄑㄧˋ ㄆㄥˊ ㄅㄛˊ
生前,1,ㄕㄥ ㄑㄧㄢˊ
生擒,1,ㄕㄥ ㄑㄧㄣˊ
生趣,1,ㄕㄥ ㄑㄩˋ
生息,1,ㄕㄥ ㄒㄧˊ
生肖,1,ㄕㄥ ㄒㄧㄠˋ
生效,1,ㄕㄥ ㄒㄧㄠˋ
生鮮,1,ㄕㄥ ㄒㄧㄢ
生性,1,ㄕㄥ ㄒㄧㄥˋ
生殖,1,ㄕㄥ ㄓˊ
生殖器官,1,ㄕㄥ ㄓˊ ㄑㄧˋ ㄍㄨㄢ
生長,1,ㄕㄥ ㄓㄤˇ
生吃,1,ㄕㄥ ㄔ
生產,1,ㄕㄥ ㄔㄢˇ
生產力,1,ㄕㄥ ㄔㄢˇ ㄌㄧˋ
生產線,1,ㄕㄥ ㄔㄢˇ ㄒㄧㄢˋ
生產者,1,ㄕㄥ ㄔㄢˇ ㄓㄜˇ
生辰,1,ㄕㄥ ㄔㄣˊ
生食,1,ㄕㄥ ㄕˊ
生事,1,ㄕㄥ ㄕˋ
生殺予奪,1,ㄕㄥ ㄕㄚ ㄩˇ ㄉㄨㄛˊ
生手,1,ㄕㄥ ㄕㄡˇ
生生不息,1,ㄕㄥ ㄕㄥ ㄅㄨˋ ㄒㄧˊ
生疏,1,ㄕㄥ ㄕㄨ
生水,1,ㄕㄥ ㄕㄨㄟˇ
生日,1,ㄕㄥ ㄖˋ
生人,1,ㄕㄥ ㄖㄣˊ
生字,1,ㄕㄥ ㄗˋ
生詞,1,ㄕㄥ ㄘˊ
生財,1,ㄕㄥ ㄘㄞˊ
生財有道,1,ㄕㄥ ㄘㄞˊ ㄧㄡˇ ㄉㄠˋ
生菜,1,ㄕㄥ ㄘㄞˋ
生存,1,ㄕㄥ ㄘㄨㄣˊ
生存空間,1,ㄕㄥ ㄘㄨㄣˊ ㄎㄨㄥ ㄐㄧㄢ
生死輪迴,1,ㄕㄥ ㄙˇ ㄌㄨㄣˊ ㄏㄨㄟˊ
生死關頭,1,ㄕㄥ ㄙˇ ㄍㄨㄢ ㄊㄡˊ
生死之交,1,ㄕㄥ ㄙˇ ㄓ ㄐㄧㄠ
生死攸關,1,ㄕㄥ ㄙˇ ㄧㄡ ㄍㄨㄢ
生色,1,ㄕㄥ ㄙㄜˋ
生澀,1,ㄕㄥ ㄙㄜˋ
生意,1,ㄕㄥ ㄧˋ
生意盎然,1,ㄕㄥ ㄧˋ ㄤˋ ㄖㄢˊ
生意,1,ㄕㄥ ㄧ˙
生涯,1,ㄕㄥ ㄧㄚˊ
生厭,1,ㄕㄥ ㄧㄢˋ
生飲,1,ㄕㄥ ㄧㄣˇ
生養,1,ㄕㄥ ㄧㄤˇ
生硬,1,ㄕㄥ ㄧㄥˋ
生物,1,ㄕㄥ ㄨˋ
生育,1,ㄕㄥ ㄩˋ
生員,1,ㄕㄥ ㄩㄢˊ
牲,1,ㄕㄥ
牲禮,1,ㄕㄥ ㄌㄧˇ
牲口,1,ㄕㄥ ㄎㄡˇ
牲畜,1,ㄕㄥ ㄔㄨˋ
笙,1,ㄕㄥ
笙歌,1,ㄕㄥ ㄍㄜ
甥,1,ㄕㄥ
甥女,1,ㄕㄥ ㄋㄩˇ
勝,1,ㄕㄥ
勝任,1,ㄕㄥ ㄖㄣˋ
聲,1,ㄕㄥ
聲波,1,ㄕㄥ ㄅㄛ
聲名,1,ㄕㄥ ㄇㄧㄥˊ
聲名大噪,1,ㄕㄥ ㄇㄧㄥˊ ㄉㄚˋ ㄗㄠˋ
聲名狼藉,1,ㄕㄥ ㄇㄧㄥˊ ㄌㄤˊ ㄐㄧˊ
聲名遠播,1,ㄕㄥ ㄇㄧㄥˊ ㄩㄢˇ ㄅㄛˋ
聲明,1,ㄕㄥ ㄇㄧㄥˊ
聲帶,1,ㄕㄥ ㄉㄞˋ
聲調,1,ㄕㄥ ㄉㄧㄠˋ
聲東擊西,1,ㄕㄥ ㄉㄨㄥ ㄐㄧˊ ㄒㄧ
聲討,1,ㄕㄥ ㄊㄠˇ
聲納,1,ㄕㄥ ㄋㄚˋ
聲淚俱下,1,ㄕㄥ ㄌㄟˋ ㄐㄩˋ ㄒㄧㄚˋ
聲浪,1,ㄕㄥ ㄌㄤˋ
聲量,1,ㄕㄥ ㄌㄧㄤˋ
聲律,1,ㄕㄥ ㄌㄩˋ
聲光,1,ㄕㄥ ㄍㄨㄤ
聲氣相投,1,ㄕㄥ ㄑㄧˋ ㄒㄧㄤ ㄊㄡˊ
聲氣相求,1,ㄕㄥ ㄑㄧˋ ㄒㄧㄤ ㄑㄧㄡˊ
聲情並茂,1,ㄕㄥ ㄑㄧㄥˊ ㄅㄧㄥˋ ㄇㄠˋ
聲請,1,ㄕㄥ ㄑㄧㄥˇ
聲息,1,ㄕㄥ ㄒㄧˊ
聲響,1,ㄕㄥ ㄒㄧㄤˇ
聲張,1,ㄕㄥ ㄓㄤ
聲稱,1,ㄕㄥ ㄔㄥ
聲勢,1,ㄕㄥ ㄕˋ
聲勢浩大,1,ㄕㄥ ㄕˋ ㄏㄠˋ ㄉㄚˋ
聲嘶力竭,1,ㄕㄥ ㄙ ㄌㄧˋ ㄐㄧㄝˊ
聲色,1,ㄕㄥ ㄙㄜˋ
聲色俱厲,1,ㄕㄥ ㄙㄜˋ ㄐㄩˋ ㄌㄧˋ
聲色犬馬,1,ㄕㄥ ㄙㄜˋ ㄑㄩㄢˇ ㄇㄚˇ
聲言,1,ㄕㄥ ㄧㄢˊ
聲音,1,ㄕㄥ ㄧㄣ
聲威,1,ㄕㄥ ㄨㄟ
聲聞,1,ㄕㄥ ㄨㄣˊ
聲望,1,ㄕㄥ ㄨㄤˋ
聲譽,1,ㄕㄥ ㄩˋ
聲樂,1,ㄕㄥ ㄩㄝˋ
聲援,1,ㄕㄥ ㄩㄢˊ
聲韻,1,ㄕㄥ ㄩㄣˋ
聲韻學,1,ㄕㄥ ㄩㄣˋ ㄒㄩㄝˊ
澠,1,ㄕㄥˊ
澠水,1,ㄕㄥˊ ㄕㄨㄟˇ
繩,1,ㄕㄥˊ
繩墨,1,ㄕㄥˊ ㄇㄛˋ
繩結,1,ㄕㄥˊ ㄐㄧㄝˊ
繩橋,1,ㄕㄥˊ ㄑㄧㄠˊ
繩之以法,1,ㄕㄥˊ ㄓ ㄧˇ ㄈㄚˇ
繩索,1,ㄕㄥˊ ㄙㄨㄛˇ
省,1,ㄕㄥˇ
省分,1,ㄕㄥˇ ㄈㄣˋ
省府,1,ㄕㄥˇ ㄈㄨˇ
省道,1,ㄕㄥˇ ㄉㄠˋ
省力,1,ㄕㄥˇ ㄌㄧˋ
省立,1,ㄕㄥˇ ㄌㄧˋ
省略,1,ㄕㄥˇ ㄌㄩㄝˋ
省會,1,ㄕㄥˇ ㄏㄨㄟˋ
省籍,1,ㄕㄥˇ ㄐㄧˊ
省錢,1,ㄕㄥˇ ㄑㄧㄢˊ
省卻,1,ㄕㄥˇ ㄑㄩㄝˋ
省下,1,ㄕㄥˇ ㄒㄧㄚˋ
省長,1,ㄕㄥˇ ㄓㄤˇ
省政,1,ㄕㄥˇ ㄓㄥˋ
省城,1,ㄕㄥˇ ㄔㄥˊ
省時,1,ㄕㄥˇ ㄕˊ
省事,1,ㄕㄥˇ ㄕˋ
省油的燈,1,ㄕㄥˇ ㄧㄡˊ ㄉㄜ˙ ㄉㄥ
眚,1,ㄕㄥˇ
乘,1,ㄕㄥˋ
剩,1,ㄕㄥˋ
剩下,1,ㄕㄥˋ ㄒㄧㄚˋ
剩餘,1,ㄕㄥˋ ㄩˊ
剩餘價值,1,ㄕㄥˋ ㄩˊ ㄐㄧㄚˋ ㄓˊ
嵊,1,ㄕㄥˋ
嵊縣,1,ㄕㄥˋ ㄒㄧㄢˋ
盛,1,ㄕㄥˋ
盛名,1,ㄕㄥˋ ㄇㄧㄥˊ
盛大,1,ㄕㄥˋ ㄉㄚˋ
盛典,1,ㄕㄥˋ ㄉㄧㄢˇ
盛年,1,ㄕㄥˋ ㄋㄧㄢˊ
盛怒,1,ㄕㄥˋ ㄋㄨˋ
盛開,1,ㄕㄥˋ ㄎㄞ
盛況,1,ㄕㄥˋ ㄎㄨㄤˋ
盛況空前,1,ㄕㄥˋ ㄎㄨㄤˋ ㄎㄨㄥ ㄑㄧㄢˊ
盛會,1,ㄕㄥˋ ㄏㄨㄟˋ
盛極必衰,1,ㄕㄥˋ ㄐㄧˊ ㄅㄧˋ ㄕㄨㄞ
盛極一時,1,ㄕㄥˋ ㄐㄧˊ ㄧ ㄕˊ
盛極一時,1,ㄕㄥˋ ㄐㄧˊ ㄧˋ ㄕˊ
盛舉,1,ㄕㄥˋ ㄐㄩˇ
盛氣凌人,1,ㄕㄥˋ ㄑㄧˋ ㄌㄧㄥˊ ㄖㄣˊ
盛情,1,ㄕㄥˋ ㄑㄧㄥˊ
盛情難卻,1,ㄕㄥˋ ㄑㄧㄥˊ ㄋㄢˊ ㄑㄩㄝˋ
盛行,1,ㄕㄥˋ ㄒㄧㄥˊ
盛裝,1,ㄕㄥˋ ㄓㄨㄤ
盛產,1,ㄕㄥˋ ㄔㄢˇ
盛傳,1,ㄕㄥˋ ㄔㄨㄢˊ
盛世,1,ㄕㄥˋ ㄕˋ
盛事,1,ㄕㄥˋ ㄕˋ
盛衰,1,ㄕㄥˋ ㄕㄨㄞ
盛衰榮枯,1,ㄕㄥˋ ㄕㄨㄞ ㄖㄨㄥˊ ㄎㄨ
盛意,1,ㄕㄥˋ ㄧˋ
盛筵,1,ㄕㄥˋ ㄧㄢˊ
盛宴,1,ㄕㄥˋ ㄧㄢˋ
盛譽,1,ㄕㄥˋ ㄩˋ
勝,1,ㄕㄥˋ
勝不驕敗不餒,1,ㄕㄥˋ ㄅㄨˋ ㄐㄧㄠ ㄅㄞˋ ㄅㄨˋ ㄋㄟˇ
勝負,1,ㄕㄥˋ ㄈㄨˋ
勝地,1,ㄕㄥˋ ㄉㄧˋ
勝利,1,ㄕㄥˋ ㄌㄧˋ
勝利投手,1,ㄕㄥˋ ㄌㄧˋ ㄊㄡˊ ㄕㄡˇ
勝景,1,ㄕㄥˋ ㄐㄧㄥˇ
勝局,1,ㄕㄥˋ ㄐㄩˊ
勝之不武,1,ㄕㄥˋ ㄓ ㄅㄨˋ ㄨˇ
勝仗,1,ㄕㄥˋ ㄓㄤˋ
勝訴,1,ㄕㄥˋ ㄙㄨˋ
勝算,1,ㄕㄥˋ ㄙㄨㄢˋ
賸,1,ㄕㄥˋ
賸餘,1,ㄕㄥˋ ㄩˊ
聖,1,ㄕㄥˋ
聖明,1,ㄕㄥˋ ㄇㄧㄥˊ
聖母,1,ㄕㄥˋ ㄇㄨˇ
聖誕,1,ㄕㄥˋ ㄉㄢˋ
聖誕老人,1,ㄕㄥˋ ㄉㄢˋ ㄌㄠˇ ㄖㄣˊ
聖誕紅,1,ㄕㄥˋ ㄉㄢˋ ㄏㄨㄥˊ
聖誕節,1,ㄕㄥˋ ㄉㄢˋ ㄐㄧㄝˊ
聖誕樹,1,ㄕㄥˋ ㄉㄢˋ ㄕㄨˋ
聖誕夜,1,ㄕㄥˋ ㄉㄢˋ ㄧㄝˋ
聖地,1,ㄕㄥˋ ㄉㄧˋ
聖靈,1,ㄕㄥˋ ㄌㄧㄥˊ
聖火,1,ㄕㄥˋ ㄏㄨㄛˇ
聖潔,1,ㄕㄥˋ ㄐㄧㄝˊ
聖經,1,ㄕㄥˋ ㄐㄧㄥ
聖賢,1,ㄕㄥˋ ㄒㄧㄢˊ
聖旨,1,ㄕㄥˋ ㄓˇ
聖哲,1,ㄕㄥˋ ㄓㄜˊ
聖手,1,ㄕㄥˋ ㄕㄡˇ
聖手仁心,1,ㄕㄥˋ ㄕㄡˇ ㄖㄣˊ ㄒㄧㄣ
聖上,1,ㄕㄥˋ ㄕㄤˋ
聖人,1,ㄕㄥˋ ㄖㄣˊ
聖嬰現象,1,ㄕㄥˋ ㄧㄥ ㄒㄧㄢˋ ㄒㄧㄤˋ
疋,1,ㄕㄨ
抒,1,ㄕㄨ
抒發,1,ㄕㄨ ㄈㄚ
抒放,1,ㄕㄨ ㄈㄤˋ
抒解,1,ㄕㄨ ㄐㄧㄝˇ
抒情,1,ㄕㄨ ㄑㄧㄥˊ
抒情文,1,ㄕㄨ ㄑㄧㄥˊ ㄨㄣˊ
抒寫,1,ㄕㄨ ㄒㄧㄝˇ
紓,1,ㄕㄨ
紓解,1,ㄕㄨ ㄐㄧㄝˇ
舒,1,ㄕㄨ
舒服,1,ㄕㄨ ㄈㄨˊ
舒坦,1,ㄕㄨ ㄊㄢˇ
舒緩,1,ㄕㄨ ㄏㄨㄢˇ
舒展,1,ㄕㄨ ㄓㄢˇ
舒暢,1,ㄕㄨ ㄔㄤˋ
舒適,1,ㄕㄨ ㄕˋ
舒爽,1,ㄕㄨ ㄕㄨㄤˇ
姝,1,ㄕㄨ
殊,1,ㄕㄨ
殊不知,1,ㄕㄨ ㄅㄨˋ ㄓ
殊途同歸,1,ㄕㄨ ㄊㄨˊ ㄊㄨㄥˊ ㄍㄨㄟ
殊榮,1,ㄕㄨ ㄖㄨㄥˊ
殊死戰,1,ㄕㄨ ㄙˇ ㄓㄢˋ
殊遇,1,ㄕㄨ ㄩˋ
梳,1,ㄕㄨ
梳理,1,ㄕㄨ ㄌㄧˇ
梳洗,1,ㄕㄨ ㄒㄧˇ
梳妝,1,ㄕㄨ ㄓㄨㄤ
梳子,1,ㄕㄨ ㄗ˙
疏,1,ㄕㄨ
疏導,1,ㄕㄨ ㄉㄠˇ
疏通,1,ㄕㄨ ㄊㄨㄥ
疏漏,1,ㄕㄨ ㄌㄡˋ
疏離,1,ㄕㄨ ㄌㄧˊ
疏離感,1,ㄕㄨ ㄌㄧˊ ㄍㄢˇ
疏落,1,ㄕㄨ ㄌㄨㄛˋ
疏闊,1,ㄕㄨ ㄎㄨㄛˋ
疏忽,1,ㄕㄨ ㄏㄨ
疏洪道,1,ㄕㄨ ㄏㄨㄥˊ ㄉㄠˋ
疏浚,1,ㄕㄨ ㄐㄩㄣˋ
疏濬,1,ㄕㄨ ㄐㄩㄣˋ
疏失,1,ㄕㄨ ㄕ
疏散,1,ㄕㄨ ㄙㄢˋ
疏鬆,1,ㄕㄨ ㄙㄨㄥ
疏而不漏,1,ㄕㄨ ㄦˊ ㄅㄨˋ ㄌㄡˋ
疏而不漏,1,ㄕㄨ ㄦˊ ㄅㄨˊ ㄌㄡˋ
疏遠,1,ㄕㄨ ㄩㄢˇ
蔬,1,ㄕㄨ
蔬果,1,ㄕㄨ ㄍㄨㄛˇ
蔬菜,1,ㄕㄨ ㄘㄞˋ
書,1,ㄕㄨ
書包,1,ㄕㄨ ㄅㄠ
書報,1,ㄕㄨ ㄅㄠˋ
書本,1,ㄕㄨ ㄅㄣˇ
書筆記,1,ㄕㄨ ㄅㄧˇ ㄐㄧˋ
書評,1,ㄕㄨ ㄆㄧㄥˊ
書面,1,ㄕㄨ ㄇㄧㄢˋ
書面報告,1,ㄕㄨ ㄇㄧㄢˋ ㄅㄠˋ ㄍㄠˋ
書名號,1,ㄕㄨ ㄇㄧㄥˊ ㄏㄠˋ
書目,1,ㄕㄨ ㄇㄨˋ
書房,1,ㄕㄨ ㄈㄤˊ
書呆子,1,ㄕㄨ ㄉㄞ ㄗ˙
書店,1,ㄕㄨ ㄉㄧㄢˋ
書攤,1,ㄕㄨ ㄊㄢ
書僮,1,ㄕㄨ ㄊㄨㄥˊ
書刊,1,ㄕㄨ ㄎㄢ
書庫,1,ㄕㄨ ㄎㄨˋ
書函,1,ㄕㄨ ㄏㄢˊ
書畫,1,ㄕㄨ ㄏㄨㄚˋ
書籍,1,ㄕㄨ ㄐㄧˊ
書記,1,ㄕㄨ ㄐㄧˋ
書架,1,ㄕㄨ ㄐㄧㄚˋ
書局,1,ㄕㄨ ㄐㄩˊ
書卷,1,ㄕㄨ ㄐㄩㄢˋ
書卷氣,1,ㄕㄨ ㄐㄩㄢˋ ㄑㄧˋ
書籤,1,ㄕㄨ ㄑㄧㄢ
書寫,1,ㄕㄨ ㄒㄧㄝˇ
書信,1,ㄕㄨ ㄒㄧㄣˋ
書香,1,ㄕㄨ ㄒㄧㄤ
書香門第,1,ㄕㄨ ㄒㄧㄤ ㄇㄣˊ ㄉㄧˋ
書札,1,ㄕㄨ ㄓㄚˊ
書齋,1,ㄕㄨ ㄓㄞ
書展,1,ㄕㄨ ㄓㄢˇ
書桌,1,ㄕㄨ ㄓㄨㄛ
書城,1,ㄕㄨ ㄔㄥˊ
書櫥,1,ㄕㄨ ㄔㄨˊ
書生,1,ㄕㄨ ㄕㄥ
書冊,1,ㄕㄨ ㄘㄜˋ
書院,1,ㄕㄨ ㄩㄢˋ
荼,1,ㄕㄨ
樞,1,ㄕㄨ
樞紐,1,ㄕㄨ ㄋㄧㄡˇ
輸,1,ㄕㄨ
輸卵管,1,ㄕㄨ ㄌㄨㄢˇ ㄍㄨㄢˇ
輸家,1,ㄕㄨ ㄐㄧㄚ
輸精管,1,ㄕㄨ ㄐㄧㄥ ㄍㄨㄢˇ
輸血,1,ㄕㄨ ㄒㄧㄝˇ
輸誠,1,ㄕㄨ ㄔㄥˊ
輸出,1,ㄕㄨ ㄔㄨ
輸入,1,ㄕㄨ ㄖㄨˋ
輸入許可制,1,ㄕㄨ ㄖㄨˋ ㄒㄩˇ ㄎㄜˇ ㄓˋ
輸送,1,ㄕㄨ ㄙㄨㄥˋ
輸贏,1,ㄕㄨ ㄧㄥˊ
叔,1,ㄕㄨˊ
叔父,1,ㄕㄨˊ ㄈㄨˋ
叔公,1,ㄕㄨˊ ㄍㄨㄥ
叔姪,1,ㄕㄨˊ ㄓˊ
叔叔,1,ㄕㄨˊ ㄕㄨ˙
淑,1,ㄕㄨˊ
淑德,1,ㄕㄨˊ ㄉㄜˊ
淑女,1,ㄕㄨˊ ㄋㄩˇ
淑媛,1,ㄕㄨˊ ㄩㄢˊ
菽,1,ㄕㄨˊ
菽水承歡,1,ㄕㄨˊ ㄕㄨㄟˇ ㄔㄥˊ ㄏㄨㄢ
孰,1,ㄕㄨˊ
塾,1,ㄕㄨˊ
贖,1,ㄕㄨˊ
贖款,1,ㄕㄨˊ ㄎㄨㄢˇ
贖回,1,ㄕㄨˊ ㄏㄨㄟˊ
贖金,1,ㄕㄨˊ ㄐㄧㄣ
贖刑,1,ㄕㄨˊ ㄒㄧㄥˊ
贖身,1,ㄕㄨˊ ㄕㄣ
贖罪,1,ㄕㄨˊ ㄗㄨㄟˋ
暑,1,ㄕㄨˇ
暑假,1,ㄕㄨˇ ㄐㄧㄚˋ
暑期,1,ㄕㄨˇ ㄑㄧˊ
暑氣,1,ㄕㄨˇ ㄑㄧˋ
署,1,ㄕㄨˇ
署長,1,ㄕㄨˇ ㄓㄤˇ
薯,1,ㄕㄨˇ
薯條,1,ㄕㄨˇ ㄊㄧㄠˊ
糬,1,ㄕㄨˇ
藷,1,ㄕㄨˇ
黍,1,ㄕㄨˇ
蜀,1,ㄕㄨˇ
屬,1,ㄕㄨˇ
屬地,1,ㄕㄨˇ ㄉㄧˋ
屬國,1,ㄕㄨˇ ㄍㄨㄛˊ
屬下,1,ㄕㄨˇ ㄒㄧㄚˋ
屬相,1,ㄕㄨˇ ㄒㄧㄤˋ
屬性,1,ㄕㄨˇ ㄒㄧㄥˋ
屬實,1,ㄕㄨˇ ㄕˊ
屬於,1,ㄕㄨˇ ㄩˊ
鼠,1,ㄕㄨˇ
鼠輩,1,ㄕㄨˇ ㄅㄟˋ
鼠目,1,ㄕㄨˇ ㄇㄨˋ
鼠目寸光,1,ㄕㄨˇ ㄇㄨˋ ㄘㄨㄣˋ ㄍㄨㄤ
鼠蹊,1,ㄕㄨˇ ㄒㄧ
鼠竄,1,ㄕㄨˇ ㄘㄨㄢˋ
鼠疫,1,ㄕㄨˇ ㄧˋ
數,1,ㄕㄨˇ
數典忘祖,1,ㄕㄨˇ ㄉㄧㄢˇ ㄨㄤˋ ㄗㄨˇ
數來寶,1,ㄕㄨˇ ㄌㄞˊ ㄅㄠˇ
數落,1,ㄕㄨˇ ㄌㄨㄛˋ
數數兒,1,ㄕㄨˇ ㄕㄨˋ ㄦ
數一數二,1,ㄕㄨˇ ㄧ ㄕㄨˇ ㄦˋ
戍,1,ㄕㄨˋ
戍守,1,ㄕㄨˋ ㄕㄡˇ
戍衛,1,ㄕㄨˋ ㄨㄟˋ
束,1,ㄕㄨˋ
束縛,1,ㄕㄨˋ ㄈㄨˊ
束緊,1,ㄕㄨˋ ㄐㄧㄣˇ
束脩,1,ㄕㄨˋ ㄒㄧㄡ
束之高閣,1,ㄕㄨˋ ㄓ ㄍㄠ ㄍㄜˊ
束裝,1,ㄕㄨˋ ㄓㄨㄤ
束手待斃,1,ㄕㄨˋ ㄕㄡˇ ㄉㄞˋ ㄅㄧˋ
束手就擒,1,ㄕㄨˋ ㄕㄡˇ ㄐㄧㄡˋ ㄑㄧㄣˊ
束手無策,1,ㄕㄨˋ ㄕㄡˇ ㄨˊ ㄘㄜˋ
漱,1,ㄕㄨˋ
漱口,1,ㄕㄨˋ ㄎㄡˇ
述,1,ㄕㄨˋ
述職,1,ㄕㄨˋ ㄓˊ
述說,1,ㄕㄨˋ ㄕㄨㄛ
術,1,ㄕㄨˋ
術科,1,ㄕㄨˋ ㄎㄜ
術士,1,ㄕㄨˋ ㄕˋ
術數,1,ㄕㄨˋ ㄕㄨˋ
術業有專攻,1,ㄕㄨˋ ㄧㄝˋ ㄧㄡˇ ㄓㄨㄢ ㄍㄨㄥ
術語,1,ㄕㄨˋ ㄩˇ
恕,1,ㄕㄨˋ
恕道,1,ㄕㄨˋ ㄉㄠˋ
恕罪,1,ㄕㄨˋ ㄗㄨㄟˋ
庶,1,ㄕㄨˋ
庶民,1,ㄕㄨˋ ㄇㄧㄣˊ
庶幾,1,ㄕㄨˋ ㄐㄧ
庶務,1,ㄕㄨˋ ㄨˋ
倏,1,ㄕㄨˋ
倏地,1,ㄕㄨˋ ㄉㄧˋ
倏忽,1,ㄕㄨˋ ㄏㄨ
倏然,1,ㄕㄨˋ ㄖㄢˊ
署,1,ㄕㄨˋ
署名,1,ㄕㄨˋ ㄇㄧㄥˊ
署理,1,ㄕㄨˋ ㄌㄧˇ
曙,1,ㄕㄨˋ
曙光,1,ㄕㄨˋ ㄍㄨㄤ
曙光乍現,1,ㄕㄨˋ ㄍㄨㄤ ㄓㄚˋ ㄒㄧㄢˋ
曙色,1,ㄕㄨˋ ㄙㄜˋ
墅,1,ㄕㄨˋ
數,1,ㄕㄨˋ
數目,1,ㄕㄨˋ ㄇㄨˋ
數理,1,ㄕㄨˋ ㄌㄧˇ
數量,1,ㄕㄨˋ ㄌㄧㄤˋ
數據,1,ㄕㄨˋ ㄐㄩˋ
數據機,1,ㄕㄨˋ ㄐㄩˋ ㄐㄧ
數學,1,ㄕㄨˋ ㄒㄩㄝˊ
數值,1,ㄕㄨˋ ㄓˊ
數字,1,ㄕㄨˋ ㄗˋ
數額,1,ㄕㄨˋ ㄜˊ
數以千計,1,ㄕㄨˋ ㄧˇ ㄑㄧㄢ ㄐㄧˋ
數位,1,ㄕㄨˋ ㄨㄟˋ
豎,1,ㄕㄨˋ
豎白旗,1,ㄕㄨˋ ㄅㄞˊ ㄑㄧˊ
豎立,1,ㄕㄨˋ ㄌㄧˋ
豎琴,1,ㄕㄨˋ ㄑㄧㄣˊ
樹,1,ㄕㄨˋ
樹苗,1,ㄕㄨˋ ㄇㄧㄠˊ
樹木,1,ㄕㄨˋ ㄇㄨˋ
樹大招風,1,ㄕㄨˋ ㄉㄚˋ ㄓㄠ ㄈㄥ
樹倒猢猻散,1,ㄕㄨˋ ㄉㄠˇ ㄏㄨˊ ㄙㄨㄣ ㄙㄢˋ
樹敵,1,ㄕㄨˋ ㄉㄧˊ
樹立,1,ㄕㄨˋ ㄌㄧˋ
樹林,1,ㄕㄨˋ ㄌㄧㄣˊ
樹幹,1,ㄕㄨˋ ㄍㄢˋ
樹根,1,ㄕㄨˋ ㄍㄣ
樹枝,1,ㄕㄨˋ ㄓ
樹脂,1,ㄕㄨˋ ㄓ
樹樁,1,ㄕㄨˋ ㄓㄨㄤ
樹梢,1,ㄕㄨˋ ㄕㄠ
樹薯,1,ㄕㄨˋ ㄕㄨˇ
樹人,1,ㄕㄨˋ ㄖㄣˊ
樹叢,1,ㄕㄨˋ ㄘㄨㄥˊ
樹葉,1,ㄕㄨˋ ㄧㄝˋ
樹蔭,1,ㄕㄨˋ ㄧㄣˋ
刷,1,ㄕㄨㄚ
刷卡,1,ㄕㄨㄚ ㄎㄚˇ
刷洗,1,ㄕㄨㄚ ㄒㄧˇ
刷新,1,ㄕㄨㄚ ㄒㄧㄣ
刷子,1,ㄕㄨㄚ ㄗ˙
刷牙,1,ㄕㄨㄚ ㄧㄚˊ
耍,1,ㄕㄨㄚˇ
耍把戲,1,ㄕㄨㄚˇ ㄅㄚˇ ㄒㄧˋ
耍寶,1,ㄕㄨㄚˇ ㄅㄠˇ
耍賴,1,ㄕㄨㄚˇ ㄌㄞˋ
耍老千,1,ㄕㄨㄚˇ ㄌㄠˇ ㄑㄧㄢ
耍猴兒,1,ㄕㄨㄚˇ ㄏㄡˊ ㄦ
耍狠,1,ㄕㄨㄚˇ ㄏㄣˇ
耍花招,1,ㄕㄨㄚˇ ㄏㄨㄚ ㄓㄠ
耍噱頭,1,ㄕㄨㄚˇ ㄒㄩㄝ ㄊㄡˊ
耍嘴皮,1,ㄕㄨㄚˇ ㄗㄨㄟˇ ㄆㄧˊ
說,1,ㄕㄨㄛ
說白,1,ㄕㄨㄛ ㄅㄞˊ
說不得,1,ㄕㄨㄛ ㄅㄨˋ ㄉㄜ˙
說不定,1,ㄕㄨㄛ ㄅㄨˋ ㄉㄧㄥˋ
說不定,1,ㄕㄨㄛ ㄅㄨˊ ㄉㄧㄥˋ
說不過去,1,ㄕㄨㄛ ㄅㄨˋ ㄍㄨㄛˋ ㄑㄩˋ
說不過去,1,ㄕㄨㄛ ㄅㄨˊ ㄍㄨㄛˋ ㄑㄩˋ
說不清,1,ㄕㄨㄛ ㄅㄨˋ ㄑㄧㄥ
說破嘴,1,ㄕㄨㄛ ㄆㄛˋ ㄗㄨㄟˇ
說媒,1,ㄕㄨㄛ ㄇㄟˊ
說明,1,ㄕㄨㄛ ㄇㄧㄥˊ
說明書,1,ㄕㄨㄛ ㄇㄧㄥˊ ㄕㄨ
說明文,1,ㄕㄨㄛ ㄇㄧㄥˊ ㄨㄣˊ
說法,1,ㄕㄨㄛ ㄈㄚˇ
說風涼話,1,ㄕㄨㄛ ㄈㄥ ㄌㄧㄤˊ ㄏㄨㄚˋ
說大話,1,ㄕㄨㄛ ㄉㄚˋ ㄏㄨㄚˋ
說得過去,1,ㄕㄨㄛ ㄉㄜ˙ ㄍㄨㄛˋ ㄑㄩˋ
說到做到,1,ㄕㄨㄛ ㄉㄠˋ ㄗㄨㄛˋ ㄉㄠˋ
說道,1,ㄕㄨㄛ ㄉㄠˋ
說東道西,1,ㄕㄨㄛ ㄉㄨㄥ ㄉㄠˋ ㄒㄧ
說理,1,ㄕㄨㄛ ㄌㄧˇ
說好說歹,1,ㄕㄨㄛ ㄏㄠˇ ㄕㄨㄛ ㄉㄞˇ
說話,1,ㄕㄨㄛ ㄏㄨㄚˋ
說謊,1,ㄕㄨㄛ ㄏㄨㄤˇ
說教,1,ㄕㄨㄛ ㄐㄧㄠˋ
說情,1,ㄕㄨㄛ ㄑㄧㄥˊ
說瞎話,1,ㄕㄨㄛ ㄒㄧㄚ ㄏㄨㄚˋ
說笑,1,ㄕㄨㄛ ㄒㄧㄠˋ
說閒話,1,ㄕㄨㄛ ㄒㄧㄢˊ ㄏㄨㄚˋ
說項,1,ㄕㄨㄛ ㄒㄧㄤˋ
說長道短,1,ㄕㄨㄛ ㄔㄤˊ ㄉㄠˋ ㄉㄨㄢˇ
說穿,1,ㄕㄨㄛ ㄔㄨㄢ
說書,1,ㄕㄨㄛ ㄕㄨ
說辭,1,ㄕㄨㄛ ㄘˊ
說一不二,1,ㄕㄨㄛ ㄧ ㄅㄨˋ ㄦˋ
說一不二,1,ㄕㄨㄛ ㄧ ㄅㄨˊ ㄦˋ
妁,1,ㄕㄨㄛˋ
朔,1,ㄕㄨㄛˋ
朔望,1,ㄕㄨㄛˋ ㄨㄤˋ
槊,1,ㄕㄨㄛˋ
蒴,1,ㄕㄨㄛˋ
蒴果,1,ㄕㄨㄛˋ ㄍㄨㄛˇ
碩,1,ㄕㄨㄛˋ
碩大,1,ㄕㄨㄛˋ ㄉㄚˋ
碩大無朋,1,ㄕㄨㄛˋ ㄉㄚˋ ㄨˊ ㄆㄥˊ
碩果僅存,1,ㄕㄨㄛˋ ㄍㄨㄛˇ ㄐㄧㄣˇ ㄘㄨㄣˊ
碩士,1,ㄕㄨㄛˋ ㄕˋ
數,1,ㄕㄨㄛˋ
爍,1,ㄕㄨㄛˋ
爍石流金,1,ㄕㄨㄛˋ ㄕˊ ㄌㄧㄡˊ ㄐㄧㄣ
鑠,1,ㄕㄨㄛˋ
衰,1,ㄕㄨㄞ
衰敗,1,ㄕㄨㄞ ㄅㄞˋ
衰頹,1,ㄕㄨㄞ ㄊㄨㄟˊ
衰退,1,ㄕㄨㄞ ㄊㄨㄟˋ
衰老,1,ㄕㄨㄞ ㄌㄠˇ
衰落,1,ㄕㄨㄞ ㄌㄨㄛˋ
衰竭,1,ㄕㄨㄞ ㄐㄧㄝˊ
衰弱,1,ㄕㄨㄞ ㄖㄨㄛˋ
衰微,1,ㄕㄨㄞ ㄨㄟˊ
衰亡,1,ㄕㄨㄞ ㄨㄤˊ
摔,1,ㄕㄨㄞ
摔破,1,ㄕㄨㄞ ㄆㄛˋ
摔打,1,ㄕㄨㄞ ㄉㄚˇ
摔倒,1,ㄕㄨㄞ ㄉㄠˇ
摔跤,1,ㄕㄨㄞ ㄐㄧㄠ
摔角,1,ㄕㄨㄞ ㄐㄧㄠˇ
摔傷,1,ㄕㄨㄞ ㄕㄤ
甩,1,ㄕㄨㄞˇ
甩掉,1,ㄕㄨㄞˇ ㄉㄧㄠˋ
甩脫,1,ㄕㄨㄞˇ ㄊㄨㄛ
帥,1,ㄕㄨㄞˋ
帥哥,1,ㄕㄨㄞˋ ㄍㄜ
率,1,ㄕㄨㄞˋ
率隊,1,ㄕㄨㄞˋ ㄉㄨㄟˋ
率同,1,ㄕㄨㄞˋ ㄊㄨㄥˊ
率領,1,ㄕㄨㄞˋ ㄌㄧㄥˇ
率皆,1,ㄕㄨㄞˋ ㄐㄧㄝ
率先,1,ㄕㄨㄞˋ ㄒㄧㄢ
率性,1,ㄕㄨㄞˋ ㄒㄧㄥˋ
率直,1,ㄕㄨㄞˋ ㄓˊ
率真,1,ㄕㄨㄞˋ ㄓㄣ
率然,1,ㄕㄨㄞˋ ㄖㄢˊ
率爾,1,ㄕㄨㄞˋ ㄦˇ
蟀,1,ㄕㄨㄞˋ
水,1,ㄕㄨㄟˇ
水壩,1,ㄕㄨㄟˇ ㄅㄚˋ
水表,1,ㄕㄨㄟˇ ㄅㄧㄠˇ
水瓢,1,ㄕㄨㄟˇ ㄆㄧㄠˊ
水平,1,ㄕㄨㄟˇ ㄆㄧㄥˊ
水平面,1,ㄕㄨㄟˇ ㄆㄧㄥˊ ㄇㄧㄢˋ
水平線,1,ㄕㄨㄟˇ ㄆㄧㄥˊ ㄒㄧㄢˋ
水磨工夫,1,ㄕㄨㄟˇ ㄇㄛˊ ㄍㄨㄥ ㄈㄨ˙
水墨,1,ㄕㄨㄟˇ ㄇㄛˋ
水墨畫,1,ㄕㄨㄟˇ ㄇㄛˋ ㄏㄨㄚˋ
水門,1,ㄕㄨㄟˇ ㄇㄣˊ
水門案,1,ㄕㄨㄟˇ ㄇㄣˊ ㄢˋ
水蜜桃,1,ㄕㄨㄟˇ ㄇㄧˋ ㄊㄠˊ
水面,1,ㄕㄨㄟˇ ㄇㄧㄢˋ
水母,1,ㄕㄨㄟˇ ㄇㄨˇ
水肥,1,ㄕㄨㄟˇ ㄈㄟˊ
水分,1,ㄕㄨㄟˇ ㄈㄣˋ
水到渠成,1,ㄕㄨㄟˇ ㄉㄠˋ ㄑㄩˊ ㄔㄥˊ
水道,1,ㄕㄨㄟˇ ㄉㄠˋ
水稻,1,ㄕㄨㄟˇ ㄉㄠˋ
水痘,1,ㄕㄨㄟˇ ㄉㄡˋ
水滴,1,ㄕㄨㄟˇ ㄉㄧ
水電,1,ㄕㄨㄟˇ ㄉㄧㄢˋ
水塔,1,ㄕㄨㄟˇ ㄊㄚˇ
水獺,1,ㄕㄨㄟˇ ㄊㄚˋ
水塘,1,ㄕㄨㄟˇ ㄊㄤˊ
水田,1,ㄕㄨㄟˇ ㄊㄧㄢˊ
水土,1,ㄕㄨㄟˇ ㄊㄨˇ
水土保持,1,ㄕㄨㄟˇ ㄊㄨˇ ㄅㄠˇ ㄔˊ
水土不服,1,ㄕㄨㄟˇ ㄊㄨˇ ㄅㄨˋ ㄈㄨˊ
水泥,1,ㄕㄨㄟˇ ㄋㄧˊ
水泥叢林,1,ㄕㄨㄟˇ ㄋㄧˊ ㄘㄨㄥˊ ㄌㄧㄣˊ
水鳥,1,ㄕㄨㄟˇ ㄋㄧㄠˇ
水牛,1,ㄕㄨㄟˇ ㄋㄧㄡˊ
水來土掩,1,ㄕㄨㄟˇ ㄌㄞˊ ㄊㄨˇ ㄧㄢˇ
水雷,1,ㄕㄨㄟˇ ㄌㄟˊ
水力,1,ㄕㄨㄟˇ ㄌㄧˋ
水力發電,1,ㄕㄨㄟˇ ㄌㄧˋ ㄈㄚ ㄉㄧㄢˋ
水利,1,ㄕㄨㄟˇ ㄌㄧˋ
水利工程,1,ㄕㄨㄟˇ ㄌㄧˋ ㄍㄨㄥ ㄔㄥˊ
水療,1,ㄕㄨㄟˇ ㄌㄧㄠˊ
水流,1,ㄕㄨㄟˇ ㄌㄧㄡˊ
水量,1,ㄕㄨㄟˇ ㄌㄧㄤˋ
水路,1,ㄕㄨㄟˇ ㄌㄨˋ
水落石出,1,ㄕㄨㄟˇ ㄌㄨㄛˋ ㄕˊ ㄔㄨ
水龍頭,1,ㄕㄨㄟˇ ㄌㄨㄥˊ ㄊㄡˊ
水溝,1,ㄕㄨㄟˇ ㄍㄡ
水耕,1,ㄕㄨㄟˇ ㄍㄥ
水耕栽培,1,ㄕㄨㄟˇ ㄍㄥ ㄗㄞ ㄆㄟˊ
水果,1,ㄕㄨㄟˇ ㄍㄨㄛˇ
水鬼,1,ㄕㄨㄟˇ ㄍㄨㄟˇ
水管,1,ㄕㄨㄟˇ ㄍㄨㄢˇ
水光瀲灩,1,ㄕㄨㄟˇ ㄍㄨㄤ ㄌㄧㄢˋ ㄧㄢˋ
水庫,1,ㄕㄨㄟˇ ㄎㄨˋ
水壺,1,ㄕㄨㄟˇ ㄏㄨˊ
水花,1,ㄕㄨㄟˇ ㄏㄨㄚ
水火不容,1,ㄕㄨㄟˇ ㄏㄨㄛˇ ㄅㄨˋ ㄖㄨㄥˊ
水火無情,1,ㄕㄨㄟˇ ㄏㄨㄛˇ ㄨˊ ㄑㄧㄥˊ
水貨,1,ㄕㄨㄟˇ ㄏㄨㄛˋ
水患,1,ㄕㄨㄟˇ ㄏㄨㄢˋ
水荒,1,ㄕㄨㄟˇ ㄏㄨㄤ
水酒,1,ㄕㄨㄟˇ ㄐㄧㄡˇ
水餃,1,ㄕㄨㄟˇ ㄐㄧㄠˇ
水晶,1,ㄕㄨㄟˇ ㄐㄧㄥ
水晶體,1,ㄕㄨㄟˇ ㄐㄧㄥ ㄊㄧˇ
水晶宮,1,ㄕㄨㄟˇ ㄐㄧㄥ ㄍㄨㄥ
水井,1,ㄕㄨㄟˇ ㄐㄧㄥˇ
水球,1,ㄕㄨㄟˇ ㄑㄧㄡˊ
水槍,1,ㄕㄨㄟˇ ㄑㄧㄤ
水螅,1,ㄕㄨㄟˇ ㄒㄧ
水泄不通,1,ㄕㄨㄟˇ ㄒㄧㄝˋ ㄅㄨˋ ㄊㄨㄥ
水袖,1,ㄕㄨㄟˇ ㄒㄧㄡˋ
水仙,1,ㄕㄨㄟˇ ㄒㄧㄢ
水險,1,ㄕㄨㄟˇ ㄒㄧㄢˇ
水鄉,1,ㄕㄨㄟˇ ㄒㄧㄤ
水鄉澤國,1,ㄕㄨㄟˇ ㄒㄧㄤ ㄗㄜˊ ㄍㄨㄛˊ
水箱,1,ㄕㄨㄟˇ ㄒㄧㄤ
水星,1,ㄕㄨㄟˇ ㄒㄧㄥ
水性,1,ㄕㄨㄟˇ ㄒㄧㄥˋ
水性楊花,1,ㄕㄨㄟˇ ㄒㄧㄥˋ ㄧㄤˊ ㄏㄨㄚ
水質,1,ㄕㄨㄟˇ ㄓˊ
水蛭,1,ㄕㄨㄟˇ ㄓˋ
水閘,1,ㄕㄨㄟˇ ㄓㄚˊ
水漲船高,1,ㄕㄨㄟˇ ㄓㄤˇ ㄔㄨㄢˊ ㄍㄠ
水蒸氣,1,ㄕㄨㄟˇ ㄓㄥ ㄑㄧˋ
水準,1,ㄕㄨㄟˇ ㄓㄨㄣˇ
水中撈月,1,ㄕㄨㄟˇ ㄓㄨㄥ ㄌㄠ ㄩㄝˋ
水腫,1,ㄕㄨㄟˇ ㄓㄨㄥˇ
水池,1,ㄕㄨㄟˇ ㄔˊ
水產,1,ㄕㄨㄟˇ ㄔㄢˇ
水廠,1,ㄕㄨㄟˇ ㄔㄤˇ
水師,1,ㄕㄨㄟˇ ㄕ
水勢,1,ㄕㄨㄟˇ ㄕˋ
水手,1,ㄕㄨㄟˇ ㄕㄡˇ
水深火熱,1,ㄕㄨㄟˇ ㄕㄣ ㄏㄨㄛˇ ㄖㄜˋ
水上芭蕾,1,ㄕㄨㄟˇ ㄕㄤˋ ㄅㄚ ㄌㄟˇ
水上摩托車,1,ㄕㄨㄟˇ ㄕㄤˋ ㄇㄛˊ ㄊㄨㄛ ㄔㄜ
水上人家,1,ㄕㄨㄟˇ ㄕㄤˋ ㄖㄣˊ ㄐㄧㄚ
水乳交融,1,ㄕㄨㄟˇ ㄖㄨˇ ㄐㄧㄠ ㄖㄨㄥˊ
水資源,1,ㄕㄨㄟˇ ㄗ ㄩㄢˊ
水澤,1,ㄕㄨㄟˇ ㄗㄜˊ
水災,1,ㄕㄨㄟˇ ㄗㄞ
水族,1,ㄕㄨㄟˇ ㄗㄨˊ
水族館,1,ㄕㄨㄟˇ ㄗㄨˊ ㄍㄨㄢˇ
水彩,1,ㄕㄨㄟˇ ㄘㄞˇ
水彩畫,1,ㄕㄨㄟˇ ㄘㄞˇ ㄏㄨㄚˋ
水槽,1,ㄕㄨㄟˇ ㄘㄠˊ
水草,1,ㄕㄨㄟˇ ㄘㄠˇ
水壓,1,ㄕㄨㄟˇ ㄧㄚ
水煙,1,ㄕㄨㄟˇ ㄧㄢ
水銀,1,ㄕㄨㄟˇ ㄧㄣˊ
水銀燈,1,ㄕㄨㄟˇ ㄧㄣˊ ㄉㄥ
水銀柱,1,ㄕㄨㄟˇ ㄧㄣˊ ㄓㄨˋ
水汙染,1,ㄕㄨㄟˇ ㄨ ㄖㄢˇ
水位,1,ㄕㄨㄟˇ ㄨㄟˋ
水溫,1,ㄕㄨㄟˇ ㄨㄣ
水文,1,ㄕㄨㄟˇ ㄨㄣˊ
水汪汪,1,ㄕㄨㄟˇ ㄨㄤ ㄨㄤ
水域,1,ㄕㄨㄟˇ ㄩˋ
水源,1,ㄕㄨㄟˇ ㄩㄢˊ
水運,1,ㄕㄨㄟˇ ㄩㄣˋ
帨,1,ㄕㄨㄟˋ
稅,1,ㄕㄨㄟˋ
稅法,1,ㄕㄨㄟˋ ㄈㄚˇ
稅賦,1,ㄕㄨㄟˋ ㄈㄨˋ
稅單,1,ㄕㄨㄟˋ ㄉㄢ
稅基,1,ㄕㄨㄟˋ ㄐㄧ
稅款,1,ㄕㄨㄟˋ ㄎㄨㄢˇ
稅金,1,ㄕㄨㄟˋ ㄐㄧㄣ
稅捐,1,ㄕㄨㄟˋ ㄐㄩㄢ
稅制,1,ㄕㄨㄟˋ ㄓˋ
稅收,1,ㄕㄨㄟˋ ㄕㄡ
稅則,1,ㄕㄨㄟˋ ㄗㄜˊ
稅額,1,ㄕㄨㄟˋ ㄜˊ
說,1,ㄕㄨㄟˋ
說服,1,ㄕㄨㄟˋ ㄈㄨˊ
說客,1,ㄕㄨㄟˋ ㄎㄜˋ
睡,1,ㄕㄨㄟˋ
睡不著,1,ㄕㄨㄟˋ ㄅㄨˋ ㄓㄠˊ
睡袍,1,ㄕㄨㄟˋ ㄆㄠˊ
睡眠,1,ㄕㄨㄟˋ ㄇㄧㄢˊ
睡袋,1,ㄕㄨㄟˋ ㄉㄞˋ
睡蓮,1,ㄕㄨㄟˋ ㄌㄧㄢˊ
睡覺,1,ㄕㄨㄟˋ ㄐㄧㄠˋ
睡覺,1,ㄕㄨㄟˋ ㄐㄩㄝˊ
睡著,1,ㄕㄨㄟˋ ㄓㄠˊ
睡衣,1,ㄕㄨㄟˋ ㄧ
睡意,1,ㄕㄨㄟˋ ㄧˋ
睡眼惺忪,1,ㄕㄨㄟˋ ㄧㄢˇ ㄒㄧㄥ ㄙㄨㄥ
拴,1,ㄕㄨㄢ
栓,1,ㄕㄨㄢ
閂,1,ㄕㄨㄢ
涮,1,ㄕㄨㄢˋ
涮羊肉,1,ㄕㄨㄢˋ ㄧㄤˊ ㄖㄡˋ
吮,1,ㄕㄨㄣˇ
吮吸,1,ㄕㄨㄣˇ ㄒㄧ
舜,1,ㄕㄨㄣˋ
瞬,1,ㄕㄨㄣˋ
瞬即,1,ㄕㄨㄣˋ ㄐㄧˊ
瞬間,1,ㄕㄨㄣˋ ㄐㄧㄢ
瞬息,1,ㄕㄨㄣˋ ㄒㄧˊ
瞬息萬變,1,ㄕㄨㄣˋ ㄒㄧˊ ㄨㄢˋ ㄅㄧㄢˋ
順,1,ㄕㄨㄣˋ
順便,1,ㄕㄨㄣˋ ㄅㄧㄢˋ
順民,1,ㄕㄨㄣˋ ㄇㄧㄣˊ
順風,1,ㄕㄨㄣˋ ㄈㄥ
順風轉舵,1,ㄕㄨㄣˋ ㄈㄥ ㄓㄨㄢˇ ㄉㄨㄛˋ
順風耳,1,ㄕㄨㄣˋ ㄈㄥ ㄦˇ
順道,1,ㄕㄨㄣˋ ㄉㄠˋ
順理成章,1,ㄕㄨㄣˋ ㄌㄧˇ ㄔㄥˊ ㄓㄤ
順利,1,ㄕㄨㄣˋ ㄌㄧˋ
順流,1,ㄕㄨㄣˋ ㄌㄧㄡˊ
順路,1,ㄕㄨㄣˋ ㄌㄨˋ
順口,1,ㄕㄨㄣˋ ㄎㄡˇ
順境,1,ㄕㄨㄣˋ ㄐㄧㄥˋ
順其自然,1,ㄕㄨㄣˋ ㄑㄧˊ ㄗˋ ㄖㄢˊ
順心,1,ㄕㄨㄣˋ ㄒㄧㄣ
順心遂意,1,ㄕㄨㄣˋ ㄒㄧㄣ ㄙㄨㄟˋ ㄧˋ
順性,1,ㄕㄨㄣˋ ㄒㄧㄥˋ
順序,1,ㄕㄨㄣˋ ㄒㄩˋ
順暢,1,ㄕㄨㄣˋ ㄔㄤˋ
順勢,1,ㄕㄨㄣˋ ㄕˋ
順手,1,ㄕㄨㄣˋ ㄕㄡˇ
順手牽羊,1,ㄕㄨㄣˋ ㄕㄡˇ ㄑㄧㄢ ㄧㄤˊ
順水,1,ㄕㄨㄣˋ ㄕㄨㄟˇ
順水推舟,1,ㄕㄨㄣˋ ㄕㄨㄟˇ ㄊㄨㄟ ㄓㄡ
順水人情,1,ㄕㄨㄣˋ ㄕㄨㄟˇ ㄖㄣˊ ㄑㄧㄥˊ
順從,1,ㄕㄨㄣˋ ㄘㄨㄥˊ
順遂,1,ㄕㄨㄣˋ ㄙㄨㄟˋ
順耳,1,ㄕㄨㄣˋ ㄦˇ
順延,1,ㄕㄨㄣˋ ㄧㄢˊ
順眼,1,ㄕㄨㄣˋ ㄧㄢˇ
順應,1,ㄕㄨㄣˋ ㄧㄥˋ
順應民心,1,ㄕㄨㄣˋ ㄧㄥˋ ㄇㄧㄣˊ ㄒㄧㄣ
順應潮流,1,ㄕㄨㄣˋ ㄧㄥˋ ㄔㄠˊ ㄌㄧㄡˊ
順位,1,ㄕㄨㄣˋ ㄨㄟˋ
霜,1,ㄕㄨㄤ
霜淇淋,1,ㄕㄨㄤ ㄑㄧˊ ㄌㄧㄣˊ
孀,1,ㄕㄨㄤ
孀婦,1,ㄕㄨㄤ ㄈㄨˋ
孀居,1,ㄕㄨㄤ ㄐㄩ
雙,1,ㄕㄨㄤ
雙倍,1,ㄕㄨㄤ ㄅㄟˋ
雙胞胎,1,ㄕㄨㄤ ㄅㄠ ㄊㄞ
雙邊貿易,1,ㄕㄨㄤ ㄅㄧㄢ ㄇㄠˋ ㄧˋ
雙面,1,ㄕㄨㄤ ㄇㄧㄢˋ
雙飛,1,ㄕㄨㄤ ㄈㄟ
雙方,1,ㄕㄨㄤ ㄈㄤ
雙打,1,ㄕㄨㄤ ㄉㄚˇ
雙頭馬車,1,ㄕㄨㄤ ㄊㄡˊ ㄇㄚˇ ㄔㄜ
雙料,1,ㄕㄨㄤ ㄌㄧㄠˋ
雙槓,1,ㄕㄨㄤ ㄍㄤˋ
雙掛號,1,ㄕㄨㄤ ㄍㄨㄚˋ ㄏㄠˋ
雙軌,1,ㄕㄨㄤ ㄍㄨㄟˇ
雙關,1,ㄕㄨㄤ ㄍㄨㄢ
雙關語,1,ㄕㄨㄤ ㄍㄨㄢ ㄩˇ
雙管齊下,1,ㄕㄨㄤ ㄍㄨㄢˇ ㄑㄧˊ ㄒㄧㄚˋ
雙黃線,1,ㄕㄨㄤ ㄏㄨㄤˊ ㄒㄧㄢˋ
雙簧,1,ㄕㄨㄤ ㄏㄨㄤˊ
雙腳,1,ㄕㄨㄤ ㄐㄧㄠˇ
雙親,1,ㄕㄨㄤ ㄑㄧㄣ
雙全,1,ㄕㄨㄤ ㄑㄩㄢˊ
雙薪家庭,1,ㄕㄨㄤ ㄒㄧㄣ ㄐㄧㄚ ㄊㄧㄥˊ
雙餉,1,ㄕㄨㄤ ㄒㄧㄤˇ
雙向,1,ㄕㄨㄤ ㄒㄧㄤˋ
雙學位,1,ㄕㄨㄤ ㄒㄩㄝˊ ㄨㄟˋ
雙脣,1,ㄕㄨㄤ ㄔㄨㄣˊ
雙重,1,ㄕㄨㄤ ㄔㄨㄥˊ
雙重身分,1,ㄕㄨㄤ ㄔㄨㄥˊ ㄕㄣ ㄈㄣˋ
雙重人格,1,ㄕㄨㄤ ㄔㄨㄥˊ ㄖㄣˊ ㄍㄜˊ
雙手,1,ㄕㄨㄤ ㄕㄡˇ
雙手萬能,1,ㄕㄨㄤ ㄕㄡˇ ㄨㄢˋ ㄋㄥˊ
雙生,1,ㄕㄨㄤ ㄕㄥ
雙聲,1,ㄕㄨㄤ ㄕㄥ
雙聲帶,1,ㄕㄨㄤ ㄕㄥ ㄉㄞˋ
雙數,1,ㄕㄨㄤ ㄕㄨˋ
雙雙對對,1,ㄕㄨㄤ ㄕㄨㄤ ㄉㄨㄟˋ ㄉㄨㄟˋ
雙層,1,ㄕㄨㄤ ㄘㄥˊ
雙層巴士,1,ㄕㄨㄤ ㄘㄥˊ ㄅㄚ ㄕˋ
雙層公路,1,ㄕㄨㄤ ㄘㄥˊ ㄍㄨㄥ ㄌㄨˋ
雙層公車,1,ㄕㄨㄤ ㄘㄥˊ ㄍㄨㄥ ㄔㄜ
雙宿雙飛,1,ㄕㄨㄤ ㄙㄨˋ ㄕㄨㄤ ㄈㄟ
雙眼皮,1,ㄕㄨㄤ ㄧㄢˇ ㄆㄧˊ
雙贏,1,ㄕㄨㄤ ㄧㄥˊ
雙亡,1,ㄕㄨㄤ ㄨㄤˊ
雙語,1,ㄕㄨㄤ ㄩˇ
雙語立體聲系統,1,ㄕㄨㄤ ㄩˇ ㄌㄧˋ ㄊㄧˇ ㄕㄥ ㄒㄧˋ ㄊㄨㄥˇ
瀧,1,ㄕㄨㄤ
瀧水,1,ㄕㄨㄤ ㄕㄨㄟˇ
爽,1,ㄕㄨㄤˇ
爽朗,1,ㄕㄨㄤˇ ㄌㄤˇ
爽口,1,ㄕㄨㄤˇ ㄎㄡˇ
爽快,1,ㄕㄨㄤˇ ㄎㄨㄞˋ
爽直,1,ㄕㄨㄤˇ ㄓˊ
爽身粉,1,ㄕㄨㄤˇ ㄕㄣ ㄈㄣˇ
爽約,1,ㄕㄨㄤˇ ㄩㄝ
日,1,ㄖˋ
日薄西山,1,ㄖˋ ㄅㄛˊ ㄒㄧ ㄕㄢ
日報,1,ㄖˋ ㄅㄠˋ
日不落國,1,ㄖˋ ㄅㄨˋ ㄌㄨㄛˋ ㄍㄨㄛˊ
日不落國,1,ㄖˋ ㄅㄨˊ ㄌㄨㄛˋ ㄍㄨㄛˊ
日偏蝕,1,ㄖˋ ㄆㄧㄢ ㄕˊ
日暮途窮,1,ㄖˋ ㄇㄨˋ ㄊㄨˊ ㄑㄩㄥˊ
日復一日,1,ㄖˋ ㄈㄨˋ ㄧ ㄖˋ
日復一日,1,ㄖˋ ㄈㄨˋ ㄧˊ ㄖˋ
日頭,1,ㄖˋ ㄊㄡ˙
日內,1,ㄖˋ ㄋㄟˋ
日來,1,ㄖˋ ㄌㄞˊ
日理萬機,1,ㄖˋ ㄌㄧˇ ㄨㄢˋ ㄐㄧ
日曆,1,ㄖˋ ㄌㄧˋ
日落,1,ㄖˋ ㄌㄨㄛˋ
日光,1,ㄖˋ ㄍㄨㄤ
日光燈,1,ㄖˋ ㄍㄨㄤ ㄉㄥ
日光浴,1,ㄖˋ ㄍㄨㄤ ㄩˋ
日後,1,ㄖˋ ㄏㄡˋ
日環蝕,1,ㄖˋ ㄏㄨㄢˊ ㄕˊ
日積月累,1,ㄖˋ ㄐㄧ ㄩㄝˋ ㄌㄟˇ
日記,1,ㄖˋ ㄐㄧˋ
日久見人心,1,ㄖˋ ㄐㄧㄡˇ ㄐㄧㄢˋ ㄖㄣˊ ㄒㄧㄣ
日久生情,1,ㄖˋ ㄐㄧㄡˇ ㄕㄥ ㄑㄧㄥˊ
日間,1,ㄖˋ ㄐㄧㄢ
日間部,1,ㄖˋ ㄐㄧㄢ ㄅㄨˋ
日劇,1,ㄖˋ ㄐㄩˋ
日期,1,ㄖˋ ㄑㄧˊ
日前,1,ㄖˋ ㄑㄧㄢˊ
日趨惡劣,1,ㄖˋ ㄑㄩ ㄜˋ ㄌㄧㄝˋ
日全蝕,1,ㄖˋ ㄑㄩㄢˊ ㄕˊ
日新,1,ㄖˋ ㄒㄧㄣ
日新月異,1,ㄖˋ ㄒㄧㄣ ㄩㄝˋ ㄧˋ
日行一善,1,ㄖˋ ㄒㄧㄥˊ ㄧ ㄕㄢˋ
日行一善,1,ㄖˋ ㄒㄧㄥˊ ㄧˊ ㄕㄢˋ
日誌,1,ㄖˋ ㄓˋ
日治時代,1,ㄖˋ ㄓˋ ㄕˊ ㄉㄞˋ
日常,1,ㄖˋ ㄔㄤˊ
日程,1,ㄖˋ ㄔㄥˊ
日程表,1,ㄖˋ ㄔㄥˊ ㄅㄧㄠˇ
日出,1,ㄖˋ ㄔㄨ
日出而作日入而息,1,ㄖˋ ㄔㄨ ㄦˊ ㄗㄨㄛˋ ㄖˋ ㄖㄨˋ ㄦˊ ㄒㄧˊ
日蝕,1,ㄖˋ ㄕˊ
日晒雨淋,1,ㄖˋ ㄕㄞˋ ㄩˇ ㄌㄧㄣˊ
日上三竿,1,ㄖˋ ㄕㄤˋ ㄙㄢ ㄍㄢ
日日夜夜,1,ㄖˋ ㄖˋ ㄧㄝˋ ㄧㄝˋ
日子,1,ㄖˋ ㄗ˙
日益壯大,1,ㄖˋ ㄧˋ ㄓㄨㄤˋ ㄉㄚˋ
日夜,1,ㄖˋ ㄧㄝˋ
日文,1,ㄖˋ ㄨㄣˊ
日語,1,ㄖˋ ㄩˇ
日月如梭,1,ㄖˋ ㄩㄝˋ ㄖㄨˊ ㄙㄨㄛ
日暈,1,ㄖˋ ㄩㄣˋ
日用品,1,ㄖˋ ㄩㄥˋ ㄆㄧㄣˇ
若,1,ㄖㄜˇ
惹,1,ㄖㄜˇ
惹火,1,ㄖㄜˇ ㄏㄨㄛˇ
惹火燒身,1,ㄖㄜˇ ㄏㄨㄛˇ ㄕㄠ ㄕㄣ
惹禍,1,ㄖㄜˇ ㄏㄨㄛˋ
惹事生非,1,ㄖㄜˇ ㄕˋ ㄕㄥ ㄈㄟ
惹是生非,1,ㄖㄜˇ ㄕˋ ㄕㄥ ㄈㄟ
惹人憐愛,1,ㄖㄜˇ ㄖㄣˊ ㄌㄧㄢˊ ㄞˋ
惹眼,1,ㄖㄜˇ ㄧㄢˇ
熱,1,ㄖㄜˋ
熱病,1,ㄖㄜˋ ㄅㄧㄥˋ
熱賣,1,ㄖㄜˋ ㄇㄞˋ
熱門,1,ㄖㄜˋ ㄇㄣˊ
熱敷,1,ㄖㄜˋ ㄈㄨ
熱帶,1,ㄖㄜˋ ㄉㄞˋ
熱帶魚,1,ㄖㄜˋ ㄉㄞˋ ㄩˊ
熱度,1,ㄖㄜˋ ㄉㄨˋ
熱騰騰,1,ㄖㄜˋ ㄊㄥˊ ㄊㄥˊ
熱鬧,1,ㄖㄜˋ ㄋㄠˋ
熱能,1,ㄖㄜˋ ㄋㄥˊ
熱淚,1,ㄖㄜˋ ㄌㄟˋ
熱淚盈眶,1,ㄖㄜˋ ㄌㄟˋ ㄧㄥˊ ㄎㄨㄤ
熱浪,1,ㄖㄜˋ ㄌㄤˋ
熱力,1,ㄖㄜˋ ㄌㄧˋ
熱烈,1,ㄖㄜˋ ㄌㄧㄝˋ
熱戀,1,ㄖㄜˋ ㄌㄧㄢˋ
熱量,1,ㄖㄜˋ ㄌㄧㄤˋ
熱絡,1,ㄖㄜˋ ㄌㄨㄛˋ
熱狗,1,ㄖㄜˋ ㄍㄡˇ
熱滾滾,1,ㄖㄜˋ ㄍㄨㄣˇ ㄍㄨㄣˇ
熱呼呼,1,ㄖㄜˋ ㄏㄨ ㄏㄨ
熱烘烘,1,ㄖㄜˋ ㄏㄨㄥ ㄏㄨㄥ
熱氣騰騰,1,ㄖㄜˋ ㄑㄧˋ ㄊㄥˊ ㄊㄥˊ
熱切,1,ㄖㄜˋ ㄑㄧㄝˋ
熱錢,1,ㄖㄜˋ ㄑㄧㄢˊ
熱情,1,ㄖㄜˋ ㄑㄧㄥˊ
熱情如火,1,ㄖㄜˋ ㄑㄧㄥˊ ㄖㄨˊ ㄏㄨㄛˇ
熱血,1,ㄖㄜˋ ㄒㄧㄝˇ
熱心,1,ㄖㄜˋ ㄒㄧㄣ
熱爪哇,1,ㄖㄜˋ ㄓㄠˇ ㄨㄚ
熱爪哇,1,ㄖㄜˋ ㄓㄨㄚˇ ㄨㄚ
熱戰,1,ㄖㄜˋ ㄓㄢˋ
熱中,1,ㄖㄜˋ ㄓㄨㄥ
熱衷,1,ㄖㄜˋ ㄓㄨㄥ
熱潮,1,ㄖㄜˋ ㄔㄠˊ
熱忱,1,ㄖㄜˋ ㄔㄣˊ
熱誠,1,ㄖㄜˋ ㄔㄥˊ
熱處理,1,ㄖㄜˋ ㄔㄨˇ ㄌㄧˇ
熱食,1,ㄖㄜˋ ㄕˊ
熱身,1,ㄖㄜˋ ㄕㄣ
熱水,1,ㄖㄜˋ ㄕㄨㄟˇ
熱水瓶,1,ㄖㄜˋ ㄕㄨㄟˇ ㄆㄧㄥˊ
熱水器,1,ㄖㄜˋ ㄕㄨㄟˇ ㄑㄧˋ
熱愛,1,ㄖㄜˋ ㄞˋ
熱飲,1,ㄖㄜˋ ㄧㄣˇ
熱汙染,1,ㄖㄜˋ ㄨ ㄖㄢˇ
熱望,1,ㄖㄜˋ ㄨㄤˋ
嬈,1,ㄖㄠˊ
蟯,1,ㄖㄠˊ
蟯蟲,1,ㄖㄠˊ ㄔㄨㄥˊ
饒,1,ㄖㄠˊ
饒命,1,ㄖㄠˊ ㄇㄧㄥˋ
饒舌,1,ㄖㄠˊ ㄕㄜˊ
饒舌歌曲,1,ㄖㄠˊ ㄕㄜˊ ㄍㄜ ㄑㄩˇ
饒恕,1,ㄖㄠˊ ㄕㄨˋ
饒沃,1,ㄖㄠˊ ㄨㄛˋ
擾,1,ㄖㄠˇ
擾民,1,ㄖㄠˇ ㄇㄧㄣˊ
擾亂,1,ㄖㄠˇ ㄌㄨㄢˋ
擾人,1,ㄖㄠˇ ㄖㄣˊ
擾攘,1,ㄖㄠˇ ㄖㄤˊ
遶,1,ㄖㄠˋ
繞,1,ㄖㄠˋ
繞道,1,ㄖㄠˋ ㄉㄠˋ
繞梁三日,1,ㄖㄠˋ ㄌㄧㄤˊ ㄙㄢ ㄖˋ
繞口令,1,ㄖㄠˋ ㄎㄡˇ ㄌㄧㄥˋ
繞境,1,ㄖㄠˋ ㄐㄧㄥˋ
繞圈子,1,ㄖㄠˋ ㄑㄩㄢ ㄗ˙
繞行,1,ㄖㄠˋ ㄒㄧㄥˊ
柔,1,ㄖㄡˊ
柔美,1,ㄖㄡˊ ㄇㄟˇ
柔媚,1,ㄖㄡˊ ㄇㄟˋ
柔嫩,1,ㄖㄡˊ ㄋㄣˋ
柔能克剛,1,ㄖㄡˊ ㄋㄥˊ ㄎㄜˋ ㄍㄤ
柔和,1,ㄖㄡˊ ㄏㄜˊ
柔情,1,ㄖㄡˊ ㄑㄧㄥˊ
柔情萬千,1,ㄖㄡˊ ㄑㄧㄥˊ ㄨㄢˋ ㄑㄧㄢ
柔腸寸斷,1,ㄖㄡˊ ㄔㄤˊ ㄘㄨㄣˋ ㄉㄨㄢˋ
柔順,1,ㄖㄡˊ ㄕㄨㄣˋ
柔韌,1,ㄖㄡˊ ㄖㄣˋ
柔弱,1,ㄖㄡˊ ㄖㄨㄛˋ
柔軟,1,ㄖㄡˊ ㄖㄨㄢˇ
柔軟體操,1,ㄖㄡˊ ㄖㄨㄢˇ ㄊㄧˇ ㄘㄠ
揉,1,ㄖㄡˊ
揉合,1,ㄖㄡˊ ㄏㄜˊ
揉搓,1,ㄖㄡˊ ㄘㄨㄛ
蹂,1,ㄖㄡˊ
蹂躪,1,ㄖㄡˊ ㄌㄧㄣˋ
肉,1,ㄖㄡˋ
肉搏,1,ㄖㄡˋ ㄅㄛˊ
肉包子,1,ㄖㄡˋ ㄅㄠ ㄗ˙
肉票,1,ㄖㄡˋ ㄆㄧㄠˋ
肉麻,1,ㄖㄡˋ ㄇㄚˊ
肉體,1,ㄖㄡˋ ㄊㄧˇ
肉乾,1,ㄖㄡˋ ㄍㄢ
肉感,1,ㄖㄡˋ ㄍㄢˇ
肉羹,1,ㄖㄡˋ ㄍㄥ
肉桂,1,ㄖㄡˋ ㄍㄨㄟˋ
肉雞,1,ㄖㄡˋ ㄐㄧ
肉醬,1,ㄖㄡˋ ㄐㄧㄤˋ
肉餡,1,ㄖㄡˋ ㄒㄧㄢˋ
肉質,1,ㄖㄡˋ ㄓˊ
肉中刺,1,ㄖㄡˋ ㄓㄨㄥ ㄘˋ
肉食,1,ㄖㄡˋ ㄕˊ
肉粽,1,ㄖㄡˋ ㄗㄨㄥˋ
肉色,1,ㄖㄡˋ ㄙㄜˋ
肉鬆,1,ㄖㄡˋ ㄙㄨㄥ
肉眼,1,ㄖㄡˋ ㄧㄢˇ
然,1,ㄖㄢˊ
然後,1,ㄖㄢˊ ㄏㄡˋ
然則,1,ㄖㄢˊ ㄗㄜˊ
然而,1,ㄖㄢˊ ㄦˊ
燃,1,ㄖㄢˊ
燃眉之急,1,ㄖㄢˊ ㄇㄟˊ ㄓ ㄐㄧˊ
燃放,1,ㄖㄢˊ ㄈㄤˋ
燃點,1,ㄖㄢˊ ㄉㄧㄢˇ
燃料,1,ㄖㄢˊ ㄌㄧㄠˋ
燃燒,1,ㄖㄢˊ ㄕㄠ
髯,1,ㄖㄢˊ
冉,1,ㄖㄢˇ
冉冉,1,ㄖㄢˇ ㄖㄢˇ
苒,1,ㄖㄢˇ
染,1,ㄖㄢˇ
染病,1,ㄖㄢˇ ㄅㄧㄥˋ
染髮,1,ㄖㄢˇ ㄈㄚˇ
染料,1,ㄖㄢˇ ㄌㄧㄠˋ
染缸,1,ㄖㄢˇ ㄍㄤ
染指,1,ㄖㄢˇ ㄓˇ
染色,1,ㄖㄢˇ ㄙㄜˋ
染色體,1,ㄖㄢˇ ㄙㄜˋ ㄊㄧˇ
人,1,ㄖㄣˊ
人本主義,1,ㄖㄣˊ ㄅㄣˇ ㄓㄨˇ ㄧˋ
人不可貌相海水不可斗量,1,ㄖㄣˊ ㄅㄨˋ ㄎㄜˇ ㄇㄠˋ ㄒㄧㄤˋ ㄏㄞˇ ㄕㄨㄟˇ ㄅㄨˋ ㄎㄜˇ ㄉㄡˇ ㄌㄧㄤˊ
人不知鬼不覺,1,ㄖㄣˊ ㄅㄨˋ ㄓ ㄍㄨㄟˇ ㄅㄨˋ ㄐㄩㄝˊ
人品,1,ㄖㄣˊ ㄆㄧㄣˇ
人馬,1,ㄖㄣˊ ㄇㄚˇ
人模人樣,1,ㄖㄣˊ ㄇㄛˊ ㄖㄣˊ ㄧㄤˋ
人脈,1,ㄖㄣˊ ㄇㄞˋ
人謀不臧,1,ㄖㄣˊ ㄇㄡˊ ㄅㄨˋ ㄗㄤ
人滿為患,1,ㄖㄣˊ ㄇㄢˇ ㄨㄟˊ ㄏㄨㄢˋ
人們,1,ㄖㄣˊ ㄇㄣ˙
人面桃花,1,ㄖㄣˊ ㄇㄧㄢˋ ㄊㄠˊ ㄏㄨㄚ
人面獸心,1,ㄖㄣˊ ㄇㄧㄢˋ ㄕㄡˋ ㄒㄧㄣ
人民,1,ㄖㄣˊ ㄇㄧㄣˊ
人名,1,ㄖㄣˊ ㄇㄧㄥˊ
人命,1,ㄖㄣˊ ㄇㄧㄥˋ
人命關天,1,ㄖㄣˊ ㄇㄧㄥˋ ㄍㄨㄢ ㄊㄧㄢ
人犯,1,ㄖㄣˊ ㄈㄢˋ
人浮於事,1,ㄖㄣˊ ㄈㄨˊ ㄩˊ ㄕˋ
人父,1,ㄖㄣˊ ㄈㄨˋ
人道,1,ㄖㄣˊ ㄉㄠˋ
人道主義,1,ㄖㄣˊ ㄉㄠˋ ㄓㄨˇ ㄧˋ
人地生疏,1,ㄖㄣˊ ㄉㄧˋ ㄕㄥ ㄕㄨ
人丁,1,ㄖㄣˊ ㄉㄧㄥ
人定勝天,1,ㄖㄣˊ ㄉㄧㄥˋ ㄕㄥˋ ㄊㄧㄢ
人多口雜,1,ㄖㄣˊ ㄉㄨㄛ ㄎㄡˇ ㄗㄚˊ
人頭,1,ㄖㄣˊ ㄊㄡˊ
人頭戶,1,ㄖㄣˊ ㄊㄡˊ ㄏㄨˋ
人頭稅,1,ㄖㄣˊ ㄊㄡˊ ㄕㄨㄟˋ
人體,1,ㄖㄣˊ ㄊㄧˇ
人體彩繪,1,ㄖㄣˊ ㄊㄧˇ ㄘㄞˇ ㄏㄨㄟˋ
人溺己溺,1,ㄖㄣˊ ㄋㄧˋ ㄐㄧˇ ㄋㄧˋ
人類,1,ㄖㄣˊ ㄌㄟˋ
人老珠黃,1,ㄖㄣˊ ㄌㄠˇ ㄓㄨ ㄏㄨㄤˊ
人力,1,ㄖㄣˊ ㄌㄧˋ
人力車,1,ㄖㄣˊ ㄌㄧˋ ㄔㄜ
人倫,1,ㄖㄣˊ ㄌㄨㄣˊ
人格,1,ㄖㄣˊ ㄍㄜˊ
人高馬大,1,ㄖㄣˊ ㄍㄠ ㄇㄚˇ ㄉㄚˋ
人工,1,ㄖㄣˊ ㄍㄨㄥ
人工繁殖,1,ㄖㄣˊ ㄍㄨㄥ ㄈㄢˊ ㄓˊ
人工呼吸,1,ㄖㄣˊ ㄍㄨㄥ ㄏㄨ ㄒㄧ
人工血液,1,ㄖㄣˊ ㄍㄨㄥ ㄒㄧㄝˇ ㄧㄝˋ
人工智慧,1,ㄖㄣˊ ㄍㄨㄥ ㄓˋ ㄏㄨㄟˋ
人工受孕,1,ㄖㄣˊ ㄍㄨㄥ ㄕㄡˋ ㄩㄣˋ
人口,1,ㄖㄣˊ ㄎㄡˇ
人口密度,1,ㄖㄣˊ ㄎㄡˇ ㄇㄧˋ ㄉㄨˋ
人和,1,ㄖㄣˊ ㄏㄜˊ
人海,1,ㄖㄣˊ ㄏㄞˇ
人海戰術,1,ㄖㄣˊ ㄏㄞˇ ㄓㄢˋ ㄕㄨˋ
人飢己飢,1,ㄖㄣˊ ㄐㄧ ㄐㄧˇ ㄐㄧ
人跡,1,ㄖㄣˊ ㄐㄧ
人際,1,ㄖㄣˊ ㄐㄧˋ
人際關係,1,ㄖㄣˊ ㄐㄧˋ ㄍㄨㄢ ㄒㄧˋ
人家,1,ㄖㄣˊ ㄐㄧㄚ
人家,1,ㄖㄣˊ ㄐㄧㄚ˙
人傑,1,ㄖㄣˊ ㄐㄧㄝˊ
人傑地靈,1,ㄖㄣˊ ㄐㄧㄝˊ ㄉㄧˋ ㄌㄧㄥˊ
人間,1,ㄖㄣˊ ㄐㄧㄢ
人間地獄,1,ㄖㄣˊ ㄐㄧㄢ ㄉㄧˋ ㄩˋ
人間仙境,1,ㄖㄣˊ ㄐㄧㄢ ㄒㄧㄢ ㄐㄧㄥˋ
人間煙火,1,ㄖㄣˊ ㄐㄧㄢ ㄧㄢ ㄏㄨㄛˇ
人見人愛,1,ㄖㄣˊ ㄐㄧㄢˋ ㄖㄣˊ ㄞˋ
人氣,1,ㄖㄣˊ ㄑㄧˋ
人氣指標,1,ㄖㄣˊ ㄑㄧˋ ㄓˇ ㄅㄧㄠ
人前人後,1,ㄖㄣˊ ㄑㄧㄢˊ ㄖㄣˊ ㄏㄡˋ
人情,1,ㄖㄣˊ ㄑㄧㄥˊ
人情練達,1,ㄖㄣˊ ㄑㄧㄥˊ ㄌㄧㄢˋ ㄉㄚˊ
人情世故,1,ㄖㄣˊ ㄑㄧㄥˊ ㄕˋ ㄍㄨˋ
人情味,1,ㄖㄣˊ ㄑㄧㄥˊ ㄨㄟˋ
人去樓空,1,ㄖㄣˊ ㄑㄩˋ ㄌㄡˊ ㄎㄨㄥ
人權宣言,1,ㄖㄣˊ ㄑㄩㄢˊ ㄒㄩㄢ ㄧㄢˊ
人權運動,1,ㄖㄣˊ ㄑㄩㄢˊ ㄩㄣˋ ㄉㄨㄥˋ
人群,1,ㄖㄣˊ ㄑㄩㄣˊ
人窮志短,1,ㄖㄣˊ ㄑㄩㄥˊ ㄓˋ ㄉㄨㄢˇ
人小鬼大,1,ㄖㄣˊ ㄒㄧㄠˇ ㄍㄨㄟˇ ㄉㄚˋ
人心,1,ㄖㄣˊ ㄒㄧㄣ
人心不古,1,ㄖㄣˊ ㄒㄧㄣ ㄅㄨˋ ㄍㄨˇ
人心惶惶,1,ㄖㄣˊ ㄒㄧㄣ ㄏㄨㄤˊ ㄏㄨㄤˊ
人像,1,ㄖㄣˊ ㄒㄧㄤˋ
人行道,1,ㄖㄣˊ ㄒㄧㄥˊ ㄉㄠˋ
人形,1,ㄖㄣˊ ㄒㄧㄥˊ
人性,1,ㄖㄣˊ ㄒㄧㄥˋ
人選,1,ㄖㄣˊ ㄒㄩㄢˇ
人質,1,ㄖㄣˊ ㄓˋ
人治,1,ㄖㄣˊ ㄓˋ
人渣,1,ㄖㄣˊ ㄓㄚ
人證,1,ㄖㄣˊ ㄓㄥˋ
人主,1,ㄖㄣˊ ㄓㄨˇ
人中,1,ㄖㄣˊ ㄓㄨㄥ
人潮,1,ㄖㄣˊ ㄔㄠˊ
人稱,1,ㄖㄣˊ ㄔㄥ
人畜,1,ㄖㄣˊ ㄔㄨˋ
人師,1,ㄖㄣˊ ㄕ
人士,1,ㄖㄣˊ ㄕˋ
人世,1,ㄖㄣˊ ㄕˋ
人事,1,ㄖㄣˊ ㄕˋ
人事全非,1,ㄖㄣˊ ㄕˋ ㄑㄩㄢˊ ㄈㄟ
人蛇,1,ㄖㄣˊ ㄕㄜˊ
人手,1,ㄖㄣˊ ㄕㄡˇ
人壽保險,1,ㄖㄣˊ ㄕㄡˋ ㄅㄠˇ ㄒㄧㄢˇ
人山人海,1,ㄖㄣˊ ㄕㄢ ㄖㄣˊ ㄏㄞˇ
人身,1,ㄖㄣˊ ㄕㄣ
人參,1,ㄖㄣˊ ㄕㄣ
人生,1,ㄖㄣˊ ㄕㄥ
人生觀,1,ㄖㄣˊ ㄕㄥ ㄍㄨㄢ
人生如夢,1,ㄖㄣˊ ㄕㄥ ㄖㄨˊ ㄇㄥˋ
人生如戲,1,ㄖㄣˊ ㄕㄥ ㄖㄨˊ ㄒㄧˋ
人生無常,1,ㄖㄣˊ ㄕㄥ ㄨˊ ㄔㄤˊ
人聲鼎沸,1,ㄖㄣˊ ㄕㄥ ㄉㄧㄥˇ ㄈㄟˋ
人數,1,ㄖㄣˊ ㄕㄨˋ
人人,1,ㄖㄣˊ ㄖㄣˊ
人瑞,1,ㄖㄣˊ ㄖㄨㄟˋ
人子,1,ㄖㄣˊ ㄗˇ
人造,1,ㄖㄣˊ ㄗㄠˋ
人造纖維,1,ㄖㄣˊ ㄗㄠˋ ㄒㄧㄢ ㄨㄟˊ
人造衛星,1,ㄖㄣˊ ㄗㄠˋ ㄨㄟˋ ㄒㄧㄥ
人贓俱獲,1,ㄖㄣˊ ㄗㄤ ㄐㄩˋ ㄏㄨㄛˋ
人次,1,ㄖㄣˊ ㄘˋ
人才,1,ㄖㄣˊ ㄘㄞˊ
人才濟濟,1,ㄖㄣˊ ㄘㄞˊ ㄐㄧˇ ㄐㄧˇ
人算不如天算,1,ㄖㄣˊ ㄙㄨㄢˋ ㄅㄨˋ ㄖㄨˊ ㄊㄧㄢ ㄙㄨㄢˋ
人煙,1,ㄖㄣˊ ㄧㄢ
人煙稠密,1,ㄖㄣˊ ㄧㄢ ㄔㄡˊ ㄇㄧˋ
人言可畏,1,ㄖㄣˊ ㄧㄢˊ ㄎㄜˇ ㄨㄟˋ
人仰馬翻,1,ㄖㄣˊ ㄧㄤˇ ㄇㄚˇ ㄈㄢ
人影,1,ㄖㄣˊ ㄧㄥˇ
人無遠慮必有近憂,1,ㄖㄣˊ ㄨˊ ㄩㄢˇ ㄌㄩˋ ㄅㄧˋ ㄧㄡˇ ㄐㄧㄣˋ ㄧㄡ
人物,1,ㄖㄣˊ ㄨˋ
人物畫,1,ㄖㄣˊ ㄨˋ ㄏㄨㄚˋ
人為,1,ㄖㄣˊ ㄨㄟˊ
人微言輕,1,ㄖㄣˊ ㄨㄟˊ ㄧㄢˊ ㄑㄧㄥ
人文,1,ㄖㄣˊ ㄨㄣˊ
人文科學,1,ㄖㄣˊ ㄨㄣˊ ㄎㄜ ㄒㄩㄝˊ
人文薈萃,1,ㄖㄣˊ ㄨㄣˊ ㄏㄨㄟˋ ㄘㄨㄟˋ
人欲,1,ㄖㄣˊ ㄩˋ
人員,1,ㄖㄣˊ ㄩㄢˊ
人緣,1,ㄖㄣˊ ㄩㄢˊ
人猿,1,ㄖㄣˊ ㄩㄢˊ
人云亦云,1,ㄖㄣˊ ㄩㄣˊ ㄧˋ ㄩㄣˊ
壬,1,ㄖㄣˊ
任,1,ㄖㄣˊ
仁,1,ㄖㄣˊ
仁民愛物,1,ㄖㄣˊ ㄇㄧㄣˊ ㄞˋ ㄨˋ
仁德,1,ㄖㄣˊ ㄉㄜˊ
仁弟,1,ㄖㄣˊ ㄉㄧˋ
仁厚,1,ㄖㄣˊ ㄏㄡˋ
仁心仁術,1,ㄖㄣˊ ㄒㄧㄣ ㄖㄣˊ ㄕㄨˋ
仁兄,1,ㄖㄣˊ ㄒㄩㄥ
仁至義盡,1,ㄖㄣˊ ㄓˋ ㄧˋ ㄐㄧㄣˋ
仁智互見,1,ㄖㄣˊ ㄓˋ ㄏㄨˋ ㄐㄧㄢˋ
仁政,1,ㄖㄣˊ ㄓㄥˋ
仁人君子,1,ㄖㄣˊ ㄖㄣˊ ㄐㄩㄣ ㄗˇ
仁人志士,1,ㄖㄣˊ ㄖㄣˊ ㄓˋ ㄕˋ
仁澤,1,ㄖㄣˊ ㄗㄜˊ
仁慈,1,ㄖㄣˊ ㄘˊ
仁愛,1,ㄖㄣˊ ㄞˋ
仁愛之家,1,ㄖㄣˊ ㄞˋ ㄓ ㄐㄧㄚ
仁義,1,ㄖㄣˊ ㄧˋ
忍,1,ㄖㄣˇ
忍不住,1,ㄖㄣˇ ㄅㄨˋ ㄓㄨˋ
忍不住,1,ㄖㄣˇ ㄅㄨˊ ㄓㄨˋ
忍痛,1,ㄖㄣˇ ㄊㄨㄥˋ
忍耐,1,ㄖㄣˇ ㄋㄞˋ
忍俊不禁,1,ㄖㄣˇ ㄐㄩㄣˋ ㄅㄨˋ ㄐㄧㄣ
忍氣吞聲,1,ㄖㄣˇ ㄑㄧˋ ㄊㄨㄣ ㄕㄥ
忍心,1,ㄖㄣˇ ㄒㄧㄣ
忍受,1,ㄖㄣˇ ㄕㄡˋ
忍讓,1,ㄖㄣˇ ㄖㄤˋ
忍辱,1,ㄖㄣˇ ㄖㄨˋ
忍辱負重,1,ㄖㄣˇ ㄖㄨˋ ㄈㄨˋ ㄓㄨㄥˋ
忍辱偷生,1,ㄖㄣˇ ㄖㄨˋ ㄊㄡ ㄕㄥ
忍辱求全,1,ㄖㄣˇ ㄖㄨˋ ㄑㄧㄡˊ ㄑㄩㄢˊ
忍無可忍,1,ㄖㄣˇ ㄨˊ ㄎㄜˇ ㄖㄣˇ
荏,1,ㄖㄣˇ
荏苒,1,ㄖㄣˇ ㄖㄢˇ
稔,1,ㄖㄣˇ
刃,1,ㄖㄣˋ
仞,1,ㄖㄣˋ
紉,1,ㄖㄣˋ
軔,1,ㄖㄣˋ
韌,1,ㄖㄣˋ
韌帶,1,ㄖㄣˋ ㄉㄞˋ
韌性,1,ㄖㄣˋ ㄒㄧㄥˋ
認,1,ㄖㄣˋ
認命,1,ㄖㄣˋ ㄇㄧㄥˋ
認得,1,ㄖㄣˋ ㄉㄜ˙
認定,1,ㄖㄣˋ ㄉㄧㄥˋ
認同,1,ㄖㄣˋ ㄊㄨㄥˊ
認同卡,1,ㄖㄣˋ ㄊㄨㄥˊ ㄎㄚˇ
認領,1,ㄖㄣˋ ㄌㄧㄥˇ
認購,1,ㄖㄣˋ ㄍㄡˋ
認可,1,ㄖㄣˋ ㄎㄜˇ
認捐,1,ㄖㄣˋ ㄐㄩㄢ
認清,1,ㄖㄣˋ ㄑㄧㄥ
認知,1,ㄖㄣˋ ㄓ
認真,1,ㄖㄣˋ ㄓㄣ
認證,1,ㄖㄣˋ ㄓㄥˋ
認識,1,ㄖㄣˋ ㄕˋ
認輸,1,ㄖㄣˋ ㄕㄨ
認字,1,ㄖㄣˋ ㄗˋ
認賊作父,1,ㄖㄣˋ ㄗㄟˊ ㄗㄨㄛˋ ㄈㄨˋ
認祖歸宗,1,ㄖㄣˋ ㄗㄨˇ ㄍㄨㄟ ㄗㄨㄥ
認罪,1,ㄖㄣˋ ㄗㄨㄟˋ
認錯,1,ㄖㄣˋ ㄘㄨㄛˋ
認養,1,ㄖㄣˋ ㄧㄤˇ
認為,1,ㄖㄣˋ ㄨㄟˊ
任,1,ㄖㄣˋ
任憑,1,ㄖㄣˋ ㄆㄧㄥˊ
任免,1,ㄖㄣˋ ㄇㄧㄢˇ
任命,1,ㄖㄣˋ ㄇㄧㄥˋ
任內,1,ㄖㄣˋ ㄋㄟˋ
任勞任怨,1,ㄖㄣˋ ㄌㄠˊ ㄖㄣˋ ㄩㄢˋ
任何,1,ㄖㄣˋ ㄏㄜˊ
任教,1,ㄖㄣˋ ㄐㄧㄠˋ
任性,1,ㄖㄣˋ ㄒㄧㄥˋ
任職,1,ㄖㄣˋ ㄓˊ
任重道遠,1,ㄖㄣˋ ㄓㄨㄥˋ ㄉㄠˋ ㄩㄢˇ
任事,1,ㄖㄣˋ ㄕˋ
任人宰割,1,ㄖㄣˋ ㄖㄣˊ ㄗㄞˇ ㄍㄜ
任意,1,ㄖㄣˋ ㄧˋ
任由,1,ㄖㄣˋ ㄧㄡˊ
任務,1,ㄖㄣˋ ㄨˋ
任用,1,ㄖㄣˋ ㄩㄥˋ
妊,1,ㄖㄣˋ
妊娠,1,ㄖㄣˋ ㄕㄣ
妊娠紋,1,ㄖㄣˋ ㄕㄣ ㄨㄣˊ
衽,1,ㄖㄣˋ
恁,1,ㄖㄣˋ
紝,1,ㄖㄣˋ
飪,1,ㄖㄣˋ
攘,1,ㄖㄤˊ
瓤,1,ㄖㄤˊ
禳,1,ㄖㄤˊ
壤,1,ㄖㄤˇ
壤土,1,ㄖㄤˇ ㄊㄨˇ
嚷,1,ㄖㄤˇ
嚷叫,1,ㄖㄤˇ ㄐㄧㄠˋ
嚷嚷,1,ㄖㄤˇ ㄖㄤˇ
嚷嚷,1,ㄖㄤ ㄖㄤ˙
讓,1,ㄖㄤˋ
讓步,1,ㄖㄤˋ ㄅㄨˋ
讓渡,1,ㄖㄤˋ ㄉㄨˋ
讓賢,1,ㄖㄤˋ ㄒㄧㄢˊ
讓出,1,ㄖㄤˋ ㄔㄨ
讓座,1,ㄖㄤˋ ㄗㄨㄛˋ
讓位,1,ㄖㄤˋ ㄨㄟˋ
讓與,1,ㄖㄤˋ ㄩˇ
扔,1,ㄖㄥ
扔掉,1,ㄖㄥ ㄉㄧㄠˋ
扔下,1,ㄖㄥ ㄒㄧㄚˋ
仍,1,ㄖㄥˊ
仍舊,1,ㄖㄥˊ ㄐㄧㄡˋ
仍然,1,ㄖㄥˊ ㄖㄢˊ
如,1,ㄖㄨˊ
如夢初醒,1,ㄖㄨˊ ㄇㄥˋ ㄔㄨ ㄒㄧㄥˇ
如夢似幻,1,ㄖㄨˊ ㄇㄥˋ ㄙˋ ㄏㄨㄢˋ
如沐春風,1,ㄖㄨˊ ㄇㄨˋ ㄔㄨㄣ ㄈㄥ
如法炮製,1,ㄖㄨˊ ㄈㄚˇ ㄆㄠˊ ㄓˋ
如同,1,ㄖㄨˊ ㄊㄨㄥˊ
如擬,1,ㄖㄨˊ ㄋㄧˇ
如來,1,ㄖㄨˊ ㄌㄞˊ
如雷貫耳,1,ㄖㄨˊ ㄌㄟˊ ㄍㄨㄢˋ ㄦˇ
如臨大敵,1,ㄖㄨˊ ㄌㄧㄣˊ ㄉㄚˋ ㄉㄧˊ
如臨深淵,1,ㄖㄨˊ ㄌㄧㄣˊ ㄕㄣ ㄩㄢ
如履薄冰,1,ㄖㄨˊ ㄌㄩˇ ㄅㄛˊ ㄅㄧㄥ
如鯁在喉,1,ㄖㄨˊ ㄍㄥˇ ㄗㄞˋ ㄏㄡˊ
如故,1,ㄖㄨˊ ㄍㄨˋ
如果,1,ㄖㄨˊ ㄍㄨㄛˇ
如何,1,ㄖㄨˊ ㄏㄜˊ
如虎添翼,1,ㄖㄨˊ ㄏㄨˇ ㄊㄧㄢ ㄧˋ
如花似玉,1,ㄖㄨˊ ㄏㄨㄚ ㄙˋ ㄩˋ
如火燎原,1,ㄖㄨˊ ㄏㄨㄛˇ ㄌㄧㄠˊ ㄩㄢˊ
如火如荼,1,ㄖㄨˊ ㄏㄨㄛˇ ㄖㄨˊ ㄊㄨˊ
如獲至寶,1,ㄖㄨˊ ㄏㄨㄛˋ ㄓˋ ㄅㄠˇ
如簧之舌,1,ㄖㄨˊ ㄏㄨㄤˊ ㄓ ㄕㄜˊ
如飢似渴,1,ㄖㄨˊ ㄐㄧ ㄙˋ ㄎㄜˇ
如假包換,1,ㄖㄨˊ ㄐㄧㄚˇ ㄅㄠ ㄏㄨㄢˋ
如膠似漆,1,ㄖㄨˊ ㄐㄧㄠ ㄙˋ ㄑㄧ
如舊,1,ㄖㄨˊ ㄐㄧㄡˋ
如箭在弦,1,ㄖㄨˊ ㄐㄧㄢˋ ㄗㄞˋ ㄒㄧㄢˊ
如今,1,ㄖㄨˊ ㄐㄧㄣ
如期,1,ㄖㄨˊ ㄑㄧˊ
如泣如訴,1,ㄖㄨˊ ㄑㄧˋ ㄖㄨˊ ㄙㄨˋ
如痴如醉,1,ㄖㄨˊ ㄔ ㄖㄨˊ ㄗㄨㄟˋ
如常,1,ㄖㄨˊ ㄔㄤˊ
如出一轍,1,ㄖㄨˊ ㄔㄨ ㄧ ㄔㄜˋ
如初,1,ㄖㄨˊ ㄔㄨ
如是,1,ㄖㄨˊ ㄕˋ
如釋重負,1,ㄖㄨˊ ㄕˋ ㄓㄨㄥˋ ㄈㄨˋ
如數家珍,1,ㄖㄨˊ ㄕㄨˇ ㄐㄧㄚ ㄓㄣ
如數,1,ㄖㄨˊ ㄕㄨˋ
如日方中,1,ㄖㄨˊ ㄖˋ ㄈㄤ ㄓㄨㄥ
如日中天,1,ㄖㄨˊ ㄖˋ ㄓㄨㄥ ㄊㄧㄢ
如人飲水冷暖自知,1,ㄖㄨˊ ㄖㄣˊ ㄧㄣˇ ㄕㄨㄟˇ ㄌㄥˇ ㄋㄨㄢˇ ㄗˋ ㄓ
如坐針氈,1,ㄖㄨˊ ㄗㄨㄛˋ ㄓㄣ ㄓㄢ
如此,1,ㄖㄨˊ ㄘˇ
如此這般,1,ㄖㄨˊ ㄘˇ ㄓㄜˋ ㄅㄢ
如廁,1,ㄖㄨˊ ㄘㄜˋ
如喪考妣,1,ㄖㄨˊ ㄙㄤˋ ㄎㄠˇ ㄅㄧˇ
如一,1,ㄖㄨˊ ㄧ
如意,1,ㄖㄨˊ ㄧˋ
如意郎君,1,ㄖㄨˊ ㄧˋ ㄌㄤˊ ㄐㄩㄣ
如意算盤,1,ㄖㄨˊ ㄧˋ ㄙㄨㄢˋ ㄆㄢˊ
如影相隨,1,ㄖㄨˊ ㄧㄥˇ ㄒㄧㄤ ㄙㄨㄟˊ
如影隨形,1,ㄖㄨˊ ㄧㄥˇ ㄙㄨㄟˊ ㄒㄧㄥˊ
如晤,1,ㄖㄨˊ ㄨˋ
如魚得水,1,ㄖㄨˊ ㄩˊ ㄉㄜˊ ㄕㄨㄟˇ
如約,1,ㄖㄨˊ ㄩㄝ
如願,1,ㄖㄨˊ ㄩㄢˋ
如願以償,1,ㄖㄨˊ ㄩㄢˋ ㄧˇ ㄔㄤˊ
如雲,1,ㄖㄨˊ ㄩㄣˊ
茹,1,ㄖㄨˊ
茹毛飲血,1,ㄖㄨˊ ㄇㄠˊ ㄧㄣˇ ㄒㄧㄝˇ
茹苦含辛,1,ㄖㄨˊ ㄎㄨˇ ㄏㄢˊ ㄒㄧㄣ
茹素,1,ㄖㄨˊ ㄙㄨˋ
儒,1,ㄖㄨˊ
儒艮,1,ㄖㄨˊ ㄍㄣˋ
儒家,1,ㄖㄨˊ ㄐㄧㄚ
儒教,1,ㄖㄨˊ ㄐㄧㄠˋ
儒將,1,ㄖㄨˊ ㄐㄧㄤˋ
儒學,1,ㄖㄨˊ ㄒㄩㄝˊ
儒生,1,ㄖㄨˊ ㄕㄥ
儒雅,1,ㄖㄨˊ ㄧㄚˇ
濡,1,ㄖㄨˊ
嚅,1,ㄖㄨˊ
嚅囁,1,ㄖㄨˊ ㄋㄧㄝˋ
孺,1,ㄖㄨˊ
孺慕,1,ㄖㄨˊ ㄇㄨˋ
孺人,1,ㄖㄨˊ ㄖㄣˊ
孺子可教,1,ㄖㄨˊ ㄗˇ ㄎㄜˇ ㄐㄧㄠˋ
蠕,1,ㄖㄨˊ
蠕動,1,ㄖㄨˊ ㄉㄨㄥˋ
女,1,ㄖㄨˇ
汝,1,ㄖㄨˇ
乳,1,ㄖㄨˇ
乳白色,1,ㄖㄨˇ ㄅㄞˊ ㄙㄜˋ
乳品,1,ㄖㄨˇ ㄆㄧㄣˇ
乳名,1,ㄖㄨˇ ㄇㄧㄥˊ
乳母,1,ㄖㄨˇ ㄇㄨˇ
乳房,1,ㄖㄨˇ ㄈㄤˊ
乳頭,1,ㄖㄨˇ ㄊㄡˊ
乳牛,1,ㄖㄨˇ ㄋㄧㄡˊ
乳酪,1,ㄖㄨˇ ㄌㄨㄛˋ
乳化,1,ㄖㄨˇ ㄏㄨㄚˋ
乳膠,1,ㄖㄨˇ ㄐㄧㄠ
乳臭未乾,1,ㄖㄨˇ ㄒㄧㄡˋ ㄨㄟˋ ㄍㄢ
乳腺,1,ㄖㄨˇ ㄒㄧㄢˋ
乳香,1,ㄖㄨˇ ㄒㄧㄤ
乳汁,1,ㄖㄨˇ ㄓ
乳製品,1,ㄖㄨˇ ㄓˋ ㄆㄧㄣˇ
乳豬,1,ㄖㄨˇ ㄓㄨ
乳齒,1,ㄖㄨˇ ㄔˇ
乳酸,1,ㄖㄨˇ ㄙㄨㄢ
乳癌,1,ㄖㄨˇ ㄞˊ
入,1,ㄖㄨˋ
入不敷出,1,ㄖㄨˋ ㄅㄨˋ ㄈㄨ ㄔㄨ
入魔,1,ㄖㄨˋ ㄇㄛˊ
入門,1,ㄖㄨˋ ㄇㄣˊ
入夢,1,ㄖㄨˋ ㄇㄥˋ
入迷,1,ㄖㄨˋ ㄇㄧˊ
入木三分,1,ㄖㄨˋ ㄇㄨˋ ㄙㄢ ㄈㄣ
入定,1,ㄖㄨˋ ㄉㄧㄥˋ
入土,1,ㄖㄨˋ ㄊㄨˇ
入土為安,1,ㄖㄨˋ ㄊㄨˇ ㄨㄟˊ ㄢ
入列,1,ㄖㄨˋ ㄌㄧㄝˋ
入流,1,ㄖㄨˋ ㄌㄧㄡˊ
入殮,1,ㄖㄨˋ ㄌㄧㄢˋ
入閣,1,ㄖㄨˋ ㄍㄜˊ
入港,1,ㄖㄨˋ ㄍㄤˇ
入股,1,ㄖㄨˋ ㄍㄨˇ
入骨,1,ㄖㄨˋ ㄍㄨˇ
入口,1,ㄖㄨˋ ㄎㄡˇ
入口匝道號誌管制,1,ㄖㄨˋ ㄎㄡˇ ㄗㄚ ㄉㄠˋ ㄏㄠˋ ㄓˋ ㄍㄨㄢˇ ㄓˋ
入庫,1,ㄖㄨˋ ㄎㄨˋ
入夥,1,ㄖㄨˋ ㄏㄨㄛˇ
入境,1,ㄖㄨˋ ㄐㄧㄥˋ
入境隨俗,1,ㄖㄨˋ ㄐㄧㄥˋ ㄙㄨㄟˊ ㄙㄨˊ
入境問俗,1,ㄖㄨˋ ㄐㄧㄥˋ ㄨㄣˋ ㄙㄨˊ
入秋,1,ㄖㄨˋ ㄑㄧㄡ
入侵,1,ㄖㄨˋ ㄑㄧㄣ
入席,1,ㄖㄨˋ ㄒㄧˊ
入戲,1,ㄖㄨˋ ㄒㄧˋ
入學,1,ㄖㄨˋ ㄒㄩㄝˊ
入選,1,ㄖㄨˋ ㄒㄩㄢˇ
入贅,1,ㄖㄨˋ ㄓㄨㄟˋ
入場,1,ㄖㄨˋ ㄔㄤˇ
入場券,1,ㄖㄨˋ ㄔㄤˇ ㄑㄩㄢˋ
入時,1,ㄖㄨˋ ㄕˊ
入世,1,ㄖㄨˋ ㄕˋ
入室,1,ㄖㄨˋ ㄕˋ
入手,1,ㄖㄨˋ ㄕㄡˇ
入山證,1,ㄖㄨˋ ㄕㄢ ㄓㄥˋ
入神,1,ㄖㄨˋ ㄕㄣˊ
入聲,1,ㄖㄨˋ ㄕㄥ
入睡,1,ㄖㄨˋ ㄕㄨㄟˋ
入座,1,ㄖㄨˋ ㄗㄨㄛˋ
入耳,1,ㄖㄨˋ ㄦˇ
入夜,1,ㄖㄨˋ ㄧㄝˋ
入營,1,ㄖㄨˋ ㄧㄥˊ
入伍,1,ㄖㄨˋ ㄨˇ
入闈,1,ㄖㄨˋ ㄨㄟˊ
入獄,1,ㄖㄨˋ ㄩˋ
辱,1,ㄖㄨˋ
辱罵,1,ㄖㄨˋ ㄇㄚˋ
辱沒,1,ㄖㄨˋ ㄇㄛˋ
辱國,1,ㄖㄨˋ ㄍㄨㄛˊ
溽,1,ㄖㄨˋ
溽暑,1,ㄖㄨˋ ㄕㄨˇ
褥,1,ㄖㄨˋ
縟,1,ㄖㄨˋ
若,1,ㄖㄨㄛˋ
若干,1,ㄖㄨㄛˋ ㄍㄢ
若即若離,1,ㄖㄨㄛˋ ㄐㄧˊ ㄖㄨㄛˋ ㄌㄧˊ
若使,1,ㄖㄨㄛˋ ㄕˇ
若有其事,1,ㄖㄨㄛˋ ㄧㄡˇ ㄑㄧˊ ㄕˋ
若有所思,1,ㄖㄨㄛˋ ㄧㄡˇ ㄙㄨㄛˇ ㄙ
若有所聞,1,ㄖㄨㄛˋ ㄧㄡˇ ㄙㄨㄛˇ ㄨㄣˊ
若有所失,1,ㄖㄨㄛˋ ㄧㄡˇ ㄙㄨㄛˇ ㄕ
若隱若現,1,ㄖㄨㄛˋ ㄧㄣˇ ㄖㄨㄛˋ ㄒㄧㄢˋ
若無其事,1,ㄖㄨㄛˋ ㄨˊ ㄑㄧˊ ㄕˋ
偌,1,ㄖㄨㄛˋ
偌大,1,ㄖㄨㄛˋ ㄉㄚˋ
弱,1,ㄖㄨㄛˋ
弱不禁風,1,ㄖㄨㄛˋ ㄅㄨˋ ㄐㄧㄣ ㄈㄥ
弱點,1,ㄖㄨㄛˋ ㄉㄧㄢˇ
弱冠,1,ㄖㄨㄛˋ ㄍㄨㄢˋ
弱小,1,ㄖㄨㄛˋ ㄒㄧㄠˇ
弱者,1,ㄖㄨㄛˋ ㄓㄜˇ
弱視,1,ㄖㄨㄛˋ ㄕˋ
弱勢,1,ㄖㄨㄛˋ ㄕˋ
弱肉強食,1,ㄖㄨㄛˋ ㄖㄡˋ ㄑㄧㄤˊ ㄕˊ
蒻,1,ㄖㄨㄛˋ
蕤,1,ㄖㄨㄟˊ
蕊,1,ㄖㄨㄟˇ
芮,1,ㄖㄨㄟˋ
芮芮,1,ㄖㄨㄟˋ ㄖㄨㄟˋ
蚋,1,ㄖㄨㄟˋ
瑞,1,ㄖㄨㄟˋ
瑞雪,1,ㄖㄨㄟˋ ㄒㄩㄝˇ
瑞兆,1,ㄖㄨㄟˋ ㄓㄠˋ
瑞獸,1,ㄖㄨㄟˋ ㄕㄡˋ
瑞雲,1,ㄖㄨㄟˋ ㄩㄣˊ
睿,1,ㄖㄨㄟˋ
睿智,1,ㄖㄨㄟˋ ㄓˋ
睿哲,1,ㄖㄨㄟˋ ㄓㄜˊ
叡,1,ㄖㄨㄟˋ
銳,1,ㄖㄨㄟˋ
銳不可當,1,ㄖㄨㄟˋ ㄅㄨˋ ㄎㄜˇ ㄉㄤˇ
銳敏,1,ㄖㄨㄟˋ ㄇㄧㄣˇ
銳利,1,ㄖㄨㄟˋ ㄌㄧˋ
銳角,1,ㄖㄨㄟˋ ㄐㄧㄠˇ
銳減,1,ㄖㄨㄟˋ ㄐㄧㄢˇ
銳氣,1,ㄖㄨㄟˋ ㄑㄧˋ
銳器,1,ㄖㄨㄟˋ ㄑㄧˋ
銳意,1,ㄖㄨㄟˋ ㄧˋ
阮,1,ㄖㄨㄢˇ
阮囊羞澀,1,ㄖㄨㄢˇ ㄋㄤˊ ㄒㄧㄡ ㄙㄜˋ
阮咸,1,ㄖㄨㄢˇ ㄒㄧㄢˊ
軟,1,ㄖㄨㄢˇ
軟片,1,ㄖㄨㄢˇ ㄆㄧㄢˋ
軟綿綿,1,ㄖㄨㄢˇ ㄇㄧㄢˊ ㄇㄧㄢˊ
軟木塞,1,ㄖㄨㄢˇ ㄇㄨˋ ㄙㄞ
軟釘子,1,ㄖㄨㄢˇ ㄉㄧㄥ ㄗ˙
軟糖,1,ㄖㄨㄢˇ ㄊㄤˊ
軟體,1,ㄖㄨㄢˇ ㄊㄧˇ
軟體動物,1,ㄖㄨㄢˇ ㄊㄧˇ ㄉㄨㄥˋ ㄨˋ
軟體工業園區,1,ㄖㄨㄢˇ ㄊㄧˇ ㄍㄨㄥ ㄧㄝˋ ㄩㄢˊ ㄑㄩ
軟膏,1,ㄖㄨㄢˇ ㄍㄠ
軟骨頭,1,ㄖㄨㄢˇ ㄍㄨˊ ㄊㄡ˙
軟化,1,ㄖㄨㄢˇ ㄏㄨㄚˋ
軟禁,1,ㄖㄨㄢˇ ㄐㄧㄣˋ
軟性,1,ㄖㄨㄢˇ ㄒㄧㄥˋ
軟式,1,ㄖㄨㄢˇ ㄕˋ
軟式棒球,1,ㄖㄨㄢˇ ㄕˋ ㄅㄤˋ ㄑㄧㄡˊ
軟水,1,ㄖㄨㄢˇ ㄕㄨㄟˇ
軟弱,1,ㄖㄨㄢˇ ㄖㄨㄛˋ
軟顎,1,ㄖㄨㄢˇ ㄜˋ
軟硬兼施,1,ㄖㄨㄢˇ ㄧㄥˋ ㄐㄧㄢ ㄕ
閏,1,ㄖㄨㄣˋ
閏年,1,ㄖㄨㄣˋ ㄋㄧㄢˊ
閏月,1,ㄖㄨㄣˋ ㄩㄝˋ
潤,1,ㄖㄨㄣˋ
潤筆,1,ㄖㄨㄣˋ ㄅㄧˇ
潤喉,1,ㄖㄨㄣˋ ㄏㄡˊ
潤滑,1,ㄖㄨㄣˋ ㄏㄨㄚˊ
潤飾,1,ㄖㄨㄣˋ ㄕˋ
潤澤,1,ㄖㄨㄣˋ ㄗㄜˊ
戎,1,ㄖㄨㄥˊ
戎裝,1,ㄖㄨㄥˊ ㄓㄨㄤ
絨,1,ㄖㄨㄥˊ
絨布,1,ㄖㄨㄥˊ ㄅㄨˋ
絨毛,1,ㄖㄨㄥˊ ㄇㄠˊ
絨線,1,ㄖㄨㄥˊ ㄒㄧㄢˋ
容,1,ㄖㄨㄥˊ
容不下,1,ㄖㄨㄥˊ ㄅㄨˋ ㄒㄧㄚˋ
容不下,1,ㄖㄨㄥˊ ㄅㄨˊ ㄒㄧㄚˋ
容貌,1,ㄖㄨㄥˊ ㄇㄠˋ
容納,1,ㄖㄨㄥˊ ㄋㄚˋ
容量,1,ㄖㄨㄥˊ ㄌㄧㄤˋ
容光煥發,1,ㄖㄨㄥˊ ㄍㄨㄤ ㄏㄨㄢˋ ㄈㄚ
容或,1,ㄖㄨㄥˊ ㄏㄨㄛˋ
容積,1,ㄖㄨㄥˊ ㄐㄧ
容器,1,ㄖㄨㄥˊ ㄑㄧˋ
容情,1,ㄖㄨㄥˊ ㄑㄧㄥˊ
容許,1,ㄖㄨㄥˊ ㄒㄩˇ
容身,1,ㄖㄨㄥˊ ㄕㄣ
容身之地,1,ㄖㄨㄥˊ ㄕㄣ ㄓ ㄉㄧˋ
容忍,1,ㄖㄨㄥˊ ㄖㄣˇ
容易,1,ㄖㄨㄥˊ ㄧˋ
容顏,1,ㄖㄨㄥˊ ㄧㄢˊ
溶,1,ㄖㄨㄥˊ
溶合,1,ㄖㄨㄥˊ ㄏㄜˊ
溶化,1,ㄖㄨㄥˊ ㄏㄨㄚˋ
溶劑,1,ㄖㄨㄥˊ ㄐㄧˋ
溶解,1,ㄖㄨㄥˊ ㄐㄧㄝˇ
溶質,1,ㄖㄨㄥˊ ㄓˊ
溶入,1,ㄖㄨㄥˊ ㄖㄨˋ
溶液,1,ㄖㄨㄥˊ ㄧㄝˋ
熔,1,ㄖㄨㄥˊ
熔點,1,ㄖㄨㄥˊ ㄉㄧㄢˇ
熔爐,1,ㄖㄨㄥˊ ㄌㄨˊ
熔化,1,ㄖㄨㄥˊ ㄏㄨㄚˋ
熔接,1,ㄖㄨㄥˊ ㄐㄧㄝ
熔岩,1,ㄖㄨㄥˊ ㄧㄢˊ
榕,1,ㄖㄨㄥˊ
榕樹,1,ㄖㄨㄥˊ ㄕㄨˋ
蓉,1,ㄖㄨㄥˊ
鎔,1,ㄖㄨㄥˊ
鎔爐,1,ㄖㄨㄥˊ ㄌㄨˊ
茸,1,ㄖㄨㄥˊ
榮,1,ㄖㄨㄥˊ
榮民,1,ㄖㄨㄥˊ ㄇㄧㄣˊ
榮登,1,ㄖㄨㄥˊ ㄉㄥ
榮歸,1,ㄖㄨㄥˊ ㄍㄨㄟ
榮枯,1,ㄖㄨㄥˊ ㄎㄨ
榮華,1,ㄖㄨㄥˊ ㄏㄨㄚˊ
榮華富貴,1,ㄖㄨㄥˊ ㄏㄨㄚˊ ㄈㄨˋ ㄍㄨㄟˋ
榮獲,1,ㄖㄨㄥˊ ㄏㄨㄛˋ
榮銜,1,ㄖㄨㄥˊ ㄒㄧㄢˊ
榮幸,1,ㄖㄨㄥˊ ㄒㄧㄥˋ
榮任,1,ㄖㄨㄥˊ ㄖㄣˋ
榮辱與共,1,ㄖㄨㄥˊ ㄖㄨˋ ㄩˇ ㄍㄨㄥˋ
榮耀,1,ㄖㄨㄥˊ ㄧㄠˋ
榮譽,1,ㄖㄨㄥˊ ㄩˋ
榮譽學位,1,ㄖㄨㄥˊ ㄩˋ ㄒㄩㄝˊ ㄨㄟˋ
嶸,1,ㄖㄨㄥˊ
蠑,1,ㄖㄨㄥˊ
蠑螈,1,ㄖㄨㄥˊ ㄩㄢˊ
融,1,ㄖㄨㄥˊ
融通,1,ㄖㄨㄥˊ ㄊㄨㄥ
融合,1,ㄖㄨㄥˊ ㄏㄜˊ
融和,1,ㄖㄨㄥˊ ㄏㄜˊ
融化,1,ㄖㄨㄥˊ ㄏㄨㄚˋ
融會,1,ㄖㄨㄥˊ ㄏㄨㄟˋ
融會貫通,1,ㄖㄨㄥˊ ㄏㄨㄟˋ ㄍㄨㄢˋ ㄊㄨㄥ
融洽,1,ㄖㄨㄥˊ ㄑㄧㄚˋ
融融,1,ㄖㄨㄥˊ ㄖㄨㄥˊ
融資,1,ㄖㄨㄥˊ ㄗ
融為一體,1,ㄖㄨㄥˊ ㄨㄟˊ ㄧ ㄊㄧˇ
融為一體,1,ㄖㄨㄥˊ ㄨㄟˊ ㄧˋ ㄊㄧˇ
冗,1,ㄖㄨㄥˇ
冗長,1,ㄖㄨㄥˇ ㄔㄤˊ
冗員,1,ㄖㄨㄥˇ ㄩㄢˊ
孜,1,ㄗ
孜孜,1,ㄗ ㄗ
孜孜不倦,1,ㄗ ㄗ ㄅㄨˋ ㄐㄩㄢˋ
孜孜不倦,1,ㄗ ㄗ ㄅㄨˊ ㄐㄩㄢˋ
孜孜矻矻,1,ㄗ ㄗ ㄎㄨˋ ㄎㄨˋ
咨,1,ㄗ
咨請,1,ㄗ ㄑㄧㄥˇ
咨文,1,ㄗ ㄨㄣˊ
姿,1,ㄗ
姿態,1,ㄗ ㄊㄞˋ
姿勢,1,ㄗ ㄕˋ
姿色,1,ㄗ ㄙㄜˋ
資,1,ㄗ
資本,1,ㄗ ㄅㄣˇ
資本家,1,ㄗ ㄅㄣˇ ㄐㄧㄚ
資本主義,1,ㄗ ㄅㄣˇ ㄓㄨˇ ㄧˋ
資本市場,1,ㄗ ㄅㄣˇ ㄕˋ ㄔㄤˇ
資本額,1,ㄗ ㄅㄣˇ ㄜˊ
資方,1,ㄗ ㄈㄤ
資賦,1,ㄗ ㄈㄨˋ
資歷,1,ㄗ ㄌㄧˋ
資料,1,ㄗ ㄌㄧㄠˋ
資料庫,1,ㄗ ㄌㄧㄠˋ ㄎㄨˋ
資格,1,ㄗ ㄍㄜˊ
資金,1,ㄗ ㄐㄧㄣ
資遣,1,ㄗ ㄑㄧㄢˇ
資遣費,1,ㄗ ㄑㄧㄢˇ ㄈㄟˋ
資訊,1,ㄗ ㄒㄩㄣˋ
資訊高速公路,1,ㄗ ㄒㄩㄣˋ ㄍㄠ ㄙㄨˋ ㄍㄨㄥ ㄌㄨˋ
資質,1,ㄗ ㄓˊ
資政,1,ㄗ ㄓㄥˋ
資助,1,ㄗ ㄓㄨˋ
資產,1,ㄗ ㄔㄢˇ
資產階級,1,ㄗ ㄔㄢˇ ㄐㄧㄝ ㄐㄧˊ
資深,1,ㄗ ㄕㄣ
資財,1,ㄗ ㄘㄞˊ
資優,1,ㄗ ㄧㄡ
資源,1,ㄗ ㄩㄢˊ
資源回收,1,ㄗ ㄩㄢˊ ㄏㄨㄟˊ ㄕㄡ
趑,1,ㄗ
趑趄,1,ㄗ ㄐㄩ
諮,1,ㄗ
諮詢,1,ㄗ ㄒㄩㄣˊ
諮商,1,ㄗ ㄕㄤ
諮議,1,ㄗ ㄧˋ
茲,1,ㄗ
茲事體大,1,ㄗ ㄕˋ ㄊㄧˇ ㄉㄚˋ
滋,1,ㄗ
滋補,1,ㄗ ㄅㄨˇ
滋長,1,ㄗ ㄓㄤˇ
滋事,1,ㄗ ㄕˋ
滋生,1,ㄗ ㄕㄥ
滋擾,1,ㄗ ㄖㄠˇ
滋潤,1,ㄗ ㄖㄨㄣˋ
滋養,1,ㄗ ㄧㄤˇ
滋味,1,ㄗ ㄨㄟˋ
孳,1,ㄗ
孳孳,1,ㄗ ㄗ
孳生,1,ㄗ ㄕㄥ
淄,1,ㄗ
淄水,1,ㄗ ㄕㄨㄟˇ
緇,1,ㄗ
錙,1,ㄗ
錙銖必較,1,ㄗ ㄓㄨ ㄅㄧˋ ㄐㄧㄠˋ
貲,1,ㄗ
髭,1,ㄗ
齜,1,ㄗ
齜牙咧嘴,1,ㄗ ㄧㄚˊ ㄌㄧㄝˇ ㄗㄨㄟˇ
齊,1,ㄗ
子,1,ㄗˇ
子民,1,ㄗˇ ㄇㄧㄣˊ
子目,1,ㄗˇ ㄇㄨˋ
子房,1,ㄗˇ ㄈㄤˊ
子彈,1,ㄗˇ ㄉㄢˋ
子弟,1,ㄗˇ ㄉㄧˋ
子弟戲,1,ㄗˇ ㄉㄧˋ ㄒㄧˋ
子女,1,ㄗˇ ㄋㄩˇ
子宮,1,ㄗˇ ㄍㄨㄥ
子宮頸,1,ㄗˇ ㄍㄨㄥ ㄐㄧㄥˇ
子宮外孕,1,ㄗˇ ㄍㄨㄥ ㄨㄞˋ ㄩㄣˋ
子息,1,ㄗˇ ㄒㄧˊ
子虛烏有,1,ㄗˇ ㄒㄩ ㄨ ㄧㄡˇ
子時,1,ㄗˇ ㄕˊ
子子孫孫,1,ㄗˇ ㄗˇ ㄙㄨㄣ ㄙㄨㄣ
子嗣,1,ㄗˇ ㄙˋ
子孫,1,ㄗˇ ㄙㄨㄣ
子夜,1,ㄗˇ ㄧㄝˋ
子午線,1,ㄗˇ ㄨˇ ㄒㄧㄢˋ
仔,1,ㄗˇ
仔細,1,ㄗˇ ㄒㄧˋ
籽,1,ㄗˇ
姊,1,ㄗˇ
姊妹,1,ㄐㄧㄝˇ ㄇㄟˋ
姊妹市,1,ㄐㄧㄝˇ ㄇㄟˋ ㄕˋ
姊夫,1,ㄐㄧㄝˇ ㄈㄨ
姊姊,1,ㄐㄧㄝˇ ㄐㄧㄝ˙
秭,1,ㄗˇ
秭歸,1,ㄗˇ ㄍㄨㄟ
笫,1,ㄗˇ
梓,1,ㄗˇ
梓宮,1,ㄗˇ ㄍㄨㄥ
滓,1,ㄗˇ
紫,1,ㄗˇ
紫丁香,1,ㄗˇ ㄉㄧㄥ ㄒㄧㄤ
紫羅蘭,1,ㄗˇ ㄌㄨㄛˊ ㄌㄢˊ
紫荊,1,ㄗˇ ㄐㄧㄥ
紫菜,1,ㄗˇ ㄘㄞˋ
紫色,1,ㄗˇ ㄙㄜˋ
紫蘇,1,ㄗˇ ㄙㄨ
紫外線,1,ㄗˇ ㄨㄞˋ ㄒㄧㄢˋ
紫微斗數,1,ㄗˇ ㄨㄟˊ ㄉㄡˇ ㄕㄨˋ
訾,1,ㄗˇ
訾議,1,ㄗˇ ㄧˋ
字,1,ㄗˋ
字面,1,ㄗˋ ㄇㄧㄢˋ
字母,1,ㄗˋ ㄇㄨˇ
字幕,1,ㄗˋ ㄇㄨˋ
字幕機,1,ㄗˋ ㄇㄨˋ ㄐㄧ
字幕匣,1,ㄗˋ ㄇㄨˋ ㄒㄧㄚˊ
字典,1,ㄗˋ ㄉㄧㄢˇ
字頭,1,ㄗˋ ㄊㄡˊ
字體,1,ㄗˋ ㄊㄧˇ
字帖,1,ㄗˋ ㄊㄧㄝˇ
字條,1,ㄗˋ ㄊㄧㄠˊ
字裡行間,1,ㄗˋ ㄌㄧˇ ㄏㄤˊ ㄐㄧㄢ
字號,1,ㄗˋ ㄏㄠˋ
字號,1,ㄗˋ ㄏㄠ˙
字畫,1,ㄗˋ ㄏㄨㄚˋ
字彙,1,ㄗˋ ㄏㄨㄟˋ
字跡,1,ㄗˋ ㄐㄧ
字句,1,ㄗˋ ㄐㄩˋ
字據,1,ㄗˋ ㄐㄩˋ
字形,1,ㄗˋ ㄒㄧㄥˊ
字紙簍,1,ㄗˋ ㄓˇ ㄌㄡˇ
字斟句酌,1,ㄗˋ ㄓㄣ ㄐㄩˋ ㄓㄨㄛˊ
字正腔圓,1,ㄗˋ ㄓㄥˋ ㄑㄧㄤ ㄩㄢˊ
字書,1,ㄗˋ ㄕㄨ
字字珠璣,1,ㄗˋ ㄗˋ ㄓㄨ ㄐㄧ
字眼,1,ㄗˋ ㄧㄢˇ
字音,1,ㄗˋ ㄧㄣ
字樣,1,ㄗˋ ㄧㄤˋ
自,1,ㄗˋ
自拔,1,ㄗˋ ㄅㄚˊ
自白,1,ㄗˋ ㄅㄞˊ
自卑,1,ㄗˋ ㄅㄟ
自備,1,ㄗˋ ㄅㄟˋ
自保,1,ㄗˋ ㄅㄠˇ
自暴自棄,1,ㄗˋ ㄅㄠˋ ㄗˋ ㄑㄧˋ
自不量力,1,ㄗˋ ㄅㄨˋ ㄌㄧㄤˋ ㄌㄧˋ
自不量力,1,ㄗˋ ㄅㄨˊ ㄌㄧㄤˋ ㄌㄧˋ
自滿,1,ㄗˋ ㄇㄢˇ
自勉,1,ㄗˋ ㄇㄧㄢˇ
自鳴得意,1,ㄗˋ ㄇㄧㄥˊ ㄉㄜˊ ㄧˋ
自命不凡,1,ㄗˋ ㄇㄧㄥˋ ㄅㄨˋ ㄈㄢˊ
自發,1,ㄗˋ ㄈㄚ
自費,1,ㄗˋ ㄈㄟˋ
自焚,1,ㄗˋ ㄈㄣˊ
自奉甚儉,1,ㄗˋ ㄈㄥˋ ㄕㄣˋ ㄐㄧㄢˇ
自負,1,ㄗˋ ㄈㄨˋ
自大,1,ㄗˋ ㄉㄚˋ
自得,1,ㄗˋ ㄉㄜˊ
自得其樂,1,ㄗˋ ㄉㄜˊ ㄑㄧˊ ㄌㄜˋ
自當,1,ㄗˋ ㄉㄤ
自訂,1,ㄗˋ ㄉㄧㄥˋ
自動,1,ㄗˋ ㄉㄨㄥˋ
自動販賣機,1,ㄗˋ ㄉㄨㄥˋ ㄈㄢˋ ㄇㄞˋ ㄐㄧ
自動控制,1,ㄗˋ ㄉㄨㄥˋ ㄎㄨㄥˋ ㄓˋ
自動化,1,ㄗˋ ㄉㄨㄥˋ ㄏㄨㄚˋ
自動尋線,1,ㄗˋ ㄉㄨㄥˋ ㄒㄩㄣˊ ㄒㄧㄢˋ
自動自發,1,ㄗˋ ㄉㄨㄥˋ ㄗˋ ㄈㄚ
自掏腰包,1,ㄗˋ ㄊㄠ ㄧㄠ ㄅㄠ
自討沒趣,1,ㄗˋ ㄊㄠˇ ㄇㄟˊ ㄑㄩˋ
自討苦吃,1,ㄗˋ ㄊㄠˇ ㄎㄨˇ ㄔ
自投羅網,1,ㄗˋ ㄊㄡˊ ㄌㄨㄛˊ ㄨㄤˇ
自嘆不如,1,ㄗˋ ㄊㄢˋ ㄅㄨˋ ㄖㄨˊ
自體輸血,1,ㄗˋ ㄊㄧˇ ㄕㄨ ㄒㄧㄝˇ
自來水,1,ㄗˋ ㄌㄞˊ ㄕㄨㄟˇ
自力更生,1,ㄗˋ ㄌㄧˋ ㄍㄥ ㄕㄥ
自力救濟,1,ㄗˋ ㄌㄧˋ ㄐㄧㄡˋ ㄐㄧˋ
自立,1,ㄗˋ ㄌㄧˋ
自立門戶,1,ㄗˋ ㄌㄧˋ ㄇㄣˊ ㄏㄨˋ
自立自強,1,ㄗˋ ㄌㄧˋ ㄗˋ ㄑㄧㄤˊ
自勵,1,ㄗˋ ㄌㄧˋ
自憐,1,ㄗˋ ㄌㄧㄢˊ
自律,1,ㄗˋ ㄌㄩˋ
自個兒,1,ㄗˋ ㄍㄜˇ ㄦ
自高自大,1,ㄗˋ ㄍㄠ ㄗˋ ㄉㄚˋ
自告奮勇,1,ㄗˋ ㄍㄠˋ ㄈㄣˋ ㄩㄥˇ
自甘墮落,1,ㄗˋ ㄍㄢ ㄉㄨㄛˋ ㄌㄨㄛˋ
自耕農,1,ㄗˋ ㄍㄥ ㄋㄨㄥˊ
自顧不暇,1,ㄗˋ ㄍㄨˋ ㄅㄨˋ ㄒㄧㄚˊ
自苦,1,ㄗˋ ㄎㄨˇ
自誇,1,ㄗˋ ㄎㄨㄚ
自況,1,ㄗˋ ㄎㄨㄤˋ
自豪,1,ㄗˋ ㄏㄠˊ
自號,1,ㄗˋ ㄏㄠˋ
自己,1,ㄗˋ ㄐㄧˇ
自給,1,ㄗˋ ㄐㄧˇ
自給自足,1,ㄗˋ ㄐㄧˇ ㄗˋ ㄗㄨˊ
自家,1,ㄗˋ ㄐㄧㄚ
自救,1,ㄗˋ ㄐㄧㄡˋ
自今,1,ㄗˋ ㄐㄧㄣ
自盡,1,ㄗˋ ㄐㄧㄣˋ
自決,1,ㄗˋ ㄐㄩㄝˊ
自絕,1,ㄗˋ ㄐㄩㄝˊ
自覺,1,ㄗˋ ㄐㄩㄝˊ
自欺,1,ㄗˋ ㄑㄧ
自欺欺人,1,ㄗˋ ㄑㄧ ㄑㄧ ㄖㄣˊ
自求多福,1,ㄗˋ ㄑㄧㄡˊ ㄉㄨㄛ ㄈㄨˊ
自謙,1,ㄗˋ ㄑㄧㄢ
自戕,1,ㄗˋ ㄑㄧㄤˊ
自強,1,ㄗˋ ㄑㄧㄤˊ
自強不息,1,ㄗˋ ㄑㄧㄤˊ ㄅㄨˋ ㄒㄧˊ
自取,1,ㄗˋ ㄑㄩˇ
自取其辱,1,ㄗˋ ㄑㄩˇ ㄑㄧˊ ㄖㄨˋ
自習,1,ㄗˋ ㄒㄧˊ
自修,1,ㄗˋ ㄒㄧㄡ
自新,1,ㄗˋ ㄒㄧㄣ
自信,1,ㄗˋ ㄒㄧㄣˋ
自相矛盾,1,ㄗˋ ㄒㄧㄤ ㄇㄠˊ ㄉㄨㄣˋ
自相殘殺,1,ㄗˋ ㄒㄧㄤ ㄘㄢˊ ㄕㄚ
自行,1,ㄗˋ ㄒㄧㄥˊ
自行車,1,ㄗˋ ㄒㄧㄥˊ ㄔㄜ
自省,1,ㄗˋ ㄒㄧㄥˇ
自許,1,ㄗˋ ㄒㄩˇ
自詡,1,ㄗˋ ㄒㄩˇ
自序,1,ㄗˋ ㄒㄩˋ
自學,1,ㄗˋ ㄒㄩㄝˊ
自尋煩惱,1,ㄗˋ ㄒㄩㄣˊ ㄈㄢˊ ㄋㄠˇ
自尋短見,1,ㄗˋ ㄒㄩㄣˊ ㄉㄨㄢˇ ㄐㄧㄢˋ
自知之明,1,ㄗˋ ㄓ ㄓ ㄇㄧㄥˊ
自制,1,ㄗˋ ㄓˋ
自治,1,ㄗˋ ㄓˋ
自製,1,ㄗˋ ㄓˋ
自找麻煩,1,ㄗˋ ㄓㄠˇ ㄇㄚˊ ㄈㄢˊ
自主,1,ㄗˋ ㄓㄨˇ
自助,1,ㄗˋ ㄓㄨˋ
自助旅行,1,ㄗˋ ㄓㄨˋ ㄌㄩˇ ㄒㄧㄥˊ
自助人助,1,ㄗˋ ㄓㄨˋ ㄖㄣˊ ㄓㄨˋ
自助餐,1,ㄗˋ ㄓㄨˋ ㄘㄢ
自轉,1,ㄗˋ ㄓㄨㄢˋ
自傳,1,ㄗˋ ㄓㄨㄢˋ
自撰,1,ㄗˋ ㄓㄨㄢˋ
自重,1,ㄗˋ ㄓㄨㄥˋ
自持,1,ㄗˋ ㄔˊ
自嘲,1,ㄗˋ ㄔㄠˊ
自稱,1,ㄗˋ ㄔㄥ
自成一格,1,ㄗˋ ㄔㄥˊ ㄧ ㄍㄜˊ
自成一格,1,ㄗˋ ㄔㄥˊ ㄧˋ ㄍㄜˊ
自成一家,1,ㄗˋ ㄔㄥˊ ㄧ ㄐㄧㄚ
自處,1,ㄗˋ ㄔㄨˇ
自吹自擂,1,ㄗˋ ㄔㄨㄟ ㄗˋ ㄌㄟˊ
自創,1,ㄗˋ ㄔㄨㄤˋ
自食其力,1,ㄗˋ ㄕˊ ㄑㄧˊ ㄌㄧˋ
自食惡果,1,ㄗˋ ㄕˊ ㄜˋ ㄍㄨㄛˇ
自始至終,1,ㄗˋ ㄕˇ ㄓˋ ㄓㄨㄥ
自恃,1,ㄗˋ ㄕˋ
自視,1,ㄗˋ ㄕˋ
自殺,1,ㄗˋ ㄕㄚ
自首,1,ㄗˋ ㄕㄡˇ
自身,1,ㄗˋ ㄕㄣ
自身難保,1,ㄗˋ ㄕㄣ ㄋㄢˊ ㄅㄠˇ
自生自滅,1,ㄗˋ ㄕㄥ ㄗˋ ㄇㄧㄝˋ
自述,1,ㄗˋ ㄕㄨˋ
自然,1,ㄗˋ ㄖㄢˊ
自然步道,1,ㄗˋ ㄖㄢˊ ㄅㄨˋ ㄉㄠˋ
自然科學,1,ㄗˋ ㄖㄢˊ ㄎㄜ ㄒㄩㄝˊ
自然界,1,ㄗˋ ㄖㄢˊ ㄐㄧㄝˋ
自然現象,1,ㄗˋ ㄖㄢˊ ㄒㄧㄢˋ ㄒㄧㄤˋ
自然人,1,ㄗˋ ㄖㄢˊ ㄖㄣˊ
自然而然,1,ㄗˋ ㄖㄢˊ ㄦˊ ㄖㄢˊ
自認倒楣,1,ㄗˋ ㄖㄣˋ ㄉㄠˇ ㄇㄟˊ
自如,1,ㄗˋ ㄖㄨˊ
自若,1,ㄗˋ ㄖㄨㄛˋ
自責,1,ㄗˋ ㄗㄜˊ
自責分,1,ㄗˋ ㄗㄜˊ ㄈㄣ
自在,1,ㄗˋ ㄗㄞˋ
自足,1,ㄗˋ ㄗㄨˊ
自作多情,1,ㄗˋ ㄗㄨㄛˋ ㄉㄨㄛ ㄑㄧㄥˊ
自作孽,1,ㄗˋ ㄗㄨㄛˋ ㄋㄧㄝˋ
自作自受,1,ㄗˋ ㄗㄨㄛˋ ㄗˋ ㄕㄡˋ
自作聰明,1,ㄗˋ ㄗㄨㄛˋ ㄘㄨㄥ ㄇㄧㄥˊ
自尊,1,ㄗˋ ㄗㄨㄣ
自尊心,1,ㄗˋ ㄗㄨㄣ ㄒㄧㄣ
自此,1,ㄗˋ ㄘˇ
自裁,1,ㄗˋ ㄘㄞˊ
自慚形穢,1,ㄗˋ ㄘㄢˊ ㄒㄧㄥˊ ㄏㄨㄟˋ
自從,1,ㄗˋ ㄘㄨㄥˊ
自私,1,ㄗˋ ㄙ
自私自利,1,ㄗˋ ㄙ ㄗˋ ㄌㄧˋ
自掃門前雪,1,ㄗˋ ㄙㄠˇ ㄇㄣˊ ㄑㄧㄢˊ ㄒㄩㄝˇ
自訴,1,ㄗˋ ㄙㄨˋ
自愛,1,ㄗˋ ㄞˋ
自傲,1,ㄗˋ ㄠˋ
自以為是,1,ㄗˋ ㄧˇ ㄨㄟˊ ㄕˋ
自由,1,ㄗˋ ㄧㄡˊ
自由貿易區,1,ㄗˋ ㄧㄡˊ ㄇㄠˋ ㄧˋ ㄑㄩ
自由戀愛,1,ㄗˋ ㄧㄡˊ ㄌㄧㄢˋ ㄞˋ
自由港,1,ㄗˋ ㄧㄡˊ ㄍㄤˇ
自由球,1,ㄗˋ ㄧㄡˊ ㄑㄧㄡˊ
自由心證,1,ㄗˋ ㄧㄡˊ ㄒㄧㄣ ㄓㄥˋ
自由職業,1,ㄗˋ ㄧㄡˊ ㄓˊ ㄧㄝˋ
自由主義,1,ㄗˋ ㄧㄡˊ ㄓㄨˇ ㄧˋ
自由車,1,ㄗˋ ㄧㄡˊ ㄔㄜ
自由自在,1,ㄗˋ ㄧㄡˊ ㄗˋ ㄗㄞˋ
自由業,1,ㄗˋ ㄧㄡˊ ㄧㄝˋ
自幼,1,ㄗˋ ㄧㄡˋ
自言自語,1,ㄗˋ ㄧㄢˊ ㄗˋ ㄩˇ
自營,1,ㄗˋ ㄧㄥˊ
自侮,1,ㄗˋ ㄨˇ
自誤,1,ㄗˋ ㄨˋ
自我,1,ㄗˋ ㄨㄛˇ
自我反省,1,ㄗˋ ㄨㄛˇ ㄈㄢˇ ㄒㄧㄥˇ
自我陶醉,1,ㄗˋ ㄨㄛˇ ㄊㄠˊ ㄗㄨㄟˋ
自我肯定,1,ㄗˋ ㄨㄛˇ ㄎㄣˇ ㄉㄧㄥˋ
自我期許,1,ㄗˋ ㄨㄛˇ ㄑㄧˊ ㄒㄩˇ
自我實現,1,ㄗˋ ㄨㄛˇ ㄕˊ ㄒㄧㄢˋ
自危,1,ㄗˋ ㄨㄟˊ
自慰,1,ㄗˋ ㄨㄟˋ
自衛,1,ㄗˋ ㄨㄟˋ
自刎,1,ㄗˋ ㄨㄣˇ
自問,1,ㄗˋ ㄨㄣˋ
自娛娛人,1,ㄗˋ ㄩˊ ㄩˊ ㄖㄣˊ
自圓其說,1,ㄗˋ ㄩㄢˊ ㄑㄧˊ ㄕㄨㄛ
自怨自艾,1,ㄗˋ ㄩㄢˋ ㄗˋ ㄧˋ
自願,1,ㄗˋ ㄩㄢˋ
自用,1,ㄗˋ ㄩㄥˋ
恣,1,ㄗˋ
恣意,1,ㄗˋ ㄧˋ
眥,1,ㄗˋ
漬,1,ㄗˋ
匝,1,ㄗㄚ
匝道,1,ㄗㄚ ㄉㄠˋ
咂,1,ㄗㄚ
咱,1,ㄗㄚˊ
咱家,1,ㄗㄚˊ ㄐㄧㄚ
砸,1,ㄗㄚˊ
砸了,1,ㄗㄚˊ ㄌㄜ˙
砸爛,1,ㄗㄚˊ ㄌㄢˋ
砸壞,1,ㄗㄚˊ ㄏㄨㄞˋ
砸毀,1,ㄗㄚˊ ㄏㄨㄟˇ
砸傷,1,ㄗㄚˊ ㄕㄤ
雜,1,ㄗㄚˊ
雜牌,1,ㄗㄚˊ ㄆㄞˊ
雜費,1,ㄗㄚˊ ㄈㄟˋ
雜沓,1,ㄗㄚˊ ㄊㄚˋ
雜遝,1,ㄗㄚˊ ㄊㄚˋ
雜念,1,ㄗㄚˊ ㄋㄧㄢˋ
雜糧,1,ㄗㄚˊ ㄌㄧㄤˊ
雜亂,1,ㄗㄚˊ ㄌㄨㄢˋ
雜亂無章,1,ㄗㄚˊ ㄌㄨㄢˋ ㄨˊ ㄓㄤ
雜感,1,ㄗㄚˊ ㄍㄢˇ
雜貨,1,ㄗㄚˊ ㄏㄨㄛˋ
雜燴,1,ㄗㄚˊ ㄏㄨㄟˋ
雜技,1,ㄗㄚˊ ㄐㄧˋ
雜記,1,ㄗㄚˊ ㄐㄧˋ
雜居,1,ㄗㄚˊ ㄐㄩ
雜七雜八,1,ㄗㄚˊ ㄑㄧ ㄗㄚˊ ㄅㄚ
雜質,1,ㄗㄚˊ ㄓˊ
雜誌,1,ㄗㄚˊ ㄓˋ
雜種,1,ㄗㄚˊ ㄓㄨㄥˇ
雜陳,1,ㄗㄚˊ ㄔㄣˊ
雜處,1,ㄗㄚˊ ㄔㄨˇ
雜事,1,ㄗㄚˊ ㄕˋ
雜耍,1,ㄗㄚˊ ㄕㄨㄚˇ
雜草叢生,1,ㄗㄚˊ ㄘㄠˇ ㄘㄨㄥˊ ㄕㄥ
雜音,1,ㄗㄚˊ ㄧㄣ
雜物,1,ㄗㄚˊ ㄨˋ
雜務,1,ㄗㄚˊ ㄨˋ
咋,1,ㄗㄜˊ
咋舌,1,ㄗㄜˊ ㄕㄜˊ
舴,1,ㄗㄜˊ
舴艋,1,ㄗㄜˊ ㄇㄥˇ
則,1,ㄗㄜˊ
責,1,ㄗㄜˊ
責備,1,ㄗㄜˊ ㄅㄟˋ
責罵,1,ㄗㄜˊ ㄇㄚˋ
責罰,1,ㄗㄜˊ ㄈㄚˊ
責付,1,ㄗㄜˊ ㄈㄨˋ
責打,1,ㄗㄜˊ ㄉㄚˇ
責難,1,ㄗㄜˊ ㄋㄢˋ
責怪,1,ㄗㄜˊ ㄍㄨㄞˋ
責成,1,ㄗㄜˊ ㄔㄥˊ
責任,1,ㄗㄜˊ ㄖㄣˋ
責無旁貸,1,ㄗㄜˊ ㄨˊ ㄆㄤˊ ㄉㄞˋ
責問,1,ㄗㄜˊ ㄨㄣˋ
嘖,1,ㄗㄜˊ
嘖嘖,1,ㄗㄜˊ ㄗㄜˊ
嘖嘖稱好,1,ㄗㄜˊ ㄗㄜˊ ㄔㄥ ㄏㄠˇ
嘖嘖稱奇,1,ㄗㄜˊ ㄗㄜˊ ㄔㄥ ㄑㄧˊ
嘖有煩言,1,ㄗㄜˊ ㄧㄡˇ ㄈㄢˊ ㄧㄢˊ
澤,1,ㄗㄜˊ
澤國,1,ㄗㄜˊ ㄍㄨㄛˊ
澤及,1,ㄗㄜˊ ㄐㄧˊ
擇,1,ㄗㄜˊ
擇肥而噬,1,ㄗㄜˊ ㄈㄟˊ ㄦˊ ㄕˋ
擇吉,1,ㄗㄜˊ ㄐㄧˊ
擇期,1,ㄗㄜˊ ㄑㄧˊ
擇善固執,1,ㄗㄜˊ ㄕㄢˋ ㄍㄨˋ ㄓˊ
擇偶,1,ㄗㄜˊ ㄡˇ
擇友,1,ㄗㄜˊ ㄧㄡˇ
仄,1,ㄗㄜˋ
昃,1,ㄗㄜˋ
災,1,ㄗㄞ
災胞,1,ㄗㄞ ㄅㄠ
災變,1,ㄗㄞ ㄅㄧㄢˋ
災民,1,ㄗㄞ ㄇㄧㄣˊ
災難,1,ㄗㄞ ㄋㄢˋ
災害,1,ㄗㄞ ㄏㄞˋ
災禍,1,ㄗㄞ ㄏㄨㄛˋ
災荒,1,ㄗㄞ ㄏㄨㄤ
災情,1,ㄗㄞ ㄑㄧㄥˊ
災區,1,ㄗㄞ ㄑㄩ
哉,1,ㄗㄞ
栽,1,ㄗㄞ
栽培,1,ㄗㄞ ㄆㄟˊ
栽跟頭,1,ㄗㄞ ㄍㄣ ㄊㄡ˙
栽植,1,ㄗㄞ ㄓˊ
栽種,1,ㄗㄞ ㄓㄨㄥˋ
栽贓,1,ㄗㄞ ㄗㄤ
宰,1,ㄗㄞˇ
宰割,1,ㄗㄞˇ ㄍㄜ
宰相,1,ㄗㄞˇ ㄒㄧㄤˋ
宰殺,1,ㄗㄞˇ ㄕㄚ
崽,1,ㄗㄞˇ
載,1,ㄗㄞˇ
再,1,ㄗㄞˋ
再版,1,ㄗㄞˋ ㄅㄢˇ
再犯,1,ㄗㄞˋ ㄈㄢˋ
再度,1,ㄗㄞˋ ㄉㄨˋ
再會,1,ㄗㄞˋ ㄏㄨㄟˋ
再婚,1,ㄗㄞˋ ㄏㄨㄣ
再嫁,1,ㄗㄞˋ ㄐㄧㄚˋ
再接再厲,1,ㄗㄞˋ ㄐㄧㄝ ㄗㄞˋ ㄌㄧˋ
再見,1,ㄗㄞˋ ㄐㄧㄢˋ
再者,1,ㄗㄞˋ ㄓㄜˇ
再生,1,ㄗㄞˋ ㄕㄥ
再生紙,1,ㄗㄞˋ ㄕㄥ ㄓˇ
再說,1,ㄗㄞˋ ㄕㄨㄛ
再再,1,ㄗㄞˋ ㄗㄞˋ
再三,1,ㄗㄞˋ ㄙㄢ
在,1,ㄗㄞˋ
在逃,1,ㄗㄞˋ ㄊㄠˊ
在天之靈,1,ㄗㄞˋ ㄊㄧㄢ ㄓ ㄌㄧㄥˊ
在內,1,ㄗㄞˋ ㄋㄟˋ
在行,1,ㄗㄞˋ ㄏㄤˊ
在乎,1,ㄗㄞˋ ㄏㄨ
在即,1,ㄗㄞˋ ㄐㄧˊ
在家,1,ㄗㄞˋ ㄐㄧㄚ
在家靠父母出外靠朋友,1,ㄗㄞˋ ㄐㄧㄚ ㄎㄠˋ ㄈㄨˋ ㄇㄨˇ ㄔㄨ ㄨㄞˋ ㄎㄠˋ ㄆㄥˊ ㄧㄡˇ
在下,1,ㄗㄞˋ ㄒㄧㄚˋ
在學,1,ㄗㄞˋ ㄒㄩㄝˊ
在職,1,ㄗㄞˋ ㄓˊ
在場,1,ㄗㄞˋ ㄔㄤˇ
在世,1,ㄗㄞˋ ㄕˋ
在室,1,ㄗㄞˋ ㄕˋ
在商言商,1,ㄗㄞˋ ㄕㄤ ㄧㄢˊ ㄕㄤ
在在,1,ㄗㄞˋ ㄗㄞˋ
在座,1,ㄗㄞˋ ㄗㄨㄛˋ
在所不惜,1,ㄗㄞˋ ㄙㄨㄛˇ ㄅㄨˋ ㄒㄧˊ
在所難免,1,ㄗㄞˋ ㄙㄨㄛˇ ㄋㄢˊ ㄇㄧㄢˇ
在案,1,ㄗㄞˋ ㄢˋ
在意,1,ㄗㄞˋ ㄧˋ
在野,1,ㄗㄞˋ ㄧㄝˇ
在野黨,1,ㄗㄞˋ ㄧㄝˇ ㄉㄤˇ
在外,1,ㄗㄞˋ ㄨㄞˋ
在位,1,ㄗㄞˋ ㄨㄟˋ
載,1,ㄗㄞˋ
載明,1,ㄗㄞˋ ㄇㄧㄥˊ
載浮載沉,1,ㄗㄞˋ ㄈㄨˊ ㄗㄞˋ ㄔㄣˊ
載歌載舞,1,ㄗㄞˋ ㄍㄜ ㄗㄞˋ ㄨˇ
載客量,1,ㄗㄞˋ ㄎㄜˋ ㄌㄧㄤˋ
載貨,1,ㄗㄞˋ ㄏㄨㄛˋ
載重,1,ㄗㄞˋ ㄓㄨㄥˋ
載譽,1,ㄗㄞˋ ㄩˋ
載運,1,ㄗㄞˋ ㄩㄣˋ
賊,1,ㄗㄟˊ
賊頭賊腦,1,ㄗㄟˊ ㄊㄡˊ ㄗㄟˊ ㄋㄠˇ
賊船,1,ㄗㄟˊ ㄔㄨㄢˊ
賊人,1,ㄗㄟˊ ㄖㄣˊ
遭,1,ㄗㄠ
遭逢,1,ㄗㄠ ㄈㄥˊ
遭難,1,ㄗㄠ ㄋㄢˋ
遭劫,1,ㄗㄠ ㄐㄧㄝˊ
遭受,1,ㄗㄠ ㄕㄡˋ
遭殃,1,ㄗㄠ ㄧㄤ
遭遇,1,ㄗㄠ ㄩˋ
糟,1,ㄗㄠ
糟粕,1,ㄗㄠ ㄆㄛˋ
糟蹋,1,ㄗㄠ ㄊㄚˋ
糟糕,1,ㄗㄠ ㄍㄠ
糟糠,1,ㄗㄠ ㄎㄤ
糟糠之妻,1,ㄗㄠ ㄎㄤ ㄓ ㄑㄧ
蹧,1,ㄗㄠ
蹧蹋,1,ㄗㄠ ㄊㄚˋ
鑿,1,ㄗㄠˊ
鑿空,1,ㄗㄠˊ ㄎㄨㄥ
鑿井,1,ㄗㄠˊ ㄐㄧㄥˇ
鑿子,1,ㄗㄠˊ ㄗ˙
早,1,ㄗㄠˇ
早報,1,ㄗㄠˇ ㄅㄠˋ
早班,1,ㄗㄠˇ ㄅㄢ
早飯,1,ㄗㄠˇ ㄈㄢˋ
早點,1,ㄗㄠˇ ㄉㄧㄢˇ
早點兒,1,ㄗㄠˇ ㄉㄧㄢˇ ㄦ
早點兒,1,ㄗㄠˇ ㄉㄧㄚˇ ㄦ
早退,1,ㄗㄠˇ ㄊㄨㄟˋ
早年,1,ㄗㄠˇ ㄋㄧㄢˊ
早婚,1,ㄗㄠˇ ㄏㄨㄣ
早期,1,ㄗㄠˇ ㄑㄧˊ
早起,1,ㄗㄠˇ ㄑㄧˇ
早先,1,ㄗㄠˇ ㄒㄧㄢ
早知今日何必當初,1,ㄗㄠˇ ㄓ ㄐㄧㄣ ㄖˋ ㄏㄜˊ ㄅㄧˋ ㄉㄤ ㄔㄨ
早產,1,ㄗㄠˇ ㄔㄢˇ
早產兒,1,ㄗㄠˇ ㄔㄢˇ ㄦˊ
早晨,1,ㄗㄠˇ ㄔㄣˊ
早出晚歸,1,ㄗㄠˇ ㄔㄨ ㄨㄢˇ ㄍㄨㄟ
早春,1,ㄗㄠˇ ㄔㄨㄣ
早逝,1,ㄗㄠˇ ㄕˋ
早熟,1,ㄗㄠˇ ㄕㄡˊ
早上,1,ㄗㄠˇ ㄕㄤˋ
早上,1,ㄗㄠˇ ㄕㄤ˙
早日,1,ㄗㄠˇ ㄖˋ
早操,1,ㄗㄠˇ ㄘㄠ
早餐,1,ㄗㄠˇ ㄘㄢ
早安,1,ㄗㄠˇ ㄢ
早晚,1,ㄗㄠˇ ㄨㄢˇ
蚤,1,ㄗㄠˇ
棗,1,ㄗㄠˇ
棗泥,1,ㄗㄠˇ ㄋㄧˊ
棗紅色,1,ㄗㄠˇ ㄏㄨㄥˊ ㄙㄜˋ
棗子,1,ㄗㄠˇ ㄗ˙
澡,1,ㄗㄠˇ
澡堂,1,ㄗㄠˇ ㄊㄤˊ
藻,1,ㄗㄠˇ
藻類,1,ㄗㄠˇ ㄌㄟˋ
藻飾,1,ㄗㄠˇ ㄕˋ
灶,1,ㄗㄠˋ
灶神,1,ㄗㄠˋ ㄕㄣˊ
灶王爺,1,ㄗㄠˋ ㄨㄤˊ ㄧㄝˊ
皂,1,ㄗㄠˋ
皂白不分,1,ㄗㄠˋ ㄅㄞˊ ㄅㄨˋ ㄈㄣ
造,1,ㄗㄠˋ
造反,1,ㄗㄠˋ ㄈㄢˇ
造訪,1,ㄗㄠˋ ㄈㄤˇ
造福,1,ㄗㄠˋ ㄈㄨˊ
造孽,1,ㄗㄠˋ ㄋㄧㄝˋ
造林,1,ㄗㄠˋ ㄌㄧㄣˊ
造化,1,ㄗㄠˋ ㄏㄨㄚˋ
造假,1,ㄗㄠˋ ㄐㄧㄚˇ
造價,1,ㄗㄠˋ ㄐㄧㄚˋ
造就,1,ㄗㄠˋ ㄐㄧㄡˋ
造句,1,ㄗㄠˋ ㄐㄩˋ
造型,1,ㄗㄠˋ ㄒㄧㄥˊ
造紙,1,ㄗㄠˋ ㄓˇ
造成,1,ㄗㄠˋ ㄔㄥˊ
造船,1,ㄗㄠˋ ㄔㄨㄢˊ
造勢,1,ㄗㄠˋ ㄕˋ
造作,1,ㄗㄠˋ ㄗㄨㄛˋ
造詞,1,ㄗㄠˋ ㄘˊ
造次,1,ㄗㄠˋ ㄘˋ
造詣,1,ㄗㄠˋ ㄧˋ
造謠,1,ㄗㄠˋ ㄧㄠˊ
造謠惑眾,1,ㄗㄠˋ ㄧㄠˊ ㄏㄨㄛˋ ㄓㄨㄥˋ
造謠生事,1,ㄗㄠˋ ㄧㄠˊ ㄕㄥ ㄕˋ
造物者,1,ㄗㄠˋ ㄨˋ ㄓㄜˇ
噪,1,ㄗㄠˋ
噪音,1,ㄗㄠˋ ㄧㄣ
噪音汙染,1,ㄗㄠˋ ㄧㄣ ㄨ ㄖㄢˇ
燥,1,ㄗㄠˋ
燥熱,1,ㄗㄠˋ ㄖㄜˋ
譟,1,ㄗㄠˋ
躁,1,ㄗㄠˋ
躁進,1,ㄗㄠˋ ㄐㄧㄣˋ
鄒,1,ㄗㄡ
謅,1,ㄗㄡ
走,1,ㄗㄡˇ
走避,1,ㄗㄡˇ ㄅㄧˋ
走遍天下,1,ㄗㄡˇ ㄅㄧㄢˋ ㄊㄧㄢ ㄒㄧㄚˋ
走步,1,ㄗㄡˇ ㄅㄨˋ
走馬燈,1,ㄗㄡˇ ㄇㄚˇ ㄉㄥ
走馬看花,1,ㄗㄡˇ ㄇㄚˇ ㄎㄢˋ ㄏㄨㄚ
走馬換將,1,ㄗㄡˇ ㄇㄚˇ ㄏㄨㄢˋ ㄐㄧㄤˋ
走馬上任,1,ㄗㄡˇ ㄇㄚˇ ㄕㄤˋ ㄖㄣˋ
走訪,1,ㄗㄡˇ ㄈㄤˇ
走道,1,ㄗㄡˇ ㄉㄠˋ
走動,1,ㄗㄡˇ ㄉㄨㄥˋ
走投無路,1,ㄗㄡˇ ㄊㄡˊ ㄨˊ ㄌㄨˋ
走漏,1,ㄗㄡˇ ㄌㄡˋ
走漏風聲,1,ㄗㄡˇ ㄌㄡˋ ㄈㄥ ㄕㄥ
走漏消息,1,ㄗㄡˇ ㄌㄡˋ ㄒㄧㄠ ㄒㄧˊ
走廊,1,ㄗㄡˇ ㄌㄤˊ
走路,1,ㄗㄡˇ ㄌㄨˋ
走狗,1,ㄗㄡˇ ㄍㄡˇ
走後門,1,ㄗㄡˇ ㄏㄡˋ ㄇㄣˊ
走火,1,ㄗㄡˇ ㄏㄨㄛˇ
走火入魔,1,ㄗㄡˇ ㄏㄨㄛˇ ㄖㄨˋ ㄇㄛˊ
走紅,1,ㄗㄡˇ ㄏㄨㄥˊ
走近,1,ㄗㄡˇ ㄐㄧㄣˋ
走進,1,ㄗㄡˇ ㄐㄧㄣˋ
走江湖,1,ㄗㄡˇ ㄐㄧㄤ ㄏㄨˊ
走下坡,1,ㄗㄡˇ ㄒㄧㄚˋ ㄆㄛ
走向,1,ㄗㄡˇ ㄒㄧㄤˋ
走著瞧,1,ㄗㄡˇ ㄓㄜ˙ ㄑㄧㄠˊ
走失,1,ㄗㄡˇ ㄕ
走勢,1,ㄗㄡˇ ㄕˋ
走獸,1,ㄗㄡˇ ㄕㄡˋ
走走,1,ㄗㄡˇ ㄗㄡˇ
走走,1,ㄗㄡˇ ㄗㄡ˙
走私,1,ㄗㄡˇ ㄙ
走散,1,ㄗㄡˇ ㄙㄢˋ
走音,1,ㄗㄡˇ ㄧㄣ
走樣,1,ㄗㄡˇ ㄧㄤˋ
走為上策,1,ㄗㄡˇ ㄨㄟˊ ㄕㄤˋ ㄘㄜˋ
走位,1,ㄗㄡˇ ㄨㄟˋ
走味,1,ㄗㄡˇ ㄨㄟˋ
走運,1,ㄗㄡˇ ㄩㄣˋ
奏,1,ㄗㄡˋ
奏鳴曲,1,ㄗㄡˋ ㄇㄧㄥˊ ㄑㄩˇ
奏捷,1,ㄗㄡˋ ㄐㄧㄝˊ
奏效,1,ㄗㄡˋ ㄒㄧㄠˋ
奏摺,1,ㄗㄡˋ ㄓㄜˊ
奏樂,1,ㄗㄡˋ ㄩㄝˋ
揍,1,ㄗㄡˋ
揍人,1,ㄗㄡˋ ㄖㄣˊ
驟,1,ㄗㄡˋ
驟變,1,ㄗㄡˋ ㄅㄧㄢˋ
驟跌,1,ㄗㄡˋ ㄉㄧㄝˊ
驟降,1,ㄗㄡˋ ㄐㄧㄤˋ
驟然,1,ㄗㄡˋ ㄖㄢˊ
驟雨,1,ㄗㄡˋ ㄩˇ
簪,1,ㄗㄢ
簪花,1,ㄗㄢ ㄏㄨㄚ
咱,1,ㄗㄢˊ
咱們,1,ㄗㄢˊ ㄇㄣ˙
糌,1,ㄗㄢˊ
糌粑,1,ㄗㄢˊ ㄅㄚ
拶,1,ㄗㄢˇ
攢,1,ㄗㄢˇ
攢錢,1,ㄗㄢˇ ㄑㄧㄢˊ
贊,1,ㄗㄢˋ
贊同,1,ㄗㄢˋ ㄊㄨㄥˊ
贊助,1,ㄗㄢˋ ㄓㄨˋ
贊成,1,ㄗㄢˋ ㄔㄥˊ
讚,1,ㄗㄢˋ
讚不絕口,1,ㄗㄢˋ ㄅㄨˋ ㄐㄩㄝˊ ㄎㄡˇ
讚佩,1,ㄗㄢˋ ㄆㄟˋ
讚美,1,ㄗㄢˋ ㄇㄟˇ
讚嘆,1,ㄗㄢˋ ㄊㄢˋ
讚許,1,ㄗㄢˋ ㄒㄩˇ
讚賞,1,ㄗㄢˋ ㄕㄤˇ
讚頌,1,ㄗㄢˋ ㄙㄨㄥˋ
讚揚,1,ㄗㄢˋ ㄧㄤˊ
讚譽,1,ㄗㄢˋ ㄩˋ
怎,1,ㄗㄣˇ
怎不,1,ㄗㄣˇ ㄅㄨˋ
怎麼,1,ㄗㄣˇ ㄇㄜ˙
怎麼辦,1,ㄗㄣˇ ㄇㄜ˙ ㄅㄢˋ
怎樣,1,ㄗㄣˇ ㄧㄤˋ
譖,1,ㄗㄣˋ
臧,1,ㄗㄤ
贓,1,ㄗㄤ
贓款,1,ㄗㄤ ㄎㄨㄢˇ
贓物,1,ㄗㄤ ㄨˋ
髒,1,ㄗㄤ
髒亂,1,ㄗㄤ ㄌㄨㄢˋ
髒話,1,ㄗㄤ ㄏㄨㄚˋ
髒兮兮,1,ㄗㄤ ㄒㄧ ㄒㄧ
臢,1,ㄗㄤ
奘,1,ㄗㄤˋ
葬,1,ㄗㄤˋ
葬禮,1,ㄗㄤˋ ㄌㄧˇ
葬身,1,ㄗㄤˋ ㄕㄣ
葬身之地,1,ㄗㄤˋ ㄕㄣ ㄓ ㄉㄧˋ
葬送,1,ㄗㄤˋ ㄙㄨㄥˋ
藏,1,ㄗㄤˋ
臟,1,ㄗㄤˋ
臟腑,1,ㄗㄤˋ ㄈㄨˇ
曾,1,ㄗㄥ
曾祖,1,ㄗㄥ ㄗㄨˇ
曾祖母,1,ㄗㄥ ㄗㄨˇ ㄇㄨˇ
曾祖父,1,ㄗㄥ ㄗㄨˇ ㄈㄨˋ
曾孫,1,ㄗㄥ ㄙㄨㄣ
憎,1,ㄗㄥ
憎恨,1,ㄗㄥ ㄏㄣˋ
憎惡,1,ㄗㄥ ㄨˋ
增,1,ㄗㄥ
增補,1,ㄗㄥ ㄅㄨˇ
增闢,1,ㄗㄥ ㄆㄧˋ
增聘,1,ㄗㄥ ㄆㄧㄥˋ
增訂,1,ㄗㄥ ㄉㄧㄥˋ
增多,1,ㄗㄥ ㄉㄨㄛ
增添,1,ㄗㄥ ㄊㄧㄢ
增列,1,ㄗㄥ ㄌㄧㄝˋ
增高,1,ㄗㄥ ㄍㄠ
增光,1,ㄗㄥ ㄍㄨㄤ
增廣,1,ㄗㄥ ㄍㄨㄤˇ
增刊,1,ㄗㄥ ㄎㄢ
增加,1,ㄗㄥ ㄐㄧㄚ
增減,1,ㄗㄥ ㄐㄧㄢˇ
增建,1,ㄗㄥ ㄐㄧㄢˋ
增進,1,ㄗㄥ ㄐㄧㄣˋ
增強,1,ㄗㄥ ㄑㄧㄤˊ
增值,1,ㄗㄥ ㄓˊ
增長,1,ㄗㄥ ㄓㄤˇ
增產,1,ㄗㄥ ㄔㄢˇ
增設,1,ㄗㄥ ㄕㄜˋ
增資,1,ㄗㄥ ㄗ
增色,1,ㄗㄥ ㄙㄜˋ
增益,1,ㄗㄥ ㄧˋ
增援,1,ㄗㄥ ㄩㄢˊ
繒,1,ㄗㄥ
甑,1,ㄗㄥˋ
贈,1,ㄗㄥˋ
贈品,1,ㄗㄥˋ ㄆㄧㄣˇ
贈獎,1,ㄗㄥˋ ㄐㄧㄤˇ
贈送,1,ㄗㄥˋ ㄙㄨㄥˋ
贈言,1,ㄗㄥˋ ㄧㄢˊ
贈予,1,ㄗㄥˋ ㄩˇ
贈與,1,ㄗㄥˋ ㄩˇ
贈閱,1,ㄗㄥˋ ㄩㄝˋ
租,1,ㄗㄨ
租費,1,ㄗㄨ ㄈㄟˋ
租賃,1,ㄗㄨ ㄌㄧㄣˋ
租戶,1,ㄗㄨ ㄏㄨˋ
租界,1,ㄗㄨ ㄐㄧㄝˋ
租借,1,ㄗㄨ ㄐㄧㄝˋ
租金,1,ㄗㄨ ㄐㄧㄣ
租期,1,ㄗㄨ ㄑㄧˊ
租稅,1,ㄗㄨ ㄕㄨㄟˋ
租屋,1,ㄗㄨ ㄨ
租約,1,ㄗㄨ ㄩㄝ
租用,1,ㄗㄨ ㄩㄥˋ
足,1,ㄗㄨˊ
足不出戶,1,ㄗㄨˊ ㄅㄨˋ ㄔㄨ ㄏㄨˋ
足部,1,ㄗㄨˊ ㄅㄨˋ
足夠,1,ㄗㄨˊ ㄍㄡˋ
足跡,1,ㄗㄨˊ ㄐㄧ
足球,1,ㄗㄨˊ ㄑㄧㄡˊ
足下,1,ㄗㄨˊ ㄒㄧㄚˋ
足癬,1,ㄗㄨˊ ㄒㄧㄢˇ
足智多謀,1,ㄗㄨˊ ㄓˋ ㄉㄨㄛ ㄇㄡˊ
足色,1,ㄗㄨˊ ㄙㄜˋ
足額,1,ㄗㄨˊ ㄜˊ
卒,1,ㄗㄨˊ
卒年,1,ㄗㄨˊ ㄋㄧㄢˊ
卒子,1,ㄗㄨˊ ㄗ˙
卒業,1,ㄗㄨˊ ㄧㄝˋ
族,1,ㄗㄨˊ
族譜,1,ㄗㄨˊ ㄆㄨˇ
族長,1,ㄗㄨˊ ㄓㄤˇ
族人,1,ㄗㄨˊ ㄖㄣˊ
鏃,1,ㄗㄨˊ
阻,1,ㄗㄨˇ
阻擋,1,ㄗㄨˇ ㄉㄤˇ
阻斷,1,ㄗㄨˇ ㄉㄨㄢˋ
阻撓,1,ㄗㄨˇ ㄋㄠˊ
阻難,1,ㄗㄨˇ ㄋㄢˊ
阻攔,1,ㄗㄨˇ ㄌㄢˊ
阻力,1,ㄗㄨˇ ㄌㄧˋ
阻隔,1,ㄗㄨˇ ㄍㄜˊ
阻梗,1,ㄗㄨˇ ㄍㄥˇ
阻絕,1,ㄗㄨˇ ㄐㄩㄝˊ
阻止,1,ㄗㄨˇ ㄓˇ
阻滯,1,ㄗㄨˇ ㄓˋ
阻擾,1,ㄗㄨˇ ㄖㄠˇ
阻塞,1,ㄗㄨˇ ㄙㄜˋ
阻礙,1,ㄗㄨˇ ㄞˋ
俎,1,ㄗㄨˇ
俎上肉,1,ㄗㄨˇ ㄕㄤˋ ㄖㄡˋ
祖,1,ㄗㄨˇ
祖母,1,ㄗㄨˇ ㄇㄨˇ
祖父,1,ㄗㄨˇ ㄈㄨˋ
祖國,1,ㄗㄨˇ ㄍㄨㄛˊ
祖籍,1,ㄗㄨˇ ㄐㄧˊ
祖先,1,ㄗㄨˇ ㄒㄧㄢ
祖產,1,ㄗㄨˇ ㄔㄢˇ
祖傳,1,ㄗㄨˇ ㄔㄨㄢˊ
祖師,1,ㄗㄨˇ ㄕ
祖宗,1,ㄗㄨˇ ㄗㄨㄥ
組,1,ㄗㄨˇ
組合,1,ㄗㄨˇ ㄏㄜˊ
組件,1,ㄗㄨˇ ㄐㄧㄢˋ
組曲,1,ㄗㄨˇ ㄑㄩˇ
組訓,1,ㄗㄨˇ ㄒㄩㄣˋ
組織,1,ㄗㄨˇ ㄓ
組長,1,ㄗㄨˇ ㄓㄤˇ
組成,1,ㄗㄨˇ ㄔㄥˊ
組員,1,ㄗㄨˇ ㄩㄢˊ
詛,1,ㄗㄨˇ
詛咒,1,ㄗㄨˇ ㄓㄡˋ
嘬,1,ㄗㄨㄛ
作,1,ㄗㄨㄛˊ
作料,1,ㄗㄨㄛˊ ㄌㄧㄠˋ
作踐,1,ㄗㄨㄛˋ ㄐㄧㄢˋ
昨,1,ㄗㄨㄛˊ
昨天,1,ㄗㄨㄛˊ ㄊㄧㄢ
昨日,1,ㄗㄨㄛˊ ㄖˋ
昨夜,1,ㄗㄨㄛˊ ㄧㄝˋ
昨晚,1,ㄗㄨㄛˊ ㄨㄢˇ
左,1,ㄗㄨㄛˇ
左邊,1,ㄗㄨㄛˇ ㄅㄧㄢ
左撇子,1,ㄗㄨㄛˇ ㄆㄧㄝˇ ㄗ˙
左派,1,ㄗㄨㄛˇ ㄆㄞˋ
左鄰右舍,1,ㄗㄨㄛˇ ㄌㄧㄣˊ ㄧㄡˋ ㄕㄜˋ
左輪,1,ㄗㄨㄛˇ ㄌㄨㄣˊ
左顧右盼,1,ㄗㄨㄛˇ ㄍㄨˋ ㄧㄡˋ ㄆㄢˋ
左傾,1,ㄗㄨㄛˇ ㄑㄧㄥ
左舷,1,ㄗㄨㄛˇ ㄒㄧㄢˊ
左支右絀,1,ㄗㄨㄛˇ ㄓ ㄧㄡˋ ㄔㄨˋ
左轉,1,ㄗㄨㄛˇ ㄓㄨㄢˇ
左手,1,ㄗㄨㄛˇ ㄕㄡˇ
左側,1,ㄗㄨㄛˇ ㄘㄜˋ
左思右想,1,ㄗㄨㄛˇ ㄙ ㄧㄡˋ ㄒㄧㄤˇ
左翼,1,ㄗㄨㄛˇ ㄧˋ
左右,1,ㄗㄨㄛˇ ㄧㄡˋ
左右逢源,1,ㄗㄨㄛˇ ㄧㄡˋ ㄈㄥˊ ㄩㄢˊ
左右開弓,1,ㄗㄨㄛˇ ㄧㄡˋ ㄎㄞ ㄍㄨㄥ
左右手,1,ㄗㄨㄛˇ ㄧㄡˋ ㄕㄡˇ
左右為難,1,ㄗㄨㄛˇ ㄧㄡˋ ㄨㄟˊ ㄋㄢˊ
左擁右抱,1,ㄗㄨㄛˇ ㄩㄥˇ ㄧㄡˋ ㄅㄠˋ
佐,1,ㄗㄨㄛˇ
佐理,1,ㄗㄨㄛˇ ㄌㄧˇ
佐料,1,ㄗㄨㄛˇ ㄌㄧㄠˋ
佐證,1,ㄗㄨㄛˇ ㄓㄥˋ
佐膳,1,ㄗㄨㄛˇ ㄕㄢˋ
佐餐,1,ㄗㄨㄛˇ ㄘㄢ
坐,1,ㄗㄨㄛˋ
坐大,1,ㄗㄨㄛˋ ㄉㄚˋ
坐定,1,ㄗㄨㄛˋ ㄉㄧㄥˋ
坐牢,1,ㄗㄨㄛˋ ㄌㄠˊ
坐冷板凳,1,ㄗㄨㄛˋ ㄌㄥˇ ㄅㄢˇ ㄉㄥˋ
坐立不安,1,ㄗㄨㄛˋ ㄌㄧˋ ㄅㄨˋ ㄢ
坐落,1,ㄗㄨㄛˋ ㄌㄨㄛˋ
坐骨,1,ㄗㄨㄛˋ ㄍㄨˇ
坐困愁城,1,ㄗㄨㄛˋ ㄎㄨㄣˋ ㄔㄡˊ ㄔㄥˊ
坐井觀天,1,ㄗㄨㄛˋ ㄐㄧㄥˇ ㄍㄨㄢ ㄊㄧㄢ
坐騎,1,ㄗㄨㄛˋ ㄑㄧˊ
坐下,1,ㄗㄨㄛˋ ㄒㄧㄚˋ
坐享其成,1,ㄗㄨㄛˋ ㄒㄧㄤˇ ㄑㄧˊ ㄔㄥˊ
坐鎮,1,ㄗㄨㄛˋ ㄓㄣˋ
坐吃山空,1,ㄗㄨㄛˋ ㄔ ㄕㄢ ㄎㄨㄥ
坐禪,1,ㄗㄨㄛˋ ㄔㄢˊ
坐失良機,1,ㄗㄨㄛˋ ㄕ ㄌㄧㄤˊ ㄐㄧ
坐視,1,ㄗㄨㄛˋ ㄕˋ
坐收漁利,1,ㄗㄨㄛˋ ㄕㄡ ㄩˊ ㄌㄧˋ
坐以待斃,1,ㄗㄨㄛˋ ㄧˇ ㄉㄞˋ ㄅㄧˋ
坐臥不寧,1,ㄗㄨㄛˋ ㄨㄛˋ ㄅㄨˋ ㄋㄧㄥˊ
坐位,1,ㄗㄨㄛˋ ㄨㄟˋ
坐月子,1,ㄗㄨㄛˋ ㄩㄝˋ ㄗ˙
坐擁書城,1,ㄗㄨㄛˋ ㄩㄥˇ ㄕㄨ ㄔㄥˊ
座,1,ㄗㄨㄛˋ
座標,1,ㄗㄨㄛˋ ㄅㄧㄠ
座談,1,ㄗㄨㄛˋ ㄊㄢˊ
座談會,1,ㄗㄨㄛˋ ㄊㄢˊ ㄏㄨㄟˋ
座落,1,ㄗㄨㄛˋ ㄌㄨㄛˋ
座號,1,ㄗㄨㄛˋ ㄏㄠˋ
座車,1,ㄗㄨㄛˋ ㄔㄜ
座上客,1,ㄗㄨㄛˋ ㄕㄤˋ ㄎㄜˋ
座艙,1,ㄗㄨㄛˋ ㄘㄤ
座椅,1,ㄗㄨㄛˋ ㄧˇ
座右銘,1,ㄗㄨㄛˋ ㄧㄡˋ ㄇㄧㄥˊ
座無虛席,1,ㄗㄨㄛˋ ㄨˊ ㄒㄩ ㄒㄧˊ
座位,1,ㄗㄨㄛˋ ㄨㄟˋ
唑,1,ㄗㄨㄛˋ
作,1,ㄗㄨㄛˋ
作罷,1,ㄗㄨㄛˋ ㄅㄚˋ
作保,1,ㄗㄨㄛˋ ㄅㄠˇ
作伴,1,ㄗㄨㄛˋ ㄅㄢˋ
作弊,1,ㄗㄨㄛˋ ㄅㄧˋ
作壁上觀,1,ㄗㄨㄛˋ ㄅㄧˋ ㄕㄤˋ ㄍㄨㄢ
作陪,1,ㄗㄨㄛˋ ㄆㄟˊ
作品,1,ㄗㄨㄛˋ ㄆㄧㄣˇ
作法,1,ㄗㄨㄛˋ ㄈㄚˇ
作法自斃,1,ㄗㄨㄛˋ ㄈㄚˇ ㄗˋ ㄅㄧˋ
作廢,1,ㄗㄨㄛˋ ㄈㄟˋ
作坊,1,ㄗㄨㄛˋ ㄈㄤ
作風,1,ㄗㄨㄛˋ ㄈㄥ
作答,1,ㄗㄨㄛˋ ㄉㄚˊ
作對,1,ㄗㄨㄛˋ ㄉㄨㄟˋ
作東,1,ㄗㄨㄛˋ ㄉㄨㄥ
作弄,1,ㄗㄨㄛˋ ㄋㄨㄥˋ
作樂,1,ㄗㄨㄛˋ ㄌㄜˋ
作亂,1,ㄗㄨㄛˋ ㄌㄨㄢˋ
作梗,1,ㄗㄨㄛˋ ㄍㄥˇ
作古,1,ㄗㄨㄛˋ ㄍㄨˇ
作怪,1,ㄗㄨㄛˋ ㄍㄨㄞˋ
作畫,1,ㄗㄨㄛˋ ㄏㄨㄚˋ
作家,1,ㄗㄨㄛˋ ㄐㄧㄚ
作假,1,ㄗㄨㄛˋ ㄐㄧㄚˇ
作奸犯科,1,ㄗㄨㄛˋ ㄐㄧㄢ ㄈㄢˋ ㄎㄜ
作繭自縛,1,ㄗㄨㄛˋ ㄐㄧㄢˇ ㄗˋ ㄈㄨˊ
作曲,1,ㄗㄨㄛˋ ㄑㄩˇ
作息,1,ㄗㄨㄛˋ ㄒㄧˊ
作秀,1,ㄗㄨㄛˋ ㄒㄧㄡˋ
作者,1,ㄗㄨㄛˋ ㄓㄜˇ
作戰,1,ㄗㄨㄛˋ ㄓㄢˋ
作證,1,ㄗㄨㄛˋ ㄓㄥˋ
作主,1,ㄗㄨㄛˋ ㄓㄨˇ
作詩填詞,1,ㄗㄨㄛˋ ㄕ ㄊㄧㄢˊ ㄘˊ
作聲,1,ㄗㄨㄛˋ ㄕㄥ
作賊心虛,1,ㄗㄨㄛˋ ㄗㄟˊ ㄒㄧㄣ ㄒㄩ
作祟,1,ㄗㄨㄛˋ ㄙㄨㄟˋ
作惡多端,1,ㄗㄨㄛˋ ㄜˋ ㄉㄨㄛ ㄉㄨㄢ
作嘔,1,ㄗㄨㄛˋ ㄡˇ
作揖,1,ㄗㄨㄛˋ ㄧ
作業,1,ㄗㄨㄛˋ ㄧㄝˋ
作物,1,ㄗㄨㄛˋ ㄨˋ
作威作福,1,ㄗㄨㄛˋ ㄨㄟ ㄗㄨㄛˋ ㄈㄨˊ
作為,1,ㄗㄨㄛˋ ㄨㄟˊ
作文,1,ㄗㄨㄛˋ ㄨㄣˊ
作育英才,1,ㄗㄨㄛˋ ㄩˋ ㄧㄥ ㄘㄞˊ
作用,1,ㄗㄨㄛˋ ㄩㄥˋ
怍,1,ㄗㄨㄛˋ
祚,1,ㄗㄨㄛˋ
酢,1,ㄗㄨㄛˋ
做,1,ㄗㄨㄛˋ
做夢,1,ㄗㄨㄛˋ ㄇㄥˋ
做東道,1,ㄗㄨㄛˋ ㄉㄨㄥ ㄉㄠˋ
做禮拜,1,ㄗㄨㄛˋ ㄌㄧˇ ㄅㄞˋ
做臉,1,ㄗㄨㄛˋ ㄌㄧㄢˇ
做官,1,ㄗㄨㄛˋ ㄍㄨㄢ
做工,1,ㄗㄨㄛˋ ㄍㄨㄥ
做客,1,ㄗㄨㄛˋ ㄎㄜˋ
做七,1,ㄗㄨㄛˋ ㄑㄧ
做莊,1,ㄗㄨㄛˋ ㄓㄨㄤ
做事,1,ㄗㄨㄛˋ ㄕˋ
做生意,1,ㄗㄨㄛˋ ㄕㄥ ㄧ˙
做聲,1,ㄗㄨㄛˋ ㄕㄥ
做人,1,ㄗㄨㄛˋ ㄖㄣˊ
做人情,1,ㄗㄨㄛˋ ㄖㄣˊ ㄑㄧㄥˊ
做人處事,1,ㄗㄨㄛˋ ㄖㄣˊ ㄔㄨˇ ㄕˋ
做作,1,ㄗㄨㄛˋ ㄗㄨㄛˋ
做案,1,ㄗㄨㄛˋ ㄢˋ
嘴,1,ㄗㄨㄟˇ
嘴巴,1,ㄗㄨㄟˇ ㄅㄚ
嘴巴,1,ㄗㄨㄟˇ ㄅㄚ˙
嘴笨,1,ㄗㄨㄟˇ ㄅㄣˋ
嘴皮子,1,ㄗㄨㄟˇ ㄆㄧˊ ㄗ˙
嘴臉,1,ㄗㄨㄟˇ ㄌㄧㄢˇ
嘴快,1,ㄗㄨㄟˇ ㄎㄨㄞˋ
嘴尖舌薄,1,ㄗㄨㄟˇ ㄐㄧㄢ ㄕㄜˊ ㄅㄛˊ
嘴饞,1,ㄗㄨㄟˇ ㄔㄢˊ
嘴脣,1,ㄗㄨㄟˇ ㄔㄨㄣˊ
嘴碎,1,ㄗㄨㄟˇ ㄙㄨㄟˋ
嘴硬,1,ㄗㄨㄟˇ ㄧㄥˋ
晬,1,ㄗㄨㄟˋ
醉,1,ㄗㄨㄟˋ
醉漢,1,ㄗㄨㄟˋ ㄏㄢˋ
醉拳,1,ㄗㄨㄟˋ ㄑㄩㄢˊ
醉心,1,ㄗㄨㄟˋ ㄒㄧㄣ
醉醺醺,1,ㄗㄨㄟˋ ㄒㄩㄣ ㄒㄩㄣ
醉生夢死,1,ㄗㄨㄟˋ ㄕㄥ ㄇㄥˋ ㄙˇ
醉意,1,ㄗㄨㄟˋ ㄧˋ
醉翁之意不在酒,1,ㄗㄨㄟˋ ㄨㄥ ㄓ ㄧˋ ㄅㄨˋ ㄗㄞˋ ㄐㄧㄡˇ
醉翁之意不在酒,1,ㄗㄨㄟˋ ㄨㄥ ㄓ ㄧˋ ㄅㄨˊ ㄗㄞˋ ㄐㄧㄡˇ
最,1,ㄗㄨㄟˋ
最拿手,1,ㄗㄨㄟˋ ㄋㄚˊ ㄕㄡˇ
最高法院,1,ㄗㄨㄟˋ ㄍㄠ ㄈㄚˇ ㄩㄢˋ
最好,1,ㄗㄨㄟˋ ㄏㄠˇ
最後,1,ㄗㄨㄟˋ ㄏㄡˋ
最後的晚餐,1,ㄗㄨㄟˋ ㄏㄡˋ ㄉㄜ˙ ㄨㄢˇ ㄘㄢ
最後通牒,1,ㄗㄨㄟˋ ㄏㄡˋ ㄊㄨㄥ ㄉㄧㄝˊ
最惠國待遇,1,ㄗㄨㄟˋ ㄏㄨㄟˋ ㄍㄨㄛˊ ㄉㄞˋ ㄩˋ
最近,1,ㄗㄨㄟˋ ㄐㄧㄣˋ
最終,1,ㄗㄨㄟˋ ㄓㄨㄥ
最初,1,ㄗㄨㄟˋ ㄔㄨ
蕞,1,ㄗㄨㄟˋ
蕞爾,1,ㄗㄨㄟˋ ㄦˇ
罪,1,ㄗㄨㄟˋ
罪不可赦,1,ㄗㄨㄟˋ ㄅㄨˋ ㄎㄜˇ ㄕㄜˋ
罪名,1,ㄗㄨㄟˋ ㄇㄧㄥˊ
罪犯,1,ㄗㄨㄟˋ ㄈㄢˋ
罪大惡極,1,ㄗㄨㄟˋ ㄉㄚˋ ㄜˋ ㄐㄧˊ
罪孽,1,ㄗㄨㄟˋ ㄋㄧㄝˋ
罪該萬死,1,ㄗㄨㄟˋ ㄍㄞ ㄨㄢˋ ㄙˇ
罪過,1,ㄗㄨㄟˋ ㄍㄨㄛˋ
罪魁,1,ㄗㄨㄟˋ ㄎㄨㄟˊ
罪魁禍首,1,ㄗㄨㄟˋ ㄎㄨㄟˊ ㄏㄨㄛˋ ㄕㄡˇ
罪嫌,1,ㄗㄨㄟˋ ㄒㄧㄢˊ
罪刑,1,ㄗㄨㄟˋ ㄒㄧㄥˊ
罪刑法定原則,1,ㄗㄨㄟˋ ㄒㄧㄥˊ ㄈㄚˇ ㄉㄧㄥˋ ㄩㄢˊ ㄗㄜˊ
罪證,1,ㄗㄨㄟˋ ㄓㄥˋ
罪狀,1,ㄗㄨㄟˋ ㄓㄨㄤˋ
罪惡,1,ㄗㄨㄟˋ ㄜˋ
罪案,1,ㄗㄨㄟˋ ㄢˋ
罪有應得,1,ㄗㄨㄟˋ ㄧㄡˇ ㄧㄥ ㄉㄜˊ
罪無可逭,1,ㄗㄨㄟˋ ㄨˊ ㄎㄜˇ ㄏㄨㄢˋ
鑽,1,ㄗㄨㄢ
鑽探,1,ㄗㄨㄢ ㄊㄢˋ
鑽天入地,1,ㄗㄨㄢ ㄊㄧㄢ ㄖㄨˋ ㄉㄧˋ
鑽牛角尖,1,ㄗㄨㄢ ㄋㄧㄡˊ ㄐㄧㄠˇ ㄐㄧㄢ
鑽孔,1,ㄗㄨㄢ ㄎㄨㄥˇ
鑽床,1,ㄗㄨㄢ ㄔㄨㄤˊ
鑽研,1,ㄗㄨㄢ ㄧㄢˊ
鑽營,1,ㄗㄨㄢ ㄧㄥˊ
纂,1,ㄗㄨㄢˇ
纂兒,1,ㄗㄨㄢˇ ㄦ
纂兒,1,ㄗㄨㄚˇ ㄦ
鑽,1,ㄗㄨㄢˋ
鑽戒,1,ㄗㄨㄢˋ ㄐㄧㄝˋ
鑽石,1,ㄗㄨㄢˋ ㄕˊ
鑽子,1,ㄗㄨㄢˋ ㄗ˙
尊,1,ㄗㄨㄣ
尊夫人,1,ㄗㄨㄣ ㄈㄨ ㄖㄣˊ
尊貴,1,ㄗㄨㄣ ㄍㄨㄟˋ
尊敬,1,ㄗㄨㄣ ㄐㄧㄥˋ
尊前,1,ㄗㄨㄣ ㄑㄧㄢˊ
尊姓大名,1,ㄗㄨㄣ ㄒㄧㄥˋ ㄉㄚˋ ㄇㄧㄥˊ
尊長,1,ㄗㄨㄣ ㄓㄤˇ
尊重,1,ㄗㄨㄣ ㄓㄨㄥˋ
尊稱,1,ㄗㄨㄣ ㄔㄥ
尊崇,1,ㄗㄨㄣ ㄔㄨㄥˊ
尊師重道,1,ㄗㄨㄣ ㄕ ㄓㄨㄥˋ ㄉㄠˋ
尊容,1,ㄗㄨㄣ ㄖㄨㄥˊ
尊榮,1,ㄗㄨㄣ ㄖㄨㄥˊ
尊嚴,1,ㄗㄨㄣ ㄧㄢˊ
尊翁,1,ㄗㄨㄣ ㄨㄥ
遵,1,ㄗㄨㄣ
遵辦,1,ㄗㄨㄣ ㄅㄢˋ
遵命,1,ㄗㄨㄣ ㄇㄧㄥˋ
遵奉,1,ㄗㄨㄣ ㄈㄥˋ
遵循,1,ㄗㄨㄣ ㄒㄩㄣˊ
遵照,1,ㄗㄨㄣ ㄓㄠˋ
遵守,1,ㄗㄨㄣ ㄕㄡˇ
遵從,1,ㄗㄨㄣ ㄘㄨㄥˊ
樽,1,ㄗㄨㄣ
鱒,1,ㄗㄨㄣ
鱒魚,1,ㄗㄨㄣ ㄩˊ
圳,1,ㄗㄨㄣˋ
宗,1,ㄗㄨㄥ
宗廟,1,ㄗㄨㄥ ㄇㄧㄠˋ
宗教,1,ㄗㄨㄥ ㄐㄧㄠˋ
宗親,1,ㄗㄨㄥ ㄑㄧㄣ
宗親會,1,ㄗㄨㄥ ㄑㄧㄣ ㄏㄨㄟˋ
宗旨,1,ㄗㄨㄥ ㄓˇ
宗主國,1,ㄗㄨㄥ ㄓㄨˇ ㄍㄨㄛˊ
宗師,1,ㄗㄨㄥ ㄕ
宗室,1,ㄗㄨㄥ ㄕˋ
宗族,1,ㄗㄨㄥ ㄗㄨˊ
宗祠,1,ㄗㄨㄥ ㄘˊ
棕,1,ㄗㄨㄥ
棕色,1,ㄗㄨㄥ ㄙㄜˋ
鬃,1,ㄗㄨㄥ
從,1,ㄗㄨㄥ
縱,1,ㄗㄨㄥ
縱隊,1,ㄗㄨㄥ ㄉㄨㄟˋ
縱谷,1,ㄗㄨㄥ ㄍㄨˇ
縱貫,1,ㄗㄨㄥ ㄍㄨㄢˋ
縱橫,1,ㄗㄨㄥ ㄏㄥˊ
縱走,1,ㄗㄨㄥ ㄗㄡˇ
蹤,1,ㄗㄨㄥ
蹤跡,1,ㄗㄨㄥ ㄐㄧ
蹤影,1,ㄗㄨㄥ ㄧㄥˇ
傯,1,ㄗㄨㄥˇ
總,1,ㄗㄨㄥˇ
總部,1,ㄗㄨㄥˇ ㄅㄨˋ
總編輯,1,ㄗㄨㄥˇ ㄅㄧㄢ ㄐㄧˊ
總評,1,ㄗㄨㄥˇ ㄆㄧㄥˊ
總代理,1,ㄗㄨㄥˇ ㄉㄞˋ ㄌㄧˇ
總督,1,ㄗㄨㄥˇ ㄉㄨ
總動員,1,ㄗㄨㄥˇ ㄉㄨㄥˋ ㄩㄢˊ
總體,1,ㄗㄨㄥˇ ㄊㄧˇ
總統直選,1,ㄗㄨㄥˇ ㄊㄨㄥˇ ㄓˊ ㄒㄩㄢˇ
總統制,1,ㄗㄨㄥˇ ㄊㄨㄥˇ ㄓˋ
總理,1,ㄗㄨㄥˇ ㄌㄧˇ
總領事,1,ㄗㄨㄥˇ ㄌㄧㄥˇ ㄕˋ
總論,1,ㄗㄨㄥˇ ㄌㄨㄣˋ
總幹事,1,ㄗㄨㄥˇ ㄍㄢˋ ㄕˋ
總綱,1,ㄗㄨㄥˇ ㄍㄤ
總括,1,ㄗㄨㄥˇ ㄍㄨㄚ
總歸,1,ㄗㄨㄥˇ ㄍㄨㄟ
總管,1,ㄗㄨㄥˇ ㄍㄨㄢˇ
總公司,1,ㄗㄨㄥˇ ㄍㄨㄥ ㄙ
總共,1,ㄗㄨㄥˇ ㄍㄨㄥˋ
總和,1,ㄗㄨㄥˇ ㄏㄜˊ
總行,1,ㄗㄨㄥˇ ㄏㄤˊ
總會,1,ㄗㄨㄥˇ ㄏㄨㄟˋ
總匯,1,ㄗㄨㄥˇ ㄏㄨㄟˋ
總機,1,ㄗㄨㄥˇ ㄐㄧ
總計,1,ㄗㄨㄥˇ ㄐㄧˋ
總結,1,ㄗㄨㄥˇ ㄐㄧㄝˊ
總教練,1,ㄗㄨㄥˇ ㄐㄧㄠˋ ㄌㄧㄢˋ
總監,1,ㄗㄨㄥˇ ㄐㄧㄢ
總經理,1,ㄗㄨㄥˇ ㄐㄧㄥ ㄌㄧˇ
總之,1,ㄗㄨㄥˇ ㄓ
總值,1,ㄗㄨㄥˇ ㄓˊ
總帳,1,ㄗㄨㄥˇ ㄓㄤˋ
總廠,1,ㄗㄨㄥˇ ㄔㄤˇ
總稱,1,ㄗㄨㄥˇ ㄔㄥ
總是,1,ㄗㄨㄥˇ ㄕˋ
總數,1,ㄗㄨㄥˇ ㄕㄨˋ
總則,1,ㄗㄨㄥˇ ㄗㄜˊ
總辭,1,ㄗㄨㄥˇ ㄘˊ
總裁,1,ㄗㄨㄥˇ ㄘㄞˊ
總司令,1,ㄗㄨㄥˇ ㄙ ㄌㄧㄥˋ
總算,1,ㄗㄨㄥˇ ㄙㄨㄢˋ
總額,1,ㄗㄨㄥˇ ㄜˊ
總而言之,1,ㄗㄨㄥˇ ㄦˊ ㄧㄢˊ ㄓ
總務,1,ㄗㄨㄥˇ ㄨˋ
從,1,ㄗㄨㄥˋ
從犯,1,ㄗㄨㄥˋ ㄈㄢˋ
縱,1,ㄗㄨㄥˋ
縱放,1,ㄗㄨㄥˋ ㄈㄤˋ
縱觀,1,ㄗㄨㄥˋ ㄍㄨㄢ
縱虎歸山,1,ㄗㄨㄥˋ ㄏㄨˇ ㄍㄨㄟ ㄕㄢ
縱火,1,ㄗㄨㄥˋ ㄏㄨㄛˇ
縱情,1,ㄗㄨㄥˋ ㄑㄧㄥˊ
縱使,1,ㄗㄨㄥˋ ㄕˇ
縱然,1,ㄗㄨㄥˋ ㄖㄢˊ
縱容,1,ㄗㄨㄥˋ ㄖㄨㄥˊ
縱慾,1,ㄗㄨㄥˋ ㄩˋ
粽,1,ㄗㄨㄥˋ
綜,1,ㄗㄨㄥˋ
綜理,1,ㄗㄨㄥˋ ㄌㄧˇ
綜論,1,ㄗㄨㄥˋ ㄌㄨㄣˋ
綜括,1,ㄗㄨㄥˋ ㄍㄨㄚ
綜觀,1,ㄗㄨㄥˋ ㄍㄨㄢ
綜合,1,ㄗㄨㄥˋ ㄏㄜˊ
綜合擴大機,1,ㄗㄨㄥˋ ㄏㄜˊ ㄎㄨㄛˋ ㄉㄚˋ ㄐㄧ
綜合存款,1,ㄗㄨㄥˋ ㄏㄜˊ ㄘㄨㄣˊ ㄎㄨㄢˇ
綜合所得稅,1,ㄗㄨㄥˋ ㄏㄜˊ ㄙㄨㄛˇ ㄉㄜˊ ㄕㄨㄟˋ
綜合銀行,1,ㄗㄨㄥˋ ㄏㄜˊ ㄧㄣˊ ㄏㄤˊ
綜藝團,1,ㄗㄨㄥˋ ㄧˋ ㄊㄨㄢˊ
綜藝節目,1,ㄗㄨㄥˋ ㄧˋ ㄐㄧㄝˊ ㄇㄨˋ
差,1,ㄘ
疵,1,ㄘ
雌,1,ㄘ
雌伏,1,ㄘ ㄈㄨˊ
雌黃,1,ㄘ ㄏㄨㄤˊ
雌雄,1,ㄘ ㄒㄩㄥˊ
雌雄莫辨,1,ㄘ ㄒㄩㄥˊ ㄇㄛˋ ㄅㄧㄢˋ
雌蕊,1,ㄘ ㄖㄨㄟˇ
雌威,1,ㄘ ㄨㄟ
祠,1,ㄘˊ
祠堂,1,ㄘˊ ㄊㄤˊ
詞,1,ㄘˊ
詞牌,1,ㄘˊ ㄆㄞˊ
詞鋒,1,ㄘˊ ㄈㄥ
詞典,1,ㄘˊ ㄉㄧㄢˇ
詞令,1,ㄘˊ ㄌㄧㄥˋ
詞彙,1,ㄘˊ ㄏㄨㄟˋ
詞句,1,ㄘˊ ㄐㄩˋ
詞窮,1,ㄘˊ ㄑㄩㄥˊ
詞性,1,ㄘˊ ㄒㄧㄥˋ
詞藻,1,ㄘˊ ㄗㄠˇ
詞組,1,ㄘˊ ㄗㄨˇ
詞素,1,ㄘˊ ㄙㄨˋ
詞尾,1,ㄘˊ ㄨㄟˇ
詞餘,1,ㄘˊ ㄩˊ
詞語,1,ㄘˊ ㄩˇ
茨,1,ㄘˊ
瓷,1,ㄘˊ
瓷土,1,ㄘˊ ㄊㄨˇ
瓷器,1,ㄘˊ ㄑㄧˋ
瓷磚,1,ㄘˊ ㄓㄨㄢ
茲,1,ㄘˊ
慈,1,ㄘˊ
慈悲,1,ㄘˊ ㄅㄟ
慈悲為懷,1,ㄘˊ ㄅㄟ ㄨㄟˊ ㄏㄨㄞˊ
慈眉善目,1,ㄘˊ ㄇㄟˊ ㄕㄢˋ ㄇㄨˋ
慈母,1,ㄘˊ ㄇㄨˇ
慈父,1,ㄘˊ ㄈㄨˋ
慈航,1,ㄘˊ ㄏㄤˊ
慈航普渡,1,ㄘˊ ㄏㄤˊ ㄆㄨˇ ㄉㄨˋ
慈暉,1,ㄘˊ ㄏㄨㄟ
慈祥,1,ㄘˊ ㄒㄧㄤˊ
慈善機構,1,ㄘˊ ㄕㄢˋ ㄐㄧ ㄍㄡˋ
慈藹,1,ㄘˊ ㄞˇ
慈愛,1,ㄘˊ ㄞˋ
慈幼,1,ㄘˊ ㄧㄡˋ
磁,1,ㄘˊ
磁片,1,ㄘˊ ㄆㄧㄢˋ
磁帶,1,ㄘˊ ㄉㄞˋ
磁碟,1,ㄘˊ ㄉㄧㄝˊ
磁碟片,1,ㄘˊ ㄉㄧㄝˊ ㄆㄧㄢˋ
磁鐵,1,ㄘˊ ㄊㄧㄝˇ
磁力,1,ㄘˊ ㄌㄧˋ
磁化,1,ㄘˊ ㄏㄨㄚˋ
磁極,1,ㄘˊ ㄐㄧˊ
磁器,1,ㄘˊ ㄑㄧˋ
磁區,1,ㄘˊ ㄑㄩ
磁性,1,ㄘˊ ㄒㄧㄥˋ
磁針,1,ㄘˊ ㄓㄣ
磁磚,1,ㄘˊ ㄓㄨㄢ
磁場,1,ㄘˊ ㄔㄤˇ
磁石,1,ㄘˊ ㄕˊ
辭,1,ㄘˊ
辭別,1,ㄘˊ ㄅㄧㄝˊ
辭不達意,1,ㄘˊ ㄅㄨˋ ㄉㄚˊ ㄧˋ
辭典,1,ㄘˊ ㄉㄧㄢˇ
辭退,1,ㄘˊ ㄊㄨㄟˋ
辭令,1,ㄘˊ ㄌㄧㄥˋ
辭彙,1,ㄘˊ ㄏㄨㄟˋ
辭句,1,ㄘˊ ㄐㄩˋ
辭謝,1,ㄘˊ ㄒㄧㄝˋ
辭行,1,ㄘˊ ㄒㄧㄥˊ
辭職,1,ㄘˊ ㄓˊ
辭呈,1,ㄘˊ ㄔㄥˊ
辭世,1,ㄘˊ ㄕˋ
辭藻,1,ㄘˊ ㄗㄠˇ
辭色,1,ㄘˊ ㄙㄜˋ
辭歲,1,ㄘˊ ㄙㄨㄟˋ
辭義,1,ㄘˊ ㄧˋ
此,1,ㄘˇ
此地,1,ㄘˇ ㄉㄧˋ
此刻,1,ㄘˇ ㄎㄜˋ
此後,1,ㄘˇ ㄏㄡˋ
此舉,1,ㄘˇ ㄐㄩˇ
此起彼伏,1,ㄘˇ ㄑㄧˇ ㄅㄧˇ ㄈㄨˊ
此起彼落,1,ㄘˇ ㄑㄧˇ ㄅㄧˇ ㄌㄨㄛˋ
此時,1,ㄘˇ ㄕˊ
此時此刻,1,ㄘˇ ㄕˊ ㄘˇ ㄎㄜˋ
此生,1,ㄘˇ ㄕㄥ
此一時彼一時,1,ㄘˇ ㄧ ㄕˊ ㄅㄧˇ ㄧ ㄕˊ
此一時彼一時,1,ㄘˇ ㄧˋ ㄕˊ ㄅㄧˇ ㄧˋ ㄕˊ
此外,1,ㄘˇ ㄨㄞˋ
次,1,ㄘˋ
次等,1,ㄘˋ ㄉㄥˇ
次第,1,ㄘˋ ㄉㄧˋ
次級,1,ㄘˋ ㄐㄧˊ
次級團體,1,ㄘˋ ㄐㄧˊ ㄊㄨㄢˊ ㄊㄧˇ
次序,1,ㄘˋ ㄒㄩˋ
次數,1,ㄘˋ ㄕㄨˋ
次日,1,ㄘˋ ㄖˋ
次子,1,ㄘˋ ㄗˇ
次要,1,ㄘˋ ㄧㄠˋ
伺,1,ㄘˋ
伺候,1,ㄘˋ ㄏㄡˋ
刺,1,ㄘˋ
刺鼻,1,ㄘˋ ㄅㄧˊ
刺破,1,ㄘˋ ㄆㄛˋ
刺刀,1,ㄘˋ ㄉㄠ
刺探,1,ㄘˋ ㄊㄢˋ
刺股懸梁,1,ㄘˋ ㄍㄨˇ ㄒㄩㄢˊ ㄌㄧㄤˊ
刺骨,1,ㄘˋ ㄍㄨˇ
刺客,1,ㄘˋ ㄎㄜˋ
刺激,1,ㄘˋ ㄐㄧ
刺青,1,ㄘˋ ㄑㄧㄥ
刺繡,1,ㄘˋ ㄒㄧㄡˋ
刺殺,1,ㄘˋ ㄕㄚ
刺耳,1,ㄘˋ ㄦˇ
刺眼,1,ㄘˋ ㄧㄢˇ
刺蝟,1,ㄘˋ ㄨㄟˋ
擦,1,ㄘㄚ
擦肩而過,1,ㄘㄚ ㄐㄧㄢ ㄦˊ ㄍㄨㄛˋ
擦槍走火,1,ㄘㄚ ㄑㄧㄤ ㄗㄡˇ ㄏㄨㄛˇ
擦洗,1,ㄘㄚ ㄒㄧˇ
擦撞,1,ㄘㄚ ㄓㄨㄤˋ
擦拭,1,ㄘㄚ ㄕˋ
擦身而過,1,ㄘㄚ ㄕㄣ ㄦˊ ㄍㄨㄛˋ
擦傷,1,ㄘㄚ ㄕㄤ
嚓,1,ㄘㄚ
冊,1,ㄘㄜˋ
冊封,1,ㄘㄜˋ ㄈㄥ
側,1,ㄘㄜˋ
側門,1,ㄘㄜˋ ㄇㄣˊ
側面,1,ㄘㄜˋ ㄇㄧㄢˋ
側目,1,ㄘㄜˋ ㄇㄨˋ
側重,1,ㄘㄜˋ ㄓㄨㄥˋ
側身,1,ㄘㄜˋ ㄕㄣ
側耳,1,ㄘㄜˋ ㄦˇ
側影,1,ㄘㄜˋ ㄧㄥˇ
側臥,1,ㄘㄜˋ ㄨㄛˋ
測,1,ㄘㄜˋ
測定,1,ㄘㄜˋ ㄉㄧㄥˋ
測量,1,ㄘㄜˋ ㄌㄧㄤˊ
測候,1,ㄘㄜˋ ㄏㄡˋ
測謊器,1,ㄘㄜˋ ㄏㄨㄤˇ ㄑㄧˋ
測出,1,ㄘㄜˋ ㄔㄨ
測試,1,ㄘㄜˋ ㄕˋ
測字,1,ㄘㄜˋ ㄗˋ
測驗,1,ㄘㄜˋ ㄧㄢˋ
廁,1,ㄘㄜˋ
廁身其間,1,ㄘㄜˋ ㄕㄣ ㄑㄧˊ ㄐㄧㄢ
廁所,1,ㄘㄜˋ ㄙㄨㄛˇ
惻,1,ㄘㄜˋ
惻隱之心,1,ㄘㄜˋ ㄧㄣˇ ㄓ ㄒㄧㄣ
策,1,ㄘㄜˋ
策反,1,ㄘㄜˋ ㄈㄢˇ
策動,1,ㄘㄜˋ ㄉㄨㄥˋ
策勵,1,ㄘㄜˋ ㄌㄧˋ
策略,1,ㄘㄜˋ ㄌㄩㄝˋ
策劃,1,ㄘㄜˋ ㄏㄨㄚˋ
策士,1,ㄘㄜˋ ㄕˋ
策應,1,ㄘㄜˋ ㄧㄥˋ
猜,1,ㄘㄞ
猜謎,1,ㄘㄞ ㄇㄧˊ
猜度,1,ㄘㄞ ㄉㄨㄛˋ
猜忌,1,ㄘㄞ ㄐㄧˋ
猜拳,1,ㄘㄞ ㄑㄩㄢˊ
猜想,1,ㄘㄞ ㄒㄧㄤˇ
猜測,1,ㄘㄞ ㄘㄜˋ
猜疑,1,ㄘㄞ ㄧˊ
才,1,ㄘㄞˊ
才貌,1,ㄘㄞˊ ㄇㄠˋ
才貌雙全,1,ㄘㄞˊ ㄇㄠˋ ㄕㄨㄤ ㄑㄩㄢˊ
才能,1,ㄘㄞˊ ㄋㄥˊ
才女,1,ㄘㄞˊ ㄋㄩˇ
才高八斗,1,ㄘㄞˊ ㄍㄠ ㄅㄚ ㄉㄡˇ
才幹,1,ㄘㄞˊ ㄍㄢˋ
才華,1,ㄘㄞˊ ㄏㄨㄚˊ
才具,1,ㄘㄞˊ ㄐㄩˋ
才俊,1,ㄘㄞˊ ㄐㄩㄣˋ
才氣,1,ㄘㄞˊ ㄑㄧˋ
才情,1,ㄘㄞˊ ㄑㄧㄥˊ
才學,1,ㄘㄞˊ ㄒㄩㄝˊ
才智,1,ㄘㄞˊ ㄓˋ
才識,1,ㄘㄞˊ ㄕˋ
才疏學淺,1,ㄘㄞˊ ㄕㄨ ㄒㄩㄝˊ ㄑㄧㄢˇ
才子,1,ㄘㄞˊ ㄗˇ
才藝,1,ㄘㄞˊ ㄧˋ
材,1,ㄘㄞˊ
材料,1,ㄘㄞˊ ㄌㄧㄠˋ
材質,1,ㄘㄞˊ ㄓˊ
財,1,ㄘㄞˊ
財寶,1,ㄘㄞˊ ㄅㄠˇ
財迷心竅,1,ㄘㄞˊ ㄇㄧˊ ㄒㄧㄣ ㄑㄧㄠˋ
財閥,1,ㄘㄞˊ ㄈㄚˊ
財富,1,ㄘㄞˊ ㄈㄨˋ
財大氣粗,1,ㄘㄞˊ ㄉㄚˋ ㄑㄧˋ ㄘㄨ
財團,1,ㄘㄞˊ ㄊㄨㄢˊ
財團法人,1,ㄘㄞˊ ㄊㄨㄢˊ ㄈㄚˇ ㄖㄣˊ
財力,1,ㄘㄞˊ ㄌㄧˋ
財經,1,ㄘㄞˊ ㄐㄧㄥ
財政,1,ㄘㄞˊ ㄓㄥˋ
財主,1,ㄘㄞˊ ㄓㄨˇ
財產,1,ㄘㄞˊ ㄔㄢˇ
財產權,1,ㄘㄞˊ ㄔㄢˇ ㄑㄩㄢˊ
財神,1,ㄘㄞˊ ㄕㄣˊ
財物,1,ㄘㄞˊ ㄨˋ
財務,1,ㄘㄞˊ ㄨˋ
財源,1,ㄘㄞˊ ㄩㄢˊ
財運,1,ㄘㄞˊ ㄩㄣˋ
裁,1,ㄘㄞˊ
裁併,1,ㄘㄞˊ ㄅㄧㄥˋ
裁判,1,ㄘㄞˊ ㄆㄢˋ
裁判員,1,ㄘㄞˊ ㄆㄢˋ ㄩㄢˊ
裁縫,1,ㄘㄞˊ ㄈㄥˊ
裁定,1,ㄘㄞˊ ㄉㄧㄥˋ
裁奪,1,ㄘㄞˊ ㄉㄨㄛˊ
裁量,1,ㄘㄞˊ ㄌㄧㄤˊ
裁剪,1,ㄘㄞˊ ㄐㄧㄢˇ
裁減,1,ㄘㄞˊ ㄐㄧㄢˇ
裁決,1,ㄘㄞˊ ㄐㄩㄝˊ
裁軍,1,ㄘㄞˊ ㄐㄩㄣ
裁製,1,ㄘㄞˊ ㄓˋ
裁撤,1,ㄘㄞˊ ㄔㄜˋ
裁示,1,ㄘㄞˊ ㄕˋ
裁員,1,ㄘㄞˊ ㄩㄢˊ
纔,1,ㄘㄞˊ
采,1,ㄘㄞˇ
采風,1,ㄘㄞˇ ㄈㄥ
採,1,ㄘㄞˇ
採買,1,ㄘㄞˇ ㄇㄞˇ
採訪,1,ㄘㄞˇ ㄈㄤˇ
採納,1,ㄘㄞˇ ㄋㄚˋ
採購,1,ㄘㄞˇ ㄍㄡˋ
採光,1,ㄘㄞˇ ㄍㄨㄤ
採礦,1,ㄘㄞˇ ㄎㄨㄤˋ
採集,1,ㄘㄞˇ ㄐㄧˊ
採擷,1,ㄘㄞˇ ㄐㄧㄝˊ
採掘,1,ㄘㄞˇ ㄐㄩㄝˊ
採取,1,ㄘㄞˇ ㄑㄩˇ
採信,1,ㄘㄞˇ ㄒㄧㄣˋ
採行,1,ㄘㄞˇ ㄒㄧㄥˊ
採摘,1,ㄘㄞˇ ㄓㄞ
採證,1,ㄘㄞˇ ㄓㄥˋ
採收,1,ㄘㄞˇ ㄕㄡ
採用,1,ㄘㄞˇ ㄩㄥˋ
彩,1,ㄘㄞˇ
彩筆,1,ㄘㄞˇ ㄅㄧˇ
彩排,1,ㄘㄞˇ ㄆㄞˊ
彩頭,1,ㄘㄞˇ ㄊㄡˊ
彩繪,1,ㄘㄞˇ ㄏㄨㄟˋ
彩虹,1,ㄘㄞˇ ㄏㄨㄥˊ
彩券,1,ㄘㄞˇ ㄑㄩㄢˋ
彩霞,1,ㄘㄞˇ ㄒㄧㄚˊ
彩色,1,ㄘㄞˇ ㄙㄜˋ
彩釉,1,ㄘㄞˇ ㄧㄡˋ
彩雲,1,ㄘㄞˇ ㄩㄣˊ
睬,1,ㄘㄞˇ
綵,1,ㄘㄞˇ
綵球,1,ㄘㄞˇ ㄑㄧㄡˊ
踩,1,ㄘㄞˇ
踩踏,1,ㄘㄞˇ ㄊㄚˋ
菜,1,ㄘㄞˋ
菜圃,1,ㄘㄞˋ ㄆㄨˇ
菜刀,1,ㄘㄞˋ ㄉㄠ
菜單,1,ㄘㄞˋ ㄉㄢ
菜頭,1,ㄘㄞˋ ㄊㄡˊ
菜鳥,1,ㄘㄞˋ ㄋㄧㄠˇ
菜市場,1,ㄘㄞˋ ㄕˋ ㄔㄤˇ
菜色,1,ㄘㄞˋ ㄙㄜˋ
菜餚,1,ㄘㄞˋ ㄧㄠˊ
菜園,1,ㄘㄞˋ ㄩㄢˊ
蔡,1,ㄘㄞˋ
操,1,ㄘㄠ
操兵,1,ㄘㄠ ㄅㄧㄥ
操盤,1,ㄘㄠ ㄆㄢˊ
操刀,1,ㄘㄠ ㄉㄠ
操勞,1,ㄘㄠ ㄌㄠˊ
操練,1,ㄘㄠ ㄌㄧㄢˋ
操控,1,ㄘㄠ ㄎㄨㄥˋ
操槍,1,ㄘㄠ ㄑㄧㄤ
操心,1,ㄘㄠ ㄒㄧㄣ
操行,1,ㄘㄠ ㄒㄧㄥˋ
操之過急,1,ㄘㄠ ㄓ ㄍㄨㄛˋ ㄐㄧˊ
操之在我,1,ㄘㄠ ㄓ ㄗㄞˋ ㄨㄛˇ
操持,1,ㄘㄠ ㄔˊ
操場,1,ㄘㄠ ㄔㄤˇ
操守,1,ㄘㄠ ㄕㄡˇ
操作,1,ㄘㄠ ㄗㄨㄛˋ
操縱,1,ㄘㄠ ㄗㄨㄥˋ
操演,1,ㄘㄠ ㄧㄢˇ
糙,1,ㄘㄠ
糙米,1,ㄘㄠ ㄇㄧˇ
曹,1,ㄘㄠˊ
漕,1,ㄘㄠˊ
嘈,1,ㄘㄠˊ
嘈雜,1,ㄘㄠˊ ㄗㄚˊ
槽,1,ㄘㄠˊ
草,1,ㄘㄠˇ
草包,1,ㄘㄠˇ ㄅㄠ
草本植物,1,ㄘㄠˇ ㄅㄣˇ ㄓˊ ㄨˋ
草皮,1,ㄘㄠˇ ㄆㄧˊ
草坪,1,ㄘㄠˇ ㄆㄧㄥˊ
草莓,1,ㄘㄠˇ ㄇㄟˊ
草帽,1,ㄘㄠˇ ㄇㄠˋ
草莽,1,ㄘㄠˇ ㄇㄤˇ
草民,1,ㄘㄠˇ ㄇㄧㄣˊ
草木,1,ㄘㄠˇ ㄇㄨˋ
草木皆兵,1,ㄘㄠˇ ㄇㄨˋ ㄐㄧㄝ ㄅㄧㄥ
草堂,1,ㄘㄠˇ ㄊㄤˊ
草圖,1,ㄘㄠˇ ㄊㄨˊ
草擬,1,ㄘㄠˇ ㄋㄧˇ
草稿,1,ㄘㄠˇ ㄍㄠˇ
草根大使,1,ㄘㄠˇ ㄍㄣ ㄉㄚˋ ㄕˇ
草菇,1,ㄘㄠˇ ㄍㄨ
草芥,1,ㄘㄠˇ ㄐㄧㄝˋ
草具,1,ㄘㄠˇ ㄐㄩˋ
草簽,1,ㄘㄠˇ ㄑㄧㄢ
草蝦,1,ㄘㄠˇ ㄒㄧㄚ
草鞋,1,ㄘㄠˇ ㄒㄧㄝˊ
草紙,1,ㄘㄠˇ ㄓˇ
草創,1,ㄘㄠˇ ㄔㄨㄤˋ
草書,1,ㄘㄠˇ ㄕㄨ
草率,1,ㄘㄠˇ ㄕㄨㄞˋ
草草,1,ㄘㄠˇ ㄘㄠˇ
草草了事,1,ㄘㄠˇ ㄘㄠˇ ㄌㄧㄠˇ ㄕˋ
草叢,1,ㄘㄠˇ ㄘㄨㄥˊ
草案,1,ㄘㄠˇ ㄢˋ
草藥,1,ㄘㄠˇ ㄧㄠˋ
草魚,1,ㄘㄠˇ ㄩˊ
草約,1,ㄘㄠˇ ㄩㄝ
草原,1,ㄘㄠˇ ㄩㄢˊ
湊,1,ㄘㄡˋ
湊合,1,ㄘㄡˋ ㄏㄜˊ
湊巧,1,ㄘㄡˋ ㄑㄧㄠˇ
湊熱鬧,1,ㄘㄡˋ ㄖㄜˋ ㄋㄠˋ
輳,1,ㄘㄡˋ
參,1,ㄘㄢ
參拜,1,ㄘㄢ ㄅㄞˋ
參半,1,ㄘㄢ ㄅㄢˋ
參謀,1,ㄘㄢ ㄇㄡˊ
參透,1,ㄘㄢ ㄊㄡˋ
參天,1,ㄘㄢ ㄊㄧㄢ
參觀,1,ㄘㄢ ㄍㄨㄢ
參考,1,ㄘㄢ ㄎㄠˇ
參加,1,ㄘㄢ ㄐㄧㄚ
參見,1,ㄘㄢ ㄐㄧㄢˋ
參選,1,ㄘㄢ ㄒㄩㄢˇ
參照,1,ㄘㄢ ㄓㄠˋ
參政權,1,ㄘㄢ ㄓㄥˋ ㄑㄩㄢˊ
參酌,1,ㄘㄢ ㄓㄨㄛˊ
參禪,1,ㄘㄢ ㄔㄢˊ
參雜,1,ㄘㄢ ㄗㄚˊ
參賽,1,ㄘㄢ ㄙㄞˋ
參議,1,ㄘㄢ ㄧˋ
參議院,1,ㄘㄢ ㄧˋ ㄩㄢˋ
參與,1,ㄘㄢ ㄩˋ
參閱,1,ㄘㄢ ㄩㄝˋ
驂,1,ㄘㄢ
餐,1,ㄘㄢ
餐風露宿,1,ㄘㄢ ㄈㄥ ㄌㄨˋ ㄙㄨˋ
餐點,1,ㄘㄢ ㄉㄧㄢˇ
餐廳,1,ㄘㄢ ㄊㄧㄥ
餐館,1,ㄘㄢ ㄍㄨㄢˇ
餐盒,1,ㄘㄢ ㄏㄜˊ
餐會,1,ㄘㄢ ㄏㄨㄟˋ
餐巾,1,ㄘㄢ ㄐㄧㄣ
餐具,1,ㄘㄢ ㄐㄩˋ
餐桌,1,ㄘㄢ ㄓㄨㄛ
餐飲,1,ㄘㄢ ㄧㄣˇ
殘,1,ㄘㄢˊ
殘暴,1,ㄘㄢˊ ㄅㄠˋ
殘破,1,ㄘㄢˊ ㄆㄛˋ
殘廢,1,ㄘㄢˊ ㄈㄟˋ
殘冬,1,ㄘㄢˊ ㄉㄨㄥ
殘年,1,ㄘㄢˊ ㄋㄧㄢˊ
殘留,1,ㄘㄢˊ ㄌㄧㄡˊ
殘酷,1,ㄘㄢˊ ㄎㄨˋ
殘骸,1,ㄘㄢˊ ㄏㄞˊ
殘害,1,ㄘㄢˊ ㄏㄞˋ
殘疾,1,ㄘㄢˊ ㄐㄧˊ
殘局,1,ㄘㄢˊ ㄐㄩˊ
殘缺,1,ㄘㄢˊ ㄑㄩㄝ
殘渣,1,ㄘㄢˊ ㄓㄚ
殘照,1,ㄘㄢˊ ㄓㄠˋ
殘障,1,ㄘㄢˊ ㄓㄤˋ
殘殺,1,ㄘㄢˊ ㄕㄚ
殘忍,1,ㄘㄢˊ ㄖㄣˇ
殘存,1,ㄘㄢˊ ㄘㄨㄣˊ
殘而不廢,1,ㄘㄢˊ ㄦˊ ㄅㄨˋ ㄈㄟˋ
殘而不廢,1,ㄘㄢˊ ㄦˊ ㄅㄨˊ ㄈㄟˋ
殘餘,1,ㄘㄢˊ ㄩˊ
慚,1,ㄘㄢˊ
慚愧,1,ㄘㄢˊ ㄎㄨㄟˋ
蠶,1,ㄘㄢˊ
蠶豆,1,ㄘㄢˊ ㄉㄡˋ
蠶食,1,ㄘㄢˊ ㄕˊ
蠶食鯨吞,1,ㄘㄢˊ ㄕˊ ㄐㄧㄥ ㄊㄨㄣ
蠶絲,1,ㄘㄢˊ ㄙ
慘,1,ㄘㄢˇ
慘白,1,ㄘㄢˇ ㄅㄞˊ
慘敗,1,ㄘㄢˇ ㄅㄞˋ
慘不忍睹,1,ㄘㄢˇ ㄅㄨˋ ㄖㄣˇ ㄉㄨˇ
慘澹,1,ㄘㄢˇ ㄉㄢˋ
慘澹經營,1,ㄘㄢˇ ㄉㄢˋ ㄐㄧㄥ ㄧㄥˊ
慘痛,1,ㄘㄢˇ ㄊㄨㄥˋ
慘烈,1,ㄘㄢˇ ㄌㄧㄝˋ
慘綠少年,1,ㄘㄢˇ ㄌㄩˋ ㄕㄠˋ ㄋㄧㄢˊ
慘叫,1,ㄘㄢˇ ㄐㄧㄠˋ
慘劇,1,ㄘㄢˇ ㄐㄩˋ
慘絕人寰,1,ㄘㄢˇ ㄐㄩㄝˊ ㄖㄣˊ ㄏㄨㄢˊ
慘兮兮,1,ㄘㄢˇ ㄒㄧ ㄒㄧ
慘狀,1,ㄘㄢˇ ㄓㄨㄤˋ
慘重,1,ㄘㄢˇ ㄓㄨㄥˋ
慘遭,1,ㄘㄢˇ ㄗㄠ
慘案,1,ㄘㄢˇ ㄢˋ
慘無人道,1,ㄘㄢˇ ㄨˊ ㄖㄣˊ ㄉㄠˋ
粲,1,ㄘㄢˋ
燦,1,ㄘㄢˋ
燦爛,1,ㄘㄢˋ ㄌㄢˋ
燦爛奪目,1,ㄘㄢˋ ㄌㄢˋ ㄉㄨㄛˊ ㄇㄨˋ
璨,1,ㄘㄢˋ
參,1,ㄘㄣ
參差,1,ㄘㄣ ㄘ
參差不齊,1,ㄘㄣ ㄘ ㄅㄨˋ ㄑㄧˊ
岑,1,ㄘㄣˊ
涔,1,ㄘㄣˊ
倉,1,ㄘㄤ
倉庫,1,ㄘㄤ ㄎㄨˋ
倉皇,1,ㄘㄤ ㄏㄨㄤˊ
倉皇失措,1,ㄘㄤ ㄏㄨㄤˊ ㄕ ㄘㄨㄛˋ
倉卒,1,ㄘㄤ ㄘㄨˋ
倉促,1,ㄘㄤ ㄘㄨˋ
傖,1,ㄘㄤ
滄,1,ㄘㄤ
滄海,1,ㄘㄤ ㄏㄞˇ
滄海桑田,1,ㄘㄤ ㄏㄞˇ ㄙㄤ ㄊㄧㄢˊ
滄海一粟,1,ㄘㄤ ㄏㄞˇ ㄧ ㄙㄨˋ
滄海一粟,1,ㄘㄤ ㄏㄞˇ ㄧˊ ㄙㄨˋ
滄海遺珠,1,ㄘㄤ ㄏㄞˇ ㄧˊ ㄓㄨ
滄桑,1,ㄘㄤ ㄙㄤ
蒼,1,ㄘㄤ
蒼白,1,ㄘㄤ ㄅㄞˊ
蒼茫,1,ㄘㄤ ㄇㄤˊ
蒼天,1,ㄘㄤ ㄊㄧㄢ
蒼老,1,ㄘㄤ ㄌㄠˇ
蒼涼,1,ㄘㄤ ㄌㄧㄤˊ
蒼海,1,ㄘㄤ ㄏㄞˇ
蒼勁,1,ㄘㄤ ㄐㄧㄥˋ
蒼穹,1,ㄘㄤ ㄑㄩㄥ
蒼生,1,ㄘㄤ ㄕㄥ
蒼蒼,1,ㄘㄤ ㄘㄤ
蒼翠,1,ㄘㄤ ㄘㄨㄟˋ
蒼蠅,1,ㄘㄤ ㄧㄥˊ
艙,1,ㄘㄤ
艙房,1,ㄘㄤ ㄈㄤˊ
艙位,1,ㄘㄤ ㄨㄟˋ
藏,1,ㄘㄤˊ
藏頭露尾,1,ㄘㄤˊ ㄊㄡˊ ㄌㄡˋ ㄨㄟˇ
藏匿,1,ㄘㄤˊ ㄋㄧˋ
藏龍臥虎,1,ㄘㄤˊ ㄌㄨㄥˊ ㄨㄛˋ ㄏㄨˇ
藏垢納汙,1,ㄘㄤˊ ㄍㄡˋ ㄋㄚˋ ㄨ
藏拙,1,ㄘㄤˊ ㄓㄨㄛˊ
藏身,1,ㄘㄤˊ ㄕㄣ
藏書,1,ㄘㄤˊ ㄕㄨ
藏書票,1,ㄘㄤˊ ㄕㄨ ㄆㄧㄠˋ
藏私,1,ㄘㄤˊ ㄙ
藏汙納垢,1,ㄘㄤˊ ㄨ ㄋㄚˋ ㄍㄡˋ
噌,1,ㄘㄥ
曾,1,ㄘㄥˊ
曾幾何時,1,ㄘㄥˊ ㄐㄧˇ ㄏㄜˊ ㄕˊ
曾經,1,ㄘㄥˊ ㄐㄧㄥ
層,1,ㄘㄥˊ
層面,1,ㄘㄥˊ ㄇㄧㄢˋ
層峰,1,ㄘㄥˊ ㄈㄥ
層巒疊嶂,1,ㄘㄥˊ ㄌㄨㄢˊ ㄉㄧㄝˊ ㄓㄤˋ
層級,1,ㄘㄥˊ ㄐㄧˊ
層出不窮,1,ㄘㄥˊ ㄔㄨ ㄅㄨˋ ㄑㄩㄥˊ
層次,1,ㄘㄥˊ ㄘˋ
層層,1,ㄘㄥˊ ㄘㄥˊ
蹭,1,ㄘㄥˋ
蹭蹬,1,ㄘㄥˋ ㄉㄥˋ
粗,1,ㄘㄨ
粗暴,1,ㄘㄨ ㄅㄠˋ
粗鄙,1,ㄘㄨ ㄅㄧˇ
粗陋,1,ㄘㄨ ㄌㄡˋ
粗劣,1,ㄘㄨ ㄌㄧㄝˋ
粗魯,1,ㄘㄨ ㄌㄨˇ
粗略,1,ㄘㄨ ㄌㄩㄝˋ
粗獷,1,ㄘㄨ ㄍㄨㄤˇ
粗話,1,ㄘㄨ ㄏㄨㄚˋ
粗淺,1,ㄘㄨ ㄑㄧㄢˇ
粗線條,1,ㄘㄨ ㄒㄧㄢˋ ㄊㄧㄠˊ
粗心,1,ㄘㄨ ㄒㄧㄣ
粗心大意,1,ㄘㄨ ㄒㄧㄣ ㄉㄚˋ ㄧˋ
粗枝大葉,1,ㄘㄨ ㄓ ㄉㄚˋ ㄧㄝˋ
粗製濫造,1,ㄘㄨ ㄓˋ ㄌㄢˋ ㄗㄠˋ
粗壯,1,ㄘㄨ ㄓㄨㄤˋ
粗中有細,1,ㄘㄨ ㄓㄨㄥ ㄧㄡˇ ㄒㄧˋ
粗重,1,ㄘㄨ ㄓㄨㄥˋ
粗茶淡飯,1,ㄘㄨ ㄔㄚˊ ㄉㄢˋ ㄈㄢˋ
粗率,1,ㄘㄨ ㄕㄨㄞˋ
粗糙,1,ㄘㄨ ㄘㄠ
粗俗,1,ㄘㄨ ㄙㄨˊ
粗野,1,ㄘㄨ ㄧㄝˇ
麤,1,ㄘㄨ
殂,1,ㄘㄨˊ
卒,1,ㄘㄨˋ
猝,1,ㄘㄨˋ
猝不及防,1,ㄘㄨˋ ㄅㄨˋ ㄐㄧˊ ㄈㄤˊ
猝然,1,ㄘㄨˋ ㄖㄢˊ
促,1,ㄘㄨˋ
促發,1,ㄘㄨˋ ㄈㄚ
促進,1,ㄘㄨˋ ㄐㄧㄣˋ
促請,1,ㄘㄨˋ ㄑㄧㄥˇ
促膝,1,ㄘㄨˋ ㄒㄧ
促膝長談,1,ㄘㄨˋ ㄒㄧ ㄔㄤˊ ㄊㄢˊ
促狹,1,ㄘㄨˋ ㄒㄧㄚˊ
促銷,1,ㄘㄨˋ ㄒㄧㄠ
促成,1,ㄘㄨˋ ㄔㄥˊ
促使,1,ㄘㄨˋ ㄕˇ
酢,1,ㄘㄨˋ
趣,1,ㄘㄨˋ
槭,1,ㄘㄨˋ
蹙,1,ㄘㄨˋ
蹙眉,1,ㄘㄨˋ ㄇㄟˊ
醋,1,ㄘㄨˋ
醋罈子,1,ㄘㄨˋ ㄊㄢˊ ㄗ˙
醋勁,1,ㄘㄨˋ ㄐㄧㄥˋ
醋酸,1,ㄘㄨˋ ㄙㄨㄢ
數,1,ㄘㄨˋ
簇,1,ㄘㄨˋ
簇新,1,ㄘㄨˋ ㄒㄧㄣ
簇擁,1,ㄘㄨˋ ㄩㄥˇ
蹴,1,ㄘㄨˋ
差,1,ㄘㄨㄛ
搓,1,ㄘㄨㄛ
搓湯圓,1,ㄘㄨㄛ ㄊㄤ ㄩㄢˊ
搓揉,1,ㄘㄨㄛ ㄖㄡˊ
磋,1,ㄘㄨㄛ
磋商,1,ㄘㄨㄛ ㄕㄤ
蹉,1,ㄘㄨㄛ
蹉跎,1,ㄘㄨㄛ ㄊㄨㄛˊ
痤,1,ㄘㄨㄛˊ
痤瘡,1,ㄘㄨㄛˊ ㄔㄨㄤ
嵯,1,ㄘㄨㄛˊ
嵯峨,1,ㄘㄨㄛˊ ㄜˊ
剉,1,ㄘㄨㄛˋ
挫,1,ㄘㄨㄛˋ
挫敗,1,ㄘㄨㄛˋ ㄅㄞˋ
挫刀,1,ㄘㄨㄛˋ ㄉㄠ
挫折,1,ㄘㄨㄛˋ ㄓㄜˊ
挫傷,1,ㄘㄨㄛˋ ㄕㄤ
厝,1,ㄘㄨㄛˋ
厝邊,1,ㄘㄨㄛˋ ㄅㄧㄢ
措,1,ㄘㄨㄛˋ
措施,1,ㄘㄨㄛˋ ㄕ
措手不及,1,ㄘㄨㄛˋ ㄕㄡˇ ㄅㄨˋ ㄐㄧˊ
措詞,1,ㄘㄨㄛˋ ㄘˊ
措辭,1,ㄘㄨㄛˋ ㄘˊ
錯,1,ㄘㄨㄛˋ
錯別字,1,ㄘㄨㄛˋ ㄅㄧㄝˊ ㄗˋ
錯落,1,ㄘㄨㄛˋ ㄌㄨㄛˋ
錯落有致,1,ㄘㄨㄛˋ ㄌㄨㄛˋ ㄧㄡˇ ㄓˋ
錯亂,1,ㄘㄨㄛˋ ㄌㄨㄢˋ
錯過,1,ㄘㄨㄛˋ ㄍㄨㄛˋ
錯覺,1,ㄘㄨㄛˋ ㄐㄩㄝˊ
錯失良機,1,ㄘㄨㄛˋ ㄕ ㄌㄧㄤˊ ㄐㄧ
錯身而過,1,ㄘㄨㄛˋ ㄕㄣ ㄦˊ ㄍㄨㄛˋ
錯字,1,ㄘㄨㄛˋ ㄗˋ
錯綜複雜,1,ㄘㄨㄛˋ ㄗㄨㄥˋ ㄈㄨˋ ㄗㄚˊ
錯愕,1,ㄘㄨㄛˋ ㄜˋ
錯愛,1,ㄘㄨㄛˋ ㄞˋ
錯誤,1,ㄘㄨㄛˋ ㄨˋ
撮,1,ㄘㄨㄛˋ
撮合,1,ㄘㄨㄛˋ ㄏㄜˊ
撮要,1,ㄘㄨㄛˋ ㄧㄠˋ
衰,1,ㄘㄨㄟ
崔,1,ㄘㄨㄟ
催,1,ㄘㄨㄟ
催逼,1,ㄘㄨㄟ ㄅㄧ
催眠,1,ㄘㄨㄟ ㄇㄧㄢˊ
催眠術,1,ㄘㄨㄟ ㄇㄧㄢˊ ㄕㄨˋ
催命,1,ㄘㄨㄟ ㄇㄧㄥˋ
催命符,1,ㄘㄨㄟ ㄇㄧㄥˋ ㄈㄨˊ
催討,1,ㄘㄨㄟ ㄊㄠˇ
催淚彈,1,ㄘㄨㄟ ㄌㄟˋ ㄉㄢˋ
催淚瓦斯,1,ㄘㄨㄟ ㄌㄟˋ ㄨㄚˇ ㄙ
催告,1,ㄘㄨㄟ ㄍㄠˋ
催化,1,ㄘㄨㄟ ㄏㄨㄚˋ
催化劑,1,ㄘㄨㄟ ㄏㄨㄚˋ ㄐㄧˋ
催魂,1,ㄘㄨㄟ ㄏㄨㄣˊ
催生,1,ㄘㄨㄟ ㄕㄥ
催促,1,ㄘㄨㄟ ㄘㄨˋ
摧,1,ㄘㄨㄟ
摧枯拉朽,1,ㄘㄨㄟ ㄎㄨ ㄌㄚ ㄒㄧㄡˇ
摧毀,1,ㄘㄨㄟ ㄏㄨㄟˇ
摧折,1,ㄘㄨㄟ ㄓㄜˊ
摧殘,1,ㄘㄨㄟ ㄘㄢˊ
璀,1,ㄘㄨㄟˇ
璀璨,1,ㄘㄨㄟˇ ㄘㄢˋ
脆,1,ㄘㄨㄟˋ
脆弱,1,ㄘㄨㄟˋ ㄖㄨㄛˋ
淬,1,ㄘㄨㄟˋ
淬礪,1,ㄘㄨㄟˋ ㄌㄧˋ
淬鍊,1,ㄘㄨㄟˋ ㄌㄧㄢˋ
悴,1,ㄘㄨㄟˋ
啐,1,ㄘㄨㄟˋ
萃,1,ㄘㄨㄟˋ
瘁,1,ㄘㄨㄟˋ
粹,1,ㄘㄨㄟˋ
翠,1,ㄘㄨㄟˋ
翠綠,1,ㄘㄨㄟˋ ㄌㄩˋ
翠玉,1,ㄘㄨㄟˋ ㄩˋ
毳,1,ㄘㄨㄟˋ
汆,1,ㄘㄨㄢ
攛,1,ㄘㄨㄢ
攢,1,ㄘㄨㄢˊ
攢眉,1,ㄘㄨㄢˊ ㄇㄟˊ
攢錢,1,ㄘㄨㄢˊ ㄑㄧㄢˊ
篡,1,ㄘㄨㄢˋ
竄,1,ㄘㄨㄢˋ
竄改,1,ㄘㄨㄢˋ ㄍㄞˇ
竄紅,1,ㄘㄨㄢˋ ㄏㄨㄥˊ
竄進竄出,1,ㄘㄨㄢˋ ㄐㄧㄣˋ ㄘㄨㄢˋ ㄔㄨ
竄起,1,ㄘㄨㄢˋ ㄑㄧˇ
竄升,1,ㄘㄨㄢˋ ㄕㄥ
爨,1,ㄘㄨㄢˋ
村,1,ㄘㄨㄣ
村民,1,ㄘㄨㄣ ㄇㄧㄣˊ
村里,1,ㄘㄨㄣ ㄌㄧˇ
村落,1,ㄘㄨㄣ ㄌㄨㄛˋ
村姑,1,ㄘㄨㄣ ㄍㄨ
村長,1,ㄘㄨㄣ ㄓㄤˇ
村莊,1,ㄘㄨㄣ ㄓㄨㄤ
村野,1,ㄘㄨㄣ ㄧㄝˇ
皴,1,ㄘㄨㄣ
皴法,1,ㄘㄨㄣ ㄈㄚˇ
存,1,ㄘㄨㄣˊ
存放,1,ㄘㄨㄣˊ ㄈㄤˋ
存單,1,ㄘㄨㄣˊ ㄉㄢ
存檔,1,ㄘㄨㄣˊ ㄉㄤˇ
存底,1,ㄘㄨㄣˊ ㄉㄧˇ
存留,1,ㄘㄨㄣˊ ㄌㄧㄡˊ
存量,1,ㄘㄨㄣˊ ㄌㄧㄤˋ
存根,1,ㄘㄨㄣˊ ㄍㄣ
存款,1,ㄘㄨㄣˊ ㄎㄨㄢˇ
存款保險制度,1,ㄘㄨㄣˊ ㄎㄨㄢˇ ㄅㄠˇ ㄒㄧㄢˇ ㄓˋ ㄉㄨˋ
存戶,1,ㄘㄨㄣˊ ㄏㄨˋ
存活,1,ㄘㄨㄣˊ ㄏㄨㄛˊ
存貨,1,ㄘㄨㄣˊ ㄏㄨㄛˋ
存錢,1,ㄘㄨㄣˊ ㄑㄧㄢˊ
存心,1,ㄘㄨㄣˊ ㄒㄧㄣ
存摺,1,ㄘㄨㄣˊ ㄓㄜˊ
存查,1,ㄘㄨㄣˊ ㄔㄚˊ
存在,1,ㄘㄨㄣˊ ㄗㄞˋ
存在主義,1,ㄘㄨㄣˊ ㄗㄞˋ ㄓㄨˇ ㄧˋ
存疑,1,ㄘㄨㄣˊ ㄧˊ
存亡,1,ㄘㄨㄣˊ ㄨㄤˊ
忖,1,ㄘㄨㄣˇ
忖度,1,ㄘㄨㄣˇ ㄉㄨㄛˋ
寸,1,ㄘㄨㄣˋ
寸步,1,ㄘㄨㄣˋ ㄅㄨˋ
寸步不離,1,ㄘㄨㄣˋ ㄅㄨˋ ㄅㄨˋ ㄌㄧˊ
寸步難行,1,ㄘㄨㄣˋ ㄅㄨˋ ㄋㄢˊ ㄒㄧㄥˊ
寸土寸金,1,ㄘㄨㄣˋ ㄊㄨˇ ㄘㄨㄣˋ ㄐㄧㄣ
寸心,1,ㄘㄨㄣˋ ㄒㄧㄣ
寸草不留,1,ㄘㄨㄣˋ ㄘㄠˇ ㄅㄨˋ ㄌㄧㄡˊ
寸草心,1,ㄘㄨㄣˋ ㄘㄠˇ ㄒㄧㄣ
吋,1,ㄘㄨㄣˋ
匆,1,ㄘㄨㄥ
匆忙,1,ㄘㄨㄥ ㄇㄤˊ
匆促,1,ㄘㄨㄥ ㄘㄨˋ
匆匆,1,ㄘㄨㄥ ㄘㄨㄥ
囪,1,ㄘㄨㄥ
蔥,1,ㄘㄨㄥ
蔥白,1,ㄘㄨㄥ ㄅㄞˊ
蔥花,1,ㄘㄨㄥ ㄏㄨㄚ
蔥油餅,1,ㄘㄨㄥ ㄧㄡˊ ㄅㄧㄥˇ
聰,1,ㄘㄨㄥ
聰敏,1,ㄘㄨㄥ ㄇㄧㄣˇ
聰明,1,ㄘㄨㄥ ㄇㄧㄥˊ
聰明伶俐,1,ㄘㄨㄥ ㄇㄧㄥˊ ㄌㄧㄥˊ ㄌㄧˋ
聰慧,1,ㄘㄨㄥ ㄏㄨㄟˋ
聰穎,1,ㄘㄨㄥ ㄧㄥˇ
從,1,ㄘㄨㄥ
從容,1,ㄘㄨㄥ ㄖㄨㄥˊ
從容不迫,1,ㄘㄨㄥ ㄖㄨㄥˊ ㄅㄨˋ ㄆㄛˋ
從容不迫,1,ㄘㄨㄥ ㄖㄨㄥˊ ㄅㄨˊ ㄆㄛˋ
從容就義,1,ㄘㄨㄥ ㄖㄨㄥˊ ㄐㄧㄡˋ ㄧˋ
樅,1,ㄘㄨㄥ
淙,1,ㄘㄨㄥˊ
淙淙,1,ㄘㄨㄥˊ ㄘㄨㄥˊ
琮,1,ㄘㄨㄥˊ
從,1,ㄘㄨㄥˊ
從命,1,ㄘㄨㄥˊ ㄇㄧㄥˋ
從頭,1,ㄘㄨㄥˊ ㄊㄡˊ
從頭到尾,1,ㄘㄨㄥˊ ㄊㄡˊ ㄉㄠˋ ㄨㄟˇ
從天而降,1,ㄘㄨㄥˊ ㄊㄧㄢ ㄦˊ ㄐㄧㄤˋ
從來,1,ㄘㄨㄥˊ ㄌㄞˊ
從寬,1,ㄘㄨㄥˊ ㄎㄨㄢ
從簡,1,ㄘㄨㄥˊ ㄐㄧㄢˇ
從今以後,1,ㄘㄨㄥˊ ㄐㄧㄣ ㄧˇ ㄏㄡˋ
從軍,1,ㄘㄨㄥˊ ㄐㄩㄣ
從前,1,ㄘㄨㄥˊ ㄑㄧㄢˊ
從輕發落,1,ㄘㄨㄥˊ ㄑㄧㄥ ㄈㄚ ㄌㄨㄛˋ
從缺,1,ㄘㄨㄥˊ ㄑㄩㄝ
從兄弟,1,ㄗㄨㄥˋ ㄒㄩㄥ ㄉㄧˋ
從政,1,ㄘㄨㄥˊ ㄓㄥˋ
從中作梗,1,ㄘㄨㄥˊ ㄓㄨㄥ ㄗㄨㄛˋ ㄍㄥˇ
從中斡旋,1,ㄘㄨㄥˊ ㄓㄨㄥ ㄨㄛˋ ㄒㄩㄢˊ
從長計議,1,ㄘㄨㄥˊ ㄔㄤˊ ㄐㄧˋ ㄧˋ
從實招來,1,ㄘㄨㄥˊ ㄕˊ ㄓㄠ ㄌㄞˊ
從事,1,ㄘㄨㄥˊ ㄕˋ
從善如流,1,ㄘㄨㄥˊ ㄕㄢˋ ㄖㄨˊ ㄌㄧㄡˊ
從商,1,ㄘㄨㄥˊ ㄕㄤ
從屬,1,ㄘㄨㄥˊ ㄕㄨˇ
從此,1,ㄘㄨㄥˊ ㄘˇ
從俗,1,ㄘㄨㄥˊ ㄙㄨˊ
從速,1,ㄘㄨㄥˊ ㄙㄨˋ
從一而終,1,ㄘㄨㄥˊ ㄧ ㄦˊ ㄓㄨㄥ
從業人員,1,ㄘㄨㄥˊ ㄧㄝˋ ㄖㄣˊ ㄩㄢˊ
從優,1,ㄘㄨㄥˊ ㄧㄡ
從嚴,1,ㄘㄨㄥˊ ㄧㄢˊ
從影,1,ㄘㄨㄥˊ ㄧㄥˇ
叢,1,ㄘㄨㄥˊ
叢林,1,ㄘㄨㄥˊ ㄌㄧㄣˊ
叢生,1,ㄘㄨㄥˊ ㄕㄥ
叢書,1,ㄘㄨㄥˊ ㄕㄨ
司,1,ㄙ
司馬,1,ㄙ ㄇㄚˇ
司法,1,ㄙ ㄈㄚˇ
司徒,1,ㄙ ㄊㄨˊ
司令,1,ㄙ ㄌㄧㄥˋ
司令臺,1,ㄙ ㄌㄧㄥˋ ㄊㄞˊ
司空見慣,1,ㄙ ㄎㄨㄥ ㄐㄧㄢˋ ㄍㄨㄢˋ
司機,1,ㄙ ㄐㄧ
司儀,1,ㄙ ㄧˊ
私,1,ㄙ
私奔,1,ㄙ ㄅㄣ
私房錢,1,ㄙ ㄈㄤˊ ㄑㄧㄢˊ
私底下,1,ㄙ ㄉㄧˇ ㄒㄧㄚˋ
私吞,1,ㄙ ㄊㄨㄣ
私立,1,ㄙ ㄌㄧˋ
私利,1,ㄙ ㄌㄧˋ
私函,1,ㄙ ㄏㄢˊ
私話,1,ㄙ ㄏㄨㄚˋ
私貨,1,ㄙ ㄏㄨㄛˋ
私交,1,ㄙ ㄐㄧㄠ
私酒,1,ㄙ ㄐㄧㄡˇ
私見,1,ㄙ ㄐㄧㄢˋ
私情,1,ㄙ ㄑㄧㄥˊ
私下,1,ㄙ ㄒㄧㄚˋ
私梟,1,ㄙ ㄒㄧㄠ
私校保險,1,ㄙ ㄒㄧㄠˋ ㄅㄠˇ ㄒㄧㄢˇ
私心,1,ㄙ ㄒㄧㄣ
私章,1,ㄙ ㄓㄤ
私處,1,ㄙ ㄔㄨˋ
私闖,1,ㄙ ㄔㄨㄤˇ
私事,1,ㄙ ㄕˋ
私生子,1,ㄙ ㄕㄥ ㄗˇ
私淑,1,ㄙ ㄕㄨˊ
私塾,1,ㄙ ㄕㄨˊ
私人,1,ㄙ ㄖㄣˊ
私自,1,ㄙ ㄗˋ
私藏,1,ㄙ ㄘㄤˊ
私有,1,ㄙ ㄧㄡˇ
私營,1,ㄙ ㄧㄥˊ
私慾,1,ㄙ ㄩˋ
思,1,ㄙ
思辨,1,ㄙ ㄅㄧㄢˋ
思慕,1,ㄙ ㄇㄨˋ
思念,1,ㄙ ㄋㄧㄢˋ
思戀,1,ㄙ ㄌㄧㄢˋ
思量,1,ㄙ ㄌㄧㄤˊ
思路,1,ㄙ ㄌㄨˋ
思慮,1,ㄙ ㄌㄩˋ
思古幽情,1,ㄙ ㄍㄨˇ ㄧㄡ ㄑㄧㄥˊ
思過,1,ㄙ ㄍㄨㄛˋ
思考,1,ㄙ ㄎㄠˇ
思前想後,1,ㄙ ㄑㄧㄢˊ ㄒㄧㄤˇ ㄏㄡˋ
思想,1,ㄙ ㄒㄧㄤˇ
思想家,1,ㄙ ㄒㄧㄤˇ ㄐㄧㄚ
思緒,1,ㄙ ㄒㄩˋ
思潮,1,ㄙ ㄔㄠˊ
思索,1,ㄙ ㄙㄨㄛˇ
思惟,1,ㄙ ㄨㄟˊ
思維,1,ㄙ ㄨㄟˊ
斯,1,ㄙ
斯時,1,ㄙ ㄕˊ
斯文,1,ㄙ ㄨㄣˊ
斯文掃地,1,ㄙ ㄨㄣˊ ㄙㄠˇ ㄉㄧˋ
廝,1,ㄙ
廝混,1,ㄙ ㄏㄨㄣˋ
廝殺,1,ㄙ ㄕㄚ
廝守,1,ㄙ ㄕㄡˇ
撕,1,ㄙ
撕破,1,ㄙ ㄆㄛˋ
撕票,1,ㄙ ㄆㄧㄠˋ
撕裂,1,ㄙ ㄌㄧㄝˋ
撕開,1,ㄙ ㄎㄞ
撕毀,1,ㄙ ㄏㄨㄟˇ
嘶,1,ㄙ
嘶吼,1,ㄙ ㄏㄡˇ
嘶喊,1,ㄙ ㄏㄢˇ
嘶叫,1,ㄙ ㄐㄧㄠˋ
絲,1,ㄙ
絲瓜,1,ㄙ ㄍㄨㄚ
絲毫,1,ㄙ ㄏㄠˊ
絲毫不爽,1,ㄙ ㄏㄠˊ ㄅㄨˋ ㄕㄨㄤˇ
絲織品,1,ㄙ ㄓ ㄆㄧㄣˇ
絲竹,1,ㄙ ㄓㄨˊ
絲綢,1,ㄙ ㄔㄡˊ
絲絨,1,ㄙ ㄖㄨㄥˊ
絲絲入扣,1,ㄙ ㄙ ㄖㄨˋ ㄎㄡˋ
絲襪,1,ㄙ ㄨㄚˋ
鷥,1,ㄙ
死,1,ㄙˇ
死背,1,ㄙˇ ㄅㄟˋ
死板,1,ㄙˇ ㄅㄢˇ
死不瞑目,1,ㄙˇ ㄅㄨˋ ㄇㄧㄥˊ ㄇㄨˋ
死皮賴臉,1,ㄙˇ ㄆㄧˊ ㄌㄞˋ ㄌㄧㄢˇ
死馬當活馬醫,1,ㄙˇ ㄇㄚˇ ㄉㄤˋ ㄏㄨㄛˊ ㄇㄚˇ ㄧ
死命,1,ㄙˇ ㄇㄧㄥˋ
死黨,1,ㄙˇ ㄉㄤˇ
死敵,1,ㄙˇ ㄉㄧˊ
死地,1,ㄙˇ ㄉㄧˋ
死對頭,1,ㄙˇ ㄉㄨㄟˋ ㄊㄡ˙
死難,1,ㄙˇ ㄋㄢˋ
死裡逃生,1,ㄙˇ ㄌㄧˇ ㄊㄠˊ ㄕㄥ
死路,1,ㄙˇ ㄌㄨˋ
死胡同,1,ㄙˇ ㄏㄨˊ ㄊㄨㄥˊ
死胡同,1,ㄙˇ ㄏㄨˊ ㄊㄨㄥ˙
死火山,1,ㄙˇ ㄏㄨㄛˇ ㄕㄢ
死灰,1,ㄙˇ ㄏㄨㄟ
死灰復燃,1,ㄙˇ ㄏㄨㄟ ㄈㄨˋ ㄖㄢˊ
死寂,1,ㄙˇ ㄐㄧˊ
死結,1,ㄙˇ ㄐㄧㄝˊ
死角,1,ㄙˇ ㄐㄧㄠˇ
死氣沉沉,1,ㄙˇ ㄑㄧˋ ㄔㄣˊ ㄔㄣˊ
死囚,1,ㄙˇ ㄑㄧㄡˊ
死去活來,1,ㄙˇ ㄑㄩˋ ㄏㄨㄛˊ ㄌㄞˊ
死心,1,ㄙˇ ㄒㄧㄣ
死心塌地,1,ㄙˇ ㄒㄧㄣ ㄊㄚ ㄉㄧˋ
死心眼兒,1,ㄙˇ ㄒㄧㄣ ㄧㄢˇ ㄦ
死心眼兒,1,ㄙˇ ㄒㄧㄣ ㄧㄚˇ ㄦ
死巷,1,ㄙˇ ㄒㄧㄤˋ
死相,1,ㄙˇ ㄒㄧㄤˋ
死刑,1,ㄙˇ ㄒㄧㄥˊ
死訊,1,ㄙˇ ㄒㄩㄣˋ
死屍,1,ㄙˇ ㄕ
死守,1,ㄙˇ ㄕㄡˇ
死神,1,ㄙˇ ㄕㄣˊ
死水,1,ㄙˇ ㄕㄨㄟˇ
死罪,1,ㄙˇ ㄗㄨㄟˋ
死而後已,1,ㄙˇ ㄦˊ ㄏㄡˋ ㄧˇ
死有餘辜,1,ㄙˇ ㄧㄡˇ ㄩˊ ㄍㄨ
死因,1,ㄙˇ ㄧㄣ
死硬派,1,ㄙˇ ㄧㄥˋ ㄆㄞˋ
死亡,1,ㄙˇ ㄨㄤˊ
死亡率,1,ㄙˇ ㄨㄤˊ ㄌㄩˋ
死亡學,1,ㄙˇ ㄨㄤˊ ㄒㄩㄝˊ
死於非命,1,ㄙˇ ㄩˊ ㄈㄟ ㄇㄧㄥˋ
巳,1,ㄙˋ
汜,1,ㄙˋ
汜水,1,ㄙˋ ㄕㄨㄟˇ
祀,1,ㄙˋ
祀神,1,ㄙˋ ㄕㄣˊ
四,1,ㄙˋ
四壁,1,ㄙˋ ㄅㄧˋ
四邊形,1,ㄙˋ ㄅㄧㄢ ㄒㄧㄥˊ
四不像,1,ㄙˋ ㄅㄨˋ ㄒㄧㄤˋ
四不像,1,ㄙˋ ㄅㄨˊ ㄒㄧㄤˋ
四部,1,ㄙˋ ㄅㄨˋ
四平八穩,1,ㄙˋ ㄆㄧㄥˊ ㄅㄚ ㄨㄣˇ
四面,1,ㄙˋ ㄇㄧㄢˋ
四面八方,1,ㄙˋ ㄇㄧㄢˋ ㄅㄚ ㄈㄤ
四面楚歌,1,ㄙˋ ㄇㄧㄢˋ ㄔㄨˇ ㄍㄜ
四民,1,ㄙˋ ㄇㄧㄣˊ
四分五裂,1,ㄙˋ ㄈㄣ ㄨˇ ㄌㄧㄝˋ
四分衛,1,ㄙˋ ㄈㄣ ㄨㄟˋ
四方,1,ㄙˋ ㄈㄤ
四大金剛,1,ㄙˋ ㄉㄚˋ ㄐㄧㄣ ㄍㄤ
四通八達,1,ㄙˋ ㄊㄨㄥ ㄅㄚ ㄉㄚˊ
四鄰,1,ㄙˋ ㄌㄧㄣˊ
四顧,1,ㄙˋ ㄍㄨˋ
四海,1,ㄙˋ ㄏㄞˇ
四海歸心,1,ㄙˋ ㄏㄞˇ ㄍㄨㄟ ㄒㄧㄣ
四海之內皆兄弟,1,ㄙˋ ㄏㄞˇ ㄓ ㄋㄟˋ ㄐㄧㄝ ㄒㄩㄥ ㄉㄧˋ
四海一家,1,ㄙˋ ㄏㄞˇ ㄧ ㄐㄧㄚ
四海一家,1,ㄙˋ ㄏㄞˇ ㄧˋ ㄐㄧㄚ
四海為家,1,ㄙˋ ㄏㄞˇ ㄨㄟˊ ㄐㄧㄚ
四壞球,1,ㄙˋ ㄏㄨㄞˋ ㄑㄧㄡˊ
四季,1,ㄙˋ ㄐㄧˋ
四季如春,1,ㄙˋ ㄐㄧˋ ㄖㄨˊ ㄔㄨㄣ
四腳朝天,1,ㄙˋ ㄐㄧㄠˇ ㄔㄠˊ ㄊㄧㄢ
四健會,1,ㄙˋ ㄐㄧㄢˋ ㄏㄨㄟˋ
四起,1,ㄙˋ ㄑㄧˇ
四肢,1,ㄙˋ ㄓ
四周,1,ㄙˋ ㄓㄡ
四處,1,ㄙˋ ㄔㄨˋ
四重奏,1,ㄙˋ ㄔㄨㄥˊ ㄗㄡˋ
四時,1,ㄙˋ ㄕˊ
四捨五入,1,ㄙˋ ㄕㄜˇ ㄨˇ ㄖㄨˋ
四神湯,1,ㄙˋ ㄕㄣˊ ㄊㄤ
四聲,1,ㄙˋ ㄕㄥ
四書,1,ㄙˋ ㄕㄨ
四人幫,1,ㄙˋ ㄖㄣˊ ㄅㄤ
四則運算,1,ㄙˋ ㄗㄜˊ ㄩㄣˋ ㄙㄨㄢˋ
四四方方,1,ㄙˋ ㄙˋ ㄈㄤ ㄈㄤ
四散,1,ㄙˋ ㄙㄢˋ
四眼田雞,1,ㄙˋ ㄧㄢˇ ㄊㄧㄢˊ ㄐㄧ
泗,1,ㄙˋ
泗水,1,ㄙˋ ㄕㄨㄟˇ
駟,1,ㄙˋ
駟馬難追,1,ㄙˋ ㄇㄚˇ ㄋㄢˊ ㄓㄨㄟ
寺,1,ㄙˋ
寺廟,1,ㄙˋ ㄇㄧㄠˋ
寺院,1,ㄙˋ ㄩㄢˋ
兕,1,ㄙˋ
似,1,ㄙˋ
似乎,1,ㄙˋ ㄏㄨ
似是而非,1,ㄙˋ ㄕˋ ㄦˊ ㄈㄟ
似曾相識,1,ㄙˋ ㄘㄥˊ ㄒㄧㄤ ㄕˋ
姒,1,ㄙˋ
伺,1,ㄙˋ
伺機而動,1,ㄙˋ ㄐㄧ ㄦˊ ㄉㄨㄥˋ
嗣,1,ㄙˋ
嗣後,1,ㄙˋ ㄏㄡˋ
嗣承,1,ㄙˋ ㄔㄥˊ
飼,1,ㄙˋ
飼料,1,ㄙˋ ㄌㄧㄠˋ
飼主,1,ㄙˋ ㄓㄨˇ
飼養,1,ㄙˋ ㄧㄤˇ
俟,1,ㄙˋ
食,1,ㄙˋ
耜,1,ㄙˋ
肆,1,ㄙˋ
肆虐,1,ㄙˋ ㄋㄩㄝˋ
肆意,1,ㄙˋ ㄧˋ
肆無忌憚,1,ㄙˋ ㄨˊ ㄐㄧˋ ㄉㄢˋ
賜,1,ㄙˋ
賜福,1,ㄙˋ ㄈㄨˊ
賜教,1,ㄙˋ ㄐㄧㄠˋ
賜予,1,ㄙˋ ㄩˇ
仨,1,ㄙㄚ
撒,1,ㄙㄚ
撒旦,1,ㄙㄚ ㄉㄢˋ
撒腿,1,ㄙㄚ ㄊㄨㄟˇ
撒尿,1,ㄙㄚ ㄋㄧㄠˋ
撒賴,1,ㄙㄚ ㄌㄞˋ
撒謊,1,ㄙㄚ ㄏㄨㄤˇ
撒嬌,1,ㄙㄚ ㄐㄧㄠ
撒手,1,ㄙㄚ ㄕㄡˇ
撒手人寰,1,ㄙㄚ ㄕㄡˇ ㄖㄣˊ ㄏㄨㄢˊ
撒野,1,ㄙㄚ ㄧㄝˇ
撒網,1,ㄙㄚ ㄨㄤˇ
洒,1,ㄙㄚˇ
洒家,1,ㄙㄚˇ ㄐㄧㄚ
撒,1,ㄙㄚˇ
撒落,1,ㄙㄚˇ ㄌㄨㄛˋ
撒紙錢,1,ㄙㄚˇ ㄓˇ ㄑㄧㄢˊ
灑,1,ㄙㄚˇ
灑脫,1,ㄙㄚˇ ㄊㄨㄛ
灑落,1,ㄙㄚˇ ㄌㄨㄛˋ
灑水,1,ㄙㄚˇ ㄕㄨㄟˇ
灑掃,1,ㄙㄚˇ ㄙㄠˇ
卅,1,ㄙㄚˋ
趿,1,ㄙㄚˋ
颯,1,ㄙㄚˋ
颯颯,1,ㄙㄚˋ ㄙㄚˋ
薩,1,ㄙㄚˋ
薩克斯風,1,ㄙㄚˋ ㄎㄜˋ ㄙ ㄈㄥ
色,1,ㄙㄜˋ
色筆,1,ㄙㄜˋ ㄅㄧˇ
色盲,1,ㄙㄜˋ ㄇㄤˊ
色瞇瞇,1,ㄙㄜˋ ㄇㄧ ㄇㄧ
色調,1,ㄙㄜˋ ㄉㄧㄠˋ
色狼,1,ㄙㄜˋ ㄌㄤˊ
色厲內荏,1,ㄙㄜˋ ㄌㄧˋ ㄋㄟˋ ㄖㄣˇ
色情,1,ㄙㄜˋ ㄑㄧㄥˊ
色情狂,1,ㄙㄜˋ ㄑㄧㄥˊ ㄎㄨㄤˊ
色系,1,ㄙㄜˋ ㄒㄧˋ
色相,1,ㄙㄜˋ ㄒㄧㄤˋ
色澤,1,ㄙㄜˋ ㄗㄜˊ
色彩,1,ㄙㄜˋ ㄘㄞˇ
色素,1,ㄙㄜˋ ㄙㄨˋ
圾,1,ㄙㄜˋ
塞,1,ㄙㄜˋ
塞責,1,ㄙㄜˋ ㄗㄜˊ
瑟,1,ㄙㄜˋ
瑟瑟,1,ㄙㄜˋ ㄙㄜˋ
瑟縮,1,ㄙㄜˋ ㄙㄨㄛ
嗇,1,ㄙㄜˋ
穡,1,ㄙㄜˋ
澀,1,ㄙㄜˋ
思,1,ㄙㄞ
腮,1,ㄙㄞ
腮幫子,1,ㄙㄞ ㄅㄤ ㄗ˙
腮腺炎,1,ㄙㄞ ㄒㄧㄢˋ ㄧㄢˊ
鰓,1,ㄙㄞ
塞,1,ㄙㄞ
塞住,1,ㄙㄞ ㄓㄨˋ
塞車,1,ㄙㄞ ㄔㄜ
塞,1,ㄙㄞˋ
塞內,1,ㄙㄞˋ ㄋㄟˋ
塞翁失馬,1,ㄙㄞˋ ㄨㄥ ㄕ ㄇㄚˇ
賽,1,ㄙㄞˋ
賽跑,1,ㄙㄞˋ ㄆㄠˇ
賽馬,1,ㄙㄞˋ ㄇㄚˇ
賽鴿,1,ㄙㄞˋ ㄍㄜ
賽會,1,ㄙㄞˋ ㄏㄨㄟˋ
賽先生,1,ㄙㄞˋ ㄒㄧㄢ ㄕㄥ
賽車,1,ㄙㄞˋ ㄔㄜ
賽程,1,ㄙㄞˋ ㄔㄥˊ
搔,1,ㄙㄠ
搔到癢處,1,ㄙㄠ ㄉㄠˋ ㄧㄤˇ ㄔㄨˋ
搔頭,1,ㄙㄠ ㄊㄡˊ
搔首弄姿,1,ㄙㄠ ㄕㄡˇ ㄋㄨㄥˋ ㄗ
搔癢,1,ㄙㄠ ㄧㄤˇ
騷,1,ㄙㄠ
騷包,1,ㄙㄠ ㄅㄠ
騷動,1,ㄙㄠ ㄉㄨㄥˋ
騷亂,1,ㄙㄠ ㄌㄨㄢˋ
騷擾,1,ㄙㄠ ㄖㄠˇ
騷人墨客,1,ㄙㄠ ㄖㄣˊ ㄇㄛˋ ㄎㄜˋ
艘,1,ㄙㄠ
臊,1,ㄙㄠ
繅,1,ㄙㄠ
掃,1,ㄙㄠˇ
掃描,1,ㄙㄠˇ ㄇㄧㄠˊ
掃墓,1,ㄙㄠˇ ㄇㄨˋ
掃蕩,1,ㄙㄠˇ ㄉㄤˋ
掃地,1,ㄙㄠˇ ㄉㄧˋ
掃地出門,1,ㄙㄠˇ ㄉㄧˋ ㄔㄨ ㄇㄣˊ
掃毒,1,ㄙㄠˇ ㄉㄨˊ
掃黑,1,ㄙㄠˇ ㄏㄟ
掃黃,1,ㄙㄠˇ ㄏㄨㄤˊ
掃街,1,ㄙㄠˇ ㄐㄧㄝ
掃興,1,ㄙㄠˇ ㄒㄧㄥˋ
掃除,1,ㄙㄠˇ ㄔㄨˊ
掃射,1,ㄙㄠˇ ㄕㄜˋ
嫂,1,ㄙㄠˇ
嫂子,1,ㄙㄠˇ ㄗ˙
嫂嫂,1,ㄙㄠˇ ㄙㄠ˙
掃,1,ㄙㄠˋ
掃把,1,ㄙㄠˋ ㄅㄚˇ
掃帚,1,ㄙㄠˋ ㄓㄡˇ
掃帚星,1,ㄙㄠˋ ㄓㄡˇ ㄒㄧㄥ
燥,1,ㄙㄠˋ
臊,1,ㄙㄠˋ
溲,1,ㄙㄡ
搜,1,ㄙㄡ
搜捕,1,ㄙㄡ ㄅㄨˇ
搜羅,1,ㄙㄡ ㄌㄨㄛˊ
搜刮,1,ㄙㄡ ㄍㄨㄚ
搜救,1,ㄙㄡ ㄐㄧㄡˋ
搜求,1,ㄙㄡ ㄑㄧㄡˊ
搜尋,1,ㄙㄡ ㄒㄩㄣˊ
搜查,1,ㄙㄡ ㄔㄚˊ
搜身,1,ㄙㄡ ㄕㄣ
搜索,1,ㄙㄡ ㄙㄨㄛˇ
搜索枯腸,1,ㄙㄡ ㄙㄨㄛˇ ㄎㄨ ㄔㄤˊ
餿,1,ㄙㄡ
餿主意,1,ㄙㄡ ㄓㄨˇ ㄧˋ
餿水,1,ㄙㄡ ㄕㄨㄟˇ
颼,1,ㄙㄡ
颼颼,1,ㄙㄡ ㄙㄡ
蒐,1,ㄙㄡ
蒐羅,1,ㄙㄡ ㄌㄨㄛˊ
蒐購,1,ㄙㄡ ㄍㄡˋ
蒐集,1,ㄙㄡ ㄐㄧˊ
蒐證,1,ㄙㄡ ㄓㄥˋ
叟,1,ㄙㄡˇ
擻,1,ㄙㄡˇ
藪,1,ㄙㄡˇ
嗽,1,ㄙㄡˋ
三,1,ㄙㄢ
三百六十行,1,ㄙㄢ ㄅㄞˇ ㄌㄧㄡˋ ㄕˊ ㄏㄤˊ
三寶,1,ㄙㄢ ㄅㄠˇ
三不朽,1,ㄙㄢ ㄅㄨˋ ㄒㄧㄡˇ
三部曲,1,ㄙㄢ ㄅㄨˋ ㄑㄩˇ
三昧,1,ㄙㄢ ㄇㄟˋ
三民主義,1,ㄙㄢ ㄇㄧㄣˊ ㄓㄨˇ ㄧˋ
三明治,1,ㄙㄢ ㄇㄧㄥˊ ㄓˋ
三番兩次,1,ㄙㄢ ㄈㄢ ㄌㄧㄤˇ ㄘˋ
三方通話,1,ㄙㄢ ㄈㄤ ㄊㄨㄥ ㄏㄨㄚˋ
三大洋,1,ㄙㄢ ㄉㄚˋ ㄧㄤˊ
三代同堂,1,ㄙㄢ ㄉㄞˋ ㄊㄨㄥˊ ㄊㄤˊ
三多,1,ㄙㄢ ㄉㄨㄛ
三頭六臂,1,ㄙㄢ ㄊㄡˊ ㄌㄧㄡˋ ㄅㄧˋ
三天打魚兩天晒網,1,ㄙㄢ ㄊㄧㄢ ㄉㄚˇ ㄩˊ ㄌㄧㄤˇ ㄊㄧㄢ ㄕㄞˋ ㄨㄤˇ
三天兩頭,1,ㄙㄢ ㄊㄧㄢ ㄌㄧㄤˇ ㄊㄡˊ
三稜鏡,1,ㄙㄢ ㄌㄥˊ ㄐㄧㄥˋ
三流,1,ㄙㄢ ㄌㄧㄡˊ
三聯單,1,ㄙㄢ ㄌㄧㄢˊ ㄉㄢ
三○一條款,1,ㄙㄢ ㄌㄧㄥˊ ㄧ ㄊㄧㄠˊ ㄎㄨㄢˇ
三令五申,1,ㄙㄢ ㄌㄧㄥˋ ㄨˇ ㄕㄣ
三輪車,1,ㄙㄢ ㄌㄨㄣˊ ㄔㄜ
三姑六婆,1,ㄙㄢ ㄍㄨ ㄌㄧㄡˋ ㄆㄛˊ
三光,1,ㄙㄢ ㄍㄨㄤ
三合院,1,ㄙㄢ ㄏㄜˊ ㄩㄢˋ
三魂七魄,1,ㄙㄢ ㄏㄨㄣˊ ㄑㄧ ㄆㄛˋ
三皇五帝,1,ㄙㄢ ㄏㄨㄤˊ ㄨˇ ㄉㄧˋ
三級跳,1,ㄙㄢ ㄐㄧˊ ㄊㄧㄠˋ
三夾板,1,ㄙㄢ ㄐㄧㄚˊ ㄅㄢˇ
三界公,1,ㄙㄢ ㄐㄧㄝˋ ㄍㄨㄥ
三角戀愛,1,ㄙㄢ ㄐㄧㄠˇ ㄌㄧㄢˋ ㄞˋ
三角褲,1,ㄙㄢ ㄐㄧㄠˇ ㄎㄨˋ
三角形,1,ㄙㄢ ㄐㄧㄠˇ ㄒㄧㄥˊ
三腳架,1,ㄙㄢ ㄐㄧㄠˇ ㄐㄧㄚˋ
三教九流,1,ㄙㄢ ㄐㄧㄠˋ ㄐㄧㄡˇ ㄌㄧㄡˊ
三緘其口,1,ㄙㄢ ㄐㄧㄢ ㄑㄧˊ ㄎㄡˇ
三更半夜,1,ㄙㄢ ㄍㄥ ㄅㄢˋ ㄧㄝˋ
三更燈火五更雞,1,ㄙㄢ ㄍㄥ ㄉㄥ ㄏㄨㄛˇ ㄨˇ ㄍㄥ ㄐㄧ
三句不離本行,1,ㄙㄢ ㄐㄩˋ ㄅㄨˋ ㄌㄧˊ ㄅㄣˇ ㄏㄤˊ
三軍,1,ㄙㄢ ㄐㄩㄣ
三秋,1,ㄙㄢ ㄑㄧㄡ
三心二意,1,ㄙㄢ ㄒㄧㄣ ㄦˋ ㄧˋ
三隻手,1,ㄙㄢ ㄓ ㄕㄡˇ
三振,1,ㄙㄢ ㄓㄣˋ
三岔路,1,ㄙㄢ ㄔㄚˋ ㄌㄨˋ
三長兩短,1,ㄙㄢ ㄔㄤˊ ㄌㄧㄤˇ ㄉㄨㄢˇ
三十六計,1,ㄙㄢ ㄕˊ ㄌㄧㄡˋ ㄐㄧˋ
三十六計走為上策,1,ㄙㄢ ㄕˊ ㄌㄧㄡˋ ㄐㄧˋ ㄗㄡˇ ㄨㄟˊ ㄕㄤˋ ㄘㄜˋ
三生有幸,1,ㄙㄢ ㄕㄥ ㄧㄡˇ ㄒㄧㄥˋ
三牲,1,ㄙㄢ ㄕㄥ
三字經,1,ㄙㄢ ㄗˋ ㄐㄧㄥ
三足鼎立,1,ㄙㄢ ㄗㄨˊ ㄉㄧㄥˇ ㄌㄧˋ
三才,1,ㄙㄢ ㄘㄞˊ
三餐,1,ㄙㄢ ㄘㄢ
三餐不繼,1,ㄙㄢ ㄘㄢ ㄅㄨˋ ㄐㄧˋ
三餐不繼,1,ㄙㄢ ㄘㄢ ㄅㄨˊ ㄐㄧˋ
三寸不爛之舌,1,ㄙㄢ ㄘㄨㄣˋ ㄅㄨˋ ㄌㄢˋ ㄓ ㄕㄜˊ
三寸不爛之舌,1,ㄙㄢ ㄘㄨㄣˋ ㄅㄨˊ ㄌㄢˋ ㄓ ㄕㄜˊ
三寸金蓮,1,ㄙㄢ ㄘㄨㄣˋ ㄐㄧㄣ ㄌㄧㄢˊ
三思,1,ㄙㄢ ㄙ
三思而行,1,ㄙㄢ ㄙ ㄦˊ ㄒㄧㄥˊ
三三兩兩,1,ㄙㄢ ㄙㄢ ㄌㄧㄤˇ ㄌㄧㄤˇ
三一律,1,ㄙㄢ ㄧ ㄌㄩˋ
三言兩語,1,ㄙㄢ ㄧㄢˊ ㄌㄧㄤˇ ㄩˇ
三陽開泰,1,ㄙㄢ ㄧㄤˊ ㄎㄞ ㄊㄞˋ
三五好友,1,ㄙㄢ ㄨˇ ㄏㄠˇ ㄧㄡˇ
三五成群,1,ㄙㄢ ㄨˇ ㄔㄥˊ ㄑㄩㄣˊ
三圍,1,ㄙㄢ ㄨㄟˊ
三溫暖,1,ㄙㄢ ㄨㄣ ㄋㄨㄢˇ
三原色,1,ㄙㄢ ㄩㄢˊ ㄙㄜˋ
參,1,ㄙㄢ
散,1,ㄙㄢˇ
散兵,1,ㄙㄢˇ ㄅㄧㄥ
散光,1,ㄙㄢˇ ㄍㄨㄤ
散居,1,ㄙㄢˋ ㄐㄩ
散曲,1,ㄙㄢˇ ㄑㄩˇ
散沙,1,ㄙㄢˇ ㄕㄚ
散文,1,ㄙㄢˇ ㄨㄣˊ
傘,1,ㄙㄢˇ
傘兵,1,ㄙㄢˇ ㄅㄧㄥ
糝,1,ㄙㄢˇ
糝入,1,ㄙㄢˇ ㄖㄨˋ
散,1,ㄙㄢˋ
散播,1,ㄙㄢˋ ㄅㄛˋ
散布,1,ㄙㄢˋ ㄅㄨˋ
散步,1,ㄙㄢˋ ㄅㄨˋ
散漫,1,ㄙㄢˇ ㄇㄢˋ
散發,1,ㄙㄢˋ ㄈㄚ
散光,1,ㄙㄢˋ ㄍㄨㄤ
散會,1,ㄙㄢˋ ㄏㄨㄟˋ
散心,1,ㄙㄢˋ ㄒㄧㄣ
散場,1,ㄙㄢˋ ㄔㄤˇ
散失,1,ㄙㄢˋ ㄕ
散熱,1,ㄙㄢˋ ㄖㄜˋ
散財,1,ㄙㄢˋ ㄘㄞˊ
森,1,ㄙㄣ
森林,1,ㄙㄣ ㄌㄧㄣˊ
森林浴,1,ㄙㄣ ㄌㄧㄣˊ ㄩˋ
森羅萬象,1,ㄙㄣ ㄌㄨㄛˊ ㄨㄢˋ ㄒㄧㄤˋ
森然,1,ㄙㄣ ㄖㄢˊ
森嚴,1,ㄙㄣ ㄧㄢˊ
桑,1,ㄙㄤ
桑葚,1,ㄙㄤ ㄕㄣˋ
桑樹,1,ㄙㄤ ㄕㄨˋ
桑梓,1,ㄙㄤ ㄗˇ
桑榆晚景,1,ㄙㄤ ㄩˊ ㄨㄢˇ ㄐㄧㄥˇ
喪,1,ㄙㄤ
喪服,1,ㄙㄤ ㄈㄨˊ
喪禮,1,ㄙㄤ ㄌㄧˇ
喪家,1,ㄙㄤ ㄐㄧㄚ
喪鐘,1,ㄙㄤ ㄓㄨㄥ
喪事,1,ㄙㄤ ㄕˋ
喪葬,1,ㄙㄤ ㄗㄤˋ
嗓,1,ㄙㄤˇ
嗓門,1,ㄙㄤˇ ㄇㄣˊ
嗓子,1,ㄙㄤˇ ㄗ˙
嗓音,1,ㄙㄤˇ ㄧㄣ
顙,1,ㄙㄤˇ
喪,1,ㄙㄤˋ
喪命,1,ㄙㄤˋ ㄇㄧㄥˋ
喪膽,1,ㄙㄤˋ ㄉㄢˇ
喪家之犬,1,ㄙㄤˋ ㄐㄧㄚ ㄓ ㄑㄩㄢˇ
喪盡天良,1,ㄙㄤˋ ㄐㄧㄣˋ ㄊㄧㄢ ㄌㄧㄤˊ
喪氣,1,ㄙㄤˋ ㄑㄧˋ
喪權辱國,1,ㄙㄤˋ ㄑㄩㄢˊ ㄖㄨˋ ㄍㄨㄛˊ
喪心病狂,1,ㄙㄤˋ ㄒㄧㄣ ㄅㄧㄥˋ ㄎㄨㄤˊ
喪志,1,ㄙㄤˋ ㄓˋ
喪失,1,ㄙㄤˋ ㄕ
喪身,1,ㄙㄤˋ ㄕㄣ
喪生,1,ㄙㄤˋ ㄕㄥ
僧,1,ㄙㄥ
僧多粥少,1,ㄙㄥ ㄉㄨㄛ ㄓㄡ ㄕㄠˇ
僧尼,1,ㄙㄥ ㄋㄧˊ
僧侶,1,ㄙㄥ ㄌㄩˇ
僧人,1,ㄙㄥ ㄖㄣˊ
甦,1,ㄙㄨ
甦醒,1,ㄙㄨ ㄒㄧㄥˇ
酥,1,ㄙㄨ
酥糖,1,ㄙㄨ ㄊㄤˊ
酥胸,1,ㄙㄨ ㄒㄩㄥ
酥軟,1,ㄙㄨ ㄖㄨㄢˇ
酥油,1,ㄙㄨ ㄧㄡˊ
穌,1,ㄙㄨ
蘇,1,ㄙㄨ
蘇打,1,ㄙㄨ ㄉㄚˇ
蘇鐵,1,ㄙㄨ ㄊㄧㄝˇ
囌,1,ㄙㄨ
俗,1,ㄙㄨˊ
俗不可耐,1,ㄙㄨˊ ㄅㄨˋ ㄎㄜˇ ㄋㄞˋ
俗名,1,ㄙㄨˊ ㄇㄧㄥˊ
俗套,1,ㄙㄨˊ ㄊㄠˋ
俗話,1,ㄙㄨˊ ㄏㄨㄚˋ
俗氣,1,ㄙㄨˊ ㄑㄧˋ
俗稱,1,ㄙㄨˊ ㄔㄥ
俗字,1,ㄙㄨˊ ㄗˋ
俗諺俚語,1,ㄙㄨˊ ㄧㄢˋ ㄌㄧˇ ㄩˇ
俗文學,1,ㄙㄨˊ ㄨㄣˊ ㄒㄩㄝˊ
俗語,1,ㄙㄨˊ ㄩˇ
夙,1,ㄙㄨˋ
夙負盛名,1,ㄙㄨˋ ㄈㄨˋ ㄕㄥˋ ㄇㄧㄥˊ
夙興夜寐,1,ㄙㄨˋ ㄒㄧㄥ ㄧㄝˋ ㄇㄟˋ
夙儒,1,ㄙㄨˋ ㄖㄨˊ
夙夜匪懈,1,ㄙㄨˋ ㄧㄝˋ ㄈㄟˇ ㄒㄧㄝˋ
夙怨,1,ㄙㄨˋ ㄩㄢˋ
夙願以償,1,ㄙㄨˋ ㄩㄢˋ ㄧˇ ㄔㄤˊ
素,1,ㄙㄨˋ
素不相識,1,ㄙㄨˋ ㄅㄨˋ ㄒㄧㄤ ㄕˋ
素昧平生,1,ㄙㄨˋ ㄇㄟˋ ㄆㄧㄥˊ ㄕㄥ
素描,1,ㄙㄨˋ ㄇㄧㄠˊ
素來,1,ㄙㄨˋ ㄌㄞˊ
素淨,1,ㄙㄨˋ ㄐㄧㄥˋ
素行,1,ㄙㄨˋ ㄒㄧㄥˋ
素行不良,1,ㄙㄨˋ ㄒㄧㄥˋ ㄅㄨˋ ㄌㄧㄤˊ
素質,1,ㄙㄨˋ ㄓˊ
素食,1,ㄙㄨˋ ㄕˊ
素日,1,ㄙㄨˋ ㄖˋ
素人畫家,1,ㄙㄨˋ ㄖㄣˊ ㄏㄨㄚˋ ㄐㄧㄚ
素材,1,ㄙㄨˋ ㄘㄞˊ
素菜,1,ㄙㄨˋ ㄘㄞˋ
素雅,1,ㄙㄨˋ ㄧㄚˇ
素養,1,ㄙㄨˋ ㄧㄤˇ
愫,1,ㄙㄨˋ
宿,1,ㄙㄨˋ
宿命,1,ㄙㄨˋ ㄇㄧㄥˋ
宿命論,1,ㄙㄨˋ ㄇㄧㄥˋ ㄌㄨㄣˋ
宿敵,1,ㄙㄨˋ ㄉㄧˊ
宿疾,1,ㄙㄨˋ ㄐㄧˊ
宿主,1,ㄙㄨˋ ㄓㄨˇ
宿舍,1,ㄙㄨˋ ㄕㄜˋ
宿儒,1,ㄙㄨˋ ㄖㄨˊ
宿醉,1,ㄙㄨˋ ㄗㄨㄟˋ
宿緣,1,ㄙㄨˋ ㄩㄢˊ
宿怨,1,ㄙㄨˋ ㄩㄢˋ
宿願,1,ㄙㄨˋ ㄩㄢˋ
蓿,1,ㄙㄨˋ
速,1,ㄙㄨˋ
速讀,1,ㄙㄨˋ ㄉㄨˊ
速度,1,ㄙㄨˋ ㄉㄨˋ
速率,1,ㄙㄨˋ ㄌㄩˋ
速記,1,ㄙㄨˋ ㄐㄧˋ
速寫,1,ㄙㄨˋ ㄒㄧㄝˇ
速戰速決,1,ㄙㄨˋ ㄓㄢˋ ㄙㄨˋ ㄐㄩㄝˊ
速成,1,ㄙㄨˋ ㄔㄥˊ
速食,1,ㄙㄨˋ ㄕˊ
速賜康,1,ㄙㄨˋ ㄙˋ ㄎㄤ
觫,1,ㄙㄨˋ
簌,1,ㄙㄨˋ
簌簌,1,ㄙㄨˋ ㄙㄨˋ
訴,1,ㄙㄨˋ
訴苦,1,ㄙㄨˋ ㄎㄨˇ
訴求,1,ㄙㄨˋ ㄑㄧㄡˊ
訴狀,1,ㄙㄨˋ ㄓㄨㄤˋ
訴說,1,ㄙㄨˋ ㄕㄨㄛ
訴訟,1,ㄙㄨˋ ㄙㄨㄥˋ
訴冤,1,ㄙㄨˋ ㄩㄢ
訴願,1,ㄙㄨˋ ㄩㄢˋ
粟,1,ㄙㄨˋ
粟米,1,ㄙㄨˋ ㄇㄧˇ
肅,1,ㄙㄨˋ
肅穆,1,ㄙㄨˋ ㄇㄨˋ
肅貪,1,ㄙㄨˋ ㄊㄢ
肅立,1,ㄙㄨˋ ㄌㄧˋ
肅靜,1,ㄙㄨˋ ㄐㄧㄥˋ
肅清,1,ㄙㄨˋ ㄑㄧㄥ
肅殺,1,ㄙㄨˋ ㄕㄚ
肅然,1,ㄙㄨˋ ㄖㄢˊ
肅然起敬,1,ㄙㄨˋ ㄖㄢˊ ㄑㄧˇ ㄐㄧㄥˋ
溯,1,ㄙㄨˋ
溯源,1,ㄙㄨˋ ㄩㄢˊ
塑,1,ㄙㄨˋ
塑鋼,1,ㄙㄨˋ ㄍㄤ
塑膠,1,ㄙㄨˋ ㄐㄧㄠ
塑像,1,ㄙㄨˋ ㄒㄧㄤˋ
塑造,1,ㄙㄨˋ ㄗㄠˋ
愬,1,ㄙㄨˋ
窣,1,ㄙㄨˋ
數珠,1,ㄕㄨˋ ㄓㄨ
娑,1,ㄙㄨㄛ
挲,1,ㄙㄨㄛ
莎,1,ㄙㄨㄛ
唆,1,ㄙㄨㄛ
唆使,1,ㄙㄨㄛ ㄕˇ
梭,1,ㄙㄨㄛ
梭哈,1,ㄙㄨㄛ ㄏㄚ
嗦,1,ㄙㄨㄛ
蓑,1,ㄙㄨㄛ
簑,1,ㄙㄨㄛ
縮,1,ㄙㄨㄛ
縮短,1,ㄙㄨㄛ ㄉㄨㄢˇ
縮頭縮腦,1,ㄙㄨㄛ ㄊㄡˊ ㄙㄨㄛ ㄋㄠˇ
縮圖,1,ㄙㄨㄛ ㄊㄨˊ
縮減,1,ㄙㄨㄛ ㄐㄧㄢˇ
縮緊,1,ㄙㄨㄛ ㄐㄧㄣˇ
縮寫,1,ㄙㄨㄛ ㄒㄧㄝˇ
縮小,1,ㄙㄨㄛ ㄒㄧㄠˇ
縮水,1,ㄙㄨㄛ ㄕㄨㄟˇ
縮衣節食,1,ㄙㄨㄛ ㄧ ㄐㄧㄝˊ ㄕˊ
縮影,1,ㄙㄨㄛ ㄧㄥˇ
所,1,ㄙㄨㄛˇ
所費不貲,1,ㄙㄨㄛˇ ㄈㄟˋ ㄅㄨˋ ㄗ
所得,1,ㄙㄨㄛˇ ㄉㄜˊ
所得稅,1,ㄙㄨㄛˇ ㄉㄜˊ ㄕㄨㄟˋ
所託非人,1,ㄙㄨㄛˇ ㄊㄨㄛ ㄈㄟ ㄖㄣˊ
所見所聞,1,ㄙㄨㄛˇ ㄐㄧㄢˋ ㄙㄨㄛˇ ㄨㄣˊ
所向披靡,1,ㄙㄨㄛˇ ㄒㄧㄤˋ ㄆㄧ ㄇㄧˇ
所向無敵,1,ㄙㄨㄛˇ ㄒㄧㄤˋ ㄨˊ ㄉㄧˊ
所幸,1,ㄙㄨㄛˇ ㄒㄧㄥˋ
所長,1,ㄙㄨㄛˇ ㄓㄤˇ
所長,1,ㄙㄨㄛˇ ㄔㄤˊ
所在,1,ㄙㄨㄛˇ ㄗㄞˋ
所作所為,1,ㄙㄨㄛˇ ㄗㄨㄛˋ ㄙㄨㄛˇ ㄨㄟˊ
所以,1,ㄙㄨㄛˇ ㄧˇ
所以然,1,ㄙㄨㄛˇ ㄧˇ ㄖㄢˊ
所有,1,ㄙㄨㄛˇ ㄧㄡˇ
所謂,1,ㄙㄨㄛˇ ㄨㄟˋ
索,1,ㄙㄨㄛˇ
索賠,1,ㄙㄨㄛˇ ㄆㄟˊ
索命,1,ㄙㄨㄛˇ ㄇㄧㄥˋ
索討,1,ㄙㄨㄛˇ ㄊㄠˇ
索賄,1,ㄙㄨㄛˇ ㄏㄨㄟˋ
索價,1,ㄙㄨㄛˇ ㄐㄧㄚˋ
索取,1,ㄙㄨㄛˇ ㄑㄩˇ
索性,1,ㄙㄨㄛˇ ㄒㄧㄥˋ
索然,1,ㄙㄨㄛˇ ㄖㄢˊ
索然無味,1,ㄙㄨㄛˇ ㄖㄢˊ ㄨˊ ㄨㄟˋ
索引,1,ㄙㄨㄛˇ ㄧㄣˇ
嗩,1,ㄙㄨㄛˇ
瑣,1,ㄙㄨㄛˇ
瑣事,1,ㄙㄨㄛˇ ㄕˋ
瑣碎,1,ㄙㄨㄛˇ ㄙㄨㄟˋ
瑣務,1,ㄙㄨㄛˇ ㄨˋ
鎖,1,ㄙㄨㄛˇ
鎖定,1,ㄙㄨㄛˇ ㄉㄧㄥˋ
鎖鏈,1,ㄙㄨㄛˇ ㄌㄧㄢˋ
鎖骨,1,ㄙㄨㄛˇ ㄍㄨˇ
鎖國,1,ㄙㄨㄛˇ ㄍㄨㄛˊ
鎖匙,1,ㄙㄨㄛˇ ㄕ˙
鎖鑰,1,ㄙㄨㄛˇ ㄧㄠˋ
些,1,ㄙㄨㄛˋ
睢,1,ㄙㄨㄟ
睢河,1,ㄙㄨㄟ ㄏㄜˊ
睢睢,1,ㄙㄨㄟ ㄙㄨㄟ
雖,1,ㄙㄨㄟ
雖敗猶榮,1,ㄙㄨㄟ ㄅㄞˋ ㄧㄡˊ ㄖㄨㄥˊ
雖然,1,ㄙㄨㄟ ㄖㄢˊ
綏,1,ㄙㄨㄟ
綏靖,1,ㄙㄨㄟ ㄐㄧㄥˋ
隋,1,ㄙㄨㄟˊ
隨,1,ㄙㄨㄟˊ
隨波逐流,1,ㄙㄨㄟˊ ㄅㄛ ㄓㄨˊ ㄌㄧㄡˊ
隨筆,1,ㄙㄨㄟˊ ㄅㄧˇ
隨便,1,ㄙㄨㄟˊ ㄅㄧㄢˋ
隨風搖曳,1,ㄙㄨㄟˊ ㄈㄥ ㄧㄠˊ ㄧˋ
隨地,1,ㄙㄨㄟˊ ㄉㄧˋ
隨口,1,ㄙㄨㄟˊ ㄎㄡˇ
隨和,1,ㄙㄨㄟˊ ㄏㄜˊ
隨後,1,ㄙㄨㄟˊ ㄏㄡˋ
隨機,1,ㄙㄨㄟˊ ㄐㄧ
隨機應變,1,ㄙㄨㄟˊ ㄐㄧ ㄧㄥˋ ㄅㄧㄢˋ
隨即,1,ㄙㄨㄟˊ ㄐㄧˊ
隨心所欲,1,ㄙㄨㄟˊ ㄒㄧㄣ ㄙㄨㄛˇ ㄩˋ
隨行,1,ㄙㄨㄟˊ ㄒㄧㄥˊ
隨興,1,ㄙㄨㄟˊ ㄒㄧㄥˋ
隨處,1,ㄙㄨㄟˊ ㄔㄨˋ
隨時,1,ㄙㄨㄟˊ ㄕˊ
隨時隨地,1,ㄙㄨㄟˊ ㄕˊ ㄙㄨㄟˊ ㄉㄧˋ
隨侍,1,ㄙㄨㄟˊ ㄕˋ
隨手,1,ㄙㄨㄟˊ ㄕㄡˇ
隨身,1,ㄙㄨㄟˊ ㄕㄣ
隨身聽,1,ㄙㄨㄟˊ ㄕㄣ ㄊㄧㄥ
隨聲附和,1,ㄙㄨㄟˊ ㄕㄥ ㄈㄨˋ ㄏㄜˋ
隨從,1,ㄙㄨㄟˊ ㄗㄨㄥˋ
隨從,1,ㄙㄨㄟˊ ㄘㄨㄥˊ
隨俗,1,ㄙㄨㄟˊ ㄙㄨˊ
隨隨便便,1,ㄙㄨㄟˊ ㄙㄨㄟˊ ㄅㄧㄢˋ ㄅㄧㄢˋ
隨意,1,ㄙㄨㄟˊ ㄧˋ
隨遇而安,1,ㄙㄨㄟˊ ㄩˋ ㄦˊ ㄢ
隨員,1,ㄙㄨㄟˊ ㄩㄢˊ
隨緣,1,ㄙㄨㄟˊ ㄩㄢˊ
髓,1,ㄙㄨㄟˇ
祟,1,ㄙㄨㄟˋ
遂,1,ㄙㄨㄟˋ
遂其所願,1,ㄙㄨㄟˋ ㄑㄧˊ ㄙㄨㄛˇ ㄩㄢˋ
隧,1,ㄙㄨㄟˋ
隧道,1,ㄙㄨㄟˋ ㄉㄠˋ
燧,1,ㄙㄨㄟˋ
燧石,1,ㄙㄨㄟˋ ㄕˊ
邃,1,ㄙㄨㄟˋ
碎,1,ㄙㄨㄟˋ
碎步,1,ㄙㄨㄟˋ ㄅㄨˋ
碎裂,1,ㄙㄨㄟˋ ㄌㄧㄝˋ
碎花,1,ㄙㄨㄟˋ ㄏㄨㄚ
碎屑,1,ㄙㄨㄟˋ ㄒㄧㄝˋ
碎屍萬段,1,ㄙㄨㄟˋ ㄕ ㄨㄢˋ ㄉㄨㄢˋ
歲,1,ㄙㄨㄟˋ
歲末,1,ㄙㄨㄟˋ ㄇㄛˋ
歲暮,1,ㄙㄨㄟˋ ㄇㄨˋ
歲出,1,ㄙㄨㄟˋ ㄔㄨ
歲數,1,ㄙㄨㄟˋ ㄕㄨˋ
歲入,1,ㄙㄨㄟˋ ㄖㄨˋ
歲月,1,ㄙㄨㄟˋ ㄩㄝˋ
歲月如梭,1,ㄙㄨㄟˋ ㄩㄝˋ ㄖㄨˊ ㄙㄨㄛ
穗,1,ㄙㄨㄟˋ
痠,1,ㄙㄨㄢ
痠麻,1,ㄙㄨㄢ ㄇㄚˊ
痠痛,1,ㄙㄨㄢ ㄊㄨㄥˋ
酸,1,ㄙㄨㄢ
酸甜苦辣,1,ㄙㄨㄢ ㄊㄧㄢˊ ㄎㄨˇ ㄌㄚˋ
酸痛,1,ㄙㄨㄢ ㄊㄨㄥˋ
酸辣湯,1,ㄙㄨㄢ ㄌㄚˋ ㄊㄤ
酸溜溜,1,ㄙㄨㄢ ㄌㄧㄡ ㄌㄧㄡ
酸鹼度,1,ㄙㄨㄢ ㄐㄧㄢˇ ㄉㄨˋ
酸性,1,ㄙㄨㄢ ㄒㄧㄥˋ
酸楚,1,ㄙㄨㄢ ㄔㄨˇ
酸雨,1,ㄙㄨㄢ ㄩˇ
蒜,1,ㄙㄨㄢˋ
蒜頭,1,ㄙㄨㄢˋ ㄊㄡˊ
算,1,ㄙㄨㄢˋ
算盤,1,ㄙㄨㄢˋ ㄆㄢˊ
算命,1,ㄙㄨㄢˋ ㄇㄧㄥˋ
算法,1,ㄙㄨㄢˋ ㄈㄚˇ
算了,1,ㄙㄨㄢˋ ㄌㄜ˙
算計,1,ㄙㄨㄢˋ ㄐㄧˋ
算帳,1,ㄙㄨㄢˋ ㄓㄤˋ
算術,1,ㄙㄨㄢˋ ㄕㄨˋ
算數,1,ㄙㄨㄢˋ ㄕㄨˋ
孫,1,ㄙㄨㄣ
孫女,1,ㄙㄨㄣ ㄋㄩˇ
孫子,1,ㄙㄨㄣ ㄗˇ
孫子,1,ㄙㄨㄣ ㄗ˙
孫悟空,1,ㄙㄨㄣ ㄨˋ ㄎㄨㄥ
猻,1,ㄙㄨㄣ
蓀,1,ㄙㄨㄣ
飧,1,ㄙㄨㄣ
筍,1,ㄙㄨㄣˇ
筍乾,1,ㄙㄨㄣˇ ㄍㄢ
損,1,ㄙㄨㄣˇ
損兵折將,1,ㄙㄨㄣˇ ㄅㄧㄥ ㄓㄜˊ ㄐㄧㄤˋ
損害,1,ㄙㄨㄣˇ ㄏㄞˋ
損耗,1,ㄙㄨㄣˇ ㄏㄠˋ
損壞,1,ㄙㄨㄣˇ ㄏㄨㄞˋ
損毀,1,ㄙㄨㄣˇ ㄏㄨㄟˇ
損失,1,ㄙㄨㄣˇ ㄕ
損傷,1,ㄙㄨㄣˇ ㄕㄤ
損人利己,1,ㄙㄨㄣˇ ㄖㄣˊ ㄌㄧˋ ㄐㄧˇ
損益,1,ㄙㄨㄣˇ ㄧˋ
損友,1,ㄙㄨㄣˇ ㄧㄡˇ
榫,1,ㄙㄨㄣˇ
榫頭,1,ㄙㄨㄣˇ ㄊㄡ˙
榫眼,1,ㄙㄨㄣˇ ㄧㄢˇ
忪,1,ㄙㄨㄥ
松,1,ㄙㄨㄥ
松柏,1,ㄙㄨㄥ ㄅㄛˊ
松濤,1,ㄙㄨㄥ ㄊㄠˊ
松林,1,ㄙㄨㄥ ㄌㄧㄣˊ
松果,1,ㄙㄨㄥ ㄍㄨㄛˇ
松鶴延年,1,ㄙㄨㄥ ㄏㄜˋ ㄧㄢˊ ㄋㄧㄢˊ
松節油,1,ㄙㄨㄥ ㄐㄧㄝˊ ㄧㄡˊ
松香,1,ㄙㄨㄥ ㄒㄧㄤ
松蕈,1,ㄙㄨㄥ ㄒㄩㄣˋ
松鼠,1,ㄙㄨㄥ ㄕㄨˇ
松樹,1,ㄙㄨㄥ ㄕㄨˋ
松仁,1,ㄙㄨㄥ ㄖㄣˊ
松子,1,ㄙㄨㄥ ㄗˇ
松材線蟲,1,ㄙㄨㄥ ㄘㄞˊ ㄒㄧㄢˋ ㄔㄨㄥˊ
淞,1,ㄙㄨㄥ
鬆,1,ㄙㄨㄥ
鬆綁,1,ㄙㄨㄥ ㄅㄤˇ
鬆動,1,ㄙㄨㄥ ㄉㄨㄥˋ
鬆脫,1,ㄙㄨㄥ ㄊㄨㄛ
鬆了一口氣,1,ㄙㄨㄥ ㄌㄜ˙ ㄧ ㄎㄡˇ ㄑㄧˋ
鬆了一口氣,1,ㄙㄨㄥ ㄌㄜ˙ ㄧˋ ㄎㄡˇ ㄑㄧˋ
鬆口,1,ㄙㄨㄥ ㄎㄡˇ
鬆緊帶,1,ㄙㄨㄥ ㄐㄧㄣˇ ㄉㄞˋ
鬆懈,1,ㄙㄨㄥ ㄒㄧㄝˋ
鬆弛,1,ㄙㄨㄥ ㄔˊ
鬆手,1,ㄙㄨㄥ ㄕㄡˇ
鬆軟,1,ㄙㄨㄥ ㄖㄨㄢˇ
鬆散,1,ㄙㄨㄥ ㄙㄢˇ
嵩,1,ㄙㄨㄥ
嵩壽,1,ㄙㄨㄥ ㄕㄡˋ
嵩山,1,ㄙㄨㄥ ㄕㄢ
悚,1,ㄙㄨㄥˇ
悚慄,1,ㄙㄨㄥˇ ㄌㄧˋ
悚然心驚,1,ㄙㄨㄥˇ ㄖㄢˊ ㄒㄧㄣ ㄐㄧㄥ
竦,1,ㄙㄨㄥˇ
慫,1,ㄙㄨㄥˇ
慫恿,1,ㄙㄨㄥˇ ㄩㄥˇ
聳,1,ㄙㄨㄥˇ
聳動,1,ㄙㄨㄥˇ ㄉㄨㄥˋ
聳立,1,ㄙㄨㄥˇ ㄌㄧˋ
聳肩,1,ㄙㄨㄥˇ ㄐㄧㄢ
聳人聽聞,1,ㄙㄨㄥˇ ㄖㄣˊ ㄊㄧㄥ ㄨㄣˊ
宋,1,ㄙㄨㄥˋ
宋江陣,1,ㄙㄨㄥˋ ㄐㄧㄤ ㄓㄣˋ
宋詞,1,ㄙㄨㄥˋ ㄘˊ
送,1,ㄙㄨㄥˋ
送別,1,ㄙㄨㄥˋ ㄅㄧㄝˊ
送殯,1,ㄙㄨㄥˋ ㄅㄧㄣˋ
送命,1,ㄙㄨㄥˋ ㄇㄧㄥˋ
送達,1,ㄙㄨㄥˋ ㄉㄚˊ
送禮,1,ㄙㄨㄥˋ ㄌㄧˇ
送客,1,ㄙㄨㄥˋ ㄎㄜˋ
送貨,1,ㄙㄨㄥˋ ㄏㄨㄛˋ
送還,1,ㄙㄨㄥˋ ㄏㄨㄢˊ
送交,1,ㄙㄨㄥˋ ㄐㄧㄠ
送舊迎新,1,ㄙㄨㄥˋ ㄐㄧㄡˋ ㄧㄥˊ ㄒㄧㄣ
送秋波,1,ㄙㄨㄥˋ ㄑㄧㄡ ㄅㄛ
送行,1,ㄙㄨㄥˋ ㄒㄧㄥˊ
送終,1,ㄙㄨㄥˋ ㄓㄨㄥ
送神,1,ㄙㄨㄥˋ ㄕㄣˊ
送葬,1,ㄙㄨㄥˋ ㄗㄤˋ
送死,1,ㄙㄨㄥˋ ㄙˇ
送往迎來,1,ㄙㄨㄥˋ ㄨㄤˇ ㄧㄥˊ ㄌㄞˊ
訟,1,ㄙㄨㄥˋ
訟案,1,ㄙㄨㄥˋ ㄢˋ
頌,1,ㄙㄨㄥˋ
頌讚,1,ㄙㄨㄥˋ ㄗㄢˋ
頌揚,1,ㄙㄨㄥˋ ㄧㄤˊ
誦,1,ㄙㄨㄥˋ
誦讀,1,ㄙㄨㄥˋ ㄉㄨˊ
阿,1,ㄚ
阿兵哥,1,ㄚ ㄅㄧㄥ ㄍㄜ
阿婆,1,ㄚ ㄆㄛˊ
阿摩尼亞,1,ㄚ ㄇㄛˊ ㄋㄧˊ ㄧㄚˋ
阿米巴,1,ㄚ ㄇㄧˇ ㄅㄚ
阿米巴痢疾,1,ㄚ ㄇㄧˇ ㄅㄚ ㄌㄧˋ ㄐㄧˊ
阿門,1,ㄚ ㄇㄣˊ
阿飛,1,ㄚ ㄈㄟ
阿拉,1,ㄚ ㄌㄚ
阿拉伯數字,1,ㄚ ㄌㄚ ㄅㄛˊ ㄕㄨˋ ㄗˋ
阿公,1,ㄚ ㄍㄨㄥ
阿訇,1,ㄚ ㄏㄨㄥ
阿修羅,1,ㄚ ㄒㄧㄡ ㄌㄨㄛˊ
阿莎力,1,ㄚ ㄕㄚ ㄌㄧˋ
阿茨海默症,1,ㄚ ㄘˊ ㄏㄞˇ ㄇㄛˋ ㄓㄥˋ
阿斯匹靈,1,ㄚ ㄙ ㄆㄧ ㄌㄧㄥˊ
阿姨,1,ㄚ ㄧˊ
啊,1,ㄚ
啊哈,1,ㄚ ㄏㄚ
啊,1,ㄚ˙
呵,1,ㄛ
喔,1,ㄛ
喔唷,1,ㄛ ㄧㄛ
喔喲,1,ㄛ ㄧㄠ
哦,1,ㄛˊ
阿,1,ㄜ
阿諛,1,ㄜ ㄩˊ
屙,1,ㄜ
婀,1,ㄜ
婀娜,1,ㄜ ㄋㄨㄛˊ
婀娜多姿,1,ㄜ ㄋㄨㄛˊ ㄉㄨㄛ ㄗ
痾,1,ㄜ
俄,1,ㄜˊ
俄羅斯方塊,1,ㄜˊ ㄌㄨㄛˊ ㄙ ㄈㄤ ㄎㄨㄞˋ
哦,1,ㄜˊ
峨,1,ㄜˊ
峨嵋山,1,ㄜˊ ㄇㄟˊ ㄕㄢ
峨然矗立,1,ㄜˊ ㄖㄢˊ ㄔㄨˋ ㄌㄧˋ
娥,1,ㄜˊ
娥眉,1,ㄜˊ ㄇㄟˊ
娥皇,1,ㄜˊ ㄏㄨㄤˊ
莪,1,ㄜˊ
莪蒿,1,ㄜˊ ㄏㄠ
蛾,1,ㄜˊ
蛾眉,1,ㄜˊ ㄇㄟˊ
鵝,1,ㄜˊ
鵝卵石,1,ㄜˊ ㄌㄨㄢˇ ㄕˊ
鵝黃色,1,ㄜˊ ㄏㄨㄤˊ ㄙㄜˋ
訛,1,ㄜˊ
訛詐,1,ㄜˊ ㄓㄚˋ
訛稱,1,ㄜˊ ㄔㄥ
訛傳,1,ㄜˊ ㄔㄨㄢˊ
蚵,1,ㄜˊ
額,1,ㄜˊ
額滿,1,ㄜˊ ㄇㄢˇ
額度,1,ㄜˊ ㄉㄨˋ
額頭,1,ㄜˊ ㄊㄡ˙
額角,1,ㄜˊ ㄐㄧㄠˇ
額手稱慶,1,ㄜˊ ㄕㄡˇ ㄔㄥ ㄑㄧㄥˋ
額數,1,ㄜˊ ㄕㄨˋ
額外,1,ㄜˊ ㄨㄞˋ
惡,1,ㄜˇ
惡心,1,ㄜˇ ㄒㄧㄣ
噁,1,ㄜˇ
噁心,1,ㄜˇ ㄒㄧㄣ
厄,1,ㄜˋ
厄運,1,ㄜˋ ㄩㄣˋ
扼,1,ㄜˋ
扼制,1,ㄜˋ ㄓˋ
扼殺,1,ㄜˋ ㄕㄚ
扼守,1,ㄜˋ ㄕㄡˇ
扼要,1,ㄜˋ ㄧㄠˋ
扼腕,1,ㄜˋ ㄨㄢˋ
呃,1,ㄜˋ
阨,1,ㄜˋ
軛,1,ㄜˋ
堊,1,ㄜˋ
惡,1,ㄜˋ
惡霸,1,ㄜˋ ㄅㄚˋ
惡報,1,ㄜˋ ㄅㄠˋ
惡補,1,ㄜˋ ㄅㄨˇ
惡魔,1,ㄜˋ ㄇㄛˊ
惡夢,1,ㄜˋ ㄇㄥˋ
惡名,1,ㄜˋ ㄇㄧㄥˊ
惡名昭彰,1,ㄜˋ ㄇㄧㄥˊ ㄓㄠ ㄓㄤ
惡法,1,ㄜˋ ㄈㄚˇ
惡鬥,1,ㄜˋ ㄉㄡˋ
惡毒,1,ㄜˋ ㄉㄨˊ
惡徒,1,ㄜˋ ㄊㄨˊ
惡例,1,ㄜˋ ㄌㄧˋ
惡劣,1,ㄜˋ ㄌㄧㄝˋ
惡感,1,ㄜˋ ㄍㄢˇ
惡果,1,ㄜˋ ㄍㄨㄛˇ
惡貫滿盈,1,ㄜˋ ㄍㄨㄢˋ ㄇㄢˇ ㄧㄥˊ
惡棍,1,ㄜˋ ㄍㄨㄣˋ
惡客,1,ㄜˋ ㄎㄜˋ
惡耗,1,ㄜˋ ㄏㄠˋ
惡漢,1,ㄜˋ ㄏㄢˋ
惡狠狠,1,ㄜˋ ㄏㄣˇ ㄏㄣˇ
惡化,1,ㄜˋ ㄏㄨㄚˋ
惡疾,1,ㄜˋ ㄐㄧˊ
惡犬,1,ㄜˋ ㄑㄩㄢˇ
惡習,1,ㄜˋ ㄒㄧˊ
惡性,1,ㄜˋ ㄒㄧㄥˋ
惡性循環,1,ㄜˋ ㄒㄧㄥˋ ㄒㄩㄣˊ ㄏㄨㄢˊ
惡訊,1,ㄜˋ ㄒㄩㄣˋ
惡兆,1,ㄜˋ ㄓㄠˋ
惡戰,1,ㄜˋ ㄓㄢˋ
惡臭,1,ㄜˋ ㄔㄡˋ
惡勢力,1,ㄜˋ ㄕˋ ㄌㄧˋ
惡少,1,ㄜˋ ㄕㄠˋ
惡人,1,ㄜˋ ㄖㄣˊ
惡作劇,1,ㄜˋ ㄗㄨㄛˋ ㄐㄩˋ
惡意,1,ㄜˋ ㄧˋ
惡有惡報,1,ㄜˋ ㄧㄡˇ ㄜˋ ㄅㄠˋ
惡言,1,ㄜˋ ㄧㄢˊ
惡言惡語,1,ㄜˋ ㄧㄢˊ ㄜˋ ㄩˇ
惡運,1,ㄜˋ ㄩㄣˋ
愕,1,ㄜˋ
愕然,1,ㄜˋ ㄖㄢˊ
鄂,1,ㄜˋ
萼,1,ㄜˋ
鍔,1,ㄜˋ
顎,1,ㄜˋ
顎骨,1,ㄜˋ ㄍㄨˇ
遏,1,ㄜˋ
遏止,1,ㄜˋ ㄓˇ
遏制,1,ㄜˋ ㄓˋ
遏阻,1,ㄜˋ ㄗㄨˇ
遏抑,1,ㄜˋ ㄧˋ
餓,1,ㄜˋ
餓鬼,1,ㄜˋ ㄍㄨㄟˇ
餓虎撲食,1,ㄜˋ ㄏㄨˇ ㄆㄨ ㄕˊ
餓虎撲羊,1,ㄜˋ ㄏㄨˇ ㄆㄨ ㄧㄤˊ
噩,1,ㄜˋ
噩夢,1,ㄜˋ ㄇㄥˋ
噩耗,1,ㄜˋ ㄏㄠˋ
噩運,1,ㄜˋ ㄩㄣˋ
鱷,1,ㄜˋ
鱷魚,1,ㄜˋ ㄩˊ
閼,1,ㄜˋ
哀,1,ㄞ
哀兵,1,ㄞ ㄅㄧㄥ
哀鳴,1,ㄞ ㄇㄧㄥˊ
哀悼,1,ㄞ ㄉㄠˋ
哀痛,1,ㄞ ㄊㄨㄥˋ
哀慟,1,ㄞ ㄊㄨㄥˋ
哀樂,1,ㄞ ㄌㄜˋ
哀號,1,ㄞ ㄏㄠˊ
哀鴻遍野,1,ㄞ ㄏㄨㄥˊ ㄅㄧㄢˋ ㄧㄝˇ
哀戚,1,ㄞ ㄑㄧ
哀泣,1,ㄞ ㄑㄧˋ
哀求,1,ㄞ ㄑㄧㄡˊ
哀愁,1,ㄞ ㄔㄡˊ
哀傷,1,ㄞ ㄕㄤ
哀榮,1,ㄞ ㄖㄨㄥˊ
哀思,1,ㄞ ㄙ
哀樂,1,ㄞ ㄩㄝˋ
哀怨,1,ㄞ ㄩㄢˋ
哎,1,ㄞ
哎呀,1,ㄞ ㄧㄚ
哎呀,1,ㄞ ㄧㄚ˙
哎喲,1,ㄞ ㄧㄠ
埃,1,ㄞ
挨,1,ㄞ
挨罵,1,ㄞ ㄇㄚˋ
挨打,1,ㄞ ㄉㄚˇ
挨家挨戶,1,ㄞ ㄐㄧㄚ ㄞ ㄏㄨˋ
挨近,1,ㄞ ㄐㄧㄣˋ
挨著,1,ㄞ ㄓㄜ˙
挨揍,1,ㄞ ㄗㄡˋ
挨餓,1,ㄞ ㄜˋ
挨餓受凍,1,ㄞ ㄜˋ ㄕㄡˋ ㄉㄨㄥˋ
唉,1,ㄞ
唉聲嘆氣,1,ㄞ ㄕㄥ ㄊㄢˋ ㄑㄧˋ
唉呀,1,ㄞ ㄧㄚ
唉呀,1,ㄞ ㄧㄚ˙
唉唷,1,ㄞ ㄧㄛ
捱,1,ㄞˊ
皚,1,ㄞˊ
癌,1,ㄞˊ
癌症,1,ㄞˊ ㄓㄥˋ
騃,1,ㄞˊ
欸,1,ㄞˇ
欸乃,1,ㄞˇ ㄋㄞˇ
矮,1,ㄞˇ
矮冬瓜,1,ㄞˇ ㄉㄨㄥ ㄍㄨㄚ
矮化,1,ㄞˇ ㄏㄨㄚˋ
矮小,1,ㄞˇ ㄒㄧㄠˇ
矮人,1,ㄞˇ ㄖㄣˊ
矮人一截,1,ㄞˇ ㄖㄣˊ ㄧ ㄐㄧㄝˊ
矮人一截,1,ㄞˇ ㄖㄣˊ ㄧˋ ㄐㄧㄝˊ
藹,1,ㄞˇ
靄,1,ㄞˇ
艾,1,ㄞˋ
艾草,1,ㄞˋ ㄘㄠˇ
愛,1,ㄞˋ
愛不釋手,1,ㄞˋ ㄅㄨˋ ㄕˋ ㄕㄡˇ
愛不釋手,1,ㄞˋ ㄅㄨˊ ㄕˋ ㄕㄡˇ
愛莫能助,1,ㄞˋ ㄇㄛˋ ㄋㄥˊ ㄓㄨˋ
愛美,1,ㄞˋ ㄇㄟˇ
愛慕,1,ㄞˋ ㄇㄨˋ
愛撫,1,ㄞˋ ㄈㄨˇ
愛戴,1,ㄞˋ ㄉㄞˋ
愛憐,1,ㄞˋ ㄌㄧㄢˊ
愛戀,1,ㄞˋ ㄌㄧㄢˋ
愛顧,1,ㄞˋ ㄍㄨˋ
愛國,1,ㄞˋ ㄍㄨㄛˊ
愛國獎券,1,ㄞˋ ㄍㄨㄛˊ ㄐㄧㄤˇ ㄑㄩㄢˋ
愛國者飛彈,1,ㄞˋ ㄍㄨㄛˊ ㄓㄜˇ ㄈㄟ ㄉㄢˋ
愛克斯光,1,ㄞˋ ㄎㄜˋ ㄙ ㄍㄨㄤ
愛好,1,ㄞˋ ㄏㄠˋ
愛恨交織,1,ㄞˋ ㄏㄣˋ ㄐㄧㄠ ㄓ
愛護,1,ㄞˋ ㄏㄨˋ
愛妻,1,ㄞˋ ㄑㄧ
愛情,1,ㄞˋ ㄑㄧㄥˊ
愛惜,1,ㄞˋ ㄒㄧˊ
愛現,1,ㄞˋ ㄒㄧㄢˋ
愛心,1,ㄞˋ ㄒㄧㄣ
愛神,1,ㄞˋ ㄕㄣˊ
愛滋病,1,ㄞˋ ㄗ ㄅㄧㄥˋ
愛子,1,ㄞˋ ㄗˇ
愛憎,1,ㄞˋ ㄗㄥ
愛才,1,ㄞˋ ㄘㄞˊ
愛屋及烏,1,ㄞˋ ㄨ ㄐㄧˊ ㄨ
愛玩,1,ㄞˋ ㄨㄢˊ
噯,1,ㄞˋ
嬡,1,ㄞˋ
璦,1,ㄞˋ
璦琿縣,1,ㄞˋ ㄏㄨㄣˊ ㄒㄧㄢˋ
曖,1,ㄞˋ
曖昧,1,ㄞˋ ㄇㄟˋ
隘,1,ㄞˋ
礙,1,ㄞˋ
礙難,1,ㄞˋ ㄋㄢˊ
礙難照辦,1,ㄞˋ ㄋㄢˊ ㄓㄠˋ ㄅㄢˋ
礙事,1,ㄞˋ ㄕˋ
礙手礙腳,1,ㄞˋ ㄕㄡˇ ㄞˋ ㄐㄧㄠˇ
礙眼,1,ㄞˋ ㄧㄢˇ
欸,1,ㄟˋ
凹,1,ㄠ
凹透鏡,1,ㄠ ㄊㄡˋ ㄐㄧㄥˋ
凹凸不平,1,ㄠ ㄊㄨˊ ㄅㄨˋ ㄆㄧㄥˊ
坳,1,ㄠ
敖,1,ㄠˊ
嗷,1,ㄠˊ
嗷嗷待哺,1,ㄠˊ ㄠˊ ㄉㄞˋ ㄅㄨˇ
熬,1,ㄠˊ
熬煮,1,ㄠˊ ㄓㄨˇ
熬出頭,1,ㄠˊ ㄔㄨ ㄊㄡˊ
熬夜,1,ㄠˊ ㄧㄝˋ
遨,1,ㄠˊ
遨遊,1,ㄠˊ ㄧㄡˊ
獒,1,ㄠˊ
獒犬,1,ㄠˊ ㄑㄩㄢˇ
聱,1,ㄠˊ
聱牙,1,ㄠˊ ㄧㄚˊ
螯,1,ㄠˊ
驁,1,ㄠˊ
鰲,1,ㄠˊ
翱,1,ㄠˊ
翱翔,1,ㄠˊ ㄒㄧㄤˊ
鏖,1,ㄠˊ
鏖戰,1,ㄠˊ ㄓㄢˋ
拗,1,ㄠˇ
媼,1,ㄠˇ
襖,1,ㄠˇ
襖裙,1,ㄠˇ ㄑㄩㄣˊ
拗,1,ㄠˋ
拗口,1,ㄠˋ ㄎㄡˇ
傲,1,ㄠˋ
傲慢,1,ㄠˋ ㄇㄢˋ
傲骨,1,ㄠˋ ㄍㄨˇ
傲氣,1,ㄠˋ ㄑㄧˋ
傲視群倫,1,ㄠˋ ㄕˋ ㄑㄩㄣˊ ㄌㄨㄣˊ
傲視群雄,1,ㄠˋ ㄕˋ ㄑㄩㄣˊ ㄒㄩㄥˊ
傲世,1,ㄠˋ ㄕˋ
傲然,1,ㄠˋ ㄖㄢˊ
奧,1,ㄠˋ
奧祕,1,ㄠˋ ㄇㄧˋ
奧妙,1,ㄠˋ ㄇㄧㄠˋ
奧林匹克運動會,1,ㄠˋ ㄌㄧㄣˊ ㄆㄧ ㄎㄜˋ ㄩㄣˋ ㄉㄨㄥˋ ㄏㄨㄟˋ
奧斯卡金像獎,1,ㄠˋ ㄙ ㄎㄚˇ ㄐㄧㄣ ㄒㄧㄤˋ ㄐㄧㄤˇ
奧義,1,ㄠˋ ㄧˋ
奧援,1,ㄠˋ ㄩㄢˊ
奧運,1,ㄠˋ ㄩㄣˋ
奧運會,1,ㄠˋ ㄩㄣˋ ㄏㄨㄟˋ
澳,1,ㄠˋ
懊,1,ㄠˋ
懊惱,1,ㄠˋ ㄋㄠˇ
懊悔,1,ㄠˋ ㄏㄨㄟˇ
懊喪,1,ㄠˋ ㄙㄤˋ
區,1,ㄡ
漚,1,ㄡ
嘔,1,ㄡ
歐,1,ㄡ
歐巴桑,1,ㄡ ㄅㄚ ㄙㄤ
歐普藝術,1,ㄡ ㄆㄨˇ ㄧˋ ㄕㄨˋ
歐美,1,ㄡ ㄇㄟˇ
歐姆,1,ㄡ ㄇㄨˇ
歐化,1,ㄡ ㄏㄨㄚˋ
歐吉桑,1,ㄡ ㄐㄧˊ ㄙㄤ
歐洲共同市場,1,ㄡ ㄓㄡ ㄍㄨㄥˋ ㄊㄨㄥˊ ㄕˋ ㄔㄤˇ
歐式,1,ㄡ ㄕˋ
歐元,1,ㄡ ㄩㄢˊ
毆,1,ㄡ
毆打,1,ㄡ ㄉㄚˇ
毆擊,1,ㄡ ㄐㄧˊ
毆傷,1,ㄡ ㄕㄤ
毆辱,1,ㄡ ㄖㄨˋ
甌,1,ㄡ
謳,1,ㄡ
謳歌,1,ㄡ ㄍㄜ
鷗,1,ㄡ
偶,1,ㄡˇ
偶發,1,ㄡˇ ㄈㄚ
偶得,1,ㄡˇ ㄉㄜˊ
偶感,1,ㄡˇ ㄍㄢˇ
偶戲,1,ㄡˇ ㄒㄧˋ
偶像,1,ㄡˇ ㄒㄧㄤˋ
偶拾,1,ㄡˇ ㄕˊ
偶數,1,ㄡˇ ㄕㄨˋ
偶然,1,ㄡˇ ㄖㄢˊ
偶爾,1,ㄡˇ ㄦˇ
偶一為之,1,ㄡˇ ㄧ ㄨㄟˊ ㄓ
耦,1,ㄡˇ
耦合,1,ㄡˇ ㄏㄜˊ
藕,1,ㄡˇ
藕斷絲連,1,ㄡˇ ㄉㄨㄢˋ ㄙ ㄌㄧㄢˊ
嘔,1,ㄡˇ
嘔吐,1,ㄡˇ ㄊㄨˋ
嘔血,1,ㄡˇ ㄒㄧㄝˇ
嘔心瀝血,1,ㄡˇ ㄒㄧㄣ ㄌㄧˋ ㄒㄧㄝˇ
漚,1,ㄡˋ
嘔,1,ㄡˋ
嘔氣,1,ㄡˋ ㄑㄧˋ
安,1,ㄢ
安邦,1,ㄢ ㄅㄤ
安步當車,1,ㄢ ㄅㄨˋ ㄉㄤ ㄔㄜ
安排,1,ㄢ ㄆㄞˊ
安培,1,ㄢ ㄆㄟˊ
安培小時,1,ㄢ ㄆㄟˊ ㄒㄧㄠˇ ㄕˊ
安貧樂道,1,ㄢ ㄆㄧㄣˊ ㄌㄜˋ ㄉㄠˋ
安眠,1,ㄢ ㄇㄧㄢˊ
安民,1,ㄢ ㄇㄧㄣˊ
安分守己,1,ㄢ ㄈㄣˋ ㄕㄡˇ ㄐㄧˇ
安撫,1,ㄢ ㄈㄨˇ
安打,1,ㄢ ㄉㄚˇ
安抵,1,ㄢ ㄉㄧˇ
安定,1,ㄢ ㄉㄧㄥˋ
安度,1,ㄢ ㄉㄨˋ
安頓,1,ㄢ ㄉㄨㄣˋ
安胎符,1,ㄢ ㄊㄞ ㄈㄨˊ
安泰,1,ㄢ ㄊㄞˋ
安土重遷,1,ㄢ ㄊㄨˇ ㄓㄨㄥˋ ㄑㄧㄢ
安內攘外,1,ㄢ ㄋㄟˋ ㄖㄤˊ ㄨㄞˋ
安寧,1,ㄢ ㄋㄧㄥˊ
安樂,1,ㄢ ㄌㄜˋ
安樂死,1,ㄢ ㄌㄜˋ ㄙˇ
安樂窩,1,ㄢ ㄌㄜˋ ㄨㄛ
安可,1,ㄢ ㄎㄜˇ
安康,1,ㄢ ㄎㄤ
安和樂利,1,ㄢ ㄏㄜˊ ㄌㄜˋ ㄌㄧˋ
安好,1,ㄢ ㄏㄠˇ
安家,1,ㄢ ㄐㄧㄚ
安家費,1,ㄢ ㄐㄧㄚ ㄈㄟˋ
安靖,1,ㄢ ㄐㄧㄥˋ
安靜,1,ㄢ ㄐㄧㄥˋ
安居樂業,1,ㄢ ㄐㄩ ㄌㄜˋ ㄧㄝˋ
安琪兒,1,ㄢ ㄑㄧˊ ㄦˊ
安全,1,ㄢ ㄑㄩㄢˊ
安全玻璃,1,ㄢ ㄑㄩㄢˊ ㄅㄛ ㄌㄧˊ
安全帽,1,ㄢ ㄑㄩㄢˊ ㄇㄠˋ
安全門,1,ㄢ ㄑㄩㄢˊ ㄇㄣˊ
安全帶,1,ㄢ ㄑㄩㄢˊ ㄉㄞˋ
安全島,1,ㄢ ㄑㄩㄢˊ ㄉㄠˇ
安全梯,1,ㄢ ㄑㄩㄢˊ ㄊㄧ
安全感,1,ㄢ ㄑㄩㄢˊ ㄍㄢˇ
安全氣囊,1,ㄢ ㄑㄩㄢˊ ㄑㄧˋ ㄋㄤˊ
安息,1,ㄢ ㄒㄧˊ
安息日,1,ㄢ ㄒㄧˊ ㄖˋ
安歇,1,ㄢ ㄒㄧㄝ
安閒,1,ㄢ ㄒㄧㄢˊ
安詳,1,ㄢ ㄒㄧㄤˊ
安享天年,1,ㄢ ㄒㄧㄤˇ ㄊㄧㄢ ㄋㄧㄢˊ
安心,1,ㄢ ㄒㄧㄣ
安之若素,1,ㄢ ㄓ ㄖㄨㄛˋ ㄙㄨˋ
安置,1,ㄢ ㄓˋ
安裝,1,ㄢ ㄓㄨㄤ
安插,1,ㄢ ㄔㄚ
安適,1,ㄢ ㄕˋ
安身,1,ㄢ ㄕㄣ
安身立命,1,ㄢ ㄕㄣ ㄌㄧˋ ㄇㄧㄥˋ
安然,1,ㄢ ㄖㄢˊ
安然無恙,1,ㄢ ㄖㄢˊ ㄨˊ ㄧㄤˋ
安人,1,ㄢ ㄖㄣˊ
安葬,1,ㄢ ㄗㄤˋ
安逸,1,ㄢ ㄧˋ
安養,1,ㄢ ㄧㄤˇ
安危,1,ㄢ ㄨㄟˊ
安慰,1,ㄢ ㄨㄟˋ
安穩,1,ㄢ ㄨㄣˇ
氨,1,ㄢ
氨氣,1,ㄢ ㄑㄧˋ
胺,1,ㄢ
胺基酸,1,ㄢ ㄐㄧ ㄙㄨㄢ
鞍,1,ㄢ
鞍馬,1,ㄢ ㄇㄚˇ
庵,1,ㄢ
鵪,1,ㄢ
鵪鶉,1,ㄢ ㄔㄨㄣˊ
諳,1,ㄢ
盦,1,ㄢ
俺,1,ㄢˇ
岸,1,ㄢˋ
岸邊,1,ㄢˋ ㄅㄧㄢ
岸然,1,ㄢˋ ㄖㄢˊ
按,1,ㄢˋ
按兵不動,1,ㄢˋ ㄅㄧㄥ ㄅㄨˋ ㄉㄨㄥˋ
按兵不動,1,ㄢˋ ㄅㄧㄥ ㄅㄨˊ ㄉㄨㄥˋ
按部就班,1,ㄢˋ ㄅㄨˋ ㄐㄧㄡˋ ㄅㄢ
按摩,1,ㄢˋ ㄇㄛˊ
按圖索驥,1,ㄢˋ ㄊㄨˊ ㄙㄨㄛˇ ㄐㄧˋ
按捺,1,ㄢˋ ㄋㄚˋ
按捺不住,1,ㄢˋ ㄋㄚˋ ㄅㄨˋ ㄓㄨˋ
按捺不住,1,ㄢˋ ㄋㄚˋ ㄅㄨˊ ㄓㄨˋ
按鈕,1,ㄢˋ ㄋㄧㄡˇ
按例,1,ㄢˋ ㄌㄧˋ
按鈴申告,1,ㄢˋ ㄌㄧㄥˊ ㄕㄣ ㄍㄠˋ
按鍵,1,ㄢˋ ㄐㄧㄢˋ
按期,1,ㄢˋ ㄑㄧˊ
按照,1,ㄢˋ ㄓㄠˋ
按時,1,ㄢˋ ㄕˊ
按日,1,ㄢˋ ㄖˋ
按月,1,ㄢˋ ㄩㄝˋ
案,1,ㄢˋ
案牘勞形,1,ㄢˋ ㄉㄨˊ ㄌㄠˊ ㄒㄧㄥˊ
案頭,1,ㄢˋ ㄊㄡˊ
案例,1,ㄢˋ ㄌㄧˋ
案件,1,ㄢˋ ㄐㄧㄢˋ
案卷,1,ㄢˋ ㄐㄩㄢˋ
案情,1,ㄢˋ ㄑㄧㄥˊ
案子,1,ㄢˋ ㄗ˙
案由,1,ㄢˋ ㄧㄡˊ
暗,1,ㄢˋ
暗盤,1,ㄢˋ ㄆㄢˊ
暗碼,1,ㄢˋ ㄇㄚˇ
暗房,1,ㄢˋ ㄈㄤˊ
暗訪,1,ㄢˋ ㄈㄤˇ
暗淡,1,ㄢˋ ㄉㄢˋ
暗地,1,ㄢˋ ㄉㄧˋ
暗流,1,ㄢˋ ㄌㄧㄡˊ
暗戀,1,ㄢˋ ㄌㄧㄢˋ
暗溝,1,ㄢˋ ㄍㄡ
暗合,1,ㄢˋ ㄏㄜˊ
暗號,1,ㄢˋ ㄏㄠˋ
暗記,1,ㄢˋ ㄐㄧˋ
暗礁,1,ㄢˋ ㄐㄧㄠ
暗箭,1,ㄢˋ ㄐㄧㄢˋ
暗箭難防,1,ㄢˋ ㄐㄧㄢˋ ㄋㄢˊ ㄈㄤˊ
暗器,1,ㄢˋ ㄑㄧˋ
暗香,1,ㄢˋ ㄒㄧㄤ
暗中,1,ㄢˋ ㄓㄨㄥ
暗吃一驚,1,ㄢˋ ㄔ ㄧ ㄐㄧㄥ
暗吃一驚,1,ㄢˋ ㄔ ㄧˋ ㄐㄧㄥ
暗潮,1,ㄢˋ ㄔㄠˊ
暗潮洶湧,1,ㄢˋ ㄔㄠˊ ㄒㄩㄥ ㄩㄥˇ
暗處,1,ㄢˋ ㄔㄨˋ
暗示,1,ㄢˋ ㄕˋ
暗室,1,ㄢˋ ㄕˋ
暗室不欺,1,ㄢˋ ㄕˋ ㄅㄨˋ ㄑㄧ
暗殺,1,ㄢˋ ㄕㄚ
暗自,1,ㄢˋ ㄗˋ
暗自竊喜,1,ㄢˋ ㄗˋ ㄑㄧㄝˋ ㄒㄧˇ
暗藏,1,ㄢˋ ㄘㄤˊ
暗藏玄機,1,ㄢˋ ㄘㄤˊ ㄒㄩㄢˊ ㄐㄧ
暗忖,1,ㄢˋ ㄘㄨㄣˇ
暗算,1,ㄢˋ ㄙㄨㄢˋ
暗無天日,1,ㄢˋ ㄨˊ ㄊㄧㄢ ㄖˋ
暗語,1,ㄢˋ ㄩˇ
暗喻,1,ㄢˋ ㄩˋ
闇,1,ㄢˋ
黯,1,ㄢˋ
黯淡,1,ㄢˋ ㄉㄢˋ
黯然,1,ㄢˋ ㄖㄢˊ
黯然失色,1,ㄢˋ ㄖㄢˊ ㄕ ㄙㄜˋ
黯然神傷,1,ㄢˋ ㄖㄢˊ ㄕㄣˊ ㄕㄤ
恩,1,ㄣ
恩德,1,ㄣ ㄉㄜˊ
恩典,1,ㄣ ㄉㄧㄢˇ
恩斷義絕,1,ㄣ ㄉㄨㄢˋ ㄧˋ ㄐㄩㄝˊ
恩惠,1,ㄣ ㄏㄨㄟˋ
恩給制,1,ㄣ ㄐㄧˇ ㄓˋ
恩將仇報,1,ㄣ ㄐㄧㄤ ㄔㄡˊ ㄅㄠˋ
恩情,1,ㄣ ㄑㄧㄥˊ
恩准,1,ㄣ ㄓㄨㄣˇ
恩寵,1,ㄣ ㄔㄨㄥˇ
恩師,1,ㄣ ㄕ
恩人,1,ㄣ ㄖㄣˊ
恩澤,1,ㄣ ㄗㄜˊ
恩賜,1,ㄣ ㄙˋ
恩愛,1,ㄣ ㄞˋ
恩威並濟,1,ㄣ ㄨㄟ ㄅㄧㄥˋ ㄐㄧˋ
恩威並用,1,ㄣ ㄨㄟ ㄅㄧㄥˋ ㄩㄥˋ
恩怨,1,ㄣ ㄩㄢˋ
嗯,1,ㄣ˙
腌,1,ㄤ
腌臢,1,ㄤ ㄗㄤ
骯,1,ㄤ
骯髒,1,ㄤ ㄗㄤ
昂,1,ㄤˊ
昂貴,1,ㄤˊ ㄍㄨㄟˋ
昂首闊步,1,ㄤˊ ㄕㄡˇ ㄎㄨㄛˋ ㄅㄨˋ
昂然,1,ㄤˊ ㄖㄢˊ
昂藏,1,ㄤˊ ㄘㄤˊ
昂揚,1,ㄤˊ ㄧㄤˊ
盎,1,ㄤˋ
盎然,1,ㄤˋ ㄖㄢˊ
盎司,1,ㄤˋ ㄙ
而,1,ㄦˊ
而立之年,1,ㄦˊ ㄌㄧˋ ㄓ ㄋㄧㄢˊ
而後,1,ㄦˊ ㄏㄡˋ
而今,1,ㄦˊ ㄐㄧㄣ
而且,1,ㄦˊ ㄑㄧㄝˇ
而已,1,ㄦˊ ㄧˇ
兒,1,ㄦˊ
兒童,1,ㄦˊ ㄊㄨㄥˊ
兒童福利,1,ㄦˊ ㄊㄨㄥˊ ㄈㄨˊ ㄌㄧˋ
兒童樂園,1,ㄦˊ ㄊㄨㄥˊ ㄌㄜˋ ㄩㄢˊ
兒童受虐,1,ㄦˊ ㄊㄨㄥˊ ㄕㄡˋ ㄋㄩㄝˋ
兒童文學,1,ㄦˊ ㄊㄨㄥˊ ㄨㄣˊ ㄒㄩㄝˊ
兒女,1,ㄦˊ ㄋㄩˇ
兒郎,1,ㄦˊ ㄌㄤˊ
兒歌,1,ㄦˊ ㄍㄜ
兒科,1,ㄦˊ ㄎㄜ
兒化音,1,ㄦ ㄏㄨㄚˋ ㄧㄣ
兒媳,1,ㄦˊ ㄒㄧˊ
兒戲,1,ㄦˊ ㄒㄧˋ
兒子,1,ㄦˊ ㄗ˙
兒孫,1,ㄦˊ ㄙㄨㄣ
兒語,1,ㄦˊ ㄩˇ
耳,1,ㄦˇ
耳邊風,1,ㄦˇ ㄅㄧㄢ ㄈㄥ
耳鬢廝磨,1,ㄦˇ ㄅㄧㄣˋ ㄙ ㄇㄛˊ
耳膜,1,ㄦˇ ㄇㄛˊ
耳鳴,1,ㄦˇ ㄇㄧㄥˊ
耳目,1,ㄦˇ ㄇㄨˋ
耳目一新,1,ㄦˇ ㄇㄨˋ ㄧ ㄒㄧㄣ
耳目一新,1,ㄦˇ ㄇㄨˋ ㄧˋ ㄒㄧㄣ
耳福,1,ㄦˇ ㄈㄨˊ
耳朵,1,ㄦˇ ㄉㄨㄛˇ
耳朵,1,ㄦˇ ㄉㄨㄛ˙
耳朵軟,1,ㄦˇ ㄉㄨㄛˇ ㄖㄨㄢˇ
耳朵軟,1,ㄦˇ ㄉㄨㄛ˙ ㄖㄨㄢˇ
耳提面命,1,ㄦˇ ㄊㄧˊ ㄇㄧㄢˋ ㄇㄧㄥˋ
耳聽八方,1,ㄦˇ ㄊㄧㄥ ㄅㄚ ㄈㄤ
耳聾,1,ㄦˇ ㄌㄨㄥˊ
耳垢,1,ㄦˇ ㄍㄡˋ
耳根,1,ㄦˇ ㄍㄣ
耳根軟,1,ㄦˇ ㄍㄣ ㄖㄨㄢˇ
耳刮子,1,ㄦˇ ㄍㄨㄚ ㄗ˙
耳蝸,1,ㄦˇ ㄍㄨㄚ
耳環,1,ㄦˇ ㄏㄨㄢˊ
耳機,1,ㄦˇ ㄐㄧ
耳際,1,ㄦˇ ㄐㄧˋ
耳垂,1,ㄦˇ ㄔㄨㄟˊ
耳熟,1,ㄦˇ ㄕㄡˊ
耳熟能詳,1,ㄦˇ ㄕㄡˊ ㄋㄥˊ ㄒㄧㄤˊ
耳順,1,ㄦˇ ㄕㄨㄣˋ
耳順之年,1,ㄦˇ ㄕㄨㄣˋ ㄓ ㄋㄧㄢˊ
耳濡目染,1,ㄦˇ ㄖㄨˊ ㄇㄨˋ ㄖㄢˇ
耳聰目明,1,ㄦˇ ㄘㄨㄥ ㄇㄨˋ ㄇㄧㄥˊ
耳聞,1,ㄦˇ ㄨㄣˊ
耳語,1,ㄦˇ ㄩˇ
洱,1,ㄦˇ
洱海,1,ㄦˇ ㄏㄞˇ
珥,1,ㄦˇ
餌,1,ㄦˇ
爾,1,ㄦˇ
爾來,1,ㄦˇ ㄌㄞˊ
爾格,1,ㄦˇ ㄍㄜˊ
爾後,1,ㄦˇ ㄏㄡˋ
爾虞我詐,1,ㄦˇ ㄩˊ ㄨㄛˇ ㄓㄚˋ
邇,1,ㄦˇ
二,1,ㄦˋ
二八佳人,1,ㄦˋ ㄅㄚ ㄐㄧㄚ ㄖㄣˊ
二百五,1,ㄦˋ ㄅㄞˇ ㄨˇ
二房東,1,ㄦˋ ㄈㄤˊ ㄉㄨㄥ
二副,1,ㄦˋ ㄈㄨˋ
二郎腿,1,ㄦˋ ㄌㄤˊ ㄊㄨㄟˇ
二郎神,1,ㄦˋ ㄌㄤˊ ㄕㄣˊ
二愣子,1,ㄦˋ ㄌㄥˋ ㄗ˙
二輪電影,1,ㄦˋ ㄌㄨㄣˊ ㄉㄧㄢˋ ㄧㄥˇ
二哥大,1,ㄦˋ ㄍㄜ ㄉㄚˋ
二胡,1,ㄦˋ ㄏㄨˊ
二黃,1,ㄦˋ ㄏㄨㄤˊ
二心,1,ㄦˋ ㄒㄧㄣ
二專,1,ㄦˋ ㄓㄨㄢ
二十四節氣,1,ㄦˋ ㄕˊ ㄙˋ ㄐㄧㄝˊ ㄑㄧˋ
二手,1,ㄦˋ ㄕㄡˇ
二手貨,1,ㄦˋ ㄕㄡˇ ㄏㄨㄛˋ
二手傳播,1,ㄦˋ ㄕㄡˇ ㄔㄨㄢˊ ㄅㄛˋ
二手煙,1,ㄦˋ ㄕㄡˇ ㄧㄢ
二次大戰,1,ㄦˋ ㄘˋ ㄉㄚˋ ㄓㄢˋ
二次全倒,1,ㄦˋ ㄘˋ ㄑㄩㄢˊ ㄉㄠˇ
二氧化錳,1,ㄦˋ ㄧㄤˇ ㄏㄨㄚˋ ㄇㄥˇ
二氧化碳,1,ㄦˋ ㄧㄤˇ ㄏㄨㄚˋ ㄊㄢˋ
二氧化硫,1,ㄦˋ ㄧㄤˇ ㄏㄨㄚˋ ㄌㄧㄡˊ
貳,1,ㄦˋ
一,1,ㄧ
一把罩,1,ㄧ ㄅㄚˇ ㄓㄠˋ
一把罩,1,ㄧˋ ㄅㄚˇ ㄓㄠˋ
一把抓,1,ㄧ ㄅㄚˇ ㄓㄨㄚ
一把抓,1,ㄧˋ ㄅㄚˇ ㄓㄨㄚ
一波,1,ㄧ ㄅㄛ
一波,1,ㄧˋ ㄅㄛ
一波三折,1,ㄧ ㄅㄛ ㄙㄢ ㄓㄜˊ
一波三折,1,ㄧˋ ㄅㄛ ㄙㄢ ㄓㄜˊ
一敗塗地,1,ㄧ ㄅㄞˋ ㄊㄨˊ ㄉㄧˋ
一敗塗地,1,ㄧˊ ㄅㄞˋ ㄊㄨˊ ㄉㄧˋ
一輩子,1,ㄧ ㄅㄟˋ ㄗ˙
一輩子,1,ㄧˊ ㄅㄟˋ ㄗ˙
一飽眼福,1,ㄧ ㄅㄠˇ ㄧㄢˇ ㄈㄨˊ
一飽眼福,1,ㄧˋ ㄅㄠˇ ㄧㄢˇ ㄈㄨˊ
一般,1,ㄧ ㄅㄢ
一般,1,ㄧˋ ㄅㄢ
一般性,1,ㄧ ㄅㄢ ㄒㄧㄥˋ
一般性,1,ㄧˋ ㄅㄢ ㄒㄧㄥˋ
一般而言,1,ㄧ ㄅㄢ ㄦˊ ㄧㄢˊ
一般而言,1,ㄧˋ ㄅㄢ ㄦˊ ㄧㄢˊ
一板一眼,1,ㄧ ㄅㄢˇ ㄧ ㄧㄢˇ
一板一眼,1,ㄧˋ ㄅㄢˇ ㄧˋ ㄧㄢˇ
一半,1,ㄧ ㄅㄢˋ
一半,1,ㄧˊ ㄅㄢˋ
一本正經,1,ㄧ ㄅㄣˇ ㄓㄥˋ ㄐㄧㄥ
一本正經,1,ㄧˋ ㄅㄣˇ ㄓㄥˋ ㄐㄧㄥ
一本初衷,1,ㄧ ㄅㄣˇ ㄔㄨ ㄓㄨㄥ
一本初衷,1,ㄧˋ ㄅㄣˇ ㄔㄨ ㄓㄨㄥ
一本萬利,1,ㄧ ㄅㄣˇ ㄨㄢˋ ㄌㄧˋ
一本萬利,1,ㄧˋ ㄅㄣˇ ㄨㄢˋ ㄌㄧˋ
一鼻孔出氣,1,ㄧ ㄅㄧˊ ㄎㄨㄥˇ ㄔㄨ ㄑㄧˋ
一鼻孔出氣,1,ㄧˋ ㄅㄧˊ ㄎㄨㄥˇ ㄔㄨ ㄑㄧˋ
一筆勾銷,1,ㄧ ㄅㄧˇ ㄍㄡ ㄒㄧㄠ
一筆勾銷,1,ㄧˋ ㄅㄧˇ ㄍㄡ ㄒㄧㄠ
一臂之力,1,ㄧ ㄅㄧˋ ㄓ ㄌㄧˋ
一臂之力,1,ㄧˊ ㄅㄧˋ ㄓ ㄌㄧˋ
一表人才,1,ㄧ ㄅㄧㄠˇ ㄖㄣˊ ㄘㄞˊ
一表人才,1,ㄧˋ ㄅㄧㄠˇ ㄖㄣˊ ㄘㄞˊ
一邊,1,ㄧ ㄅㄧㄢ
一邊,1,ㄧˋ ㄅㄧㄢ
一併,1,ㄧ ㄅㄧㄥˋ
一併,1,ㄧˊ ㄅㄧㄥˋ
一病不起,1,ㄧ ㄅㄧㄥˋ ㄅㄨˋ ㄑㄧˇ
一病不起,1,ㄧˊ ㄅㄧㄥˋ ㄅㄨˋ ㄑㄧˇ
一步步,1,ㄧ ㄅㄨˋ ㄅㄨˋ
一步步,1,ㄧˊ ㄅㄨˋ ㄅㄨˋ
一步登天,1,ㄧ ㄅㄨˋ ㄉㄥ ㄊㄧㄢ
一步登天,1,ㄧˊ ㄅㄨˋ ㄉㄥ ㄊㄧㄢ
一部分,1,ㄧ ㄅㄨˋ ㄈㄣˋ
一部分,1,ㄧˊ ㄅㄨˋ ㄈㄣˋ
一不小心,1,ㄧ ㄅㄨˋ ㄒㄧㄠˇ ㄒㄧㄣ
一不小心,1,ㄧˊ ㄅㄨˋ ㄒㄧㄠˇ ㄒㄧㄣ
一不做二不休,1,ㄧ ㄅㄨˋ ㄗㄨㄛˋ ㄦˋ ㄅㄨˋ ㄒㄧㄡ
一不做二不休,1,ㄧ ㄅㄨˊ ㄗㄨㄛˋ ㄦˋ ㄅㄨˋ ㄒㄧㄡ
一拍即合,1,ㄧ ㄆㄞ ㄐㄧˊ ㄏㄜˊ
一拍即合,1,ㄧˋ ㄆㄞ ㄐㄧˊ ㄏㄜˊ
一派,1,ㄧ ㄆㄞˋ
一派,1,ㄧˊ ㄆㄞˋ
一派胡言,1,ㄧ ㄆㄞˋ ㄏㄨˊ ㄧㄢˊ
一派胡言,1,ㄧˊ ㄆㄞˋ ㄏㄨˊ ㄧㄢˊ
一炮而紅,1,ㄧ ㄆㄠˋ ㄦˊ ㄏㄨㄥˊ
一炮而紅,1,ㄧˊ ㄆㄠˋ ㄦˊ ㄏㄨㄥˊ
一盤散沙,1,ㄧ ㄆㄢˊ ㄙㄢˇ ㄕㄚ
一盤散沙,1,ㄧˋ ㄆㄢˊ ㄙㄢˇ ㄕㄚ
一旁,1,ㄧ ㄆㄤˊ
一旁,1,ㄧˋ ㄆㄤˊ
一瞥,1,ㄧ ㄆㄧㄝ
一瞥,1,ㄧˋ ㄆㄧㄝ
一貧如洗,1,ㄧ ㄆㄧㄣˊ ㄖㄨˊ ㄒㄧˇ
一貧如洗,1,ㄧˋ ㄆㄧㄣˊ ㄖㄨˊ ㄒㄧˇ
一曝十寒,1,ㄧ ㄆㄨˋ ㄕˊ ㄏㄢˊ
一曝十寒,1,ㄧˊ ㄆㄨˋ ㄕˊ ㄏㄢˊ
一馬當先,1,ㄧ ㄇㄚˇ ㄉㄤ ㄒㄧㄢ
一馬當先,1,ㄧˋ ㄇㄚˇ ㄉㄤ ㄒㄧㄢ
一模一樣,1,ㄧ ㄇㄛˊ ㄧ ㄧㄤˋ
一模一樣,1,ㄧˋ ㄇㄛˊ ㄧˊ ㄧㄤˋ
一脈相承,1,ㄧ ㄇㄞˋ ㄒㄧㄤ ㄔㄥˊ
一脈相承,1,ㄧˊ ㄇㄞˋ ㄒㄧㄤ ㄔㄥˊ
一脈相傳,1,ㄧ ㄇㄞˋ ㄒㄧㄤ ㄔㄨㄢˊ
一脈相傳,1,ㄧˊ ㄇㄞˋ ㄒㄧㄤ ㄔㄨㄢˊ
一毛不拔,1,ㄧ ㄇㄠˊ ㄅㄨˋ ㄅㄚˊ
一毛不拔,1,ㄧˋ ㄇㄠˊ ㄅㄨˋ ㄅㄚˊ
一毛錢,1,ㄧ ㄇㄠˊ ㄑㄧㄢˊ
一毛錢,1,ㄧˋ ㄇㄠˊ ㄑㄧㄢˊ
一面,1,ㄧ ㄇㄧㄢˋ
一面,1,ㄧˊ ㄇㄧㄢˋ
一面倒,1,ㄧ ㄇㄧㄢˋ ㄉㄠˇ
一面倒,1,ㄧˊ ㄇㄧㄢˋ ㄉㄠˇ
一面之詞,1,ㄧ ㄇㄧㄢˋ ㄓ ㄘˊ
一面之詞,1,ㄧˊ ㄇㄧㄢˋ ㄓ ㄘˊ
一面之緣,1,ㄧ ㄇㄧㄢˋ ㄓ ㄩㄢˊ
一面之緣,1,ㄧˊ ㄇㄧㄢˋ ㄓ ㄩㄢˊ
一鳴驚人,1,ㄧ ㄇㄧㄥˊ ㄐㄧㄥ ㄖㄣˊ
一鳴驚人,1,ㄧˋ ㄇㄧㄥˊ ㄐㄧㄥ ㄖㄣˊ
一命嗚呼,1,ㄧ ㄇㄧㄥˋ ㄨ ㄏㄨ
一命嗚呼,1,ㄧˊ ㄇㄧㄥˋ ㄨ ㄏㄨ
一目了然,1,ㄧ ㄇㄨˋ ㄌㄧㄠˇ ㄖㄢˊ
一目了然,1,ㄧˊ ㄇㄨˋ ㄌㄧㄠˇ ㄖㄢˊ
一目十行,1,ㄧ ㄇㄨˋ ㄕˊ ㄏㄤˊ
一目十行,1,ㄧˊ ㄇㄨˋ ㄕˊ ㄏㄤˊ
一幕,1,ㄧ ㄇㄨˋ
一幕,1,ㄧˊ ㄇㄨˋ
一發不可收拾,1,ㄧ ㄈㄚ ㄅㄨˋ ㄎㄜˇ ㄕㄡ ㄕˊ
一發不可收拾,1,ㄧˋ ㄈㄚ ㄅㄨˋ ㄎㄜˇ ㄕㄡ ㄕˊ
一飛沖天,1,ㄧ ㄈㄟ ㄔㄨㄥ ㄊㄧㄢ
一飛沖天,1,ㄧˋ ㄈㄟ ㄔㄨㄥ ㄊㄧㄢ
一番,1,ㄧ ㄈㄢ
一番,1,ㄧˋ ㄈㄢ
一帆風順,1,ㄧ ㄈㄢˊ ㄈㄥ ㄕㄨㄣˋ
一帆風順,1,ㄧˋ ㄈㄢˊ ㄈㄥ ㄕㄨㄣˋ
一飯千金,1,ㄧ ㄈㄢˋ ㄑㄧㄢ ㄐㄧㄣ
一飯千金,1,ㄧˊ ㄈㄢˋ ㄑㄧㄢ ㄐㄧㄣ
一分一毫,1,ㄧ ㄈㄣ ㄧ ㄏㄠˊ
一分一毫,1,ㄧˋ ㄈㄣ ㄧˋ ㄏㄠˊ
一分子,1,ㄧ ㄈㄣˋ ㄗˇ
一分子,1,ㄧˊ ㄈㄣˋ ㄗˇ
一夫當關萬夫莫敵,1,ㄧ ㄈㄨ ㄉㄤ ㄍㄨㄢ ㄨㄢˋ ㄈㄨ ㄇㄛˋ ㄉㄧˊ
一大半,1,ㄧ ㄉㄚˋ ㄅㄢˋ
一大半,1,ㄧˊ ㄉㄚˋ ㄅㄢˋ
一大早,1,ㄧ ㄉㄚˋ ㄗㄠˇ
一大早,1,ㄧˊ ㄉㄚˋ ㄗㄠˇ
一代,1,ㄧ ㄉㄞˋ
一代,1,ㄧˊ ㄉㄞˋ
一帶,1,ㄧ ㄉㄞˋ
一帶,1,ㄧˊ ㄉㄞˋ
一刀兩斷,1,ㄧ ㄉㄠ ㄌㄧㄤˇ ㄉㄨㄢˋ
一刀兩斷,1,ㄧˋ ㄉㄠ ㄌㄧㄤˇ ㄉㄨㄢˋ
一道,1,ㄧ ㄉㄠˋ
一道,1,ㄧˊ ㄉㄠˋ
一旦,1,ㄧ ㄉㄢˋ
一旦,1,ㄧˊ ㄉㄢˋ
一地,1,ㄧ ㄉㄧˋ
一地,1,ㄧˊ ㄉㄧˋ
一點,1,ㄧ ㄉㄧㄢˇ
一點,1,ㄧˋ ㄉㄧㄢˇ
一點點,1,ㄧ ㄉㄧㄢˇ ㄉㄧㄢˇ
一點點,1,ㄧˋ ㄉㄧㄢˇ ㄉㄧㄢˇ
一點兒,1,ㄧ ㄉㄧㄢˇ ㄦ
一點兒,1,ㄧˋ ㄉㄧㄚˇ ㄦ
一定,1,ㄧ ㄉㄧㄥˋ
一定,1,ㄧˊ ㄉㄧㄥˋ
一睹,1,ㄧ ㄉㄨˇ
一睹,1,ㄧˋ ㄉㄨˇ
一肚子,1,ㄧ ㄉㄨˋ ㄗ˙
一肚子,1,ㄧˊ ㄉㄨˋ ㄗ˙
一度,1,ㄧ ㄉㄨˋ
一度,1,ㄧˊ ㄉㄨˋ
一塌糊塗,1,ㄧ ㄊㄚ ㄏㄨˊ ㄊㄨˊ
一塌糊塗,1,ㄧˋ ㄊㄚ ㄏㄨˊ ㄊㄨˊ
一頭,1,ㄧ ㄊㄡˊ
一頭,1,ㄧˋ ㄊㄡˊ
一頭熱,1,ㄧ ㄊㄡˊ ㄖㄜˋ
一頭熱,1,ㄧˋ ㄊㄡˊ ㄖㄜˋ
一頭霧水,1,ㄧ ㄊㄡˊ ㄨˋ ㄕㄨㄟˇ
一頭霧水,1,ㄧˋ ㄊㄡˊ ㄨˋ ㄕㄨㄟˇ
一探究竟,1,ㄧ ㄊㄢˋ ㄐㄧㄡˋ ㄐㄧㄥˋ
一探究竟,1,ㄧˊ ㄊㄢˋ ㄐㄧㄡˋ ㄐㄧㄥˋ
一趟,1,ㄧ ㄊㄤˋ
一趟,1,ㄧˊ ㄊㄤˋ
一體,1,ㄧ ㄊㄧˇ
一體,1,ㄧˋ ㄊㄧˇ
一體兩面,1,ㄧ ㄊㄧˇ ㄌㄧㄤˇ ㄇㄧㄢˋ
一體兩面,1,ㄧˋ ㄊㄧˇ ㄌㄧㄤˇ ㄇㄧㄢˋ
一條鞭,1,ㄧ ㄊㄧㄠˊ ㄅㄧㄢ
一條鞭,1,ㄧˋ ㄊㄧㄠˊ ㄅㄧㄢ
一天,1,ㄧ ㄊㄧㄢ
一天,1,ㄧˋ ㄊㄧㄢ
一天到晚,1,ㄧ ㄊㄧㄢ ㄉㄠˋ ㄨㄢˇ
一天到晚,1,ㄧˋ ㄊㄧㄢ ㄉㄠˋ ㄨㄢˇ
一團,1,ㄧ ㄊㄨㄢˊ
一團,1,ㄧˋ ㄊㄨㄢˊ
一團和氣,1,ㄧ ㄊㄨㄢˊ ㄏㄜˊ ㄑㄧˋ
一團和氣,1,ㄧˋ ㄊㄨㄢˊ ㄏㄜˊ ㄑㄧˋ
一團糟,1,ㄧ ㄊㄨㄢˊ ㄗㄠ
一團糟,1,ㄧˋ ㄊㄨㄢˊ ㄗㄠ
一同,1,ㄧ ㄊㄨㄥˊ
一同,1,ㄧˋ ㄊㄨㄥˊ
一統,1,ㄧ ㄊㄨㄥˇ
一統,1,ㄧˋ ㄊㄨㄥˇ
一男半女,1,ㄧ ㄋㄢˊ ㄅㄢˋ ㄋㄩˇ
一男半女,1,ㄧˋ ㄋㄢˊ ㄅㄢˋ ㄋㄩˇ
一年半載,1,ㄧ ㄋㄧㄢˊ ㄅㄢˋ ㄗㄞˇ
一年半載,1,ㄧˋ ㄋㄧㄢˊ ㄅㄢˋ ㄗㄞˇ
一年到頭,1,ㄧ ㄋㄧㄢˊ ㄉㄠˋ ㄊㄡˊ
一年到頭,1,ㄧˋ ㄋㄧㄢˊ ㄉㄠˋ ㄊㄡˊ
一念之間,1,ㄧ ㄋㄧㄢˋ ㄓ ㄐㄧㄢ
一念之間,1,ㄧˊ ㄋㄧㄢˋ ㄓ ㄐㄧㄢ
一念之差,1,ㄧ ㄋㄧㄢˋ ㄓ ㄔㄚ
一念之差,1,ㄧˊ ㄋㄧㄢˋ ㄓ ㄔㄚ
一諾千金,1,ㄧ ㄋㄨㄛˋ ㄑㄧㄢ ㄐㄧㄣ
一諾千金,1,ㄧˊ ㄋㄨㄛˋ ㄑㄧㄢ ㄐㄧㄣ
一來,1,ㄧ ㄌㄞˊ
一來,1,ㄧˋ ㄌㄞˊ
一勞永逸,1,ㄧ ㄌㄠˊ ㄩㄥˇ ㄧˋ
一勞永逸,1,ㄧˋ ㄌㄠˊ ㄩㄥˇ ㄧˋ
一覽表,1,ㄧ ㄌㄢˇ ㄅㄧㄠˇ
一覽表,1,ㄧˋ ㄌㄢˇ ㄅㄧㄠˇ
一覽無遺,1,ㄧ ㄌㄢˇ ㄨˊ ㄧˊ
一覽無遺,1,ㄧˋ ㄌㄢˇ ㄨˊ ㄧˊ
一愣,1,ㄧ ㄌㄥˋ
一愣,1,ㄧˊ ㄌㄥˋ
一了百了,1,ㄧ ㄌㄧㄠˇ ㄅㄞˇ ㄌㄧㄠˇ
一了百了,1,ㄧˋ ㄌㄧㄠˇ ㄅㄞˇ ㄌㄧㄠˇ
一了心願,1,ㄧ ㄌㄧㄠˇ ㄒㄧㄣ ㄩㄢˋ
一了心願,1,ㄧˋ ㄌㄧㄠˇ ㄒㄧㄣ ㄩㄢˋ
一流,1,ㄧ ㄌㄧㄡˊ
一流,1,ㄧˋ ㄌㄧㄡˊ
一溜,1,ㄧ ㄌㄧㄡˋ
一溜,1,ㄧˊ ㄌㄧㄡˋ
一連串,1,ㄧ ㄌㄧㄢˊ ㄔㄨㄢˋ
一連串,1,ㄧˋ ㄌㄧㄢˊ ㄔㄨㄢˋ
一鱗半爪,1,ㄧ ㄌㄧㄣˊ ㄅㄢˋ ㄓㄠˇ
一鱗半爪,1,ㄧˋ ㄌㄧㄣˊ ㄅㄢˋ ㄓㄨㄚˇ
一路,1,ㄧ ㄌㄨˋ
一路,1,ㄧˊ ㄌㄨˋ
一路順風,1,ㄧ ㄌㄨˋ ㄕㄨㄣˋ ㄈㄥ
一路順風,1,ㄧˊ ㄌㄨˋ ㄕㄨㄣˋ ㄈㄥ
一落千丈,1,ㄧ ㄌㄨㄛˋ ㄑㄧㄢ ㄓㄤˋ
一落千丈,1,ㄧˊ ㄌㄨㄛˋ ㄑㄧㄢ ㄓㄤˋ
一律,1,ㄧ ㄌㄩˋ
一律,1,ㄧˊ ㄌㄩˋ
一個勁兒,1,ㄧ ㄍㄜˋ ㄐㄧㄥˋ ㄦ
一個勁兒,1,ㄧˊ ㄍㄜˋ ㄐㄧㄥˋ ㄦ
一概,1,ㄧ ㄍㄞˋ
一概,1,ㄧˊ ㄍㄞˋ
一干,1,ㄧ ㄍㄢ
一干,1,ㄧˋ ㄍㄢ
一乾二淨,1,ㄧ ㄍㄢ ㄦˋ ㄐㄧㄥˋ
一乾二淨,1,ㄧˋ ㄍㄢ ㄦˋ ㄐㄧㄥˋ
一骨碌,1,ㄧ ㄍㄨ ㄌㄨˋ
一骨碌,1,ㄧ ㄍㄨ ㄌㄨ˙
一股腦兒,1,ㄧ ㄍㄨˇ ㄋㄠˇ ㄦ
一股腦兒,1,ㄧˋ ㄍㄨˇ ㄋㄠˇ ㄦ
一股勁兒,1,ㄧ ㄍㄨˇ ㄐㄧㄥˋ ㄦ
一股勁兒,1,ㄧˋ ㄍㄨˇ ㄐㄧㄥˋ ㄦ
一鼓作氣,1,ㄧ ㄍㄨˇ ㄗㄨㄛˋ ㄑㄧˋ
一鼓作氣,1,ㄧˋ ㄍㄨˇ ㄗㄨㄛˋ ㄑㄧˋ
一官半職,1,ㄧ ㄍㄨㄢ ㄅㄢˋ ㄓˊ
一官半職,1,ㄧˋ ㄍㄨㄢ ㄅㄢˋ ㄓˊ
一貫,1,ㄧ ㄍㄨㄢˋ
一貫,1,ㄧˊ ㄍㄨㄢˋ
一貫道,1,ㄧ ㄍㄨㄢˋ ㄉㄠˋ
一貫道,1,ㄧˊ ㄍㄨㄢˋ ㄉㄠˋ
一貫作業,1,ㄧ ㄍㄨㄢˋ ㄗㄨㄛˋ ㄧㄝˋ
一貫作業,1,ㄧˊ ㄍㄨㄢˋ ㄗㄨㄛˋ ㄧㄝˋ
一共,1,ㄧ ㄍㄨㄥˋ
一刻,1,ㄧ ㄎㄜˋ
一刻,1,ㄧˊ ㄎㄜˋ
一刻千金,1,ㄧ ㄎㄜˋ ㄑㄧㄢ ㄐㄧㄣ
一刻千金,1,ㄧˊ ㄎㄜˋ ㄑㄧㄢ ㄐㄧㄣ
一口,1,ㄧ ㄎㄡˇ
一口,1,ㄧˋ ㄎㄡˇ
一口氣,1,ㄧ ㄎㄡˇ ㄑㄧˋ
一口氣,1,ㄧˋ ㄎㄡˇ ㄑㄧˋ
一口咬定,1,ㄧ ㄎㄡˇ ㄧㄠˇ ㄉㄧㄥˋ
一口咬定,1,ㄧˋ ㄎㄡˇ ㄧㄠˇ ㄉㄧㄥˋ
一塊,1,ㄧ ㄎㄨㄞˋ
一塊,1,ㄧˊ ㄎㄨㄞˋ
一塊兒,1,ㄧ ㄎㄨㄞˋ ㄦ
一塊兒,1,ㄧˊ ㄎㄨㄚˋ ㄦ
一窺堂奧,1,ㄧ ㄎㄨㄟ ㄊㄤˊ ㄠˋ
一窺堂奧,1,ㄧˋ ㄎㄨㄟ ㄊㄤˊ ㄠˋ
一行,1,ㄧ ㄏㄤˊ
一行,1,ㄧˋ ㄏㄤˊ
一回事,1,ㄧ ㄏㄨㄟˊ ㄕˋ
一回事,1,ㄧˋ ㄏㄨㄟˊ ㄕˋ
一會兒,1,ㄧ ㄏㄨㄟˇ ㄦ
一會兒,1,ㄧˋ ㄏㄨㄜˇ ㄦ
一晃眼,1,ㄧ ㄏㄨㄤˇ ㄧㄢˇ
一晃眼,1,ㄧˋ ㄏㄨㄤˇ ㄧㄢˇ
一哄而散,1,ㄧ ㄏㄨㄥ ㄦˊ ㄙㄢˋ
一哄而散,1,ㄧˋ ㄏㄨㄥ ㄦˊ ㄙㄢˋ
一己之私,1,ㄧ ㄐㄧˇ ㄓ ㄙ
一己之私,1,ㄧˋ ㄐㄧˇ ㄓ ㄙ
一技之長,1,ㄧ ㄐㄧˋ ㄓ ㄔㄤˊ
一技之長,1,ㄧˊ ㄐㄧˋ ㄓ ㄔㄤˊ
一技在身,1,ㄧ ㄐㄧˋ ㄗㄞˋ ㄕㄣ
一技在身,1,ㄧˊ ㄐㄧˋ ㄗㄞˋ ㄕㄣ
一甲子,1,ㄧ ㄐㄧㄚˇ ㄗˇ
一甲子,1,ㄧˋ ㄐㄧㄚˇ ㄗˇ
一價吃到飽,1,ㄧ ㄐㄧㄚˋ ㄔ ㄉㄠˋ ㄅㄠˇ
一價吃到飽,1,ㄧˊ ㄐㄧㄚˋ ㄔ ㄉㄠˋ ㄅㄠˇ
一介不取,1,ㄧ ㄐㄧㄝˋ ㄅㄨˋ ㄑㄩˇ
一介不取,1,ㄧˊ ㄐㄧㄝˋ ㄅㄨˋ ㄑㄩˇ
一較高下,1,ㄧ ㄐㄧㄠˋ ㄍㄠ ㄒㄧㄚˋ
一較高下,1,ㄧˊ ㄐㄧㄠˋ ㄍㄠ ㄒㄧㄚˋ
一肩挑,1,ㄧ ㄐㄧㄢ ㄊㄧㄠ
一肩挑,1,ㄧˋ ㄐㄧㄢ ㄊㄧㄠ
一見傾心,1,ㄧ ㄐㄧㄢˋ ㄑㄧㄥ ㄒㄧㄣ
一見傾心,1,ㄧˊ ㄐㄧㄢˋ ㄑㄧㄥ ㄒㄧㄣ
一見鍾情,1,ㄧ ㄐㄧㄢˋ ㄓㄨㄥ ㄑㄧㄥˊ
一見鍾情,1,ㄧˊ ㄐㄧㄢˋ ㄓㄨㄥ ㄑㄧㄥˊ
一見如故,1,ㄧ ㄐㄧㄢˋ ㄖㄨˊ ㄍㄨˋ
一見如故,1,ㄧˊ ㄐㄧㄢˋ ㄖㄨˊ ㄍㄨˋ
一箭之仇,1,ㄧ ㄐㄧㄢˋ ㄓ ㄔㄡˊ
一箭之仇,1,ㄧˊ ㄐㄧㄢˋ ㄓ ㄔㄡˊ
一箭雙鵰,1,ㄧ ㄐㄧㄢˋ ㄕㄨㄤ ㄉㄧㄠ
一箭雙鵰,1,ㄧˊ ㄐㄧㄢˋ ㄕㄨㄤ ㄉㄧㄠ
一舉,1,ㄧ ㄐㄩˇ
一舉,1,ㄧˋ ㄐㄩˇ
一舉兩得,1,ㄧ ㄐㄩˇ ㄌㄧㄤˇ ㄉㄜˊ
一舉兩得,1,ㄧˋ ㄐㄩˇ ㄌㄧㄤˇ ㄉㄜˊ
一舉成名,1,ㄧ ㄐㄩˇ ㄔㄥˊ ㄇㄧㄥˊ
一舉成名,1,ㄧˋ ㄐㄩˇ ㄔㄥˊ ㄇㄧㄥˊ
一舉數得,1,ㄧ ㄐㄩˇ ㄕㄨˋ ㄉㄜˊ
一舉數得,1,ㄧˋ ㄐㄩˇ ㄕㄨˋ ㄉㄜˊ
一舉一動,1,ㄧ ㄐㄩˇ ㄧ ㄉㄨㄥˋ
一舉一動,1,ㄧˋ ㄐㄩˇ ㄧˊ ㄉㄨㄥˋ
一決雌雄,1,ㄧ ㄐㄩㄝˊ ㄘ ㄒㄩㄥˊ
一決雌雄,1,ㄧˋ ㄐㄩㄝˊ ㄘ ㄒㄩㄥˊ
一蹶不振,1,ㄧ ㄐㄩㄝˊ ㄅㄨˋ ㄓㄣˋ
一蹶不振,1,ㄧˋ ㄐㄩㄝˊ ㄅㄨˊ ㄓㄣˋ
一齊,1,ㄧ ㄑㄧˊ
一齊,1,ㄧˋ ㄑㄧˊ
一起,1,ㄧ ㄑㄧˇ
一起,1,ㄧˋ ㄑㄧˇ
一氣呵成,1,ㄧ ㄑㄧˋ ㄏㄜ ㄔㄥˊ
一氣呵成,1,ㄧˊ ㄑㄧˋ ㄏㄜ ㄔㄥˊ
一氣之下,1,ㄧ ㄑㄧˋ ㄓ ㄒㄧㄚˋ
一氣之下,1,ㄧˊ ㄑㄧˋ ㄓ ㄒㄧㄚˋ
一切,1,ㄧ ㄑㄧㄝˋ
一切從簡,1,ㄧ ㄑㄧㄝˋ ㄘㄨㄥˊ ㄐㄧㄢˇ
一切從簡,1,ㄧˊ ㄑㄧㄝˋ ㄘㄨㄥˊ ㄐㄧㄢˇ
一竅不通,1,ㄧ ㄑㄧㄠˋ ㄅㄨˋ ㄊㄨㄥ
一竅不通,1,ㄧˊ ㄑㄧㄠˋ ㄅㄨˋ ㄊㄨㄥ
一丘之貉,1,ㄧ ㄑㄧㄡ ㄓ ㄏㄜˊ
一丘之貉,1,ㄧˋ ㄑㄧㄡ ㄓ ㄏㄜˊ
一親芳澤,1,ㄧ ㄑㄧㄣ ㄈㄤ ㄗㄜˊ
一親芳澤,1,ㄧˋ ㄑㄧㄣ ㄈㄤ ㄗㄜˊ
一清專案,1,ㄧ ㄑㄧㄥ ㄓㄨㄢ ㄢˋ
一清專案,1,ㄧˋ ㄑㄧㄥ ㄓㄨㄢ ㄢˋ
一清二楚,1,ㄧ ㄑㄧㄥ ㄦˋ ㄔㄨˇ
一清二楚,1,ㄧˋ ㄑㄧㄥ ㄦˋ ㄔㄨˇ
一去不返,1,ㄧ ㄑㄩˋ ㄅㄨˋ ㄈㄢˇ
一去不返,1,ㄧˊ ㄑㄩˋ ㄅㄨˋ ㄈㄢˇ
一席話,1,ㄧ ㄒㄧˊ ㄏㄨㄚˋ
一席話,1,ㄧˋ ㄒㄧˊ ㄏㄨㄚˋ
一席之地,1,ㄧ ㄒㄧˊ ㄓ ㄉㄧˋ
一席之地,1,ㄧˋ ㄒㄧˊ ㄓ ㄉㄧˋ
一夕,1,ㄧ ㄒㄧˋ
一夕,1,ㄧˊ ㄒㄧˋ
一下,1,ㄧ ㄒㄧㄚˋ
一下,1,ㄧˊ ㄒㄧㄚˋ
一下子,1,ㄧ ㄒㄧㄚˋ ㄗ˙
一下子,1,ㄧˊ ㄒㄧㄚˋ ㄗ˙
一些,1,ㄧ ㄒㄧㄝ
一些,1,ㄧˋ ㄒㄧㄝ
一瀉千里,1,ㄧ ㄒㄧㄝˋ ㄑㄧㄢ ㄌㄧˇ
一瀉千里,1,ㄧˊ ㄒㄧㄝˋ ㄑㄧㄢ ㄌㄧˇ
一笑置之,1,ㄧ ㄒㄧㄠˋ ㄓˋ ㄓ
一笑置之,1,ㄧˊ ㄒㄧㄠˋ ㄓˋ ㄓ
一線希望,1,ㄧ ㄒㄧㄢˋ ㄒㄧ ㄨㄤˋ
一線希望,1,ㄧˊ ㄒㄧㄢˋ ㄒㄧ ㄨㄤˋ
一線生機,1,ㄧ ㄒㄧㄢˋ ㄕㄥ ㄐㄧ
一線生機,1,ㄧˊ ㄒㄧㄢˋ ㄕㄥ ㄐㄧ
一線曙光,1,ㄧ ㄒㄧㄢˋ ㄕㄨˋ ㄍㄨㄤ
一線曙光,1,ㄧˊ ㄒㄧㄢˋ ㄕㄨˋ ㄍㄨㄤ
一心,1,ㄧ ㄒㄧㄣ
一心,1,ㄧˋ ㄒㄧㄣ
一心一德,1,ㄧ ㄒㄧㄣ ㄧ ㄉㄜˊ
一心一德,1,ㄧˋ ㄒㄧㄣ ㄧˋ ㄉㄜˊ
一心一意,1,ㄧ ㄒㄧㄣ ㄧ ㄧˋ
一心一意,1,ㄧˋ ㄒㄧㄣ ㄧˊ ㄧˋ
一新耳目,1,ㄧ ㄒㄧㄣ ㄦˇ ㄇㄨˋ
一新耳目,1,ㄧˋ ㄒㄧㄣ ㄦˇ ㄇㄨˋ
一相情願,1,ㄧ ㄒㄧㄤ ㄑㄧㄥˊ ㄩㄢˋ
一相情願,1,ㄧˋ ㄒㄧㄤ ㄑㄧㄥˊ ㄩㄢˋ
一廂情願,1,ㄧ ㄒㄧㄤ ㄑㄧㄥˊ ㄩㄢˋ
一廂情願,1,ㄧˋ ㄒㄧㄤ ㄑㄧㄥˊ ㄩㄢˋ
一向,1,ㄧ ㄒㄧㄤˋ
一向,1,ㄧˊ ㄒㄧㄤˋ
一行,1,ㄧ ㄒㄧㄥˊ
一行,1,ㄧˋ ㄒㄧㄥˊ
一行人,1,ㄧ ㄒㄧㄥˊ ㄖㄣˊ
一行人,1,ㄧˋ ㄒㄧㄥˊ ㄖㄣˊ
一知半解,1,ㄧ ㄓ ㄅㄢˋ ㄐㄧㄝˇ
一知半解,1,ㄧˋ ㄓ ㄅㄢˋ ㄐㄧㄝˇ
一枝獨秀,1,ㄧ ㄓ ㄉㄨˊ ㄒㄧㄡˋ
一枝獨秀,1,ㄧˋ ㄓ ㄉㄨˊ ㄒㄧㄡˋ
一直,1,ㄧ ㄓˊ
一直,1,ㄧˋ ㄓˊ
一擲千金,1,ㄧ ㄓˊ ㄑㄧㄢ ㄐㄧㄣ
一擲千金,1,ㄧˋ ㄓˊ ㄑㄧㄢ ㄐㄧㄣ
一致,1,ㄧ ㄓˋ
一致,1,ㄧˊ ㄓˋ
一制性資源定位法,1,ㄧ ㄓˋ ㄒㄧㄥˋ ㄗ ㄩㄢˊ ㄉㄧㄥˋ ㄨㄟˋ ㄈㄚˇ
一制性資源定位法,1,ㄧˊ ㄓˋ ㄒㄧㄥˋ ㄗ ㄩㄢˊ ㄉㄧㄥˋ ㄨㄟˋ ㄈㄚˇ
一眨眼,1,ㄧ ㄓㄚˇ ㄧㄢˇ
一眨眼,1,ㄧˋ ㄓㄚˇ ㄧㄢˇ
一朝,1,ㄧ ㄓㄠ
一朝,1,ㄧˋ ㄓㄠ
一朝一夕,1,ㄧ ㄓㄠ ㄧ ㄒㄧˋ
一朝一夕,1,ㄧˋ ㄓㄠ ㄧˊ ㄒㄧˋ
一展長才,1,ㄧ ㄓㄢˇ ㄔㄤˊ ㄘㄞˊ
一展長才,1,ㄧˋ ㄓㄢˇ ㄔㄤˊ ㄘㄞˊ
一盞茶工夫,1,ㄧ ㄓㄢˇ ㄔㄚˊ ㄍㄨㄥ ㄈㄨ˙
一盞茶工夫,1,ㄧˋ ㄓㄢˇ ㄔㄚˊ ㄍㄨㄥ ㄈㄨ˙
一針見血,1,ㄧ ㄓㄣ ㄐㄧㄢˋ ㄒㄧㄝˇ
一針見血,1,ㄧˋ ㄓㄣ ㄐㄧㄢˋ ㄒㄧㄝˇ
一陣,1,ㄧ ㄓㄣˋ
一陣,1,ㄧˊ ㄓㄣˋ
一陣子,1,ㄧ ㄓㄣˋ ㄗ˙
一陣子,1,ㄧˊ ㄓㄣˋ ㄗ˙
一整天,1,ㄧ ㄓㄥˇ ㄊㄧㄢ
一整天,1,ㄧˋ ㄓㄥˇ ㄊㄧㄢ
一炷香,1,ㄧ ㄓㄨˋ ㄒㄧㄤ
一炷香,1,ㄧˊ ㄓㄨˋ ㄒㄧㄤ
一轉眼,1,ㄧ ㄓㄨㄢˇ ㄧㄢˇ
一轉眼,1,ㄧˋ ㄓㄨㄢˇ ㄧㄢˇ
一剎那,1,ㄧ ㄔㄚˋ ㄋㄚˋ
一剎那,1,ㄧˊ ㄔㄚˋ ㄋㄚˋ
一籌莫展,1,ㄧ ㄔㄡˊ ㄇㄛˋ ㄓㄢˇ
一籌莫展,1,ㄧˋ ㄔㄡˊ ㄇㄛˋ ㄓㄢˇ
一塵不染,1,ㄧ ㄔㄣˊ ㄅㄨˋ ㄖㄢˇ
一塵不染,1,ㄧˋ ㄔㄣˊ ㄅㄨˋ ㄖㄢˇ
一償宿願,1,ㄧ ㄔㄤˊ ㄙㄨˋ ㄩㄢˋ
一償宿願,1,ㄧˋ ㄔㄤˊ ㄙㄨˋ ㄩㄢˋ
一成不變,1,ㄧ ㄔㄥˊ ㄅㄨˋ ㄅㄧㄢˋ
一成不變,1,ㄧˋ ㄔㄥˊ ㄅㄨˊ ㄅㄧㄢˋ
一處,1,ㄧ ㄔㄨˋ
一處,1,ㄧˊ ㄔㄨˋ
一觸即發,1,ㄧ ㄔㄨˋ ㄐㄧˊ ㄈㄚ
一觸即發,1,ㄧˊ ㄔㄨˋ ㄐㄧˊ ㄈㄚ
一失足成千古恨,1,ㄧ ㄕ ㄗㄨˊ ㄔㄥˊ ㄑㄧㄢ ㄍㄨˇ ㄏㄣˋ
一失足成千古恨,1,ㄧˋ ㄕ ㄗㄨˊ ㄔㄥˊ ㄑㄧㄢ ㄍㄨˇ ㄏㄣˋ
一石兩鳥,1,ㄧ ㄕˊ ㄌㄧㄤˇ ㄋㄧㄠˇ
一石兩鳥,1,ㄧˋ ㄕˊ ㄌㄧㄤˇ ㄋㄧㄠˇ
一時,1,ㄧ ㄕˊ
一時,1,ㄧˋ ㄕˊ
一時之間,1,ㄧ ㄕˊ ㄓ ㄐㄧㄢ
一時之間,1,ㄧˋ ㄕˊ ㄓ ㄐㄧㄢ
一世,1,ㄧ ㄕˋ
一世,1,ㄧˊ ㄕˋ
一視同仁,1,ㄧ ㄕˋ ㄊㄨㄥˊ ㄖㄣˊ
一視同仁,1,ㄧˊ ㄕˋ ㄊㄨㄥˊ ㄖㄣˊ
一試,1,ㄧ ㄕˋ
一試,1,ㄧˊ ㄕˋ
一事無成,1,ㄧ ㄕˋ ㄨˊ ㄔㄥˊ
一事無成,1,ㄧˊ ㄕˋ ㄨˊ ㄔㄥˊ
一手,1,ㄧ ㄕㄡˇ
一手,1,ㄧˋ ㄕㄡˇ
一手包辦,1,ㄧ ㄕㄡˇ ㄅㄠ ㄅㄢˋ
一手包辦,1,ㄧˋ ㄕㄡˇ ㄅㄠ ㄅㄢˋ
一手遮天,1,ㄧ ㄕㄡˇ ㄓㄜ ㄊㄧㄢ
一手遮天,1,ㄧˋ ㄕㄡˇ ㄓㄜ ㄊㄧㄢ
一閃神,1,ㄧ ㄕㄢˇ ㄕㄣˊ
一閃神,1,ㄧˋ ㄕㄢˇ ㄕㄣˊ
一身,1,ㄧ ㄕㄣ
一身,1,ㄧˋ ㄕㄣ
一身是膽,1,ㄧ ㄕㄣ ㄕˋ ㄉㄢˇ
一身是膽,1,ㄧˋ ㄕㄣ ㄕˋ ㄉㄢˇ
一生,1,ㄧ ㄕㄥ
一生,1,ㄧˋ ㄕㄥ
一聲不響,1,ㄧ ㄕㄥ ㄅㄨˋ ㄒㄧㄤˇ
一聲不響,1,ㄧˋ ㄕㄥ ㄅㄨˋ ㄒㄧㄤˇ
一聲令下,1,ㄧ ㄕㄥ ㄌㄧㄥˋ ㄒㄧㄚˋ
一聲令下,1,ㄧˋ ㄕㄥ ㄌㄧㄥˋ ㄒㄧㄚˋ
一瞬間,1,ㄧ ㄕㄨㄣˋ ㄐㄧㄢ
一瞬間,1,ㄧˊ ㄕㄨㄣˋ ㄐㄧㄢ
一日不見如隔三秋,1,ㄧ ㄖˋ ㄅㄨˋ ㄐㄧㄢˋ ㄖㄨˊ ㄍㄜˊ ㄙㄢ ㄑㄧㄡ
一日不見如隔三秋,1,ㄧˊ ㄖˋ ㄅㄨˊ ㄐㄧㄢˋ ㄖㄨˊ ㄍㄜˊ ㄙㄢ ㄑㄧㄡ
一日千里,1,ㄧ ㄖˋ ㄑㄧㄢ ㄌㄧˇ
一日千里,1,ㄧˊ ㄖˋ ㄑㄧㄢ ㄌㄧˇ
一日三秋,1,ㄧ ㄖˋ ㄙㄢ ㄑㄧㄡ
一日三秋,1,ㄧˊ ㄖˋ ㄙㄢ ㄑㄧㄡ
一如,1,ㄧ ㄖㄨˊ
一如,1,ㄧˋ ㄖㄨˊ
一如既往,1,ㄧ ㄖㄨˊ ㄐㄧˋ ㄨㄤˇ
一如既往,1,ㄧˋ ㄖㄨˊ ㄐㄧˋ ㄨㄤˇ
一字千金,1,ㄧ ㄗˋ ㄑㄧㄢ ㄐㄧㄣ
一字千金,1,ㄧˊ ㄗˋ ㄑㄧㄢ ㄐㄧㄣ
一再,1,ㄧ ㄗㄞˋ
一再,1,ㄧˊ ㄗㄞˋ
一早,1,ㄧ ㄗㄠˇ
一早,1,ㄧˋ ㄗㄠˇ
一走了之,1,ㄧ ㄗㄡˇ ㄌㄧㄠˇ ㄓ
一走了之,1,ㄧˋ ㄗㄡˇ ㄌㄧㄠˇ ㄓ
一次全倒,1,ㄧ ㄘˋ ㄑㄩㄢˊ ㄉㄠˇ
一次全倒,1,ㄧˊ ㄘˋ ㄑㄩㄢˊ ㄉㄠˇ
一側,1,ㄧ ㄘㄜˋ
一側,1,ㄧˊ ㄘㄜˋ
一蹴可幾,1,ㄧ ㄘㄨˋ ㄎㄜˇ ㄐㄧ
一蹴可幾,1,ㄧˊ ㄘㄨˋ ㄎㄜˇ ㄐㄧ
一絲,1,ㄧ ㄙ
一絲,1,ㄧˋ ㄙ
一絲不苟,1,ㄧ ㄙ ㄅㄨˋ ㄍㄡˇ
一絲不苟,1,ㄧˋ ㄙ ㄅㄨˋ ㄍㄡˇ
一絲不掛,1,ㄧ ㄙ ㄅㄨˋ ㄍㄨㄚˋ
一絲不掛,1,ㄧˋ ㄙ ㄅㄨˊ ㄍㄨㄚˋ
一絲絲,1,ㄧ ㄙ ㄙ
一絲絲,1,ㄧˋ ㄙ ㄙ
一絲一毫,1,ㄧ ㄙ ㄧ ㄏㄠˊ
一絲一毫,1,ㄧˋ ㄙ ㄧˋ ㄏㄠˊ
一掃而光,1,ㄧ ㄙㄠˇ ㄦˊ ㄍㄨㄤ
一掃而光,1,ㄧˋ ㄙㄠˇ ㄦˊ ㄍㄨㄤ
一一,1,ㄧ ㄧ
一意孤行,1,ㄧ ㄧˋ ㄍㄨ ㄒㄧㄥˊ
一意孤行,1,ㄧˊ ㄧˋ ㄍㄨ ㄒㄧㄥˊ
一葉知秋,1,ㄧ ㄧㄝˋ ㄓ ㄑㄧㄡ
一葉知秋,1,ㄧˊ ㄧㄝˋ ㄓ ㄑㄧㄡ
一言不發,1,ㄧ ㄧㄢˊ ㄅㄨˋ ㄈㄚ
一言不發,1,ㄧˋ ㄧㄢˊ ㄅㄨˋ ㄈㄚ
一言不合,1,ㄧ ㄧㄢˊ ㄅㄨˋ ㄏㄜˊ
一言不合,1,ㄧˋ ㄧㄢˊ ㄅㄨˋ ㄏㄜˊ
一言難盡,1,ㄧ ㄧㄢˊ ㄋㄢˊ ㄐㄧㄣˋ
一言難盡,1,ㄧˋ ㄧㄢˊ ㄋㄢˊ ㄐㄧㄣ
一言既出駟馬難追,1,ㄧ ㄧㄢˊ ㄐㄧˋ ㄔㄨ ㄙˋ ㄇㄚˇ ㄋㄢˊ ㄓㄨㄟ
一言既出駟馬難追,1,ㄧˋ ㄧㄢˊ ㄐㄧˋ ㄔㄨ ㄙˋ ㄇㄚˇ ㄋㄢˊ ㄓㄨㄟ
一言九鼎,1,ㄧ ㄧㄢˊ ㄐㄧㄡˇ ㄉㄧㄥˇ
一言九鼎,1,ㄧˋ ㄧㄢˊ ㄐㄧㄡˇ ㄉㄧㄥˇ
一言以蔽之,1,ㄧ ㄧㄢˊ ㄧˇ ㄅㄧˋ ㄓ
一言以蔽之,1,ㄧˋ ㄧㄢˊ ㄧˇ ㄅㄧˋ ㄓ
一言為定,1,ㄧ ㄧㄢˊ ㄨㄟˊ ㄉㄧㄥˋ
一言為定,1,ㄧˋ ㄧㄢˊ ㄨㄟˊ ㄉㄧㄥˋ
一飲而盡,1,ㄧ ㄧㄣˇ ㄦˊ ㄐㄧㄣˋ
一飲而盡,1,ㄧˋ ㄧㄣˇ ㄦˊ ㄐㄧㄣˋ
一氧化碳,1,ㄧ ㄧㄤˇ ㄏㄨㄚˋ ㄊㄢˋ
一樣,1,ㄧ ㄧㄤˋ
一樣,1,ㄧˊ ㄧㄤˋ
一應俱全,1,ㄧ ㄧㄥ ㄐㄩˋ ㄑㄩㄢˊ
一應俱全,1,ㄧˋ ㄧㄥ ㄐㄩˋ ㄑㄩㄢˊ
一無是處,1,ㄧ ㄨˊ ㄕˋ ㄔㄨˋ
一無是處,1,ㄧˋ ㄨˊ ㄕˋ ㄔㄨˋ
一無所知,1,ㄧ ㄨˊ ㄙㄨㄛˇ ㄓ
一無所知,1,ㄧˋ ㄨˊ ㄙㄨㄛˇ ㄓ
一無所有,1,ㄧ ㄨˊ ㄙㄨㄛˇ ㄧㄡˇ
一無所有,1,ㄧˋ ㄨˊ ㄙㄨㄛˇ ㄧㄡˇ
一五一十,1,ㄧ ㄨˇ ㄧ ㄕˊ
一五一十,1,ㄧˋ ㄨˇ ㄧˋ ㄕˊ
一窩蜂,1,ㄧ ㄨㄛ ㄈㄥ
一窩蜂,1,ㄧˋ ㄨㄛ ㄈㄥ
一味,1,ㄧ ㄨㄟˋ
一味,1,ㄧˊ ㄨㄟˋ
一文不值,1,ㄧ ㄨㄣˊ ㄅㄨˋ ㄓˊ
一文不值,1,ㄧˋ ㄨㄣˊ ㄅㄨˋ ㄓˊ
一問三不知,1,ㄧ ㄨㄣˋ ㄙㄢ ㄅㄨˋ ㄓ
一問三不知,1,ㄧˊ ㄨㄣˋ ㄙㄢ ㄅㄨˋ ㄓ
一往情深,1,ㄧ ㄨㄤˇ ㄑㄧㄥˊ ㄕㄣ
一往情深,1,ㄧˋ ㄨㄤˇ ㄑㄧㄥˊ ㄕㄣ
一網打盡,1,ㄧ ㄨㄤˇ ㄉㄚˇ ㄐㄧㄣˋ
一網打盡,1,ㄧˋ ㄨㄤˇ ㄉㄚˇ ㄐㄧㄣˋ
一望無際,1,ㄧ ㄨㄤˋ ㄨˊ ㄐㄧˋ
一望無際,1,ㄧˊ ㄨㄤˋ ㄨˊ ㄐㄧˋ
一望無垠,1,ㄧ ㄨㄤˋ ㄨˊ ㄧㄣˊ
一望無垠,1,ㄧˊ ㄨㄤˋ ㄨˊ ㄧㄣˊ
一隅,1,ㄧ ㄩˊ
一隅,1,ㄧˋ ㄩˊ
一語道破,1,ㄧ ㄩˇ ㄉㄠˋ ㄆㄛˋ
一語道破,1,ㄧˋ ㄩˇ ㄉㄠˋ ㄆㄛˋ
一語中的,1,ㄧ ㄩˇ ㄓㄨㄥˋ ㄉㄧˋ
一語中的,1,ㄧˋ ㄩˇ ㄓㄨㄥˋ ㄉㄧˋ
一躍而起,1,ㄧ ㄩㄝˋ ㄦˊ ㄑㄧˇ
一躍而起,1,ㄧˊ ㄩㄝˋ ㄦˊ ㄑㄧˇ
一元復始,1,ㄧ ㄩㄢˊ ㄈㄨˋ ㄕˇ
一元復始,1,ㄧˋ ㄩㄢˊ ㄈㄨˋ ㄕˇ
衣,1,ㄧ
衣缽,1,ㄧ ㄅㄛ
衣不蔽體,1,ㄧ ㄅㄨˋ ㄅㄧˋ ㄊㄧˇ
衣不蔽體,1,ㄧ ㄅㄨˊ ㄅㄧˋ ㄊㄧˇ
衣服,1,ㄧ ㄈㄨˊ
衣料,1,ㄧ ㄌㄧㄠˋ
衣櫃,1,ㄧ ㄍㄨㄟˋ
衣冠禽獸,1,ㄧ ㄍㄨㄢ ㄑㄧㄣˊ ㄕㄡˋ
衣冠塚,1,ㄧ ㄍㄨㄢ ㄓㄨㄥˇ
衣冠楚楚,1,ㄧ ㄍㄨㄢ ㄔㄨˇ ㄔㄨˇ
衣架子,1,ㄧ ㄐㄧㄚˋ ㄗ˙
衣襟,1,ㄧ ㄐㄧㄣ
衣箱,1,ㄧ ㄒㄧㄤ
衣著,1,ㄧ ㄓㄨㄛˊ
衣櫥,1,ㄧ ㄔㄨˊ
衣食父母,1,ㄧ ㄕˊ ㄈㄨˋ ㄇㄨˇ
衣食住行,1,ㄧ ㄕˊ ㄓㄨˋ ㄒㄧㄥˊ
衣飾,1,ㄧ ㄕˋ
衣衫不整,1,ㄧ ㄕㄢ ㄅㄨˋ ㄓㄥˇ
衣衫襤褸,1,ㄧ ㄕㄢ ㄌㄢˊ ㄌㄩˇ
衣裳,1,ㄧ ㄕㄤ˙
衣物,1,ㄧ ㄨˋ
依,1,ㄧ
依傍,1,ㄧ ㄅㄤˋ
依法,1,ㄧ ㄈㄚˇ
依法炮製,1,ㄧ ㄈㄚˇ ㄆㄠˊ ㄓˋ
依附,1,ㄧ ㄈㄨˋ
依託,1,ㄧ ㄊㄨㄛ
依賴,1,ㄧ ㄌㄞˋ
依戀,1,ㄧ ㄌㄧㄢˋ
依歸,1,ㄧ ㄍㄨㄟ
依靠,1,ㄧ ㄎㄠˋ
依計行事,1,ㄧ ㄐㄧˋ ㄒㄧㄥˊ ㄕˋ
依舊,1,ㄧ ㄐㄧㄡˋ
依據,1,ㄧ ㄐㄩˋ
依稀,1,ㄧ ㄒㄧ
依序,1,ㄧ ㄒㄩˋ
依循,1,ㄧ ㄒㄩㄣˊ
依照,1,ㄧ ㄓㄠˋ
依時,1,ㄧ ㄕˊ
依然,1,ㄧ ㄖㄢˊ
依然故我,1,ㄧ ㄖㄢˊ ㄍㄨˋ ㄨㄛˇ
依然如故,1,ㄧ ㄖㄢˊ ㄖㄨˊ ㄍㄨˋ
依次,1,ㄧ ㄘˋ
依存,1,ㄧ ㄘㄨㄣˊ
依從,1,ㄧ ㄘㄨㄥˊ
依依,1,ㄧ ㄧ
依依不捨,1,ㄧ ㄧ ㄅㄨˋ ㄕㄜˇ
依樣畫葫蘆,1,ㄧ ㄧㄤˋ ㄏㄨㄚˋ ㄏㄨˊ ㄌㄨˊ
依樣畫葫蘆,1,ㄧ ㄧㄤˋ ㄏㄨㄚˋ ㄏㄨˊ ㄌㄨ˙
依偎,1,ㄧ ㄨㄟ
依約,1,ㄧ ㄩㄝ
伊,1,ㄧ
伊甸園,1,ㄧ ㄉㄧㄢˋ ㄩㄢˊ
伊始,1,ㄧ ㄕˇ
伊人,1,ㄧ ㄖㄣˊ
伊斯蘭教,1,ㄧ ㄙ ㄌㄢˊ ㄐㄧㄠˋ
咿,1,ㄧ
咿唔,1,ㄧ ㄨˊ
壹,1,ㄧ
揖,1,ㄧ
漪,1,ㄧ
醫,1,ㄧ
醫德,1,ㄧ ㄉㄜˊ
醫療,1,ㄧ ㄌㄧㄠˊ
醫護,1,ㄧ ㄏㄨˋ
醫學,1,ㄧ ㄒㄩㄝˊ
醫治,1,ㄧ ㄓˋ
醫囑,1,ㄧ ㄓㄨˇ
醫師,1,ㄧ ㄕ
醫生,1,ㄧ ㄕㄥ
醫術,1,ㄧ ㄕㄨˋ
醫藥,1,ㄧ ㄧㄠˋ
醫藥分業,1,ㄧ ㄧㄠˋ ㄈㄣ ㄧㄝˋ
醫院,1,ㄧ ㄩㄢˋ
黟,1,ㄧ
台,1,ㄧˊ
怡,1,ㄧˊ
怡情養性,1,ㄧˊ ㄑㄧㄥˊ ㄧㄤˇ ㄒㄧㄥˋ
怡然,1,ㄧˊ ㄖㄢˊ
怡然自得,1,ㄧˊ ㄖㄢˊ ㄗˋ ㄉㄜˊ
貽,1,ㄧˊ
貽害,1,ㄧˊ ㄏㄞˋ
貽笑,1,ㄧˊ ㄒㄧㄠˋ
貽笑大方,1,ㄧˊ ㄒㄧㄠˋ ㄉㄚˋ ㄈㄤ
貽羞,1,ㄧˊ ㄒㄧㄡ
貽誤,1,ㄧˊ ㄨˋ
飴,1,ㄧˊ
圯,1,ㄧˊ
圯橋進履,1,ㄧˊ ㄑㄧㄠˊ ㄐㄧㄣˋ ㄌㄩˇ
夷,1,ㄧˊ
夷為平地,1,ㄧˊ ㄨㄟˊ ㄆㄧㄥˊ ㄉㄧˋ
咦,1,ㄧˊ
姨,1,ㄧˊ
姨媽,1,ㄧˊ ㄇㄚ
姨母,1,ㄧˊ ㄇㄨˇ
姨太太,1,ㄧˊ ㄊㄞˋ ㄊㄞ˙
姨丈,1,ㄧˊ ㄓㄤˋ
荑,1,ㄧˊ
胰,1,ㄧˊ
胰島素,1,ㄧˊ ㄉㄠˇ ㄙㄨˋ
胰臟,1,ㄧˊ ㄗㄤˋ
痍,1,ㄧˊ
沂,1,ㄧˊ
沂河,1,ㄧˊ ㄏㄜˊ
迆,1,ㄧˊ
迤,1,ㄧˊ
迤邐,1,ㄧˊ ㄌㄧˇ
宜,1,ㄧˊ
宜人,1,ㄧˊ ㄖㄣˊ
蛇,1,ㄧˊ
移,1,ㄧˊ
移民,1,ㄧˊ ㄇㄧㄣˊ
移民媽媽,1,ㄧˊ ㄇㄧㄣˊ ㄇㄚ ㄇㄚ˙
移風易俗,1,ㄧˊ ㄈㄥ ㄧˋ ㄙㄨˊ
移動,1,ㄧˊ ㄉㄨㄥˋ
移靈,1,ㄧˊ ㄌㄧㄥˊ
移花接木,1,ㄧˊ ㄏㄨㄚ ㄐㄧㄝ ㄇㄨˋ
移交,1,ㄧˊ ㄐㄧㄠ
移居,1,ㄧˊ ㄐㄩ
移情別戀,1,ㄧˊ ㄑㄧㄥˊ ㄅㄧㄝˊ ㄌㄧㄢˋ
移植,1,ㄧˊ ㄓˊ
移轉,1,ㄧˊ ㄓㄨㄢˇ
移樽就教,1,ㄧˊ ㄗㄨㄣ ㄐㄧㄡˋ ㄐㄧㄠˋ
移送,1,ㄧˊ ㄙㄨㄥˋ
移位,1,ㄧˊ ㄨㄟˋ
疑,1,ㄧˊ
疑犯,1,ㄧˊ ㄈㄢˋ
疑竇,1,ㄧˊ ㄉㄡˋ
疑點,1,ㄧˊ ㄉㄧㄢˇ
疑團,1,ㄧˊ ㄊㄨㄢˊ
疑難雜症,1,ㄧˊ ㄋㄢˊ ㄗㄚˊ ㄓㄥˋ
疑難,1,ㄧˊ ㄋㄢˋ
疑慮,1,ㄧˊ ㄌㄩˋ
疑惑,1,ㄧˊ ㄏㄨㄛˋ
疑懼,1,ㄧˊ ㄐㄩˋ
疑心,1,ㄧˊ ㄒㄧㄣ
疑信參半,1,ㄧˊ ㄒㄧㄣˋ ㄘㄢ ㄅㄢˋ
疑神疑鬼,1,ㄧˊ ㄕㄣˊ ㄧˊ ㄍㄨㄟˇ
疑似,1,ㄧˊ ㄙˋ
疑案,1,ㄧˊ ㄢˋ
疑義,1,ㄧˊ ㄧˋ
疑問,1,ㄧˊ ㄨㄣˋ
疑雲,1,ㄧˊ ㄩㄣˊ
嶷,1,ㄧˊ
儀,1,ㄧˊ
儀表,1,ㄧˊ ㄅㄧㄠˇ
儀隊,1,ㄧˊ ㄉㄨㄟˋ
儀態,1,ㄧˊ ㄊㄞˋ
儀態萬千,1,ㄧˊ ㄊㄞˋ ㄨㄢˋ ㄑㄧㄢ
儀器,1,ㄧˊ ㄑㄧˋ
儀式,1,ㄧˊ ㄕˋ
儀容,1,ㄧˊ ㄖㄨㄥˊ
頤,1,ㄧˊ
頤指氣使,1,ㄧˊ ㄓˇ ㄑㄧˋ ㄕˇ
頤養,1,ㄧˊ ㄧㄤˇ
頤養天年,1,ㄧˊ ㄧㄤˇ ㄊㄧㄢ ㄋㄧㄢˊ
遺,1,ㄧˊ
遺民,1,ㄧˊ ㄇㄧㄣˊ
遺風,1,ㄧˊ ㄈㄥ
遺腹子,1,ㄧˊ ㄈㄨˋ ㄗˇ
遺毒,1,ㄧˊ ㄉㄨˊ
遺體,1,ㄧˊ ㄊㄧˇ
遺漏,1,ㄧˊ ㄌㄡˋ
遺留,1,ㄧˊ ㄌㄧㄡˊ
遺落,1,ㄧˊ ㄌㄨㄛˋ
遺孤,1,ㄧˊ ㄍㄨ
遺骸,1,ㄧˊ ㄏㄞˊ
遺憾,1,ㄧˊ ㄏㄢˋ
遺跡,1,ㄧˊ ㄐㄧ
遺教,1,ㄧˊ ㄐㄧㄠˋ
遺棄,1,ㄧˊ ㄑㄧˋ
遺缺,1,ㄧˊ ㄑㄩㄝ
遺像,1,ㄧˊ ㄒㄧㄤˋ
遺訓,1,ㄧˊ ㄒㄩㄣˋ
遺址,1,ㄧˊ ㄓˇ
遺志,1,ㄧˊ ㄓˋ
遺囑,1,ㄧˊ ㄓㄨˇ
遺著,1,ㄧˊ ㄓㄨˋ
遺臭萬年,1,ㄧˊ ㄔㄡˋ ㄨㄢˋ ㄋㄧㄢˊ
遺產,1,ㄧˊ ㄔㄢˇ
遺傳,1,ㄧˊ ㄔㄨㄢˊ
遺傳工程,1,ㄧˊ ㄔㄨㄢˊ ㄍㄨㄥ ㄔㄥˊ
遺失,1,ㄧˊ ㄕ
遺世獨立,1,ㄧˊ ㄕˋ ㄉㄨˊ ㄌㄧˋ
遺書,1,ㄧˊ ㄕㄨ
遺孀,1,ㄧˊ ㄕㄨㄤ
遺容,1,ㄧˊ ㄖㄨㄥˊ
遺族,1,ㄧˊ ㄗㄨˊ
遺作,1,ㄧˊ ㄗㄨㄛˋ
遺愛,1,ㄧˊ ㄞˋ
遺言,1,ㄧˊ ㄧㄢˊ
遺物,1,ㄧˊ ㄨˋ
遺忘,1,ㄧˊ ㄨㄤˋ
彞,1,ㄧˊ
乙,1,ㄧˇ
已,1,ㄧˇ
已故,1,ㄧˇ ㄍㄨˋ
已開發國家,1,ㄧˇ ㄎㄞ ㄈㄚ ㄍㄨㄛˊ ㄐㄧㄚ
已婚,1,ㄧˇ ㄏㄨㄣ
已經,1,ㄧˇ ㄐㄧㄥ
已然,1,ㄧˇ ㄖㄢˊ
以,1,ㄧˇ
以便,1,ㄧˇ ㄅㄧㄢˋ
以偏概全,1,ㄧˇ ㄆㄧㄢ ㄍㄞˋ ㄑㄩㄢˊ
以貌取人,1,ㄧˇ ㄇㄠˋ ㄑㄩˇ ㄖㄣˊ
以免,1,ㄧˇ ㄇㄧㄢˇ
以德報德,1,ㄧˇ ㄉㄜˊ ㄅㄠˋ ㄉㄜˊ
以德報怨,1,ㄧˇ ㄉㄜˊ ㄅㄠˋ ㄩㄢˋ
以德服人,1,ㄧˇ ㄉㄜˊ ㄈㄨˊ ㄖㄣˊ
以毒攻毒,1,ㄧˇ ㄉㄨˊ ㄍㄨㄥ ㄉㄨˊ
以內,1,ㄧˇ ㄋㄟˋ
以來,1,ㄧˇ ㄌㄞˊ
以蠡測海,1,ㄧˇ ㄌㄧˊ ㄘㄜˋ ㄏㄞˇ
以禮相待,1,ㄧˇ ㄌㄧˇ ㄒㄧㄤ ㄉㄞˋ
以卵擊石,1,ㄧˇ ㄌㄨㄢˇ ㄐㄧˊ ㄕˊ
以寡擊眾,1,ㄧˇ ㄍㄨㄚˇ ㄐㄧˊ ㄓㄨㄥˋ
以管窺天,1,ㄧˇ ㄍㄨㄢˇ ㄎㄨㄟ ㄊㄧㄢ
以後,1,ㄧˇ ㄏㄡˋ
以及,1,ㄧˇ ㄐㄧˊ
以降,1,ㄧˇ ㄐㄧㄤˋ
以儆效尤,1,ㄧˇ ㄐㄧㄥˇ ㄒㄧㄠˋ ㄧㄡˊ
以前,1,ㄧˇ ㄑㄧㄢˊ
以下,1,ㄧˇ ㄒㄧㄚˋ
以小人之心度君子之腹,1,ㄧˇ ㄒㄧㄠˇ ㄖㄣˊ ㄓ ㄒㄧㄣ ㄉㄨㄛˋ ㄐㄩㄣ ㄗˇ ㄓ ㄈㄨˋ
以直報怨,1,ㄧˇ ㄓˊ ㄅㄠˋ ㄩㄢˋ
以致,1,ㄧˇ ㄓˋ
以身相許,1,ㄧˇ ㄕㄣ ㄒㄧㄤ ㄒㄩˇ
以身試法,1,ㄧˇ ㄕㄣ ㄕˋ ㄈㄚˇ
以身作則,1,ㄧˇ ㄕㄣ ㄗㄨㄛˋ ㄗㄜˊ
以上,1,ㄧˇ ㄕㄤˋ
以柔克剛,1,ㄧˇ ㄖㄡˊ ㄎㄜˋ ㄍㄤ
以此類推,1,ㄧˇ ㄘˇ ㄌㄟˋ ㄊㄨㄟ
以訛傳訛,1,ㄧˇ ㄜˊ ㄔㄨㄢˊ ㄜˊ
以一警百,1,ㄧˇ ㄧ ㄐㄧㄥˇ ㄅㄞˇ
以逸待勞,1,ㄧˇ ㄧˋ ㄉㄞˋ ㄌㄠˊ
以牙還牙,1,ㄧˇ ㄧㄚˊ ㄏㄨㄢˊ ㄧㄚˊ
以外,1,ㄧˇ ㄨㄞˋ
以為,1,ㄧˇ ㄨㄟˊ
以往,1,ㄧˇ ㄨㄤˇ
苡,1,ㄧˇ
矣,1,ㄧˇ
倚,1,ㄧˇ
倚馬可待,1,ㄧˇ ㄇㄚˇ ㄎㄜˇ ㄉㄞˋ
倚賴,1,ㄧˇ ㄌㄞˋ
倚老賣老,1,ㄧˇ ㄌㄠˇ ㄇㄞˋ ㄌㄠˇ
倚靠,1,ㄧˇ ㄎㄠˋ
倚仗,1,ㄧˇ ㄓㄤˋ
倚重,1,ㄧˇ ㄓㄨㄥˋ
椅,1,ㄧˇ
椅墊,1,ㄧˇ ㄉㄧㄢˋ
椅子,1,ㄧˇ ㄗ˙
旖,1,ㄧˇ
旖旎,1,ㄧˇ ㄋㄧˇ
蛾,1,ㄧˇ
蟻,1,ㄧˇ
艤,1,ㄧˇ
乂,1,ㄧˋ
刈,1,ㄧˋ
刈香,1,ㄧˋ ㄒㄧㄤ
艾,1,ㄧˋ
弋,1,ㄧˋ
亦,1,ㄧˋ
亦步亦趨,1,ㄧˋ ㄅㄨˋ ㄧˋ ㄑㄩ
亦然,1,ㄧˋ ㄖㄢˊ
弈,1,ㄧˋ
奕,1,ㄧˋ
衣,1,ㄧˋ
衣錦還鄉,1,ㄧˋ ㄐㄧㄣˇ ㄏㄨㄢˊ ㄒㄧㄤ
衣錦榮歸,1,ㄧˋ ㄐㄧㄣˇ ㄖㄨㄥˊ ㄍㄨㄟ
裔,1,ㄧˋ
曳,1,ㄧˋ
曳引機,1,ㄧˋ ㄧㄣˇ ㄐㄧ
洩,1,ㄧˋ
洩洩,1,ㄧˋ ㄧˋ
屹,1,ㄧˋ
屹立不搖,1,ㄧˋ ㄌㄧˋ ㄅㄨˋ ㄧㄠˊ
抑,1,ㄧˋ
抑或,1,ㄧˋ ㄏㄨㄛˋ
抑強扶弱,1,ㄧˋ ㄑㄧㄤˊ ㄈㄨˊ ㄖㄨㄛˋ
抑止,1,ㄧˋ ㄓˇ
抑制,1,ㄧˋ ㄓˋ
抑揚頓挫,1,ㄧˋ ㄧㄤˊ ㄉㄨㄣˋ ㄘㄨㄛˋ
抑鬱,1,ㄧˋ ㄩˋ
抑鬱寡歡,1,ㄧˋ ㄩˋ ㄍㄨㄚˇ ㄏㄨㄢ
邑,1,ㄧˋ
浥,1,ㄧˋ
悒,1,ㄧˋ
挹,1,ㄧˋ
挹注,1,ㄧˋ ㄓㄨˋ
佚,1,ㄧˋ
佚失,1,ㄧˋ ㄕ
佚事,1,ㄧˋ ㄕˋ
軼,1,ㄧˋ
軼事,1,ㄧˋ ㄕˋ
軼聞,1,ㄧˋ ㄨㄣˊ
役,1,ㄧˋ
疫,1,ㄧˋ
疫苗,1,ㄧˋ ㄇㄧㄠˊ
泄,1,ㄧˋ
泄泄,1,ㄧˋ ㄧˋ
易,1,ㄧˋ
易開罐,1,ㄧˋ ㄎㄞ ㄍㄨㄢˋ
易姓,1,ㄧˋ ㄒㄧㄥˋ
易主,1,ㄧˋ ㄓㄨˇ
易手,1,ㄧˋ ㄕㄡˇ
易守難攻,1,ㄧˋ ㄕㄡˇ ㄋㄢˊ ㄍㄨㄥ
易人,1,ㄧˋ ㄖㄣˊ
易如反掌,1,ㄧˋ ㄖㄨˊ ㄈㄢˇ ㄓㄤˇ
易容,1,ㄧˋ ㄖㄨㄥˊ
易位,1,ㄧˋ ㄨㄟˋ
埸,1,ㄧˋ
蜴,1,ㄧˋ
佾,1,ㄧˋ
佾舞,1,ㄧˋ ㄨˇ
施,1,ㄧˋ
食,1,ㄧˋ
羿,1,ㄧˋ
翊,1,ㄧˋ
翌,1,ㄧˋ
翌年,1,ㄧˋ ㄋㄧㄢˊ
翌日,1,ㄧˋ ㄖˋ
益,1,ㄧˋ
益發,1,ㄧˋ ㄈㄚ
益智,1,ㄧˋ ㄓˋ
益處,1,ㄧˋ ㄔㄨˋ
益蟲,1,ㄧˋ ㄔㄨㄥˊ
益壽,1,ㄧˋ ㄕㄡˋ
益友,1,ㄧˋ ㄧㄡˇ
溢,1,ㄧˋ
溢美,1,ㄧˋ ㄇㄟˇ
溢洪道,1,ㄧˋ ㄏㄨㄥˊ ㄉㄠˋ
溢收,1,ㄧˋ ㄕㄡ
溢於言表,1,ㄧˋ ㄩˊ ㄧㄢˊ ㄅㄧㄠˇ
縊,1,ㄧˋ
鎰,1,ㄧˋ
射,1,ㄧˋ
異,1,ㄧˋ
異邦,1,ㄧˋ ㄅㄤ
異稟,1,ㄧˋ ㄅㄧㄥˇ
異母,1,ㄧˋ ㄇㄨˇ
異父,1,ㄧˋ ㄈㄨˋ
異地,1,ㄧˋ ㄉㄧˋ
異端,1,ㄧˋ ㄉㄨㄢ
異動,1,ㄧˋ ㄉㄨㄥˋ
異同,1,ㄧˋ ㄊㄨㄥˊ
異類,1,ㄧˋ ㄌㄟˋ
異國,1,ㄧˋ ㄍㄨㄛˊ
異口同聲,1,ㄧˋ ㄎㄡˇ ㄊㄨㄥˊ ㄕㄥ
異化,1,ㄧˋ ㄏㄨㄚˋ
異己,1,ㄧˋ ㄐㄧˇ
異軍突起,1,ㄧˋ ㄐㄩㄣ ㄊㄨˊ ㄑㄧˇ
異曲同工,1,ㄧˋ ㄑㄩˇ ㄊㄨㄥˊ ㄍㄨㄥ
異心,1,ㄧˋ ㄒㄧㄣ
異鄉,1,ㄧˋ ㄒㄧㄤ
異想天開,1,ㄧˋ ㄒㄧㄤˇ ㄊㄧㄢ ㄎㄞ
異性,1,ㄧˋ ㄒㄧㄥˋ
異狀,1,ㄧˋ ㄓㄨㄤˋ
異常,1,ㄧˋ ㄔㄤˊ
異數,1,ㄧˋ ㄕㄨˋ
異人,1,ㄧˋ ㄖㄣˊ
異族,1,ㄧˋ ㄗㄨˊ
異彩,1,ㄧˋ ㄘㄞˇ
異議,1,ㄧˋ ㄧˋ
異樣,1,ㄧˋ ㄧㄤˋ
異味,1,ㄧˋ ㄨㄟˋ
異域,1,ㄧˋ ㄩˋ
翼,1,ㄧˋ
逸,1,ㄧˋ
逸品,1,ㄧˋ ㄆㄧㄣˇ
逸樂,1,ㄧˋ ㄌㄜˋ
逸趣橫生,1,ㄧˋ ㄑㄩˋ ㄏㄥˊ ㄕㄥ
逸興,1,ㄧˋ ㄒㄧㄥˋ
逸事,1,ㄧˋ ㄕˋ
逸聞,1,ㄧˋ ㄨㄣˊ
義,1,ㄧˋ
義薄雲天,1,ㄧˋ ㄅㄛˊ ㄩㄣˊ ㄊㄧㄢ
義不容辭,1,ㄧˋ ㄅㄨˋ ㄖㄨㄥˊ ㄘˊ
義賣,1,ㄧˋ ㄇㄞˋ
義民,1,ㄧˋ ㄇㄧㄣˊ
義母,1,ㄧˋ ㄇㄨˇ
義憤,1,ㄧˋ ㄈㄣˋ
義憤填膺,1,ㄧˋ ㄈㄣˋ ㄊㄧㄢˊ ㄧㄥ
義父,1,ㄧˋ ㄈㄨˋ
義弟,1,ㄧˋ ㄉㄧˋ
義女,1,ㄧˋ ㄋㄩˇ
義理,1,ㄧˋ ㄌㄧˇ
義工,1,ㄧˋ ㄍㄨㄥ
義結金蘭,1,ㄧˋ ㄐㄧㄝˊ ㄐㄧㄣ ㄌㄢˊ
義警,1,ㄧˋ ㄐㄧㄥˇ
義舉,1,ㄧˋ ㄐㄩˇ
義軍,1,ㄧˋ ㄐㄩㄣ
義氣,1,ㄧˋ ㄑㄧˋ
義犬,1,ㄧˋ ㄑㄩㄢˇ
義肢,1,ㄧˋ ㄓ
義診,1,ㄧˋ ㄓㄣˇ
義正詞嚴,1,ㄧˋ ㄓㄥˋ ㄘˊ ㄧㄢˊ
義齒,1,ㄧˋ ㄔˇ
義士,1,ㄧˋ ㄕˋ
義子,1,ㄧˋ ㄗˇ
義演,1,ㄧˋ ㄧㄢˇ
義無反顧,1,ㄧˋ ㄨˊ ㄈㄢˇ ㄍㄨˋ
義務,1,ㄧˋ ㄨˋ
義勇,1,ㄧˋ ㄩㄥˇ
義勇軍,1,ㄧˋ ㄩㄥˇ ㄐㄩㄣ
議,1,ㄧˋ
議定,1,ㄧˋ ㄉㄧㄥˋ
議題,1,ㄧˋ ㄊㄧˊ
議論,1,ㄧˋ ㄌㄨㄣˋ
議和,1,ㄧˋ ㄏㄜˊ
議會,1,ㄧˋ ㄏㄨㄟˋ
議價,1,ㄧˋ ㄐㄧㄚˋ
議決,1,ㄧˋ ㄐㄩㄝˊ
議長論短,1,ㄧˋ ㄔㄤˊ ㄌㄨㄣˋ ㄉㄨㄢˇ
議場,1,ㄧˋ ㄔㄤˇ
議程,1,ㄧˋ ㄔㄥˊ
議處,1,ㄧˋ ㄔㄨˇ
議事,1,ㄧˋ ㄕˋ
議案,1,ㄧˋ ㄢˋ
議員,1,ㄧˋ ㄩㄢˊ
議院,1,ㄧˋ ㄩㄢˋ
意,1,ㄧˋ
意表,1,ㄧˋ ㄅㄧㄠˇ
意圖,1,ㄧˋ ㄊㄨˊ
意念,1,ㄧˋ ㄋㄧㄢˋ
意料,1,ㄧˋ ㄌㄧㄠˋ
意會,1,ㄧˋ ㄏㄨㄟˋ
意見,1,ㄧˋ ㄐㄧㄢˋ
意見領袖,1,ㄧˋ ㄐㄧㄢˋ ㄌㄧㄥˇ ㄒㄧㄡˋ
意境,1,ㄧˋ ㄐㄧㄥˋ
意氣,1,ㄧˋ ㄑㄧˋ
意氣風發,1,ㄧˋ ㄑㄧˋ ㄈㄥ ㄈㄚ
意氣用事,1,ㄧˋ ㄑㄧˋ ㄩㄥˋ ㄕˋ
意趣,1,ㄧˋ ㄑㄩˋ
意下,1,ㄧˋ ㄒㄧㄚˋ
意向,1,ㄧˋ ㄒㄧㄤˋ
意象,1,ㄧˋ ㄒㄧㄤˋ
意興,1,ㄧˋ ㄒㄧㄥˋ
意興闌珊,1,ㄧˋ ㄒㄧㄥˋ ㄌㄢˊ ㄕㄢ
意旨,1,ㄧˋ ㄓˇ
意志,1,ㄧˋ ㄓˋ
意志消沉,1,ㄧˋ ㄓˋ ㄒㄧㄠ ㄔㄣˊ
意中人,1,ㄧˋ ㄓㄨㄥ ㄖㄣˊ
意識,1,ㄧˋ ㄕˋ
意識流電影,1,ㄧˋ ㄕˋ ㄌㄧㄡˊ ㄉㄧㄢˋ ㄧㄥˇ
意識型態,1,ㄧˋ ㄕˋ ㄒㄧㄥˊ ㄊㄞˋ
意在言外,1,ㄧˋ ㄗㄞˋ ㄧㄢˊ ㄨㄞˋ
意思,1,ㄧˋ ㄙ˙
意義,1,ㄧˋ ㄧˋ
意譯,1,ㄧˋ ㄧˋ
意猶未盡,1,ㄧˋ ㄧㄡˊ ㄨㄟˋ ㄐㄧㄣˋ
意淫,1,ㄧˋ ㄧㄣˊ
意外,1,ㄧˋ ㄨㄞˋ
意外險,1,ㄧˋ ㄨㄞˋ ㄒㄧㄢˇ
意外事件,1,ㄧˋ ㄨㄞˋ ㄕˋ ㄐㄧㄢˋ
意味,1,ㄧˋ ㄨㄟˋ
意欲,1,ㄧˋ ㄩˋ
意願,1,ㄧˋ ㄩㄢˋ
億,1,ㄧˋ
億萬,1,ㄧˋ ㄨㄢˋ
憶,1,ㄧˋ
憶念,1,ㄧˋ ㄋㄧㄢˋ
噫,1,ㄧˋ
薏,1,ㄧˋ
薏仁,1,ㄧˋ ㄖㄣˊ
薏苡,1,ㄧˋ ㄧˇ
臆,1,ㄧˋ
臆度,1,ㄧˋ ㄉㄨㄛˋ
臆測,1,ㄧˋ ㄘㄜˋ
詣,1,ㄧˋ
肄,1,ㄧˋ
肄業,1,ㄧˋ ㄧㄝˋ
熠,1,ㄧˋ
熠熠紅星,1,ㄧˋ ㄧˋ ㄏㄨㄥˊ ㄒㄧㄥ
熠熠閃亮,1,ㄧˋ ㄧˋ ㄕㄢˇ ㄌㄧㄤˋ
毅,1,ㄧˋ
毅力,1,ㄧˋ ㄌㄧˋ
毅然,1,ㄧˋ ㄖㄢˊ
毅然決然,1,ㄧˋ ㄖㄢˊ ㄐㄩㄝˊ ㄖㄢˊ
誼,1,ㄧˋ
瘞,1,ㄧˋ
殪,1,ㄧˋ
劓,1,ㄧˋ
翳,1,ㄧˋ
藝,1,ㄧˋ
藝品,1,ㄧˋ ㄆㄧㄣˇ
藝名,1,ㄧˋ ㄇㄧㄥˊ
藝壇,1,ㄧˋ ㄊㄢˊ
藝能,1,ㄧˋ ㄋㄥˊ
藝廊,1,ㄧˋ ㄌㄤˊ
藝妓,1,ㄧˋ ㄐㄧˋ
藝展,1,ㄧˋ ㄓㄢˇ
藝術,1,ㄧˋ ㄕㄨˋ
藝術品,1,ㄧˋ ㄕㄨˋ ㄆㄧㄣˇ
藝術家,1,ㄧˋ ㄕㄨˋ ㄐㄧㄚ
藝術性,1,ㄧˋ ㄕㄨˋ ㄒㄧㄥˋ
藝人,1,ㄧˋ ㄖㄣˊ
藝文,1,ㄧˋ ㄨㄣˊ
藝文活動,1,ㄧˋ ㄨㄣˊ ㄏㄨㄛˊ ㄉㄨㄥˋ
藝苑,1,ㄧˋ ㄩㄢˋ
囈,1,ㄧˋ
囈語,1,ㄧˋ ㄩˇ
繹,1,ㄧˋ
譯,1,ㄧˋ
譯本,1,ㄧˋ ㄅㄣˇ
譯筆,1,ㄧˋ ㄅㄧˇ
譯名,1,ㄧˋ ㄇㄧㄥˊ
譯者,1,ㄧˋ ㄓㄜˇ
譯著,1,ㄧˋ ㄓㄨˋ
譯音,1,ㄧˋ ㄧㄣ
譯員,1,ㄧˋ ㄩㄢˊ
驛,1,ㄧˋ
驛馬,1,ㄧˋ ㄇㄚˇ
懿,1,ㄧˋ
懿德,1,ㄧˋ ㄉㄜˊ
懿旨,1,ㄧˋ ㄓˇ
丫,1,ㄧㄚ
丫頭,1,ㄧㄚ ㄊㄡ˙
丫鬟,1,ㄧㄚ ㄏㄨㄢˊ
呀,1,ㄧㄚ
鴉,1,ㄧㄚ
鴉片,1,ㄧㄚ ㄆㄧㄢˋ
鴉雀無聲,1,ㄧㄚ ㄑㄩㄝˋ ㄨˊ ㄕㄥ
押,1,ㄧㄚ
押寶,1,ㄧㄚ ㄅㄠˇ
押花,1,ㄧㄚ ㄏㄨㄚ
押匯,1,ㄧㄚ ㄏㄨㄟˋ
押解,1,ㄧㄚ ㄐㄧㄝˋ
押金,1,ㄧㄚ ㄐㄧㄣ
押寨夫人,1,ㄧㄚ ㄓㄞˋ ㄈㄨ ㄖㄣˊ
押注,1,ㄧㄚ ㄓㄨˋ
押送,1,ㄧㄚ ㄙㄨㄥˋ
押運,1,ㄧㄚ ㄩㄣˋ
押韻,1,ㄧㄚ ㄩㄣˋ
鴨,1,ㄧㄚ
鴨蛋,1,ㄧㄚ ㄉㄢˋ
鴨蛋臉,1,ㄧㄚ ㄉㄢˋ ㄌㄧㄢˇ
鴨舌帽,1,ㄧㄚ ㄕㄜˊ ㄇㄠˋ
鴨子,1,ㄧㄚ ㄗ˙
鴨嘴獸,1,ㄧㄚ ㄗㄨㄟˇ ㄕㄡˋ
啞,1,ㄧㄚ
啞啞,1,ㄧㄚ ㄧㄚ
椏,1,ㄧㄚ
壓,1,ㄧㄚ
壓迫,1,ㄧㄚ ㄆㄛˋ
壓倒,1,ㄧㄚ ㄉㄠˇ
壓倒性,1,ㄧㄚ ㄉㄠˇ ㄒㄧㄥˋ
壓低,1,ㄧㄚ ㄉㄧ
壓條法,1,ㄧㄚ ㄊㄧㄠˊ ㄈㄚˇ
壓力,1,ㄧㄚ ㄌㄧˋ
壓力團體,1,ㄧㄚ ㄌㄧˋ ㄊㄨㄢˊ ㄊㄧˇ
壓根兒,1,ㄧㄚ ㄍㄣ ㄦ
壓根兒,1,ㄧㄚ ㄍㄜ ㄦ
壓驚,1,ㄧㄚ ㄐㄧㄥ
壓境,1,ㄧㄚ ㄐㄧㄥˋ
壓線,1,ㄧㄚ ㄒㄧㄢˋ
壓箱底,1,ㄧㄚ ㄒㄧㄤ ㄉㄧˇ
壓制,1,ㄧㄚ ㄓˋ
壓榨,1,ㄧㄚ ㄓㄚˋ
壓軸,1,ㄧㄚ ㄓㄡˊ
壓陣,1,ㄧㄚ ㄓㄣˋ
壓住,1,ㄧㄚ ㄓㄨˋ
壓縮,1,ㄧㄚ ㄙㄨㄛ
壓歲錢,1,ㄧㄚ ㄙㄨㄟˋ ㄑㄧㄢˊ
壓抑,1,ㄧㄚ ㄧˋ
牙,1,ㄧㄚˊ
牙膏,1,ㄧㄚˊ ㄍㄠ
牙關,1,ㄧㄚˊ ㄍㄨㄢ
牙科,1,ㄧㄚˊ ㄎㄜ
牙慧,1,ㄧㄚˊ ㄏㄨㄟˋ
牙籤,1,ㄧㄚˊ ㄑㄧㄢ
牙齒,1,ㄧㄚˊ ㄔˇ
牙刷,1,ㄧㄚˊ ㄕㄨㄚ
牙醫,1,ㄧㄚˊ ㄧ
牙牙學語,1,ㄧㄚˊ ㄧㄚˊ ㄒㄩㄝˊ ㄩˇ
牙齦,1,ㄧㄚˊ ㄧㄣˊ
枒,1,ㄧㄚˊ
枒杈,1,ㄧㄚˊ ㄔㄚ
芽,1,ㄧㄚˊ
蚜,1,ㄧㄚˊ
蚜蟲,1,ㄧㄚˊ ㄔㄨㄥˊ
涯,1,ㄧㄚˊ
衙,1,ㄧㄚˊ
衙門,1,ㄧㄚˊ ㄇㄣˊ
啞,1,ㄧㄚˇ
啞巴,1,ㄧㄚˇ ㄅㄚ
啞巴,1,ㄧㄚˇ ㄅㄚ˙
啞巴吃黃連,1,ㄧㄚˇ ㄅㄚ ㄔ ㄏㄨㄤˊ ㄌㄧㄢˊ
啞巴吃黃連,1,ㄧㄚˇ ㄅㄚ˙ ㄔ ㄏㄨㄤˊ ㄌㄧㄢˊ
啞謎,1,ㄧㄚˇ ㄇㄧˊ
啞鈴,1,ㄧㄚˇ ㄌㄧㄥˊ
啞口無言,1,ㄧㄚˇ ㄎㄡˇ ㄨˊ ㄧㄢˊ
啞劇,1,ㄧㄚˇ ㄐㄩˋ
啞然失笑,1,ㄧㄚˇ ㄖㄢˊ ㄕ ㄒㄧㄠˋ
氬,1,ㄧㄚˇ
雅,1,ㄧㄚˇ
雅痞,1,ㄧㄚˇ ㄆㄧˇ
雅量,1,ㄧㄚˇ ㄌㄧㄤˋ
雅觀,1,ㄧㄚˇ ㄍㄨㄢ
雅號,1,ㄧㄚˇ ㄏㄠˋ
雅趣,1,ㄧㄚˇ ㄑㄩˋ
雅興,1,ㄧㄚˇ ㄒㄧㄥˋ
雅致,1,ㄧㄚˇ ㄓˋ
雅緻,1,ㄧㄚˇ ㄓˋ
雅正,1,ㄧㄚˇ ㄓㄥˋ
雅士,1,ㄧㄚˇ ㄕˋ
雅俗共賞,1,ㄧㄚˇ ㄙㄨˊ ㄍㄨㄥˋ ㄕㄤˇ
雅言,1,ㄧㄚˇ ㄧㄢˊ
雅樂,1,ㄧㄚˇ ㄩㄝˋ
亞,1,ㄧㄚˋ
亞麻,1,ㄧㄚˋ ㄇㄚˊ
亞太地區,1,ㄧㄚˋ ㄊㄞˋ ㄉㄧˋ ㄑㄩ
亞太經合會,1,ㄧㄚˋ ㄊㄞˋ ㄐㄧㄥ ㄏㄜˊ ㄏㄨㄟˋ
亞軍,1,ㄧㄚˋ ㄐㄩㄣ
亞熱帶,1,ㄧㄚˋ ㄖㄜˋ ㄉㄞˋ
亞裔,1,ㄧㄚˋ ㄧˋ
亞運,1,ㄧㄚˋ ㄩㄣˋ
軋,1,ㄧㄚˋ
軋鋼,1,ㄧㄚˋ ㄍㄤ
迓,1,ㄧㄚˋ
訝,1,ㄧㄚˋ
訝異,1,ㄧㄚˋ ㄧˋ
揠,1,ㄧㄚˋ
揠苗助長,1,ㄧㄚˋ ㄇㄧㄠˊ ㄓㄨˋ ㄓㄤˇ
呀,1,ㄧㄚ˙
唷,1,ㄧㄛ
掖,1,ㄧㄝ
噎,1,ㄧㄝ
邪,1,ㄧㄝˊ
琊,1,ㄧㄝˊ
耶,1,ㄧㄝˊ
耶誕節,1,ㄧㄝˊ ㄉㄢˋ ㄐㄧㄝˊ
揶,1,ㄧㄝˊ
揶揄,1,ㄧㄝˊ ㄩˊ
爺,1,ㄧㄝˊ
爺爺,1,ㄧㄝˊ ㄧㄝ˙
椰,1,ㄧㄝˊ
椰子,1,ㄧㄝˊ ㄗ˙
斜,1,ㄧㄝˊ
斜谷,1,ㄧㄝˊ ㄍㄨˇ
也,1,ㄧㄝˇ
也罷,1,ㄧㄝˇ ㄅㄚˋ
也許,1,ㄧㄝˇ ㄒㄩˇ
冶,1,ㄧㄝˇ
冶煉,1,ㄧㄝˇ ㄌㄧㄢˋ
冶金,1,ㄧㄝˇ ㄐㄧㄣ
冶豔,1,ㄧㄝˇ ㄧㄢˋ
野,1,ㄧㄝˇ
野蠻,1,ㄧㄝˇ ㄇㄢˊ
野臺戲,1,ㄧㄝˇ ㄊㄞˊ ㄒㄧˋ
野鳥,1,ㄧㄝˇ ㄋㄧㄠˇ
野孩子,1,ㄧㄝˇ ㄏㄞˊ ㄗ˙
野花,1,ㄧㄝˇ ㄏㄨㄚ
野火,1,ㄧㄝˇ ㄏㄨㄛˇ
野雞,1,ㄧㄝˇ ㄐㄧ
野雞車,1,ㄧㄝˇ ㄐㄧ ㄔㄜ
野心,1,ㄧㄝˇ ㄒㄧㄣ
野心勃勃,1,ㄧㄝˇ ㄒㄧㄣ ㄅㄛˊ ㄅㄛˊ
野心家,1,ㄧㄝˇ ㄒㄧㄣ ㄐㄧㄚ
野戰,1,ㄧㄝˇ ㄓㄢˋ
野史,1,ㄧㄝˇ ㄕˇ
野手選擇,1,ㄧㄝˇ ㄕㄡˇ ㄒㄩㄢˇ ㄗㄜˊ
野獸,1,ㄧㄝˇ ㄕㄡˋ
野生,1,ㄧㄝˇ ㄕㄥ
野生動物,1,ㄧㄝˇ ㄕㄥ ㄉㄨㄥˋ ㄨˋ
野人獻曝,1,ㄧㄝˇ ㄖㄣˊ ㄒㄧㄢˋ ㄆㄨˋ
野菜,1,ㄧㄝˇ ㄘㄞˋ
野餐,1,ㄧㄝˇ ㄘㄢ
野營,1,ㄧㄝˇ ㄧㄥˊ
野外,1,ㄧㄝˇ ㄨㄞˋ
野味,1,ㄧㄝˇ ㄨㄟˋ
夜,1,ㄧㄝˋ
夜班,1,ㄧㄝˋ ㄅㄢ
夜半,1,ㄧㄝˋ ㄅㄢˋ
夜不閉戶,1,ㄧㄝˋ ㄅㄨˋ ㄅㄧˋ ㄏㄨˋ
夜不閉戶,1,ㄧㄝˋ ㄅㄨˊ ㄅㄧˋ ㄏㄨˋ
夜貓子,1,ㄧㄝˋ ㄇㄠ ㄗ˙
夜盲症,1,ㄧㄝˋ ㄇㄤˊ ㄓㄥˋ
夜明珠,1,ㄧㄝˋ ㄇㄧㄥˊ ㄓㄨ
夜幕,1,ㄧㄝˋ ㄇㄨˋ
夜幕低垂,1,ㄧㄝˋ ㄇㄨˋ ㄉㄧ ㄔㄨㄟˊ
夜來香,1,ㄧㄝˋ ㄌㄞˊ ㄒㄧㄤ
夜闌人靜,1,ㄧㄝˋ ㄌㄢˊ ㄖㄣˊ ㄐㄧㄥˋ
夜郎自大,1,ㄧㄝˋ ㄌㄤˊ ㄗˋ ㄉㄚˋ
夜光杯,1,ㄧㄝˋ ㄍㄨㄤ ㄅㄟ
夜間,1,ㄧㄝˋ ㄐㄧㄢ
夜間部,1,ㄧㄝˋ ㄐㄧㄢ ㄅㄨˋ
夜景,1,ㄧㄝˋ ㄐㄧㄥˇ
夜曲,1,ㄧㄝˋ ㄑㄩˇ
夜襲,1,ㄧㄝˋ ㄒㄧˊ
夜校,1,ㄧㄝˋ ㄒㄧㄠˋ
夜叉,1,ㄧㄝˋ ㄔㄚ
夜車,1,ㄧㄝˋ ㄔㄜ
夜長夢多,1,ㄧㄝˋ ㄔㄤˊ ㄇㄥˋ ㄉㄨㄛ
夜場,1,ㄧㄝˋ ㄔㄤˇ
夜市,1,ㄧㄝˋ ㄕˋ
夜視設備,1,ㄧㄝˋ ㄕˋ ㄕㄜˋ ㄅㄟˋ
夜總會,1,ㄧㄝˋ ㄗㄨㄥˇ ㄏㄨㄟˋ
夜色,1,ㄧㄝˋ ㄙㄜˋ
夜以繼日,1,ㄧㄝˋ ㄧˇ ㄐㄧˋ ㄖˋ
夜遊,1,ㄧㄝˋ ㄧㄡˊ
夜鶯,1,ㄧㄝˋ ㄧㄥ
夜晚,1,ㄧㄝˋ ㄨㄢˇ
液,1,ㄧㄝˋ
液態,1,ㄧㄝˋ ㄊㄞˋ
液體,1,ㄧㄝˋ ㄊㄧˇ
液化,1,ㄧㄝˋ ㄏㄨㄚˋ
液化天然氣,1,ㄧㄝˋ ㄏㄨㄚˋ ㄊㄧㄢ ㄖㄢˊ ㄑㄧˋ
液化石油氣,1,ㄧㄝˋ ㄏㄨㄚˋ ㄕˊ ㄧㄡˊ ㄑㄧˋ
液晶,1,ㄧㄝˋ ㄐㄧㄥ
液晶顯示器,1,ㄧㄝˋ ㄐㄧㄥ ㄒㄧㄢˇ ㄕˋ ㄑㄧˋ
液壓,1,ㄧㄝˋ ㄧㄚ
掖,1,ㄧㄝˋ
腋,1,ㄧㄝˋ
腋毛,1,ㄧㄝˋ ㄇㄠˊ
腋下,1,ㄧㄝˋ ㄒㄧㄚˋ
腋窩,1,ㄧㄝˋ ㄨㄛ
頁,1,ㄧㄝˋ
頁岩,1,ㄧㄝˋ ㄧㄢˊ
咽,1,ㄧㄝˋ
射,1,ㄧㄝˋ
射干,1,ㄧㄝˋ ㄍㄢ
葉,1,ㄧㄝˋ
葉片,1,ㄧㄝˋ ㄆㄧㄢˋ
葉脈,1,ㄧㄝˋ ㄇㄞˋ
葉落歸根,1,ㄧㄝˋ ㄌㄨㄛˋ ㄍㄨㄟ ㄍㄣ
葉綠體,1,ㄧㄝˋ ㄌㄩˋ ㄊㄧˇ
葉綠素,1,ㄧㄝˋ ㄌㄩˋ ㄙㄨˋ
葉子,1,ㄧㄝˋ ㄗ˙
葉酸,1,ㄧㄝˋ ㄙㄨㄢ
業,1,ㄧㄝˋ
業力,1,ㄧㄝˋ ㄌㄧˋ
業績,1,ㄧㄝˋ ㄐㄧ
業界,1,ㄧㄝˋ ㄐㄧㄝˋ
業精於勤,1,ㄧㄝˋ ㄐㄧㄥ ㄩˊ ㄑㄧㄣˊ
業經,1,ㄧㄝˋ ㄐㄧㄥ
業者,1,ㄧㄝˋ ㄓㄜˇ
業障,1,ㄧㄝˋ ㄓㄤˋ
業主,1,ㄧㄝˋ ㄓㄨˇ
業師,1,ㄧㄝˋ ㄕ
業務,1,ㄧㄝˋ ㄨˋ
業務員,1,ㄧㄝˋ ㄨˋ ㄩㄢˊ
業餘,1,ㄧㄝˋ ㄩˊ
燁,1,ㄧㄝˋ
燁燁,1,ㄧㄝˋ ㄧㄝˋ
曄,1,ㄧㄝˋ
謁,1,ㄧㄝˋ
謁見,1,ㄧㄝˋ ㄐㄧㄢˋ
擫,1,ㄧㄝˋ
靨,1,ㄧㄝˋ
吔,1,ㄧㄝ˙
崖,1,ㄧㄞˊ
崖邊,1,ㄧㄞˊ ㄅㄧㄢ
崖岸,1,ㄧㄞˊ ㄢˋ
么,1,ㄧㄠ
么兒,1,ㄧㄠ ㄦˊ
么麼,1,ㄧㄠ ㄇㄛˊ
吆,1,ㄧㄠ
吆喝,1,ㄧㄠ ㄏㄜˋ
夭,1,ㄧㄠ
夭折,1,ㄧㄠ ㄓㄜˊ
夭壽,1,ㄧㄠ ㄕㄡˋ
夭殤,1,ㄧㄠ ㄕㄤ
妖,1,ㄧㄠ
妖魔鬼怪,1,ㄧㄠ ㄇㄛˊ ㄍㄨㄟˇ ㄍㄨㄞˋ
妖媚,1,ㄧㄠ ㄇㄟˋ
妖法,1,ㄧㄠ ㄈㄚˇ
妖孽,1,ㄧㄠ ㄋㄧㄝˋ
妖裡妖氣,1,ㄧㄠ ㄌㄧˇ ㄧㄠ ㄑㄧˋ
妖怪,1,ㄧㄠ ㄍㄨㄞˋ
妖精,1,ㄧㄠ ㄐㄧㄥ
妖言惑眾,1,ㄧㄠ ㄧㄢˊ ㄏㄨㄛˋ ㄓㄨㄥˋ
妖豔,1,ㄧㄠ ㄧㄢˋ
要,1,ㄧㄠ
要求,1,ㄧㄠ ㄑㄧㄡˊ
要挾,1,ㄧㄠ ㄒㄧㄚˊ
要脅,1,ㄧㄠ ㄒㄧㄝˊ
腰,1,ㄧㄠ
腰包,1,ㄧㄠ ㄅㄠ
腰板,1,ㄧㄠ ㄅㄢˇ
腰部,1,ㄧㄠ ㄅㄨˋ
腰帶,1,ㄧㄠ ㄉㄞˋ
腰果,1,ㄧㄠ ㄍㄨㄛˇ
腰花,1,ㄧㄠ ㄏㄨㄚ
腰斬,1,ㄧㄠ ㄓㄢˇ
腰纏萬貫,1,ㄧㄠ ㄔㄢˊ ㄨㄢˋ ㄍㄨㄢˋ
腰身,1,ㄧㄠ ㄕㄣ
腰子,1,ㄧㄠ ㄗ˙
腰粗氣豪,1,ㄧㄠ ㄘㄨ ㄑㄧˋ ㄏㄠˊ
腰圍,1,ㄧㄠ ㄨㄟˊ
喲,1,ㄧㄠ
邀,1,ㄧㄠ
邀訪,1,ㄧㄠ ㄈㄤˇ
邀功,1,ㄧㄠ ㄍㄨㄥ
邀集,1,ㄧㄠ ㄐㄧˊ
邀請,1,ㄧㄠ ㄑㄧㄥˇ
邀宴,1,ㄧㄠ ㄧㄢˋ
邀舞,1,ㄧㄠ ㄨˇ
邀約,1,ㄧㄠ ㄩㄝ
爻,1,ㄧㄠˊ
肴,1,ㄧㄠˊ
淆,1,ㄧㄠˊ
殽,1,ㄧㄠˊ
餚,1,ㄧㄠˊ
姚,1,ㄧㄠˊ
陶,1,ㄧㄠˊ
堯,1,ㄧㄠˊ
搖,1,ㄧㄠˊ
搖擺,1,ㄧㄠˊ ㄅㄞˇ
搖擺不定,1,ㄧㄠˊ ㄅㄞˇ ㄅㄨˋ ㄉㄧㄥˋ
搖擺不定,1,ㄧㄠˊ ㄅㄞˇ ㄅㄨˊ ㄉㄧㄥˋ
搖盪,1,ㄧㄠˊ ㄉㄤˋ
搖動,1,ㄧㄠˊ ㄉㄨㄥˋ
搖頭,1,ㄧㄠˊ ㄊㄡˊ
搖頭擺尾,1,ㄧㄠˊ ㄊㄡˊ ㄅㄞˇ ㄨㄟˇ
搖頭嘆息,1,ㄧㄠˊ ㄊㄡˊ ㄊㄢˋ ㄒㄧˊ
搖頭晃腦,1,ㄧㄠˊ ㄊㄡˊ ㄏㄨㄤˋ ㄋㄠˇ
搖籃,1,ㄧㄠˊ ㄌㄢˊ
搖籃曲,1,ㄧㄠˊ ㄌㄢˊ ㄑㄩˇ
搖滾樂,1,ㄧㄠˊ ㄍㄨㄣˇ ㄩㄝˋ
搖光,1,ㄧㄠˊ ㄍㄨㄤ
搖撼,1,ㄧㄠˊ ㄏㄢˋ
搖晃,1,ㄧㄠˊ ㄏㄨㄤˋ
搖旗吶喊,1,ㄧㄠˊ ㄑㄧˊ ㄋㄚˋ ㄏㄢˇ
搖錢樹,1,ㄧㄠˊ ㄑㄧㄢˊ ㄕㄨˋ
搖手,1,ㄧㄠˊ ㄕㄡˇ
搖身一變,1,ㄧㄠˊ ㄕㄣ ㄧ ㄅㄧㄢˋ
搖身一變,1,ㄧㄠˊ ㄕㄣ ㄧˊ ㄅㄧㄢˋ
搖曳,1,ㄧㄠˊ ㄧˋ
搖曳生姿,1,ㄧㄠˊ ㄧˋ ㄕㄥ ㄗ
搖搖晃晃,1,ㄧㄠˊ ㄧㄠˊ ㄏㄨㄤˋ ㄏㄨㄤˋ
搖搖欲墜,1,ㄧㄠˊ ㄧㄠˊ ㄩˋ ㄓㄨㄟˋ
搖尾乞憐,1,ㄧㄠˊ ㄨㄟˇ ㄑㄧˇ ㄌㄧㄢˊ
瑤,1,ㄧㄠˊ
瑤臺,1,ㄧㄠˊ ㄊㄞˊ
瑤池,1,ㄧㄠˊ ㄔˊ
遙,1,ㄧㄠˊ
遙不可及,1,ㄧㄠˊ ㄅㄨˋ ㄎㄜˇ ㄐㄧˊ
遙控,1,ㄧㄠˊ ㄎㄨㄥˋ
遙祭,1,ㄧㄠˊ ㄐㄧˋ
遙測,1,ㄧㄠˊ ㄘㄜˋ
遙憶,1,ㄧㄠˊ ㄧˋ
遙遙,1,ㄧㄠˊ ㄧㄠˊ
遙遙領先,1,ㄧㄠˊ ㄧㄠˊ ㄌㄧㄥˇ ㄒㄧㄢ
遙遙無期,1,ㄧㄠˊ ㄧㄠˊ ㄨˊ ㄑㄧˊ
遙望,1,ㄧㄠˊ ㄨㄤˋ
遙遠,1,ㄧㄠˊ ㄩㄢˇ
謠,1,ㄧㄠˊ
謠傳,1,ㄧㄠˊ ㄔㄨㄢˊ
謠言,1,ㄧㄠˊ ㄧㄢˊ
繇,1,ㄧㄠˊ
窯,1,ㄧㄠˊ
杳,1,ㄧㄠˇ
杳然,1,ㄧㄠˇ ㄖㄢˊ
杳無蹤跡,1,ㄧㄠˇ ㄨˊ ㄗㄨㄥ ㄐㄧ
咬,1,ㄧㄠˇ
咬定,1,ㄧㄠˇ ㄉㄧㄥˋ
咬緊,1,ㄧㄠˇ ㄐㄧㄣˇ
咬緊牙關,1,ㄧㄠˇ ㄐㄧㄣˇ ㄧㄚˊ ㄍㄨㄢ
咬住,1,ㄧㄠˇ ㄓㄨˋ
咬字,1,ㄧㄠˇ ㄗˋ
咬耳朵,1,ㄧㄠˇ ㄦˇ ㄉㄨㄛˇ
咬耳朵,1,ㄧㄠˇ ㄦˇ ㄉㄨㄛ˙
咬牙切齒,1,ㄧㄠˇ ㄧㄚˊ ㄑㄧㄝˋ ㄔˇ
咬文嚼字,1,ㄧㄠˇ ㄨㄣˊ ㄐㄧㄠˊ ㄗˋ
窈,1,ㄧㄠˇ
窈窕,1,ㄧㄠˇ ㄊㄧㄠˇ
窈窕淑女,1,ㄧㄠˇ ㄊㄧㄠˇ ㄕㄨˊ ㄋㄩˇ
舀,1,ㄧㄠˇ
舀子,1,ㄧㄠˇ ㄗ˙
要,1,ㄧㄠˋ
要不得,1,ㄧㄠˋ ㄅㄨˋ ㄉㄜ˙
要命,1,ㄧㄠˋ ㄇㄧㄥˋ
要目,1,ㄧㄠˋ ㄇㄨˋ
要犯,1,ㄧㄠˋ ㄈㄢˋ
要得,1,ㄧㄠˋ ㄉㄜ˙
要道,1,ㄧㄠˋ ㄉㄠˋ
要地,1,ㄧㄠˋ ㄉㄧˋ
要點,1,ㄧㄠˋ ㄉㄧㄢˇ
要領,1,ㄧㄠˋ ㄌㄧㄥˇ
要路,1,ㄧㄠˋ ㄌㄨˋ
要略,1,ㄧㄠˋ ㄌㄩㄝˋ
要害,1,ㄧㄠˋ ㄏㄞˋ
要好,1,ㄧㄠˋ ㄏㄠˇ
要價,1,ㄧㄠˋ ㄐㄧㄚˋ
要角,1,ㄧㄠˋ ㄐㄩㄝˊ
要角,1,ㄧㄠˋ ㄐㄧㄠˇ
要件,1,ㄧㄠˋ ㄐㄧㄢˋ
要津,1,ㄧㄠˋ ㄐㄧㄣ
要緊,1,ㄧㄠˋ ㄐㄧㄣˇ
要訣,1,ㄧㄠˋ ㄐㄩㄝˊ
要強,1,ㄧㄠˋ ㄑㄧㄤˊ
要項,1,ㄧㄠˋ ㄒㄧㄤˋ
要職,1,ㄧㄠˋ ㄓˊ
要旨,1,ㄧㄠˋ ㄓˇ
要衝,1,ㄧㄠˋ ㄔㄨㄥ
要人,1,ㄧㄠˋ ㄖㄣˊ
要則,1,ㄧㄠˋ ㄗㄜˊ
要塞,1,ㄧㄠˋ ㄙㄞˋ
要素,1,ㄧㄠˋ ㄙㄨˋ
要義,1,ㄧㄠˋ ㄧˋ
要務,1,ㄧㄠˋ ㄨˋ
要聞,1,ㄧㄠˋ ㄨㄣˊ
要員,1,ㄧㄠˋ ㄩㄢˊ
葯,1,ㄧㄠˋ
樂,1,ㄧㄠˋ
樂群,1,ㄧㄠˋ ㄑㄩㄣˊ
藥,1,ㄧㄠˋ
藥包,1,ㄧㄠˋ ㄅㄠ
藥片,1,ㄧㄠˋ ㄆㄧㄢˋ
藥品,1,ㄧㄠˋ ㄆㄧㄣˇ
藥棉,1,ㄧㄠˋ ㄇㄧㄢˊ
藥粉,1,ㄧㄠˋ ㄈㄣˇ
藥方,1,ㄧㄠˋ ㄈㄤ
藥房,1,ㄧㄠˋ ㄈㄤˊ
藥到病除,1,ㄧㄠˋ ㄉㄠˋ ㄅㄧㄥˋ ㄔㄨˊ
藥錠,1,ㄧㄠˋ ㄉㄧㄥˋ
藥量,1,ㄧㄠˋ ㄌㄧㄤˋ
藥膏,1,ㄧㄠˋ ㄍㄠ
藥罐,1,ㄧㄠˋ ㄍㄨㄢˋ
藥罐子,1,ㄧㄠˋ ㄍㄨㄢˋ ㄗ˙
藥行,1,ㄧㄠˋ ㄏㄤˊ
藥劑,1,ㄧㄠˋ ㄐㄧˋ
藥劑師,1,ㄧㄠˋ ㄐㄧˋ ㄕ
藥酒,1,ㄧㄠˋ ㄐㄧㄡˇ
藥局,1,ㄧㄠˋ ㄐㄩˊ
藥效,1,ㄧㄠˋ ㄒㄧㄠˋ
藥性,1,ㄧㄠˋ ㄒㄧㄥˋ
藥學,1,ㄧㄠˋ ㄒㄩㄝˊ
藥渣,1,ㄧㄠˋ ㄓㄚ
藥廠,1,ㄧㄠˋ ㄔㄤˇ
藥師,1,ㄧㄠˋ ㄕ
藥石,1,ㄧㄠˋ ㄕˊ
藥石罔效,1,ㄧㄠˋ ㄕˊ ㄨㄤˇ ㄒㄧㄠˋ
藥膳,1,ㄧㄠˋ ㄕㄢˋ
藥商,1,ㄧㄠˋ ㄕㄤ
藥水,1,ㄧㄠˋ ㄕㄨㄟˇ
藥材,1,ㄧㄠˋ ㄘㄞˊ
藥草,1,ㄧㄠˋ ㄘㄠˇ
藥物,1,ㄧㄠˋ ㄨˋ
藥丸,1,ㄧㄠˋ ㄨㄢˊ
藥用,1,ㄧㄠˋ ㄩㄥˋ
曜,1,ㄧㄠˋ
耀,1,ㄧㄠˋ
耀眼,1,ㄧㄠˋ ㄧㄢˇ
耀武揚威,1,ㄧㄠˋ ㄨˇ ㄧㄤˊ ㄨㄟ
鷂,1,ㄧㄠˋ
鷂子,1,ㄧㄠˋ ㄗ˙
鑰,1,ㄧㄠˋ
鑰匙,1,ㄧㄠˋ ㄕ˙
攸,1,ㄧㄡ
攸關,1,ㄧㄡ ㄍㄨㄢ
悠,1,ㄧㄡ
悠久,1,ㄧㄡ ㄐㄧㄡˇ
悠閒,1,ㄧㄡ ㄒㄧㄢˊ
悠閒自在,1,ㄧㄡ ㄒㄧㄢˊ ㄗˋ ㄗㄞˋ
悠然,1,ㄧㄡ ㄖㄢˊ
悠哉,1,ㄧㄡ ㄗㄞ
悠悠,1,ㄧㄡ ㄧㄡ
悠揚,1,ㄧㄡ ㄧㄤˊ
呦,1,ㄧㄡ
呦呦,1,ㄧㄡ ㄧㄡ
幽,1,ㄧㄡ
幽默,1,ㄧㄡ ㄇㄛˋ
幽美,1,ㄧㄡ ㄇㄟˇ
幽門,1,ㄧㄡ ㄇㄣˊ
幽冥,1,ㄧㄡ ㄇㄧㄥˊ
幽浮,1,ㄧㄡ ㄈㄨˊ
幽蘭,1,ㄧㄡ ㄌㄢˊ
幽靈,1,ㄧㄡ ㄌㄧㄥˊ
幽靈人口,1,ㄧㄡ ㄌㄧㄥˊ ㄖㄣˊ ㄎㄡˇ
幽谷,1,ㄧㄡ ㄍㄨˇ
幽會,1,ㄧㄡ ㄏㄨㄟˋ
幽魂,1,ㄧㄡ ㄏㄨㄣˊ
幽禁,1,ㄧㄡ ㄐㄧㄣˋ
幽靜,1,ㄧㄡ ㄐㄧㄥˋ
幽居,1,ㄧㄡ ㄐㄩ
幽情,1,ㄧㄡ ㄑㄧㄥˊ
幽香,1,ㄧㄡ ㄒㄧㄤ
幽深,1,ㄧㄡ ㄕㄣ
幽暗,1,ㄧㄡ ㄢˋ
幽雅,1,ㄧㄡ ㄧㄚˇ
幽怨,1,ㄧㄡ ㄩㄢˋ
憂,1,ㄧㄡ
憂憤,1,ㄧㄡ ㄈㄣˋ
憂慮,1,ㄧㄡ ㄌㄩˋ
憂國,1,ㄧㄡ ㄍㄨㄛˊ
憂國憂民,1,ㄧㄡ ㄍㄨㄛˊ ㄧㄡ ㄇㄧㄣˊ
憂患,1,ㄧㄡ ㄏㄨㄢˋ
憂患意識,1,ㄧㄡ ㄏㄨㄢˋ ㄧˋ ㄕˋ
憂懼,1,ㄧㄡ ㄐㄩˋ
憂戚,1,ㄧㄡ ㄑㄧ
憂心,1,ㄧㄡ ㄒㄧㄣ
憂心忡忡,1,ㄧㄡ ㄒㄧㄣ ㄔㄨㄥ ㄔㄨㄥ
憂心如焚,1,ㄧㄡ ㄒㄧㄣ ㄖㄨˊ ㄈㄣˊ
憂愁,1,ㄧㄡ ㄔㄡˊ
憂傷,1,ㄧㄡ ㄕㄤ
憂悒,1,ㄧㄡ ㄧˋ
憂鬱,1,ㄧㄡ ㄩˋ
憂鬱症,1,ㄧㄡ ㄩˋ ㄓㄥˋ
優,1,ㄧㄡ
優美,1,ㄧㄡ ㄇㄟˇ
優待,1,ㄧㄡ ㄉㄞˋ
優等,1,ㄧㄡ ㄉㄥˇ
優點,1,ㄧㄡ ㄉㄧㄢˇ
優劣,1,ㄧㄡ ㄌㄧㄝˋ
優良,1,ㄧㄡ ㄌㄧㄤˊ
優厚,1,ㄧㄡ ㄏㄡˋ
優惠,1,ㄧㄡ ㄏㄨㄟˋ
優秀,1,ㄧㄡ ㄒㄧㄡˋ
優先,1,ㄧㄡ ㄒㄧㄢ
優閒,1,ㄧㄡ ㄒㄧㄢˊ
優勢,1,ㄧㄡ ㄕˋ
優勝,1,ㄧㄡ ㄕㄥˋ
優勝劣敗,1,ㄧㄡ ㄕㄥˋ ㄌㄧㄝˋ ㄅㄞˋ
優柔寡斷,1,ㄧㄡ ㄖㄡˊ ㄍㄨㄚˇ ㄉㄨㄢˋ
優異,1,ㄧㄡ ㄧˋ
優雅,1,ㄧㄡ ㄧㄚˇ
優游,1,ㄧㄡ ㄧㄡˊ
優游自在,1,ㄧㄡ ㄧㄡˊ ㄗˋ ㄗㄞˋ
優渥,1,ㄧㄡ ㄨㄛˋ
優裕,1,ㄧㄡ ㄩˋ
優越,1,ㄧㄡ ㄩㄝˋ
優越感,1,ㄧㄡ ㄩㄝˋ ㄍㄢˇ
尤,1,ㄧㄡˊ
尤其,1,ㄧㄡˊ ㄑㄧˊ
尤甚,1,ㄧㄡˊ ㄕㄣˋ
尤有甚者,1,ㄧㄡˊ ㄧㄡˇ ㄕㄣˋ ㄓㄜˇ
尤物,1,ㄧㄡˊ ㄨˋ
疣,1,ㄧㄡˊ
魷,1,ㄧㄡˊ
魷魚,1,ㄧㄡˊ ㄩˊ
由,1,ㄧㄡˊ
由不得,1,ㄧㄡˊ ㄅㄨˋ ㄉㄜ˙
由來,1,ㄧㄡˊ ㄌㄞˊ
由衷,1,ㄧㄡˊ ㄓㄨㄥ
由於,1,ㄧㄡˊ ㄩˊ
油,1,ㄧㄡˊ
油品,1,ㄧㄡˊ ㄆㄧㄣˇ
油墨,1,ㄧㄡˊ ㄇㄛˋ
油門,1,ㄧㄡˊ ㄇㄣˊ
油燈,1,ㄧㄡˊ ㄉㄥ
油頭粉面,1,ㄧㄡˊ ㄊㄡˊ ㄈㄣˇ ㄇㄧㄢˋ
油條,1,ㄧㄡˊ ㄊㄧㄠˊ
油田,1,ㄧㄡˊ ㄊㄧㄢˊ
油桐,1,ㄧㄡˊ ㄊㄨㄥˊ
油桶,1,ㄧㄡˊ ㄊㄨㄥˇ
油膩,1,ㄧㄡˊ ㄋㄧˋ
油膩膩,1,ㄧㄡˊ ㄋㄧˋ ㄋㄧˋ
油料,1,ㄧㄡˊ ㄌㄧㄠˋ
油輪,1,ㄧㄡˊ ㄌㄨㄣˊ
油垢,1,ㄧㄡˊ ㄍㄡˋ
油光,1,ㄧㄡˊ ㄍㄨㄤ
油庫,1,ㄧㄡˊ ㄎㄨˋ
油礦,1,ㄧㄡˊ ㄎㄨㄤˋ
油行,1,ㄧㄡˊ ㄏㄤˊ
油畫,1,ㄧㄡˊ ㄏㄨㄚˋ
油價,1,ㄧㄡˊ ㄐㄧㄚˋ
油井,1,ㄧㄡˊ ㄐㄧㄥˇ
油漆,1,ㄧㄡˊ ㄑㄧ
油漆匠,1,ㄧㄡˊ ㄑㄧ ㄐㄧㄤˋ
油腔滑調,1,ㄧㄡˊ ㄑㄧㄤ ㄏㄨㄚˊ ㄉㄧㄠˋ
油性,1,ㄧㄡˊ ㄒㄧㄥˋ
油脂,1,ㄧㄡˊ ㄓ
油紙,1,ㄧㄡˊ ㄓˇ
油炸,1,ㄧㄡˊ ㄓㄚˊ
油車,1,ㄧㄡˊ ㄔㄜ
油水,1,ㄧㄡˊ ㄕㄨㄟˇ
油然,1,ㄧㄡˊ ㄖㄢˊ
油然而生,1,ㄧㄡˊ ㄖㄢˊ ㄦˊ ㄕㄥ
油漬,1,ㄧㄡˊ ㄗˋ
油嘴滑舌,1,ㄧㄡˊ ㄗㄨㄟˇ ㄏㄨㄚˊ ㄕㄜˊ
油彩,1,ㄧㄡˊ ㄘㄞˇ
油壓,1,ㄧㄡˊ ㄧㄚ
油油,1,ㄧㄡˊ ㄧㄡˊ
油煙,1,ㄧㄡˊ ㄧㄢ
油印,1,ㄧㄡˊ ㄧㄣˋ
油汙,1,ㄧㄡˊ ㄨ
油源,1,ㄧㄡˊ ㄩㄢˊ
游,1,ㄧㄡˊ
游牧,1,ㄧㄡˊ ㄇㄨˋ
游離,1,ㄧㄡˊ ㄌㄧˊ
游離票,1,ㄧㄡˊ ㄌㄧˊ ㄆㄧㄠˋ
游擊,1,ㄧㄡˊ ㄐㄧˊ
游擊隊,1,ㄧㄡˊ ㄐㄧˊ ㄉㄨㄟˋ
游俠,1,ㄧㄡˊ ㄒㄧㄚˊ
游塵,1,ㄧㄡˊ ㄔㄣˊ
游手好閒,1,ㄧㄡˊ ㄕㄡˇ ㄏㄠˋ ㄒㄧㄢˊ
游水,1,ㄧㄡˊ ㄕㄨㄟˇ
游刃有餘,1,ㄧㄡˊ ㄖㄣˋ ㄧㄡˇ ㄩˊ
游資,1,ㄧㄡˊ ㄗ
游絲,1,ㄧㄡˊ ㄙ
游移,1,ㄧㄡˊ ㄧˊ
游泳,1,ㄧㄡˊ ㄩㄥˇ
游泳池,1,ㄧㄡˊ ㄩㄥˇ ㄔˊ
遊,1,ㄧㄡˊ
遊民,1,ㄧㄡˊ ㄇㄧㄣˊ
遊蕩,1,ㄧㄡˊ ㄉㄤˋ
遊艇,1,ㄧㄡˊ ㄊㄧㄥˇ
遊樂,1,ㄧㄡˊ ㄌㄜˋ
遊覽,1,ㄧㄡˊ ㄌㄢˇ
遊歷,1,ㄧㄡˊ ㄌㄧˋ
遊客,1,ㄧㄡˊ ㄎㄜˋ
遊記,1,ㄧㄡˊ ㄐㄧˋ
遊街,1,ㄧㄡˊ ㄐㄧㄝ
遊憩,1,ㄧㄡˊ ㄑㄧˋ
遊戲,1,ㄧㄡˊ ㄒㄧˋ
遊戲人間,1,ㄧㄡˊ ㄒㄧˋ ㄖㄣˊ ㄐㄧㄢ
遊行,1,ㄧㄡˊ ㄒㄧㄥˊ
遊興,1,ㄧㄡˊ ㄒㄧㄥˋ
遊學,1,ㄧㄡˊ ㄒㄩㄝˊ
遊手好閒,1,ㄧㄡˊ ㄕㄡˇ ㄏㄠˋ ㄒㄧㄢˊ
遊山玩水,1,ㄧㄡˊ ㄕㄢ ㄨㄢˊ ㄕㄨㄟˇ
遊說,1,ㄧㄡˊ ㄕㄨㄟˋ
遊刃有餘,1,ㄧㄡˊ ㄖㄣˋ ㄧㄡˇ ㄩˊ
遊子,1,ㄧㄡˊ ㄗˇ
遊走,1,ㄧㄡˊ ㄗㄡˇ
遊蹤,1,ㄧㄡˊ ㄗㄨㄥ
遊藝,1,ㄧㄡˊ ㄧˋ
遊藝會,1,ㄧㄡˊ ㄧˋ ㄏㄨㄟˋ
遊玩,1,ㄧㄡˊ ㄨㄢˊ
蝣,1,ㄧㄡˊ
郵,1,ㄧㄡˊ
郵包,1,ㄧㄡˊ ㄅㄠ
郵票,1,ㄧㄡˊ ㄆㄧㄠˋ
郵遞,1,ㄧㄡˊ ㄉㄧˋ
郵遞區號,1,ㄧㄡˊ ㄉㄧˋ ㄑㄩ ㄏㄠˋ
郵電,1,ㄧㄡˊ ㄉㄧㄢˋ
郵筒,1,ㄧㄡˊ ㄊㄨㄥˇ
郵輪,1,ㄧㄡˊ ㄌㄨㄣˊ
郵購,1,ㄧㄡˊ ㄍㄡˋ
郵匯,1,ㄧㄡˊ ㄏㄨㄟˋ
郵寄,1,ㄧㄡˊ ㄐㄧˋ
郵簡,1,ㄧㄡˊ ㄐㄧㄢˇ
郵件,1,ㄧㄡˊ ㄐㄧㄢˋ
郵局,1,ㄧㄡˊ ㄐㄩˊ
郵箱,1,ㄧㄡˊ ㄒㄧㄤ
郵政儲金轉存制度,1,ㄧㄡˊ ㄓㄥˋ ㄔㄨˊ ㄐㄧㄣ ㄓㄨㄢˇ ㄘㄨㄣˊ ㄓˋ ㄉㄨˋ
郵差,1,ㄧㄡˊ ㄔㄞ
郵戳,1,ㄧㄡˊ ㄔㄨㄛ
郵資,1,ㄧㄡˊ ㄗ
猶,1,ㄧㄡˊ
猶太屯墾區,1,ㄧㄡˊ ㄊㄞˋ ㄊㄨㄣˊ ㄎㄣˇ ㄑㄩ
猶可,1,ㄧㄡˊ ㄎㄜˇ
猶如,1,ㄧㄡˊ ㄖㄨˊ
猶在,1,ㄧㄡˊ ㄗㄞˋ
猶存,1,ㄧㄡˊ ㄘㄨㄣˊ
猶疑,1,ㄧㄡˊ ㄧˊ
猶豫,1,ㄧㄡˊ ㄩˋ
猷,1,ㄧㄡˊ
友,1,ㄧㄡˇ
友好,1,ㄧㄡˇ ㄏㄠˇ
友軍,1,ㄧㄡˇ ㄐㄩㄣ
友情,1,ㄧㄡˇ ㄑㄧㄥˊ
友善,1,ㄧㄡˇ ㄕㄢˋ
友人,1,ㄧㄡˇ ㄖㄣˊ
友愛,1,ㄧㄡˇ ㄞˋ
友誼,1,ㄧㄡˇ ㄧˋ
有,1,ㄧㄡˇ
有把握,1,ㄧㄡˇ ㄅㄚˇ ㄨㄛˋ
有備而來,1,ㄧㄡˇ ㄅㄟˋ ㄦˊ ㄌㄞˊ
有備無患,1,ㄧㄡˇ ㄅㄟˋ ㄨˊ ㄏㄨㄢˋ
有板有眼,1,ㄧㄡˇ ㄅㄢˇ ㄧㄡˇ ㄧㄢˇ
有眉目,1,ㄧㄡˇ ㄇㄟˊ ㄇㄨˋ
有名無實,1,ㄧㄡˇ ㄇㄧㄥˊ ㄨˊ ㄕˊ
有目共睹,1,ㄧㄡˇ ㄇㄨˋ ㄍㄨㄥˋ ㄉㄨˇ
有分,1,ㄧㄡˇ ㄈㄣˋ
有福同享,1,ㄧㄡˇ ㄈㄨˊ ㄊㄨㄥˊ ㄒㄧㄤˇ
有道,1,ㄧㄡˇ ㄉㄠˋ
有底,1,ㄧㄡˇ ㄉㄧˇ
有點兒,1,ㄧㄡˇ ㄉㄧㄢˇ ㄦ
有點兒,1,ㄧㄡˇ ㄉㄧㄚˇ ㄦ
有頭有臉,1,ㄧㄡˇ ㄊㄡˊ ㄧㄡˇ ㄌㄧㄢˇ
有頭有尾,1,ㄧㄡˇ ㄊㄡˊ ㄧㄡˇ ㄨㄟˇ
有條不紊,1,ㄧㄡˇ ㄊㄧㄠˊ ㄅㄨˋ ㄨㄣˋ
有條不紊,1,ㄧㄡˇ ㄊㄧㄠˊ ㄅㄨˊ ㄨㄣˋ
有條有理,1,ㄧㄡˇ ㄊㄧㄠˊ ㄧㄡˇ ㄌㄧˇ
有勞,1,ㄧㄡˇ ㄌㄠˊ
有理,1,ㄧㄡˇ ㄌㄧˇ
有理走遍天下,1,ㄧㄡˇ ㄌㄧˇ ㄗㄡˇ ㄅㄧㄢˋ ㄊㄧㄢ ㄒㄧㄚˋ
有禮,1,ㄧㄡˇ ㄌㄧˇ
有力,1,ㄧㄡˇ ㄌㄧˋ
有利,1,ㄧㄡˇ ㄌㄧˋ
有利可圖,1,ㄧㄡˇ ㄌㄧˋ ㄎㄜˇ ㄊㄨˊ
有感而發,1,ㄧㄡˇ ㄍㄢˇ ㄦˊ ㄈㄚ
有關,1,ㄧㄡˇ ㄍㄨㄢ
有功,1,ㄧㄡˇ ㄍㄨㄥ
有口難言,1,ㄧㄡˇ ㄎㄡˇ ㄋㄢˊ ㄧㄢˊ
有口皆碑,1,ㄧㄡˇ ㄎㄡˇ ㄐㄧㄝ ㄅㄟ
有口無心,1,ㄧㄡˇ ㄎㄡˇ ㄨˊ ㄒㄧㄣ
有看頭,1,ㄧㄡˇ ㄎㄢˋ ㄊㄡ˙
有虧職守,1,ㄧㄡˇ ㄎㄨㄟ ㄓˊ ㄕㄡˇ
有空,1,ㄧㄡˇ ㄎㄨㄥˋ
有害,1,ㄧㄡˇ ㄏㄞˋ
有行無市,1,ㄧㄡˇ ㄏㄤˊ ㄨˊ ㄕˋ
有恆,1,ㄧㄡˇ ㄏㄥˊ
有機體,1,ㄧㄡˇ ㄐㄧ ㄊㄧˇ
有機可乘,1,ㄧㄡˇ ㄐㄧ ㄎㄜˇ ㄔㄥˊ
有機化學,1,ㄧㄡˇ ㄐㄧ ㄏㄨㄚˋ ㄒㄩㄝˊ
有機物,1,ㄧㄡˇ ㄐㄧ ㄨˋ
有價證券,1,ㄧㄡˇ ㄐㄧㄚˋ ㄓㄥˋ ㄑㄩㄢˋ
有教無類,1,ㄧㄡˇ ㄐㄧㄠˋ ㄨˊ ㄌㄟˋ
有鑑於此,1,ㄧㄡˇ ㄐㄧㄢˋ ㄩˊ ㄘˇ
有驚無險,1,ㄧㄡˇ ㄐㄧㄥ ㄨˊ ㄒㄧㄢˇ
有勁,1,ㄧㄡˇ ㄐㄧㄥˋ
有期徒刑,1,ㄧㄡˇ ㄑㄧˊ ㄊㄨˊ ㄒㄧㄥˊ
有起色,1,ㄧㄡˇ ㄑㄧˇ ㄙㄜˋ
有氣無力,1,ㄧㄡˇ ㄑㄧˋ ㄨˊ ㄌㄧˋ
有求必應,1,ㄧㄡˇ ㄑㄧㄡˊ ㄅㄧˋ ㄧㄥˋ
有錢能使鬼推磨,1,ㄧㄡˇ ㄑㄧㄢˊ ㄋㄥˊ ㄕˇ ㄍㄨㄟˇ ㄊㄨㄟ ㄇㄛˋ
有情,1,ㄧㄡˇ ㄑㄧㄥˊ
有情人終成眷屬,1,ㄧㄡˇ ㄑㄧㄥˊ ㄖㄣˊ ㄓㄨㄥ ㄔㄥˊ ㄐㄩㄢˋ ㄕㄨˇ
有請,1,ㄧㄡˇ ㄑㄧㄥˇ
有趣,1,ㄧㄡˇ ㄑㄩˋ
有喜,1,ㄧㄡˇ ㄒㄧˇ
有效,1,ㄧㄡˇ ㄒㄧㄠˋ
有閒,1,ㄧㄡˇ ㄒㄧㄢˊ
有限,1,ㄧㄡˇ ㄒㄧㄢˋ
有線電視,1,ㄧㄡˇ ㄒㄧㄢˋ ㄉㄧㄢˋ ㄕˋ
有心,1,ㄧㄡˇ ㄒㄧㄣ
有心人,1,ㄧㄡˇ ㄒㄧㄣ ㄖㄣˊ
有形,1,ㄧㄡˇ ㄒㄧㄥˊ
有性生殖,1,ㄧㄡˇ ㄒㄧㄥˋ ㄕㄥ ㄓˊ
有幸,1,ㄧㄡˇ ㄒㄧㄥˋ
有志竟成,1,ㄧㄡˇ ㄓˋ ㄐㄧㄥˋ ㄔㄥˊ
有朝一日,1,ㄧㄡˇ ㄓㄠ ㄧ ㄖˋ
有朝一日,1,ㄧㄡˇ ㄓㄠ ㄧˊ ㄖˋ
有賺頭,1,ㄧㄡˇ ㄓㄨㄢˋ ㄊㄡ˙
有種,1,ㄧㄡˇ ㄓㄨㄥˇ
有成,1,ㄧㄡˇ ㄔㄥˊ
有出入,1,ㄧㄡˇ ㄔㄨ ㄖㄨˋ
有時,1,ㄧㄡˇ ㄕˊ
有始有終,1,ㄧㄡˇ ㄕˇ ㄧㄡˇ ㄓㄨㄥ
有恃無恐,1,ㄧㄡˇ ㄕˋ ㄨˊ ㄎㄨㄥˇ
有識之士,1,ㄧㄡˇ ㄕˋ ㄓ ㄕˋ
有神,1,ㄧㄡˇ ㄕㄣˊ
有生之年,1,ㄧㄡˇ ㄕㄥ ㄓ ㄋㄧㄢˊ
有生以來,1,ㄧㄡˇ ㄕㄥ ㄧˇ ㄌㄞˊ
有聲電影,1,ㄧㄡˇ ㄕㄥ ㄉㄧㄢˋ ㄧㄥˇ
有聲有色,1,ㄧㄡˇ ㄕㄥ ㄧㄡˇ ㄙㄜˋ
有數,1,ㄧㄡˇ ㄕㄨˋ
有說有笑,1,ㄧㄡˇ ㄕㄨㄛ ㄧㄡˇ ㄒㄧㄠˋ
有染,1,ㄧㄡˇ ㄖㄢˇ
有容乃大,1,ㄧㄡˇ ㄖㄨㄥˊ ㄋㄞˇ ㄉㄚˋ
有增無減,1,ㄧㄡˇ ㄗㄥ ㄨˊ ㄐㄧㄢˇ
有絲分裂,1,ㄧㄡˇ ㄙ ㄈㄣ ㄌㄧㄝˋ
有所作為,1,ㄧㄡˇ ㄙㄨㄛˇ ㄗㄨㄛˋ ㄨㄟˊ
有礙觀瞻,1,ㄧㄡˇ ㄞˋ ㄍㄨㄢ ㄓㄢ
有案可查,1,ㄧㄡˇ ㄢˋ ㄎㄜˇ ㄔㄚˊ
有一手,1,ㄧㄡˇ ㄧ ㄕㄡˇ
有一手,1,ㄧㄡˇ ㄧˋ ㄕㄡˇ
有益,1,ㄧㄡˇ ㄧˋ
有意,1,ㄧㄡˇ ㄧˋ
有意思,1,ㄧㄡˇ ㄧˋ ㄙ˙
有眼不識泰山,1,ㄧㄡˇ ㄧㄢˇ ㄅㄨˋ ㄕˋ ㄊㄞˋ ㄕㄢ
有眼不識泰山,1,ㄧㄡˇ ㄧㄢˇ ㄅㄨˊ ㄕˋ ㄊㄞˋ ㄕㄢ
有眼無珠,1,ㄧㄡˇ ㄧㄢˇ ㄨˊ ㄓㄨ
有氧舞蹈,1,ㄧㄡˇ ㄧㄤˇ ㄨˇ ㄉㄠˋ
有為,1,ㄧㄡˇ ㄨㄟˊ
有望,1,ㄧㄡˇ ㄨㄤˋ
有餘,1,ㄧㄡˇ ㄩˊ
有緣,1,ㄧㄡˇ ㄩㄢˊ
有勇無謀,1,ㄧㄡˇ ㄩㄥˇ ㄨˊ ㄇㄡˊ
酉,1,ㄧㄡˇ
卣,1,ㄧㄡˇ
羑,1,ㄧㄡˇ
羑里,1,ㄧㄡˇ ㄌㄧˇ
牖,1,ㄧㄡˇ
黝,1,ㄧㄡˇ
黝黑,1,ㄧㄡˇ ㄏㄟ
黝暗,1,ㄧㄡˇ ㄢˋ
又,1,ㄧㄡˋ
又是,1,ㄧㄡˋ ㄕˋ
右,1,ㄧㄡˋ
右邊,1,ㄧㄡˋ ㄅㄧㄢ
右派,1,ㄧㄡˋ ㄆㄞˋ
右方,1,ㄧㄡˋ ㄈㄤ
右端,1,ㄧㄡˋ ㄉㄨㄢ
右傾,1,ㄧㄡˋ ㄑㄧㄥ
右手,1,ㄧㄡˋ ㄕㄡˇ
右側,1,ㄧㄡˋ ㄘㄜˋ
右翼,1,ㄧㄡˋ ㄧˋ
右翼分子,1,ㄧㄡˋ ㄧˋ ㄈㄣˋ ㄗˇ
佑,1,ㄧㄡˋ
祐,1,ㄧㄡˋ
幼,1,ㄧㄡˋ
幼苗,1,ㄧㄡˋ ㄇㄧㄠˊ
幼童,1,ㄧㄡˋ ㄊㄨㄥˊ
幼年,1,ㄧㄡˋ ㄋㄧㄢˊ
幼小,1,ㄧㄡˋ ㄒㄧㄠˇ
幼稚,1,ㄧㄡˋ ㄓˋ
幼齒,1,ㄧㄡˋ ㄔˇ
幼蟲,1,ㄧㄡˋ ㄔㄨㄥˊ
幼兒,1,ㄧㄡˋ ㄦˊ
有,1,ㄧㄡˋ
侑,1,ㄧㄡˋ
宥,1,ㄧㄡˋ
囿,1,ㄧㄡˋ
柚,1,ㄧㄡˋ
柚木,1,ㄧㄡˋ ㄇㄨˋ
柚子,1,ㄧㄡˋ ㄗ˙
釉,1,ㄧㄡˋ
鈾,1,ㄧㄡˋ
鈾礦,1,ㄧㄡˋ ㄎㄨㄤˋ
鼬,1,ㄧㄡˋ
鼬鼠,1,ㄧㄡˋ ㄕㄨˇ
莠,1,ㄧㄡˋ
莠民,1,ㄧㄡˋ ㄇㄧㄣˊ
誘,1,ㄧㄡˋ
誘捕,1,ㄧㄡˋ ㄅㄨˇ
誘騙,1,ㄧㄡˋ ㄆㄧㄢˋ
誘發,1,ㄧㄡˋ ㄈㄚ
誘導,1,ㄧㄡˋ ㄉㄠˇ
誘敵,1,ㄧㄡˋ ㄉㄧˊ
誘拐,1,ㄧㄡˋ ㄍㄨㄞˇ
誘惑,1,ㄧㄡˋ ㄏㄨㄛˋ
誘殺,1,ㄧㄡˋ ㄕㄚ
誘人,1,ㄧㄡˋ ㄖㄣˊ
誘餌,1,ㄧㄡˋ ㄦˇ
誘因,1,ㄧㄡˋ ㄧㄣ
奄,1,ㄧㄢ
奄奄一息,1,ㄧㄢ ㄧㄢ ㄧ ㄒㄧˊ
奄奄一息,1,ㄧㄢ ㄧㄢ ㄧˋ ㄒㄧˊ
淹,1,ㄧㄢ
淹沒,1,ㄧㄢ ㄇㄛˋ
淹水,1,ㄧㄢ ㄕㄨㄟˇ
醃,1,ㄧㄢ
醃製,1,ㄧㄢ ㄓˋ
醃漬,1,ㄧㄢ ㄗˋ
閹,1,ㄧㄢ
閹割,1,ㄧㄢ ㄍㄜ
咽,1,ㄧㄢ
咽喉,1,ㄧㄢ ㄏㄡˊ
胭,1,ㄧㄢ
胭脂,1,ㄧㄢ ㄓ
胭脂虎,1,ㄧㄢ ㄓ ㄏㄨˇ
殷,1,ㄧㄢ
殷紅,1,ㄧㄢ ㄏㄨㄥˊ
焉,1,ㄧㄢ
焉知,1,ㄧㄢ ㄓ
鄢,1,ㄧㄢ
嫣,1,ㄧㄢ
嫣紅,1,ㄧㄢ ㄏㄨㄥˊ
嫣然,1,ㄧㄢ ㄖㄢˊ
菸,1,ㄧㄢ
菸斗,1,ㄧㄢ ㄉㄡˇ
菸蒂,1,ㄧㄢ ㄉㄧˋ
菸灰,1,ㄧㄢ ㄏㄨㄟ
菸灰缸,1,ㄧㄢ ㄏㄨㄟ ㄍㄤ
菸酒,1,ㄧㄢ ㄐㄧㄡˇ
菸捲,1,ㄧㄢ ㄐㄩㄢˇ
菸草,1,ㄧㄢ ㄘㄠˇ
菸絲,1,ㄧㄢ ㄙ
菸葉,1,ㄧㄢ ㄧㄝˋ
閼,1,ㄧㄢ
閼氏,1,ㄧㄢ ㄓ
煙,1,ㄧㄢ
煙波,1,ㄧㄢ ㄅㄛ
煙煤,1,ㄧㄢ ㄇㄟˊ
煙幕,1,ㄧㄢ ㄇㄨˋ
煙幕彈,1,ㄧㄢ ㄇㄨˋ ㄉㄢˋ
煙毒,1,ㄧㄢ ㄉㄨˊ
煙花,1,ㄧㄢ ㄏㄨㄚ
煙火,1,ㄧㄢ ㄏㄨㄛˇ
煙灰,1,ㄧㄢ ㄏㄨㄟ
煙槍,1,ㄧㄢ ㄑㄧㄤ
煙消雲散,1,ㄧㄢ ㄒㄧㄠ ㄩㄣˊ ㄙㄢˋ
煙塵,1,ㄧㄢ ㄔㄣˊ
煙囪,1,ㄧㄢ ㄘㄨㄥ
煙癮,1,ㄧㄢ ㄧㄣˇ
煙霧,1,ㄧㄢ ㄨˋ
燕,1,ㄧㄢ
懨,1,ㄧㄢ
懨懨,1,ㄧㄢ ㄧㄢ
言,1,ㄧㄢˊ
言必有據,1,ㄧㄢˊ ㄅㄧˋ ㄧㄡˇ ㄐㄩˋ
言不及義,1,ㄧㄢˊ ㄅㄨˋ ㄐㄧˊ ㄧˋ
言不由衷,1,ㄧㄢˊ ㄅㄨˋ ㄧㄡˊ ㄓㄨㄥ
言明,1,ㄧㄢˊ ㄇㄧㄥˊ
言多必失,1,ㄧㄢˊ ㄉㄨㄛ ㄅㄧˋ ㄕ
言談,1,ㄧㄢˊ ㄊㄢˊ
言談舉止,1,ㄧㄢˊ ㄊㄢˊ ㄐㄩˇ ㄓˇ
言聽計從,1,ㄧㄢˊ ㄊㄧㄥ ㄐㄧˋ ㄘㄨㄥˊ
言論,1,ㄧㄢˊ ㄌㄨㄣˋ
言論自由,1,ㄧㄢˊ ㄌㄨㄣˋ ㄗˋ ㄧㄡˊ
言過其實,1,ㄧㄢˊ ㄍㄨㄛˋ ㄑㄧˊ ㄕˊ
言歸正傳,1,ㄧㄢˊ ㄍㄨㄟ ㄓㄥˋ ㄓㄨㄢˋ
言歸於好,1,ㄧㄢˊ ㄍㄨㄟ ㄩˊ ㄏㄠˇ
言教,1,ㄧㄢˊ ㄐㄧㄠˋ
言簡意賅,1,ㄧㄢˊ ㄐㄧㄢˇ ㄧˋ ㄍㄞ
言情小說,1,ㄧㄢˊ ㄑㄧㄥˊ ㄒㄧㄠˇ ㄕㄨㄛ
言下之意,1,ㄧㄢˊ ㄒㄧㄚˋ ㄓ ㄧˋ
言行,1,ㄧㄢˊ ㄒㄧㄥˊ
言之過早,1,ㄧㄢˊ ㄓ ㄍㄨㄛˋ ㄗㄠˇ
言之成理,1,ㄧㄢˊ ㄓ ㄔㄥˊ ㄌㄧˇ
言之鑿鑿,1,ㄧㄢˊ ㄓ ㄗㄠˊ ㄗㄠˊ
言之有物,1,ㄧㄢˊ ㄓ ㄧㄡˇ ㄨˋ
言重,1,ㄧㄢˊ ㄓㄨㄥˋ
言出必行,1,ㄧㄢˊ ㄔㄨ ㄅㄧˋ ㄒㄧㄥˊ
言詞,1,ㄧㄢˊ ㄘˊ
言而有信,1,ㄧㄢˊ ㄦˊ ㄧㄡˇ ㄒㄧㄣˋ
言而無信,1,ㄧㄢˊ ㄦˊ ㄨˊ ㄒㄧㄣˋ
言猶在耳,1,ㄧㄢˊ ㄧㄡˊ ㄗㄞˋ ㄦˇ
言外之意,1,ㄧㄢˊ ㄨㄞˋ ㄓ ㄧˋ
言語,1,ㄧㄢˊ ㄩˇ
言語無味,1,ㄧㄢˊ ㄩˇ ㄨˊ ㄨㄟˋ
妍,1,ㄧㄢˊ
妍麗,1,ㄧㄢˊ ㄌㄧˋ
研,1,ㄧㄢˊ
研判,1,ㄧㄢˊ ㄆㄢˋ
研磨,1,ㄧㄢˊ ㄇㄛˊ
研末,1,ㄧㄢˊ ㄇㄛˋ
研發,1,ㄧㄢˊ ㄈㄚ
研訂,1,ㄧㄢˊ ㄉㄧㄥˋ
研讀,1,ㄧㄢˊ ㄉㄨˊ
研討,1,ㄧㄢˊ ㄊㄠˇ
研擬,1,ㄧㄢˊ ㄋㄧˇ
研究,1,ㄧㄢˊ ㄐㄧㄡˋ
研究生,1,ㄧㄢˊ ㄐㄧㄡˋ ㄕㄥ
研究所,1,ㄧㄢˊ ㄐㄧㄡˋ ㄙㄨㄛˇ
研析,1,ㄧㄢˊ ㄒㄧ
研習,1,ㄧㄢˊ ㄒㄧˊ
研修,1,ㄧㄢˊ ㄒㄧㄡ
研製,1,ㄧㄢˊ ㄓˋ
研商,1,ㄧㄢˊ ㄕㄤ
研議,1,ㄧㄢˊ ㄧˋ
沿,1,ㄧㄢˊ
沿途,1,ㄧㄢˊ ㄊㄨˊ
沿路,1,ㄧㄢˊ ㄌㄨˋ
沿革,1,ㄧㄢˊ ㄍㄜˊ
沿河,1,ㄧㄢˊ ㄏㄜˊ
沿海,1,ㄧㄢˊ ㄏㄞˇ
沿街,1,ㄧㄢˊ ㄐㄧㄝ
沿襲,1,ㄧㄢˊ ㄒㄧˊ
沿線,1,ㄧㄢˊ ㄒㄧㄢˋ
沿岸,1,ㄧㄢˊ ㄢˋ
沿用,1,ㄧㄢˊ ㄩㄥˋ
炎,1,ㄧㄢˊ
炎涼,1,ㄧㄢˊ ㄌㄧㄤˊ
炎夏,1,ㄧㄢˊ ㄒㄧㄚˋ
炎熱,1,ㄧㄢˊ ㄖㄜˋ
炎炎夏日,1,ㄧㄢˊ ㄧㄢˊ ㄒㄧㄚˋ ㄖˋ
炎陽炙人,1,ㄧㄢˊ ㄧㄤˊ ㄓˋ ㄖㄣˊ
岩,1,ㄧㄢˊ
岩壁,1,ㄧㄢˊ ㄅㄧˋ
岩洞,1,ㄧㄢˊ ㄉㄨㄥˋ
岩礁,1,ㄧㄢˊ ㄐㄧㄠ
岩漿,1,ㄧㄢˊ ㄐㄧㄤ
岩石,1,ㄧㄢˊ ㄕˊ
岩層,1,ㄧㄢˊ ㄘㄥˊ
岩岸,1,ㄧㄢˊ ㄢˋ
岩鹽,1,ㄧㄢˊ ㄧㄢˊ
延,1,ㄧㄢˊ
延聘,1,ㄧㄢˊ ㄆㄧㄥˋ
延宕,1,ㄧㄢˊ ㄉㄤˋ
延腦,1,ㄧㄢˊ ㄋㄠˇ
延年益壽,1,ㄧㄢˊ ㄋㄧㄢˊ ㄧˋ ㄕㄡˋ
延攬,1,ㄧㄢˊ ㄌㄢˇ
延擱,1,ㄧㄢˊ ㄍㄜ
延後,1,ㄧㄢˊ ㄏㄡˋ
延緩,1,ㄧㄢˊ ㄏㄨㄢˇ
延期,1,ㄧㄢˊ ㄑㄧˊ
延請,1,ㄧㄢˊ ㄑㄧㄥˇ
延續,1,ㄧㄢˊ ㄒㄩˋ
延滯,1,ㄧㄢˊ ㄓˋ
延遲,1,ㄧㄢˊ ㄔˊ
延長,1,ㄧㄢˊ ㄔㄤˊ
延長線,1,ㄧㄢˊ ㄔㄤˊ ㄒㄧㄢˋ
延燒,1,ㄧㄢˊ ㄕㄠ
延壽,1,ㄧㄢˊ ㄕㄡˋ
延伸,1,ㄧㄢˊ ㄕㄣ
延誤,1,ㄧㄢˊ ㄨˋ
蜒,1,ㄧㄢˊ
筵,1,ㄧㄢˊ
筵席,1,ㄧㄢˊ ㄒㄧˊ
閻,1,ㄧㄢˊ
閻羅王,1,ㄧㄢˊ ㄌㄨㄛˊ ㄨㄤˊ
檐,1,ㄧㄢˊ
簷,1,ㄧㄢˊ
顏,1,ㄧㄢˊ
顏面,1,ㄧㄢˊ ㄇㄧㄢˋ
顏料,1,ㄧㄢˊ ㄌㄧㄠˋ
顏色,1,ㄧㄢˊ ㄙㄜˋ
嚴,1,ㄧㄢˊ
嚴辦,1,ㄧㄢˊ ㄅㄢˋ
嚴密,1,ㄧㄢˊ ㄇㄧˋ
嚴明,1,ㄧㄢˊ ㄇㄧㄥˊ
嚴防,1,ㄧㄢˊ ㄈㄤˊ
嚴冬,1,ㄧㄢˊ ㄉㄨㄥ
嚴厲,1,ㄧㄢˊ ㄌㄧˋ
嚴格,1,ㄧㄢˊ ㄍㄜˊ
嚴苛,1,ㄧㄢˊ ㄎㄜ
嚴酷,1,ㄧㄢˊ ㄎㄨˋ
嚴寒,1,ㄧㄢˊ ㄏㄢˊ
嚴謹,1,ㄧㄢˊ ㄐㄧㄣˇ
嚴禁,1,ㄧㄢˊ ㄐㄧㄣˋ
嚴峻,1,ㄧㄢˊ ㄐㄩㄣˋ
嚴刑峻法,1,ㄧㄢˊ ㄒㄧㄥˊ ㄐㄩㄣˋ ㄈㄚˇ
嚴制,1,ㄧㄢˊ ㄓˋ
嚴陣以待,1,ㄧㄢˊ ㄓㄣˋ ㄧˇ ㄉㄞˋ
嚴整,1,ㄧㄢˊ ㄓㄥˇ
嚴正,1,ㄧㄢˊ ㄓㄥˋ
嚴重,1,ㄧㄢˊ ㄓㄨㄥˋ
嚴斥,1,ㄧㄢˊ ㄔˋ
嚴查,1,ㄧㄢˊ ㄔㄚˊ
嚴懲,1,ㄧㄢˊ ㄔㄥˊ
嚴處,1,ㄧㄢˊ ㄔㄨˇ
嚴師,1,ㄧㄢˊ ㄕ
嚴守,1,ㄧㄢˊ ㄕㄡˇ
嚴詞,1,ㄧㄢˊ ㄘˊ
嚴肅,1,ㄧㄢˊ ㄙㄨˋ
巖,1,ㄧㄢˊ
巖石,1,ㄧㄢˊ ㄕˊ
鹽,1,ㄧㄢˊ
鹽巴,1,ㄧㄢˊ ㄅㄚ
鹽田,1,ㄧㄢˊ ㄊㄧㄢˊ
鹽井,1,ㄧㄢˊ ㄐㄧㄥˇ
鹽場,1,ㄧㄢˊ ㄔㄤˇ
鹽水,1,ㄧㄢˊ ㄕㄨㄟˇ
鹽水蜂炮,1,ㄧㄢˊ ㄕㄨㄟˇ ㄈㄥ ㄆㄠˋ
鹽酸,1,ㄧㄢˊ ㄙㄨㄢ
奄,1,ㄧㄢˇ
掩,1,ㄧㄢˇ
掩鼻,1,ㄧㄢˇ ㄅㄧˊ
掩蔽,1,ㄧㄢˇ ㄅㄧˋ
掩不住,1,ㄧㄢˇ ㄅㄨˋ ㄓㄨˋ
掩不住,1,ㄧㄢˇ ㄅㄨˊ ㄓㄨˋ
掩沒,1,ㄧㄢˇ ㄇㄛˋ
掩埋,1,ㄧㄢˇ ㄇㄞˊ
掩體,1,ㄧㄢˇ ㄊㄧˇ
掩蓋,1,ㄧㄢˇ ㄍㄞˋ
掩護,1,ㄧㄢˇ ㄏㄨˋ
掩飾,1,ㄧㄢˇ ㄕˋ
掩人耳目,1,ㄧㄢˇ ㄖㄣˊ ㄦˇ ㄇㄨˋ
掩藏,1,ㄧㄢˇ ㄘㄤˊ
掩耳盜鈴,1,ㄧㄢˇ ㄦˇ ㄉㄠˋ ㄌㄧㄥˊ
掩映,1,ㄧㄢˇ ㄧㄥˋ
衍,1,ㄧㄢˇ
衍生,1,ㄧㄢˇ ㄕㄥ
眼,1,ㄧㄢˇ
眼巴巴,1,ㄧㄢˇ ㄅㄚ ㄅㄚ
眼波,1,ㄧㄢˇ ㄅㄛ
眼不見為淨,1,ㄧㄢˇ ㄅㄨˋ ㄐㄧㄢˋ ㄨㄟˊ ㄐㄧㄥˋ
眼不見為淨,1,ㄧㄢˇ ㄅㄨˊ ㄐㄧㄢˋ ㄨㄟˊ ㄐㄧㄥˋ
眼皮,1,ㄧㄢˇ ㄆㄧˊ
眼眸,1,ㄧㄢˇ ㄇㄡˊ
眼明手快,1,ㄧㄢˇ ㄇㄧㄥˊ ㄕㄡˇ ㄎㄨㄞˋ
眼福,1,ㄧㄢˇ ㄈㄨˊ
眼袋,1,ㄧㄢˇ ㄉㄞˋ
眼淚,1,ㄧㄢˇ ㄌㄟˋ
眼力,1,ㄧㄢˇ ㄌㄧˋ
眼簾,1,ㄧㄢˇ ㄌㄧㄢˊ
眼高手低,1,ㄧㄢˇ ㄍㄠ ㄕㄡˇ ㄉㄧ
眼光,1,ㄧㄢˇ ㄍㄨㄤ
眼科,1,ㄧㄢˇ ㄎㄜ
眼看著,1,ㄧㄢˇ ㄎㄢˋ ㄓㄜ˙
眼眶,1,ㄧㄢˇ ㄎㄨㄤ
眼花,1,ㄧㄢˇ ㄏㄨㄚ
眼花撩亂,1,ㄧㄢˇ ㄏㄨㄚ ㄌㄧㄠˊ ㄌㄨㄢˋ
眼紅,1,ㄧㄢˇ ㄏㄨㄥˊ
眼界,1,ㄧㄢˇ ㄐㄧㄝˋ
眼尖,1,ㄧㄢˇ ㄐㄧㄢ
眼瞼,1,ㄧㄢˇ ㄐㄧㄢˇ
眼睛,1,ㄧㄢˇ ㄐㄧㄥ
眼鏡,1,ㄧㄢˇ ㄐㄧㄥˋ
眼鏡蛇,1,ㄧㄢˇ ㄐㄧㄥˋ ㄕㄜˊ
眼球,1,ㄧㄢˇ ㄑㄧㄡˊ
眼前,1,ㄧㄢˇ ㄑㄧㄢˊ
眼圈,1,ㄧㄢˇ ㄑㄩㄢ
眼下,1,ㄧㄢˇ ㄒㄧㄚˋ
眼線,1,ㄧㄢˇ ㄒㄧㄢˋ
眼罩,1,ㄧㄢˇ ㄓㄠˋ
眼睜睜,1,ㄧㄢˇ ㄓㄥ ㄓㄥ
眼珠,1,ㄧㄢˇ ㄓㄨ
眼拙,1,ㄧㄢˇ ㄓㄨㄛˊ
眼中釘,1,ㄧㄢˇ ㄓㄨㄥ ㄉㄧㄥ
眼熟,1,ㄧㄢˇ ㄕㄡˊ
眼神,1,ㄧㄢˇ ㄕㄣˊ
眼色,1,ㄧㄢˇ ㄙㄜˋ
眼窩,1,ㄧㄢˇ ㄨㄛ
偃,1,ㄧㄢˇ
偃旗息鼓,1,ㄧㄢˇ ㄑㄧˊ ㄒㄧˊ ㄍㄨˇ
偃武修文,1,ㄧㄢˇ ㄨˇ ㄒㄧㄡ ㄨㄣˊ
鼴,1,ㄧㄢˇ
鼴鼠,1,ㄧㄢˇ ㄕㄨˇ
琰,1,ㄧㄢˇ
演,1,ㄧㄢˇ
演變,1,ㄧㄢˇ ㄅㄧㄢˋ
演練,1,ㄧㄢˇ ㄌㄧㄢˋ
演化,1,ㄧㄢˇ ㄏㄨㄚˋ
演技,1,ㄧㄢˇ ㄐㄧˋ
演進,1,ㄧㄢˇ ㄐㄧㄣˋ
演講,1,ㄧㄢˇ ㄐㄧㄤˇ
演習,1,ㄧㄢˇ ㄒㄧˊ
演戲,1,ㄧㄢˇ ㄒㄧˋ
演唱,1,ㄧㄢˇ ㄔㄤˋ
演出,1,ㄧㄢˇ ㄔㄨ
演示,1,ㄧㄢˇ ㄕˋ
演說,1,ㄧㄢˇ ㄕㄨㄛ
演奏,1,ㄧㄢˇ ㄗㄡˋ
演算,1,ㄧㄢˇ ㄙㄨㄢˋ
演義,1,ㄧㄢˇ ㄧˋ
演繹,1,ㄧㄢˇ ㄧˋ
演藝,1,ㄧㄢˇ ㄧˋ
演藝人員,1,ㄧㄢˇ ㄧˋ ㄖㄣˊ ㄩㄢˊ
演員,1,ㄧㄢˇ ㄩㄢˊ
儼,1,ㄧㄢˇ
儼然,1,ㄧㄢˇ ㄖㄢˊ
儼如,1,ㄧㄢˇ ㄖㄨˊ
魘,1,ㄧㄢˇ
彥,1,ㄧㄢˋ
諺,1,ㄧㄢˋ
諺語,1,ㄧㄢˋ ㄩˇ
宴,1,ㄧㄢˋ
宴客,1,ㄧㄢˋ ㄎㄜˋ
宴會,1,ㄧㄢˋ ㄏㄨㄟˋ
宴請,1,ㄧㄢˋ ㄑㄧㄥˇ
宴席,1,ㄧㄢˋ ㄒㄧˊ
宴饗,1,ㄧㄢˋ ㄒㄧㄤˇ
宴飲,1,ㄧㄢˋ ㄧㄣˇ
堰,1,ㄧㄢˋ
唁,1,ㄧㄢˋ
晏,1,ㄧㄢˋ
晏起,1,ㄧㄢˋ ㄑㄧˇ
焱,1,ㄧㄢˋ
焰,1,ㄧㄢˋ
焰火,1,ㄧㄢˋ ㄏㄨㄛˇ
燄,1,ㄧㄢˋ
硯,1,ㄧㄢˋ
硯臺,1,ㄧㄢˋ ㄊㄞˊ
雁,1,ㄧㄢˋ
雁行,1,ㄧㄢˋ ㄏㄤˊ
贗,1,ㄧㄢˋ
贗品,1,ㄧㄢˋ ㄆㄧㄣˇ
厭,1,ㄧㄢˋ
厭煩,1,ㄧㄢˋ ㄈㄢˊ
厭倦,1,ㄧㄢˋ ㄐㄩㄢˋ
厭棄,1,ㄧㄢˋ ㄑㄧˋ
厭世,1,ㄧㄢˋ ㄕˋ
厭惡,1,ㄧㄢˋ ㄨˋ
饜,1,ㄧㄢˋ
燕,1,ㄧㄢˋ
燕麥,1,ㄧㄢˋ ㄇㄞˋ
燕好,1,ㄧㄢˋ ㄏㄠˇ
燕居,1,ㄧㄢˋ ㄐㄩ
燕巢,1,ㄧㄢˋ ㄔㄠˊ
燕子,1,ㄧㄢˋ ㄗ˙
燕爾,1,ㄧㄢˋ ㄦˇ
燕尾服,1,ㄧㄢˋ ㄨㄟˇ ㄈㄨˊ
嚥,1,ㄧㄢˋ
嚥氣,1,ㄧㄢˋ ㄑㄧˋ
嚥下,1,ㄧㄢˋ ㄒㄧㄚˋ
驗,1,ㄧㄢˋ
驗明正身,1,ㄧㄢˋ ㄇㄧㄥˊ ㄓㄥˋ ㄕㄣ
驗方,1,ㄧㄢˋ ㄈㄤ
驗光,1,ㄧㄢˋ ㄍㄨㄤ
驗貨,1,ㄧㄢˋ ㄏㄨㄛˋ
驗血,1,ㄧㄢˋ ㄒㄧㄝˇ
驗證,1,ㄧㄢˋ ㄓㄥˋ
驗屍,1,ㄧㄢˋ ㄕ
驗收,1,ㄧㄢˋ ㄕㄡ
驗傷,1,ㄧㄢˋ ㄕㄤ
讞,1,ㄧㄢˋ
豔,1,ㄧㄢˋ
豔麗,1,ㄧㄢˋ ㄌㄧˋ
豔星,1,ㄧㄢˋ ㄒㄧㄥ
豔陽,1,ㄧㄢˋ ㄧㄤˊ
豔陽天,1,ㄧㄢˋ ㄧㄤˊ ㄊㄧㄢ
豔陽高照,1,ㄧㄢˋ ㄧㄤˊ ㄍㄠ ㄓㄠˋ
豔遇,1,ㄧㄢˋ ㄩˋ
灩,1,ㄧㄢˋ
因,1,ㄧㄣ
因地制宜,1,ㄧㄣ ㄉㄧˋ ㄓˋ ㄧˊ
因陋就簡,1,ㄧㄣ ㄌㄡˋ ㄐㄧㄡˋ ㄐㄧㄢˇ
因果,1,ㄧㄣ ㄍㄨㄛˇ
因果報應,1,ㄧㄣ ㄍㄨㄛˇ ㄅㄠˋ ㄧㄥˋ
因禍得福,1,ㄧㄣ ㄏㄨㄛˋ ㄉㄜˊ ㄈㄨˊ
因襲,1,ㄧㄣ ㄒㄧˊ
因小失大,1,ㄧㄣ ㄒㄧㄠˇ ㄕ ㄉㄚˋ
因循,1,ㄧㄣ ㄒㄩㄣˊ
因循苟且,1,ㄧㄣ ㄒㄩㄣˊ ㄍㄡˇ ㄑㄧㄝˇ
因時制宜,1,ㄧㄣ ㄕˊ ㄓˋ ㄧˊ
因勢利導,1,ㄧㄣ ㄕˋ ㄌㄧˋ ㄉㄠˇ
因數,1,ㄧㄣ ㄕㄨˋ
因人成事,1,ㄧㄣ ㄖㄣˊ ㄔㄥˊ ㄕˋ
因人而異,1,ㄧㄣ ㄖㄣˊ ㄦˊ ㄧˋ
因子,1,ㄧㄣ ㄗˇ
因此,1,ㄧㄣ ㄘˇ
因材施教,1,ㄧㄣ ㄘㄞˊ ㄕ ㄐㄧㄠˋ
因素,1,ㄧㄣ ㄙㄨˋ
因而,1,ㄧㄣ ㄦˊ
因噎廢食,1,ㄧㄣ ㄧㄝ ㄈㄟˋ ㄕˊ
因由,1,ㄧㄣ ㄧㄡˊ
因應,1,ㄧㄣ ㄧㄥˋ
因為,1,ㄧㄣ ㄨㄟˋ
因緣,1,ㄧㄣ ㄩㄢˊ
因緣際會,1,ㄧㄣ ㄩㄢˊ ㄐㄧˋ ㄏㄨㄟˋ
因緣巧合,1,ㄧㄣ ㄩㄢˊ ㄑㄧㄠˇ ㄏㄜˊ
姻,1,ㄧㄣ
姻親,1,ㄧㄣ ㄑㄧㄣ
姻緣,1,ㄧㄣ ㄩㄢˊ
茵,1,ㄧㄣ
氤,1,ㄧㄣ
氤氳,1,ㄧㄣ ㄩㄣ
音,1,ㄧㄣ
音波,1,ㄧㄣ ㄅㄛ
音標,1,ㄧㄣ ㄅㄧㄠ
音頻,1,ㄧㄣ ㄆㄧㄣˊ
音符,1,ㄧㄣ ㄈㄨˊ
音量,1,ㄧㄣ ㄌㄧㄤˋ
音律,1,ㄧㄣ ㄌㄩˋ
音感,1,ㄧㄣ ㄍㄢˇ
音階,1,ㄧㄣ ㄐㄧㄝ
音節,1,ㄧㄣ ㄐㄧㄝˊ
音界號,1,ㄧㄣ ㄐㄧㄝˋ ㄏㄠˋ
音效,1,ㄧㄣ ㄒㄧㄠˋ
音效卡,1,ㄧㄣ ㄒㄧㄠˋ ㄎㄚˇ
音信,1,ㄧㄣ ㄒㄧㄣˋ
音響,1,ㄧㄣ ㄒㄧㄤˇ
音訊,1,ㄧㄣ ㄒㄩㄣˋ
音質,1,ㄧㄣ ㄓˊ
音叉,1,ㄧㄣ ㄔㄚ
音容,1,ㄧㄣ ㄖㄨㄥˊ
音容宛在,1,ㄧㄣ ㄖㄨㄥˊ ㄨㄢˇ ㄗㄞˋ
音色,1,ㄧㄣ ㄙㄜˋ
音速,1,ㄧㄣ ㄙㄨˋ
音譯,1,ㄧㄣ ㄧˋ
音樂,1,ㄧㄣ ㄩㄝˋ
音樂盒,1,ㄧㄣ ㄩㄝˋ ㄏㄜˊ
音樂家,1,ㄧㄣ ㄩㄝˋ ㄐㄧㄚ
音樂劇,1,ㄧㄣ ㄩㄝˋ ㄐㄩˋ
音樂治療,1,ㄧㄣ ㄩㄝˋ ㄓˋ ㄌㄧㄠˊ
喑,1,ㄧㄣ
喑啞,1,ㄧㄣ ㄧㄚˇ
瘖,1,ㄧㄣ
殷,1,ㄧㄣ
殷盼,1,ㄧㄣ ㄆㄢˋ
殷鑑,1,ㄧㄣ ㄐㄧㄢˋ
殷鑑不遠,1,ㄧㄣ ㄐㄧㄢˋ ㄅㄨˋ ㄩㄢˇ
殷切,1,ㄧㄣ ㄑㄧㄝˋ
殷勤,1,ㄧㄣ ㄑㄧㄣˊ
殷墟,1,ㄧㄣ ㄒㄩ
殷實,1,ㄧㄣ ㄕˊ
殷憂,1,ㄧㄣ ㄧㄡ
慇,1,ㄧㄣ
慇懃,1,ㄧㄣ ㄑㄧㄣˊ
陰,1,ㄧㄣ
陰部,1,ㄧㄣ ㄅㄨˋ
陰平,1,ㄧㄣ ㄆㄧㄥˊ
陰霾,1,ㄧㄣ ㄇㄞˊ
陰毛,1,ㄧㄣ ㄇㄠˊ
陰謀,1,ㄧㄣ ㄇㄡˊ
陰門,1,ㄧㄣ ㄇㄣˊ
陰德,1,ㄧㄣ ㄉㄜˊ
陰道,1,ㄧㄣ ㄉㄠˋ
陰毒,1,ㄧㄣ ㄉㄨˊ
陰天,1,ㄧㄣ ㄊㄧㄢ
陰囊,1,ㄧㄣ ㄋㄤˊ
陰冷,1,ㄧㄣ ㄌㄥˇ
陰涼,1,ㄧㄣ ㄌㄧㄤˊ
陰溝,1,ㄧㄣ ㄍㄡ
陰溝裡翻船,1,ㄧㄣ ㄍㄡ ㄌㄧˇ ㄈㄢ ㄔㄨㄢˊ
陰乾,1,ㄧㄣ ㄍㄢ
陰狠,1,ㄧㄣ ㄏㄣˇ
陰魂,1,ㄧㄣ ㄏㄨㄣˊ
陰極,1,ㄧㄣ ㄐㄧˊ
陰間,1,ㄧㄣ ㄐㄧㄢ
陰莖,1,ㄧㄣ ㄐㄧㄥ
陰晴不定,1,ㄧㄣ ㄑㄧㄥˊ ㄅㄨˋ ㄉㄧㄥˋ
陰晴不定,1,ㄧㄣ ㄑㄧㄥˊ ㄅㄨˊ ㄉㄧㄥˋ
陰險,1,ㄧㄣ ㄒㄧㄢˇ
陰性,1,ㄧㄣ ㄒㄧㄥˋ
陰宅,1,ㄧㄣ ㄓㄞˊ
陰沉,1,ㄧㄣ ㄔㄣˊ
陰溼,1,ㄧㄣ ㄕ
陰盛陽衰,1,ㄧㄣ ㄕㄥˋ ㄧㄤˊ ㄕㄨㄞ
陰曹地府,1,ㄧㄣ ㄘㄠˊ ㄉㄧˋ ㄈㄨˇ
陰錯陽差,1,ㄧㄣ ㄘㄨㄛˋ ㄧㄤˊ ㄔㄚ
陰司,1,ㄧㄣ ㄙ
陰私,1,ㄧㄣ ㄙ
陰森,1,ㄧㄣ ㄙㄣ
陰森森,1,ㄧㄣ ㄙㄣ ㄙㄣ
陰暗,1,ㄧㄣ ㄢˋ
陰翳,1,ㄧㄣ ㄧˋ
陰陽,1,ㄧㄣ ㄧㄤˊ
陰陽怪氣,1,ㄧㄣ ㄧㄤˊ ㄍㄨㄞˋ ㄑㄧˋ
陰陽家,1,ㄧㄣ ㄧㄤˊ ㄐㄧㄚ
陰影,1,ㄧㄣ ㄧㄥˇ
陰文,1,ㄧㄣ ㄨㄣˊ
陰雨,1,ㄧㄣ ㄩˇ
陰鬱,1,ㄧㄣ ㄩˋ
湮,1,ㄧㄣ
湮沒,1,ㄧㄣ ㄇㄛˋ
湮沒無聞,1,ㄧㄣ ㄇㄛˋ ㄨˊ ㄨㄣˊ
湮滅,1,ㄧㄣ ㄇㄧㄝˋ
吟,1,ㄧㄣˊ
吟風弄月,1,ㄧㄣˊ ㄈㄥ ㄋㄨㄥˋ ㄩㄝˋ
吟唱,1,ㄧㄣˊ ㄔㄤˋ
吟誦,1,ㄧㄣˊ ㄙㄨㄥˋ
吟詠,1,ㄧㄣˊ ㄩㄥˇ
垠,1,ㄧㄣˊ
銀,1,ㄧㄣˊ
銀白色,1,ㄧㄣˊ ㄅㄞˊ ㄙㄜˋ
銀幣,1,ㄧㄣˊ ㄅㄧˋ
銀牌,1,ㄧㄣˊ ㄆㄞˊ
銀幕,1,ㄧㄣˊ ㄇㄨˋ
銀髮,1,ㄧㄣˊ ㄈㄚˇ
銀髮產業,1,ㄧㄣˊ ㄈㄚˇ ㄔㄢˇ ㄧㄝˋ
銀髮族,1,ㄧㄣˊ ㄈㄚˇ ㄗㄨˊ
銀彈,1,ㄧㄣˊ ㄉㄢˋ
銀盾,1,ㄧㄣˊ ㄉㄨㄣˋ
銀樓,1,ㄧㄣˊ ㄌㄡˊ
銀兩,1,ㄧㄣˊ ㄌㄧㄤˇ
銀根,1,ㄧㄣˊ ㄍㄣ
銀河,1,ㄧㄣˊ ㄏㄜˊ
銀河倒瀉,1,ㄧㄣˊ ㄏㄜˊ ㄉㄠˋ ㄒㄧㄝˋ
銀行,1,ㄧㄣˊ ㄏㄤˊ
銀花,1,ㄧㄣˊ ㄏㄨㄚ
銀貨兩訖,1,ㄧㄣˊ ㄏㄨㄛˋ ㄌㄧㄤˇ ㄑㄧˋ
銀灰色,1,ㄧㄣˊ ㄏㄨㄟ ㄙㄜˋ
銀輝,1,ㄧㄣˊ ㄏㄨㄟ
銀婚,1,ㄧㄣˊ ㄏㄨㄣ
銀器,1,ㄧㄣˊ ㄑㄧˋ
銀錢,1,ㄧㄣˊ ㄑㄧㄢˊ
銀杏,1,ㄧㄣˊ ㄒㄧㄥˋ
銀子,1,ㄧㄣˊ ㄗ˙
銀絲卷,1,ㄧㄣˊ ㄙ ㄐㄩㄢˇ
銀色,1,ㄧㄣˊ ㄙㄜˋ
銀耳,1,ㄧㄣˊ ㄦˇ
齦,1,ㄧㄣˊ
狺,1,ㄧㄣˊ
淫,1,ㄧㄣˊ
淫蕩,1,ㄧㄣˊ ㄉㄤˋ
淫亂,1,ㄧㄣˊ ㄌㄨㄢˋ
淫威,1,ㄧㄣˊ ㄨㄟ
霪,1,ㄧㄣˊ
霪雨,1,ㄧㄣˊ ㄩˇ
寅,1,ㄧㄣˊ
寅吃卯糧,1,ㄧㄣˊ ㄔ ㄇㄠˇ ㄌㄧㄤˊ
夤,1,ㄧㄣˊ
鄞,1,ㄧㄣˊ
鄞縣,1,ㄧㄣˊ ㄒㄧㄢˋ
尹,1,ㄧㄣˇ
引,1,ㄧㄣˇ
引爆,1,ㄧㄣˇ ㄅㄠˋ
引發,1,ㄧㄣˇ ㄈㄚ
引得,1,ㄧㄣˇ ㄉㄜˊ
引道,1,ㄧㄣˇ ㄉㄠˋ
引導,1,ㄧㄣˇ ㄉㄠˇ
引渡,1,ㄧㄣˇ ㄉㄨˋ
引退,1,ㄧㄣˇ ㄊㄨㄟˋ
引狼入室,1,ㄧㄣˇ ㄌㄤˊ ㄖㄨˋ ㄕˋ
引力,1,ㄧㄣˇ ㄌㄧˋ
引領,1,ㄧㄣˇ ㄌㄧㄥˇ
引號,1,ㄧㄣˇ ㄏㄠˋ
引吭,1,ㄧㄣˇ ㄏㄤˊ
引火,1,ㄧㄣˇ ㄏㄨㄛˇ
引介,1,ㄧㄣˇ ㄐㄧㄝˋ
引咎,1,ㄧㄣˇ ㄐㄧㄡˋ
引見,1,ㄧㄣˇ ㄐㄧㄢˋ
引薦,1,ㄧㄣˇ ㄐㄧㄢˋ
引進,1,ㄧㄣˇ ㄐㄧㄣˋ
引經據典,1,ㄧㄣˇ ㄐㄧㄥ ㄐㄩˋ ㄉㄧㄢˇ
引據,1,ㄧㄣˇ ㄐㄩˋ
引起,1,ㄧㄣˇ ㄑㄧˇ
引擎,1,ㄧㄣˇ ㄑㄧㄥˊ
引信,1,ㄧㄣˇ ㄒㄧㄣˋ
引致,1,ㄧㄣˇ ㄓˋ
引證,1,ㄧㄣˇ ㄓㄥˋ
引申,1,ㄧㄣˇ ㄕㄣ
引述,1,ㄧㄣˇ ㄕㄨˋ
引燃,1,ㄧㄣˇ ㄖㄢˊ
引人非議,1,ㄧㄣˇ ㄖㄣˊ ㄈㄟ ㄧˋ
引人遐思,1,ㄧㄣˇ ㄖㄣˊ ㄒㄧㄚˊ ㄙ
引人矚目,1,ㄧㄣˇ ㄖㄣˊ ㄓㄨˇ ㄇㄨˋ
引人入勝,1,ㄧㄣˇ ㄖㄣˊ ㄖㄨˋ ㄕㄥˋ
引人側目,1,ㄧㄣˇ ㄖㄣˊ ㄘㄜˋ ㄇㄨˋ
引子,1,ㄧㄣˇ ㄗ˙
引以自豪,1,ㄧㄣˇ ㄧˇ ㄗˋ ㄏㄠˊ
引以為鑑,1,ㄧㄣˇ ㄧˇ ㄨㄟˊ ㄐㄧㄢˋ
引以為傲,1,ㄧㄣˇ ㄧˇ ㄨㄟˊ ㄠˋ
引誘,1,ㄧㄣˇ ㄧㄡˋ
引言,1,ㄧㄣˇ ㄧㄢˊ
引用,1,ㄧㄣˇ ㄩㄥˋ
蚓,1,ㄧㄣˇ
飲,1,ㄧㄣˇ
飲彈,1,ㄧㄣˇ ㄉㄢˋ
飲料,1,ㄧㄣˇ ㄌㄧㄠˋ
飲酒,1,ㄧㄣˇ ㄐㄧㄡˇ
飲泣,1,ㄧㄣˇ ㄑㄧˋ
飲鴆止渴,1,ㄧㄣˇ ㄓㄣˋ ㄓˇ ㄎㄜˇ
飲茶,1,ㄧㄣˇ ㄔㄚˊ
飲食,1,ㄧㄣˇ ㄕˊ
飲水,1,ㄧㄣˇ ㄕㄨㄟˇ
飲水器,1,ㄧㄣˇ ㄕㄨㄟˇ ㄑㄧˋ
飲水思源,1,ㄧㄣˇ ㄕㄨㄟˇ ㄙ ㄩㄢˊ
飲宴,1,ㄧㄣˇ ㄧㄢˋ
飲用,1,ㄧㄣˇ ㄩㄥˋ
隱,1,ㄧㄣˇ
隱蔽,1,ㄧㄣˇ ㄅㄧˋ
隱沒,1,ㄧㄣˇ ㄇㄛˋ
隱瞞,1,ㄧㄣˇ ㄇㄢˊ
隱祕,1,ㄧㄣˇ ㄇㄧˋ
隱密,1,ㄧㄣˇ ㄇㄧˋ
隱伏,1,ㄧㄣˇ ㄈㄨˊ
隱退,1,ㄧㄣˇ ㄊㄨㄟˋ
隱痛,1,ㄧㄣˇ ㄊㄨㄥˋ
隱匿,1,ㄧㄣˇ ㄋㄧˋ
隱含,1,ㄧㄣˇ ㄏㄢˊ
隱晦,1,ㄧㄣˇ ㄏㄨㄟˋ
隱諱,1,ㄧㄣˇ ㄏㄨㄟˋ
隱疾,1,ㄧㄣˇ ㄐㄧˊ
隱居,1,ㄧㄣˇ ㄐㄩ
隱情,1,ㄧㄣˇ ㄑㄧㄥˊ
隱形,1,ㄧㄣˇ ㄒㄧㄥˊ
隱形眼鏡,1,ㄧㄣˇ ㄒㄧㄥˊ ㄧㄢˇ ㄐㄧㄥˋ
隱姓埋名,1,ㄧㄣˇ ㄒㄧㄥˋ ㄇㄞˊ ㄇㄧㄥˊ
隱士,1,ㄧㄣˇ ㄕˋ
隱身,1,ㄧㄣˇ ㄕㄣ
隱然,1,ㄧㄣˇ ㄖㄢˊ
隱忍,1,ㄧㄣˇ ㄖㄣˇ
隱藏,1,ㄧㄣˇ ㄘㄤˊ
隱私,1,ㄧㄣˇ ㄙ
隱私權,1,ㄧㄣˇ ㄙ ㄑㄩㄢˊ
隱惡揚善,1,ㄧㄣˇ ㄜˋ ㄧㄤˊ ㄕㄢˋ
隱憂,1,ㄧㄣˇ ㄧㄡ
隱隱,1,ㄧㄣˇ ㄧㄣˇ
隱隱約約,1,ㄧㄣˇ ㄧㄣˇ ㄩㄝ ㄩㄝ
隱喻,1,ㄧㄣˇ ㄩˋ
隱約,1,ㄧㄣˇ ㄩㄝ
檃,1,ㄧㄣˇ
癮,1,ㄧㄣˇ
癮君子,1,ㄧㄣˇ ㄐㄩㄣ ㄗˇ
印,1,ㄧㄣˋ
印本,1,ㄧㄣˋ ㄅㄣˇ
印表機,1,ㄧㄣˋ ㄅㄧㄠˇ ㄐㄧ
印發,1,ㄧㄣˋ ㄈㄚ
印堂,1,ㄧㄣˋ ㄊㄤˊ
印泥,1,ㄧㄣˋ ㄋㄧˊ
印痕,1,ㄧㄣˋ ㄏㄣˊ
印花,1,ㄧㄣˋ ㄏㄨㄚ
印花稅,1,ㄧㄣˋ ㄏㄨㄚ ㄕㄨㄟˋ
印記,1,ㄧㄣˋ ㄐㄧˋ
印鑑,1,ㄧㄣˋ ㄐㄧㄢˋ
印信,1,ㄧㄣˋ ㄒㄧㄣˋ
印象,1,ㄧㄣˋ ㄒㄧㄤˋ
印象派,1,ㄧㄣˋ ㄒㄧㄤˋ ㄆㄞˋ
印行,1,ㄧㄣˋ ㄒㄧㄥˊ
印製,1,ㄧㄣˋ ㄓˋ
印章,1,ㄧㄣˋ ㄓㄤ
印證,1,ㄧㄣˋ ㄓㄥˋ
印石,1,ㄧㄣˋ ㄕˊ
印刷,1,ㄧㄣˋ ㄕㄨㄚ
印刷品,1,ㄧㄣˋ ㄕㄨㄚ ㄆㄧㄣˇ
印刷電路板,1,ㄧㄣˋ ㄕㄨㄚ ㄉㄧㄢˋ ㄌㄨˋ ㄅㄢˇ
印染,1,ㄧㄣˋ ㄖㄢˇ
胤,1,ㄧㄣˋ
飲,1,ㄧㄣˋ
蔭,1,ㄧㄣˋ
央,1,ㄧㄤ
央告,1,ㄧㄤ ㄍㄠˋ
央求,1,ㄧㄤ ㄑㄧㄡˊ
央請,1,ㄧㄤ ㄑㄧㄥˇ
泱,1,ㄧㄤ
泱泱,1,ㄧㄤ ㄧㄤ
泱泱大國,1,ㄧㄤ ㄧㄤ ㄉㄚˋ ㄍㄨㄛˊ
殃,1,ㄧㄤ
殃及池魚,1,ㄧㄤ ㄐㄧˊ ㄔˊ ㄩˊ
秧,1,ㄧㄤ
秧苗,1,ㄧㄤ ㄇㄧㄠˊ
鞅,1,ㄧㄤ
鴦,1,ㄧㄤ
羊,1,ㄧㄤˊ
羊膜,1,ㄧㄤˊ ㄇㄛˊ
羊膜穿刺術,1,ㄧㄤˊ ㄇㄛˊ ㄔㄨㄢ ㄘˋ ㄕㄨˋ
羊毛,1,ㄧㄤˊ ㄇㄠˊ
羊毛出在羊身上,1,ㄧㄤˊ ㄇㄠˊ ㄔㄨ ㄗㄞˋ ㄧㄤˊ ㄕㄣ ㄕㄤˋ
羊羹,1,ㄧㄤˊ ㄍㄥ
羊毫,1,ㄧㄤˊ ㄏㄠˊ
羊質虎皮,1,ㄧㄤˊ ㄓˊ ㄏㄨˇ ㄆㄧˊ
羊腸小道,1,ㄧㄤˊ ㄔㄤˊ ㄒㄧㄠˇ ㄉㄠˋ
羊腸小徑,1,ㄧㄤˊ ㄔㄤˊ ㄒㄧㄠˇ ㄐㄧㄥˋ
羊水,1,ㄧㄤˊ ㄕㄨㄟˇ
羊入虎口,1,ㄧㄤˊ ㄖㄨˋ ㄏㄨˇ ㄎㄡˇ
佯,1,ㄧㄤˊ
佯狂,1,ㄧㄤˊ ㄎㄨㄤˊ
佯裝,1,ㄧㄤˊ ㄓㄨㄤ
洋,1,ㄧㄤˊ
洋房,1,ㄧㄤˊ ㄈㄤˊ
洋鐵,1,ㄧㄤˊ ㄊㄧㄝˇ
洋樓,1,ㄧㄤˊ ㄌㄡˊ
洋菇,1,ㄧㄤˊ ㄍㄨ
洋鬼子,1,ㄧㄤˊ ㄍㄨㄟˇ ㄗ˙
洋化,1,ㄧㄤˊ ㄏㄨㄚˋ
洋火,1,ㄧㄤˊ ㄏㄨㄛˇ
洋灰,1,ㄧㄤˊ ㄏㄨㄟ
洋酒,1,ㄧㄤˊ ㄐㄧㄡˇ
洋涇浜英語,1,ㄧㄤˊ ㄐㄧㄥ ㄅㄤ ㄧㄥ ㄩˇ
洋裝,1,ㄧㄤˊ ㄓㄨㄤ
洋人,1,ㄧㄤˊ ㄖㄣˊ
洋蔥,1,ㄧㄤˊ ㄘㄨㄥ
洋傘,1,ㄧㄤˊ ㄙㄢˇ
洋溢,1,ㄧㄤˊ ㄧˋ
洋菸,1,ㄧㄤˊ ㄧㄢ
洋洋,1,ㄧㄤˊ ㄧㄤˊ
洋洋大觀,1,ㄧㄤˊ ㄧㄤˊ ㄉㄚˋ ㄍㄨㄢ
洋洋得意,1,ㄧㄤˊ ㄧㄤˊ ㄉㄜˊ ㄧˋ
洋洋灑灑,1,ㄧㄤˊ ㄧㄤˊ ㄙㄚˇ ㄙㄚˇ
洋娃娃,1,ㄧㄤˊ ㄨㄚˊ ㄨㄚ˙
徉,1,ㄧㄤˊ
烊,1,ㄧㄤˊ
揚,1,ㄧㄤˊ
揚眉吐氣,1,ㄧㄤˊ ㄇㄟˊ ㄊㄨˇ ㄑㄧˋ
揚名,1,ㄧㄤˊ ㄇㄧㄥˊ
揚名立萬,1,ㄧㄤˊ ㄇㄧㄥˊ ㄌㄧˋ ㄨㄢˋ
揚帆,1,ㄧㄤˊ ㄈㄢˊ
揚湯止沸,1,ㄧㄤˊ ㄊㄤ ㄓˇ ㄈㄟˋ
揚起,1,ㄧㄤˊ ㄑㄧˇ
揚棄,1,ㄧㄤˊ ㄑㄧˋ
揚琴,1,ㄧㄤˊ ㄑㄧㄣˊ
揚長而去,1,ㄧㄤˊ ㄔㄤˊ ㄦˊ ㄑㄩˋ
揚升,1,ㄧㄤˊ ㄕㄥ
揚言,1,ㄧㄤˊ ㄧㄢˊ
揚威,1,ㄧㄤˊ ㄨㄟ
陽,1,ㄧㄤˊ
陽平,1,ㄧㄤˊ ㄆㄧㄥˊ
陽奉陰違,1,ㄧㄤˊ ㄈㄥˋ ㄧㄣ ㄨㄟˊ
陽臺,1,ㄧㄤˊ ㄊㄞˊ
陽剛,1,ㄧㄤˊ ㄍㄤ
陽關大道,1,ㄧㄤˊ ㄍㄨㄢ ㄉㄚˋ ㄉㄠˋ
陽關道,1,ㄧㄤˊ ㄍㄨㄢ ㄉㄠˋ
陽光,1,ㄧㄤˊ ㄍㄨㄤ
陽光法案,1,ㄧㄤˊ ㄍㄨㄤ ㄈㄚˇ ㄢˋ
陽光基金會,1,ㄧㄤˊ ㄍㄨㄤ ㄐㄧ ㄐㄧㄣ ㄏㄨㄟˋ
陽光洗車中心,1,ㄧㄤˊ ㄍㄨㄤ ㄒㄧˇ ㄔㄜ ㄓㄨㄥ ㄒㄧㄣ
陽極,1,ㄧㄤˊ ㄐㄧˊ
陽間,1,ㄧㄤˊ ㄐㄧㄢ
陽具,1,ㄧㄤˊ ㄐㄩˋ
陽性,1,ㄧㄤˊ ㄒㄧㄥˋ
陽宅,1,ㄧㄤˊ ㄓㄞˊ
陽春,1,ㄧㄤˊ ㄔㄨㄣ
陽春麵,1,ㄧㄤˊ ㄔㄨㄣ ㄇㄧㄢˋ
陽世,1,ㄧㄤˊ ㄕˋ
陽壽,1,ㄧㄤˊ ㄕㄡˋ
陽傘,1,ㄧㄤˊ ㄙㄢˇ
陽痿,1,ㄧㄤˊ ㄨㄟˇ
陽文,1,ㄧㄤˊ ㄨㄣˊ
煬,1,ㄧㄤˊ
楊,1,ㄧㄤˊ
楊桃,1,ㄧㄤˊ ㄊㄠˊ
楊柳,1,ㄧㄤˊ ㄌㄧㄡˇ
瘍,1,ㄧㄤˊ
颺,1,ㄧㄤˊ
仰,1,ㄧㄤˇ
仰慕,1,ㄧㄤˇ ㄇㄨˋ
仰賴,1,ㄧㄤˇ ㄌㄞˋ
仰角,1,ㄧㄤˇ ㄐㄧㄠˇ
仰止,1,ㄧㄤˇ ㄓˇ
仰仗,1,ㄧㄤˇ ㄓㄤˋ
仰人鼻息,1,ㄧㄤˇ ㄖㄣˊ ㄅㄧˊ ㄒㄧˊ
仰藥,1,ㄧㄤˇ ㄧㄠˋ
仰臥,1,ㄧㄤˇ ㄨㄛˋ
仰望,1,ㄧㄤˇ ㄨㄤˋ
仰泳,1,ㄧㄤˇ ㄩㄥˇ
氧,1,ㄧㄤˇ
氧化,1,ㄧㄤˇ ㄏㄨㄚˋ
氧氣,1,ㄧㄤˇ ㄑㄧˋ
養,1,ㄧㄤˇ
養兵,1,ㄧㄤˇ ㄅㄧㄥ
養病,1,ㄧㄤˇ ㄅㄧㄥˋ
養母,1,ㄧㄤˇ ㄇㄨˇ
養分,1,ㄧㄤˇ ㄈㄣˋ
養父,1,ㄧㄤˇ ㄈㄨˋ
養女,1,ㄧㄤˇ ㄋㄩˇ
養老,1,ㄧㄤˇ ㄌㄠˇ
養老院,1,ㄧㄤˇ ㄌㄠˇ ㄩㄢˋ
養料,1,ㄧㄤˇ ㄌㄧㄠˋ
養虎遺患,1,ㄧㄤˇ ㄏㄨˇ ㄧˊ ㄏㄨㄢˋ
養護,1,ㄧㄤˇ ㄏㄨˋ
養活,1,ㄧㄤˇ ㄏㄨㄛˊ
養家,1,ㄧㄤˇ ㄐㄧㄚ
養家活口,1,ㄧㄤˇ ㄐㄧㄚ ㄏㄨㄛˊ ㄎㄡˇ
養精蓄銳,1,ㄧㄤˇ ㄐㄧㄥ ㄒㄩˋ ㄖㄨㄟˋ
養氣,1,ㄧㄤˇ ㄑㄧˋ
養性,1,ㄧㄤˇ ㄒㄧㄥˋ
養殖,1,ㄧㄤˇ ㄓˊ
養殖漁業,1,ㄧㄤˇ ㄓˊ ㄩˊ ㄧㄝˋ
養珠,1,ㄧㄤˇ ㄓㄨ
養成,1,ㄧㄤˇ ㄔㄥˊ
養神,1,ㄧㄤˇ ㄕㄣˊ
養傷,1,ㄧㄤˇ ㄕㄤ
養生,1,ㄧㄤˇ ㄕㄥ
養生送死,1,ㄧㄤˋ ㄕㄥ ㄙㄨㄥˋ ㄙˇ
養子,1,ㄧㄤˇ ㄗˇ
養尊處優,1,ㄧㄤˇ ㄗㄨㄣ ㄔㄨˇ ㄧㄡ
養育,1,ㄧㄤˇ ㄩˋ
養癰成患,1,ㄧㄤˇ ㄩㄥ ㄔㄥˊ ㄏㄨㄢˋ
癢,1,ㄧㄤˇ
怏,1,ㄧㄤˋ
怏怏不樂,1,ㄧㄤˋ ㄧㄤˋ ㄅㄨˋ ㄌㄜˋ
怏怏不樂,1,ㄧㄤˋ ㄧㄤˋ ㄅㄨˊ ㄌㄜˋ
恙,1,ㄧㄤˋ
漾,1,ㄧㄤˋ
養,1,ㄧㄤˋ
樣,1,ㄧㄤˋ
樣本,1,ㄧㄤˋ ㄅㄣˇ
樣品,1,ㄧㄤˋ ㄆㄧㄣˇ
樣貌,1,ㄧㄤˋ ㄇㄠˋ
樣張,1,ㄧㄤˋ ㄓㄤ
樣式,1,ㄧㄤˋ ㄕˋ
樣書,1,ㄧㄤˋ ㄕㄨ
樣子,1,ㄧㄤˋ ㄗ˙
樣樣,1,ㄧㄤˋ ㄧㄤˋ
英,1,ㄧㄥ
英磅,1,ㄧㄥ ㄅㄤˋ
英鎊,1,ㄧㄥ ㄅㄤˋ
英明,1,ㄧㄥ ㄇㄧㄥˊ
英名,1,ㄧㄥ ㄇㄧㄥˊ
英畝,1,ㄧㄥ ㄇㄨˇ
英噸,1,ㄧㄥ ㄉㄨㄣˋ
英挺,1,ㄧㄥ ㄊㄧㄥˇ
英年,1,ㄧㄥ ㄋㄧㄢˊ
英里,1,ㄧㄥ ㄌㄧˇ
英烈千秋,1,ㄧㄥ ㄌㄧㄝˋ ㄑㄧㄢ ㄑㄧㄡ
英靈,1,ㄧㄥ ㄌㄧㄥˊ
英豪,1,ㄧㄥ ㄏㄠˊ
英華,1,ㄧㄥ ㄏㄨㄚˊ
英魂,1,ㄧㄥ ㄏㄨㄣˊ
英俊,1,ㄧㄥ ㄐㄩㄣˋ
英氣勃勃,1,ㄧㄥ ㄑㄧˋ ㄅㄛˊ ㄅㄛˊ
英雄,1,ㄧㄥ ㄒㄩㄥˊ
英雄末路,1,ㄧㄥ ㄒㄩㄥˊ ㄇㄛˋ ㄌㄨˋ
英雄氣短,1,ㄧㄥ ㄒㄩㄥˊ ㄑㄧˋ ㄉㄨㄢˇ
英雄無用武之地,1,ㄧㄥ ㄒㄩㄥˊ ㄨˊ ㄩㄥˋ ㄨˇ ㄓ ㄉㄧˋ
英尺,1,ㄧㄥ ㄔˇ
英姿煥發,1,ㄧㄥ ㄗ ㄏㄨㄢˋ ㄈㄚ
英才,1,ㄧㄥ ㄘㄞˊ
英寸,1,ㄧㄥ ㄘㄨㄣˋ
英武,1,ㄧㄥ ㄨˇ
英文,1,ㄧㄥ ㄨㄣˊ
英語,1,ㄧㄥ ㄩˇ
英勇,1,ㄧㄥ ㄩㄥˇ
瑛,1,ㄧㄥ
應,1,ㄧㄥ
應付,1,ㄧㄥ ㄈㄨˋ
應當,1,ㄧㄥ ㄉㄤ
應該,1,ㄧㄥ ㄍㄞ
應屆,1,ㄧㄥ ㄐㄧㄝˋ
應選,1,ㄧㄥ ㄒㄩㄢˇ
應有盡有,1,ㄧㄥ ㄧㄡˇ ㄐㄧㄣˋ ㄧㄡˇ
膺,1,ㄧㄥ
膺選,1,ㄧㄥ ㄒㄩㄢˇ
膺任,1,ㄧㄥ ㄖㄣˋ
鷹,1,ㄧㄥ
鷹派,1,ㄧㄥ ㄆㄞˋ
鷹架,1,ㄧㄥ ㄐㄧㄚˋ
鷹式飛彈,1,ㄧㄥ ㄕˋ ㄈㄟ ㄉㄢˋ
鷹揚,1,ㄧㄥ ㄧㄤˊ
嬰,1,ㄧㄥ
嬰孩,1,ㄧㄥ ㄏㄞˊ
嬰兒,1,ㄧㄥ ㄦˊ
罌,1,ㄧㄥ
罌粟,1,ㄧㄥ ㄙㄨˋ
罌粟花,1,ㄧㄥ ㄙㄨˋ ㄏㄨㄚ
嚶,1,ㄧㄥ
嚶嚀,1,ㄧㄥ ㄋㄧㄥˊ
瓔,1,ㄧㄥ
瓔珞,1,ㄧㄥ ㄌㄨㄛˋ
櫻,1,ㄧㄥ
櫻桃,1,ㄧㄥ ㄊㄠˊ
櫻桃小口,1,ㄧㄥ ㄊㄠˊ ㄒㄧㄠˇ ㄎㄡˇ
櫻花,1,ㄧㄥ ㄏㄨㄚ
櫻脣,1,ㄧㄥ ㄔㄨㄣˊ
纓,1,ㄧㄥ
鸚,1,ㄧㄥ
鸚哥,1,ㄧㄥ ㄍㄜ
鸚鵡,1,ㄧㄥ ㄨˇ
鸚鵡螺,1,ㄧㄥ ㄨˇ ㄌㄨㄛˊ
鶯,1,ㄧㄥ
鶯聲燕語,1,ㄧㄥ ㄕㄥ ㄧㄢˋ ㄩˇ
鶯鶯燕燕,1,ㄧㄥ ㄧㄥ ㄧㄢˋ ㄧㄢˋ
迎,1,ㄧㄥˊ
迎面,1,ㄧㄥˊ ㄇㄧㄢˋ
迎風搖曳,1,ㄧㄥˊ ㄈㄥ ㄧㄠˊ ㄧˋ
迎頭,1,ㄧㄥˊ ㄊㄡˊ
迎頭趕上,1,ㄧㄥˊ ㄊㄡˊ ㄍㄢˇ ㄕㄤˋ
迎合,1,ㄧㄥˊ ㄏㄜˊ
迎擊,1,ㄧㄥˊ ㄐㄧˊ
迎接,1,ㄧㄥˊ ㄐㄧㄝ
迎親,1,ㄧㄥˊ ㄑㄧㄣ
迎娶,1,ㄧㄥˊ ㄑㄩˇ
迎新,1,ㄧㄥˊ ㄒㄧㄣ
迎向,1,ㄧㄥˊ ㄒㄧㄤˋ
迎戰,1,ㄧㄥˊ ㄓㄢˋ
迎春,1,ㄧㄥˊ ㄔㄨㄣ
迎神賽會,1,ㄧㄥˊ ㄕㄣˊ ㄙㄞˋ ㄏㄨㄟˋ
迎刃而解,1,ㄧㄥˊ ㄖㄣˋ ㄦˊ ㄐㄧㄝˇ
盈,1,ㄧㄥˊ
盈利,1,ㄧㄥˊ ㄌㄧˋ
盈虧,1,ㄧㄥˊ ㄎㄨㄟ
盈千累萬,1,ㄧㄥˊ ㄑㄧㄢ ㄌㄟˇ ㄨㄢˋ
盈餘,1,ㄧㄥˊ ㄩˊ
楹,1,ㄧㄥˊ
楹聯,1,ㄧㄥˊ ㄌㄧㄢˊ
塋,1,ㄧㄥˊ
熒,1,ㄧㄥˊ
瑩,1,ㄧㄥˊ
螢,1,ㄧㄥˊ
螢幕,1,ㄧㄥˊ ㄇㄨˋ
螢光,1,ㄧㄥˊ ㄍㄨㄤ
螢光幕,1,ㄧㄥˊ ㄍㄨㄤ ㄇㄨˋ
螢光劑,1,ㄧㄥˊ ㄍㄨㄤ ㄐㄧˋ
螢火蟲,1,ㄧㄥˊ ㄏㄨㄛˇ ㄔㄨㄥˊ
縈,1,ㄧㄥˊ
縈繞,1,ㄧㄥˊ ㄖㄠˋ
營,1,ㄧㄥˊ
營房,1,ㄧㄥˊ ㄈㄤˊ
營地,1,ㄧㄥˊ ㄉㄧˋ
營隊,1,ㄧㄥˊ ㄉㄨㄟˋ
營利,1,ㄧㄥˊ ㄌㄧˋ
營利事業所得稅,1,ㄧㄥˊ ㄌㄧˋ ㄕˋ ㄧㄝˋ ㄙㄨㄛˇ ㄉㄜˊ ㄕㄨㄟˋ
營火,1,ㄧㄥˊ ㄏㄨㄛˇ
營救,1,ㄧㄥˊ ㄐㄧㄡˋ
營建,1,ㄧㄥˊ ㄐㄧㄢˋ
營求,1,ㄧㄥˊ ㄑㄧㄡˊ
營區,1,ㄧㄥˊ ㄑㄩ
營帳,1,ㄧㄥˊ ㄓㄤˋ
營收,1,ㄧㄥˊ ㄕㄡ
營繕,1,ㄧㄥˊ ㄕㄢˋ
營生,1,ㄧㄥˊ ㄕㄥ
營造,1,ㄧㄥˊ ㄗㄠˋ
營私,1,ㄧㄥˊ ㄙ
營私舞弊,1,ㄧㄥˊ ㄙ ㄨˇ ㄅㄧˋ
營業,1,ㄧㄥˊ ㄧㄝˋ
營業稅,1,ㄧㄥˊ ㄧㄝˋ ㄕㄨㄟˋ
營養,1,ㄧㄥˊ ㄧㄤˇ
營運,1,ㄧㄥˊ ㄩㄣˋ
嬴,1,ㄧㄥˊ
瀛,1,ㄧㄥˊ
贏,1,ㄧㄥˊ
贏得,1,ㄧㄥˊ ㄉㄜˊ
贏家,1,ㄧㄥˊ ㄐㄧㄚ
贏錢,1,ㄧㄥˊ ㄑㄧㄢˊ
贏取,1,ㄧㄥˊ ㄑㄩˇ
贏餘,1,ㄧㄥˊ ㄩˊ
蠅,1,ㄧㄥˊ
蠅頭小利,1,ㄧㄥˊ ㄊㄡˊ ㄒㄧㄠˇ ㄌㄧˋ
蠅頭微利,1,ㄧㄥˊ ㄊㄡˊ ㄨㄟˊ ㄌㄧˋ
蠅營狗苟,1,ㄧㄥˊ ㄧㄥˊ ㄍㄡˇ ㄍㄡˇ
郢,1,ㄧㄥˇ
景,1,ㄧㄥˇ
影,1,ㄧㄥˇ
影本,1,ㄧㄥˇ ㄅㄣˇ
影片,1,ㄧㄥˇ ㄆㄧㄢˋ
影評,1,ㄧㄥˇ ㄆㄧㄥˊ
影迷,1,ㄧㄥˇ ㄇㄧˊ
影帝,1,ㄧㄥˇ ㄉㄧˋ
影碟,1,ㄧㄥˇ ㄉㄧㄝˊ
影壇,1,ㄧㄥˇ ㄊㄢˊ
影后,1,ㄧㄥˇ ㄏㄡˋ
影集,1,ㄧㄥˇ ㄐㄧˊ
影劇,1,ㄧㄥˇ ㄐㄩˋ
影響,1,ㄧㄥˇ ㄒㄧㄤˇ
影響力,1,ㄧㄥˇ ㄒㄧㄤˇ ㄌㄧˋ
影像,1,ㄧㄥˇ ㄒㄧㄤˋ
影星,1,ㄧㄥˇ ㄒㄧㄥ
影展,1,ㄧㄥˇ ㄓㄢˇ
影射,1,ㄧㄥˇ ㄕㄜˋ
影子,1,ㄧㄥˇ ㄗ˙
影印,1,ㄧㄥˇ ㄧㄣˋ
影印機,1,ㄧㄥˇ ㄧㄣˋ ㄐㄧ
潁,1,ㄧㄥˇ
潁河,1,ㄧㄥˇ ㄏㄜˊ
穎,1,ㄧㄥˇ
映,1,ㄧㄥˋ
映像,1,ㄧㄥˋ ㄒㄧㄤˋ
映像管,1,ㄧㄥˋ ㄒㄧㄤˋ ㄍㄨㄢˇ
映照,1,ㄧㄥˋ ㄓㄠˋ
映襯,1,ㄧㄥˋ ㄔㄣˋ
映射,1,ㄧㄥˋ ㄕㄜˋ
硬,1,ㄧㄥˋ
硬邦邦,1,ㄧㄥˋ ㄅㄤ ㄅㄤ
硬幣,1,ㄧㄥˋ ㄅㄧˋ
硬碰硬,1,ㄧㄥˋ ㄆㄥˋ ㄧㄥˋ
硬脾氣,1,ㄧㄥˋ ㄆㄧˊ ㄑㄧˋ
硬碟,1,ㄧㄥˋ ㄉㄧㄝˊ
硬度,1,ㄧㄥˋ ㄉㄨˋ
硬朗,1,ㄧㄥˋ ㄌㄤˇ
硬裡子,1,ㄧㄥˋ ㄌㄧˇ ㄗ˙
硬幹,1,ㄧㄥˋ ㄍㄢˋ
硬骨頭,1,ㄧㄥˋ ㄍㄨˊ ㄊㄡ˙
硬漢,1,ㄧㄥˋ ㄏㄢˋ
硬化,1,ㄧㄥˋ ㄏㄨㄚˋ
硬性,1,ㄧㄥˋ ㄒㄧㄥˋ
硬性規定,1,ㄧㄥˋ ㄒㄧㄥˋ ㄍㄨㄟ ㄉㄧㄥˋ
硬著頭皮,1,ㄧㄥˋ ㄓㄜ˙ ㄊㄡˊ ㄆㄧˊ
硬仗,1,ㄧㄥˋ ㄓㄤˋ
硬撐,1,ㄧㄥˋ ㄔㄥ
硬闖,1,ㄧㄥˋ ㄔㄨㄤˇ
硬式棒球,1,ㄧㄥˋ ㄕˋ ㄅㄤˋ ㄑㄧㄡˊ
硬式磁碟機,1,ㄧㄥˋ ㄕˋ ㄘˊ ㄉㄧㄝˊ ㄐㄧ
硬生生,1,ㄧㄥˋ ㄕㄥ ㄕㄥ
硬水,1,ㄧㄥˋ ㄕㄨㄟˇ
硬顎,1,ㄧㄥˋ ㄜˋ
應,1,ㄧㄥˋ
應變,1,ㄧㄥˋ ㄅㄧㄢˋ
應聘,1,ㄧㄥˋ ㄆㄧㄥˋ
應門,1,ㄧㄥˋ ㄇㄣˊ
應付,1,ㄧㄥˋ ㄈㄨˋ
應付自如,1,ㄧㄥˋ ㄈㄨˋ ㄗˋ ㄖㄨˊ
應付裕如,1,ㄧㄥˋ ㄈㄨˋ ㄩˋ ㄖㄨˊ
應答,1,ㄧㄥˋ ㄉㄚˊ
應對,1,ㄧㄥˋ ㄉㄨㄟˋ
應對如流,1,ㄧㄥˋ ㄉㄨㄟˋ ㄖㄨˊ ㄌㄧㄡˊ
應考,1,ㄧㄥˋ ㄎㄠˇ
應和,1,ㄧㄥˋ ㄏㄜˋ
應急,1,ㄧㄥˋ ㄐㄧˊ
應接不暇,1,ㄧㄥˋ ㄐㄧㄝ ㄅㄨˋ ㄒㄧㄚˊ
應景,1,ㄧㄥˋ ㄐㄧㄥˇ
應許,1,ㄧㄥˋ ㄒㄩˇ
應訊,1,ㄧㄥˋ ㄒㄩㄣˋ
應召,1,ㄧㄥˋ ㄓㄠˋ
應召女郎,1,ㄧㄥˋ ㄓㄠˋ ㄋㄩˇ ㄌㄤˊ
應戰,1,ㄧㄥˋ ㄓㄢˋ
應徵,1,ㄧㄥˋ ㄓㄥ
應酬,1,ㄧㄥˋ ㄔㄡˊ
應時,1,ㄧㄥˋ ㄕˊ
應市,1,ㄧㄥˋ ㄕˋ
應試,1,ㄧㄥˋ ㄕˋ
應聲,1,ㄧㄥˋ ㄕㄥ
應聲而倒,1,ㄧㄥˋ ㄕㄥ ㄦˊ ㄉㄠˇ
應邀,1,ㄧㄥˋ ㄧㄠ
應驗,1,ㄧㄥˋ ㄧㄢˋ
應允,1,ㄧㄥˋ ㄩㄣˇ
應運而生,1,ㄧㄥˋ ㄩㄣˋ ㄦˊ ㄕㄥ
應用,1,ㄧㄥˋ ㄩㄥˋ
污,1,ㄨ
汙,1,ㄨ
汙衊,1,ㄨ ㄇㄧㄝˋ
汙名,1,ㄨ ㄇㄧㄥˊ
汙點,1,ㄨ ㄉㄧㄢˇ
汙泥,1,ㄨ ㄋㄧˊ
汙吏,1,ㄨ ㄌㄧˋ
汙垢,1,ㄨ ㄍㄡˋ
汙穢,1,ㄨ ㄏㄨㄟˋ
汙濁,1,ㄨ ㄓㄨㄛˊ
汙水,1,ㄨ ㄕㄨㄟˇ
汙染,1,ㄨ ㄖㄢˇ
汙辱,1,ㄨ ㄖㄨˋ
汙損,1,ㄨ ㄙㄨㄣˇ
巫,1,ㄨ
巫蠱,1,ㄨ ㄍㄨˇ
巫師,1,ㄨ ㄕ
巫術,1,ㄨ ㄕㄨˋ
巫醫,1,ㄨ ㄧ
誣,1,ㄨ
誣衊,1,ㄨ ㄇㄧㄝˋ
誣賴,1,ㄨ ㄌㄞˋ
誣告,1,ㄨ ㄍㄠˋ
誣害,1,ㄨ ㄏㄞˋ
誣陷,1,ㄨ ㄒㄧㄢˋ
於,1,ㄨ
於菟,1,ㄨ ㄊㄨˊ
於戲,1,ㄨ ㄏㄨ
屋,1,ㄨ
屋頂,1,ㄨ ㄉㄧㄥˇ
屋漏偏逢連夜雨,1,ㄨ ㄌㄡˋ ㄆㄧㄢ ㄈㄥˊ ㄌㄧㄢˊ ㄧㄝˋ ㄩˇ
屋脊,1,ㄨ ㄐㄧˇ
屋主,1,ㄨ ㄓㄨˇ
屋子,1,ㄨ ㄗ˙
屋簷,1,ㄨ ㄧㄢˊ
屋宇,1,ㄨ ㄩˇ
烏,1,ㄨ
烏梅,1,ㄨ ㄇㄟˊ
烏豆,1,ㄨ ㄉㄡˋ
烏拉圭回合談判,1,ㄨ ㄌㄚ ㄍㄨㄟ ㄏㄨㄟˊ ㄏㄜˊ ㄊㄢˊ ㄆㄢˋ
烏溜溜,1,ㄨ ㄌㄧㄡ ㄌㄧㄡ
烏亮,1,ㄨ ㄌㄧㄤˋ
烏骨雞,1,ㄨ ㄍㄨˇ ㄐㄧ
烏合之眾,1,ㄨ ㄏㄜˊ ㄓ ㄓㄨㄥˋ
烏黑,1,ㄨ ㄏㄟ
烏腳病,1,ㄨ ㄐㄧㄠˇ ㄅㄧㄥˋ
烏金,1,ㄨ ㄐㄧㄣ
烏紗帽,1,ㄨ ㄕㄚ ㄇㄠˋ
烏茲衝鋒槍,1,ㄨ ㄗ ㄔㄨㄥ ㄈㄥ ㄑㄧㄤ
烏賊,1,ㄨ ㄗㄟˊ
烏鴉,1,ㄨ ㄧㄚ
烏鴉嘴,1,ㄨ ㄧㄚ ㄗㄨㄟˇ
烏有,1,ㄨ ㄧㄡˇ
烏煙瘴氣,1,ㄨ ㄧㄢ ㄓㄤˋ ㄑㄧˋ
烏魚,1,ㄨ ㄩˊ
烏魚子,1,ㄨ ㄩˊ ㄗˇ
烏雲,1,ㄨ ㄩㄣˊ
烏雲密布,1,ㄨ ㄩㄣˊ ㄇㄧˋ ㄅㄨˋ
嗚,1,ㄨ
嗚呼,1,ㄨ ㄏㄨ
嗚呼哀哉,1,ㄨ ㄏㄨ ㄞ ㄗㄞ
嗚咽,1,ㄨ ㄧㄝˋ
鄔,1,ㄨ
鎢,1,ㄨ
惡,1,ㄨ
亡,1,ㄨˊ
毋,1,ㄨˊ
毋寧,1,ㄨˊ ㄋㄧㄥˊ
毋須,1,ㄨˊ ㄒㄩ
毋枉毋縱,1,ㄨˊ ㄨㄤˇ ㄨˊ ㄗㄨㄥˋ
毋庸,1,ㄨˊ ㄩㄥ
毋庸置疑,1,ㄨˊ ㄩㄥ ㄓˋ ㄧˊ
吾,1,ㄨˊ
吾人,1,ㄨˊ ㄖㄣˊ
唔,1,ㄨˊ
梧,1,ㄨˊ
梧桐,1,ㄨˊ ㄊㄨㄥˊ
鋙,1,ㄨˊ
鼯,1,ㄨˊ
鼯鼠,1,ㄨˊ ㄕㄨˇ
吳,1,ㄨˊ
吳牛喘月,1,ㄨˊ ㄋㄧㄡˊ ㄔㄨㄢˇ ㄩㄝˋ
吳下阿蒙,1,ㄨˊ ㄒㄧㄚˋ ㄚ ㄇㄥˊ
吳淞江,1,ㄨˊ ㄙㄨㄥ ㄐㄧㄤ
蜈,1,ㄨˊ
蜈蚣,1,ㄨˊ ㄍㄨㄥ
無,1,ㄨˊ
無比,1,ㄨˊ ㄅㄧˇ
無邊,1,ㄨˊ ㄅㄧㄢ
無邊無際,1,ㄨˊ ㄅㄧㄢ ㄨˊ ㄐㄧˋ
無病呻吟,1,ㄨˊ ㄅㄧㄥˋ ㄕㄣ ㄧㄣˊ
無補,1,ㄨˊ ㄅㄨˇ
無補於事,1,ㄨˊ ㄅㄨˇ ㄩˊ ㄕˋ
無不,1,ㄨˊ ㄅㄨˋ
無米之炊,1,ㄨˊ ㄇㄧˇ ㄓ ㄔㄨㄟ
無冕王,1,ㄨˊ ㄇㄧㄢˇ ㄨㄤˊ
無名,1,ㄨˊ ㄇㄧㄥˊ
無名火,1,ㄨˊ ㄇㄧㄥˊ ㄏㄨㄛˇ
無名小卒,1,ㄨˊ ㄇㄧㄥˊ ㄒㄧㄠˇ ㄗㄨˊ
無名指,1,ㄨˊ ㄇㄧㄥˊ ㄓˇ
無名氏,1,ㄨˊ ㄇㄧㄥˊ ㄕˋ
無名英雄,1,ㄨˊ ㄇㄧㄥˊ ㄧㄥ ㄒㄩㄥˊ
無法,1,ㄨˊ ㄈㄚˇ
無法無天,1,ㄨˊ ㄈㄚˇ ㄨˊ ㄊㄧㄢ
無非,1,ㄨˊ ㄈㄟ
無分軒輊,1,ㄨˊ ㄈㄣ ㄒㄩㄢ ㄓˋ
無妨,1,ㄨˊ ㄈㄤˊ
無風不起浪,1,ㄨˊ ㄈㄥ ㄅㄨˋ ㄑㄧˇ ㄌㄤˋ
無福消受,1,ㄨˊ ㄈㄨˊ ㄒㄧㄠ ㄕㄡˋ
無道,1,ㄨˊ ㄉㄠˋ
無敵,1,ㄨˊ ㄉㄧˊ
無底洞,1,ㄨˊ ㄉㄧˇ ㄉㄨㄥˋ
無地自容,1,ㄨˊ ㄉㄧˋ ㄗˋ ㄖㄨㄥˊ
無的放矢,1,ㄨˊ ㄉㄧˋ ㄈㄤˋ ㄕˇ
無獨有偶,1,ㄨˊ ㄉㄨˊ ㄧㄡˇ ㄡˇ
無度,1,ㄨˊ ㄉㄨˋ
無端,1,ㄨˊ ㄉㄨㄢ
無動於衷,1,ㄨˊ ㄉㄨㄥˋ ㄩˊ ㄓㄨㄥ
無頭蒼蠅,1,ㄨˊ ㄊㄡˊ ㄘㄤ ㄧㄥˊ
無頭案,1,ㄨˊ ㄊㄡˊ ㄢˋ
無題,1,ㄨˊ ㄊㄧˊ
無條件,1,ㄨˊ ㄊㄧㄠˊ ㄐㄧㄢˋ
無痛分娩,1,ㄨˊ ㄊㄨㄥˋ ㄈㄣ ㄇㄧㄢˇ
無奈,1,ㄨˊ ㄋㄞˋ
無能,1,ㄨˊ ㄋㄥˊ
無能為力,1,ㄨˊ ㄋㄥˊ ㄨㄟˊ ㄌㄧˋ
無賴,1,ㄨˊ ㄌㄞˋ
無理,1,ㄨˊ ㄌㄧˇ
無理取鬧,1,ㄨˊ ㄌㄧˇ ㄑㄩˇ ㄋㄠˋ
無禮,1,ㄨˊ ㄌㄧˇ
無力,1,ㄨˊ ㄌㄧˋ
無力感,1,ㄨˊ ㄌㄧˋ ㄍㄢˇ
無利可圖,1,ㄨˊ ㄌㄧˋ ㄎㄜˇ ㄊㄨˊ
無聊,1,ㄨˊ ㄌㄧㄠˊ
無聊透頂,1,ㄨˊ ㄌㄧㄠˊ ㄊㄡˋ ㄉㄧㄥˇ
無論,1,ㄨˊ ㄌㄨㄣˋ
無論如何,1,ㄨˊ ㄌㄨㄣˋ ㄖㄨˊ ㄏㄜˊ
無辜,1,ㄨˊ ㄍㄨ
無故,1,ㄨˊ ㄍㄨˋ
無關,1,ㄨˊ ㄍㄨㄢ
無關痛癢,1,ㄨˊ ㄍㄨㄢ ㄊㄨㄥˋ ㄧㄤˇ
無關宏旨,1,ㄨˊ ㄍㄨㄢ ㄏㄨㄥˊ ㄓˇ
無關緊要,1,ㄨˊ ㄍㄨㄢ ㄐㄧㄣˇ ㄧㄠˋ
無殼蝸牛,1,ㄨˊ ㄎㄜˊ ㄍㄨㄚ ㄋㄧㄡˊ
無可奈何,1,ㄨˊ ㄎㄜˇ ㄋㄞˋ ㄏㄜˊ
無可厚非,1,ㄨˊ ㄎㄜˇ ㄏㄡˋ ㄈㄟ
無可諱言,1,ㄨˊ ㄎㄜˇ ㄏㄨㄟˋ ㄧㄢˊ
無可救藥,1,ㄨˊ ㄎㄜˇ ㄐㄧㄡˋ ㄧㄠˋ
無可如何,1,ㄨˊ ㄎㄜˇ ㄖㄨˊ ㄏㄜˊ
無可無不可,1,ㄨˊ ㄎㄜˇ ㄨˊ ㄅㄨˋ ㄎㄜˇ
無愧,1,ㄨˊ ㄎㄨㄟˋ
無孔不入,1,ㄨˊ ㄎㄨㄥˇ ㄅㄨˋ ㄖㄨˋ
無孔不入,1,ㄨˊ ㄎㄨㄥˇ ㄅㄨˊ ㄖㄨˋ
無害,1,ㄨˊ ㄏㄞˋ
無後,1,ㄨˊ ㄏㄡˋ
無憾,1,ㄨˊ ㄏㄢˋ
無花果,1,ㄨˊ ㄏㄨㄚ ㄍㄨㄛˇ
無悔,1,ㄨˊ ㄏㄨㄟˇ
無機可乘,1,ㄨˊ ㄐㄧ ㄎㄜˇ ㄔㄥˊ
無稽,1,ㄨˊ ㄐㄧ
無稽之談,1,ㄨˊ ㄐㄧ ㄓ ㄊㄢˊ
無疾而終,1,ㄨˊ ㄐㄧˊ ㄦˊ ㄓㄨㄥ
無給職,1,ㄨˊ ㄐㄧˇ ㄓˊ
無幾,1,ㄨˊ ㄐㄧˇ
無計可施,1,ㄨˊ ㄐㄧˋ ㄎㄜˇ ㄕ
無記名,1,ㄨˊ ㄐㄧˋ ㄇㄧㄥˊ
無記名投票,1,ㄨˊ ㄐㄧˋ ㄇㄧㄥˊ ㄊㄡˊ ㄆㄧㄠˋ
無際,1,ㄨˊ ㄐㄧˋ
無濟於事,1,ㄨˊ ㄐㄧˋ ㄩˊ ㄕˋ
無家可歸,1,ㄨˊ ㄐㄧㄚ ㄎㄜˇ ㄍㄨㄟ
無價,1,ㄨˊ ㄐㄧㄚˋ
無價之寶,1,ㄨˊ ㄐㄧㄚˋ ㄓ ㄅㄠˇ
無堅不摧,1,ㄨˊ ㄐㄧㄢ ㄅㄨˋ ㄘㄨㄟ
無盡,1,ㄨˊ ㄐㄧㄣˋ
無精打采,1,ㄨˊ ㄐㄧㄥ ㄉㄚˇ ㄘㄞˇ
無拘無束,1,ㄨˊ ㄐㄩ ㄨˊ ㄕㄨˋ
無菌室,1,ㄨˊ ㄐㄩㄣˋ ㄕˋ
無奇不有,1,ㄨˊ ㄑㄧˊ ㄅㄨˋ ㄧㄡˇ
無期徒刑,1,ㄨˊ ㄑㄧˊ ㄊㄨˊ ㄒㄧㄥˊ
無巧不成書,1,ㄨˊ ㄑㄧㄠˇ ㄅㄨˋ ㄔㄥˊ ㄕㄨ
無鉛汽油,1,ㄨˊ ㄑㄧㄢ ㄑㄧˋ ㄧㄡˊ
無情,1,ㄨˊ ㄑㄧㄥˊ
無趣,1,ㄨˊ ㄑㄩˋ
無缺點計畫,1,ㄨˊ ㄑㄩㄝ ㄉㄧㄢˇ ㄐㄧˋ ㄏㄨㄚˋ
無窮,1,ㄨˊ ㄑㄩㄥˊ
無息貸款,1,ㄨˊ ㄒㄧˊ ㄉㄞˋ ㄎㄨㄢˇ
無瑕,1,ㄨˊ ㄒㄧㄚˊ
無暇,1,ㄨˊ ㄒㄧㄚˊ
無邪,1,ㄨˊ ㄒㄧㄝˊ
無懈可擊,1,ㄨˊ ㄒㄧㄝˋ ㄎㄜˇ ㄐㄧˊ
無效,1,ㄨˊ ㄒㄧㄠˋ
無限,1,ㄨˊ ㄒㄧㄢˋ
無線電,1,ㄨˊ ㄒㄧㄢˋ ㄉㄧㄢˋ
無心,1,ㄨˊ ㄒㄧㄣ
無心之過,1,ㄨˊ ㄒㄧㄣ ㄓ ㄍㄨㄛˋ
無心插柳柳成蔭,1,ㄨˊ ㄒㄧㄣ ㄔㄚ ㄌㄧㄡˇ ㄌㄧㄡˇ ㄔㄥˊ ㄧㄣˋ
無形,1,ㄨˊ ㄒㄧㄥˊ
無行,1,ㄨˊ ㄒㄧㄥˋ
無須,1,ㄨˊ ㄒㄩ
無知,1,ㄨˊ ㄓ
無止境,1,ㄨˊ ㄓˇ ㄐㄧㄥˋ
無障礙環境,1,ㄨˊ ㄓㄤˋ ㄞˋ ㄏㄨㄢˊ ㄐㄧㄥˋ
無中生有,1,ㄨˊ ㄓㄨㄥ ㄕㄥ ㄧㄡˇ
無恥,1,ㄨˊ ㄔˇ
無產階級,1,ㄨˊ ㄔㄢˇ ㄐㄧㄝ ㄐㄧˊ
無塵室,1,ㄨˊ ㄔㄣˊ ㄕˋ
無常,1,ㄨˊ ㄔㄤˊ
無償,1,ㄨˊ ㄔㄤˊ
無出其右,1,ㄨˊ ㄔㄨ ㄑㄧˊ ㄧㄡˋ
無師自通,1,ㄨˊ ㄕ ㄗˋ ㄊㄨㄥ
無時無刻,1,ㄨˊ ㄕˊ ㄨˊ ㄎㄜˋ
無事不登三寶殿,1,ㄨˊ ㄕˋ ㄅㄨˋ ㄉㄥ ㄙㄢ ㄅㄠˇ ㄉㄧㄢˋ
無視,1,ㄨˊ ㄕˋ
無涉,1,ㄨˊ ㄕㄜˋ
無傷,1,ㄨˊ ㄕㄤ
無傷大雅,1,ㄨˊ ㄕㄤ ㄉㄚˋ ㄧㄚˇ
無上,1,ㄨˊ ㄕㄤˋ
無聲電影,1,ㄨˊ ㄕㄥ ㄉㄧㄢˋ ㄧㄥˇ
無數,1,ㄨˊ ㄕㄨˋ
無雙,1,ㄨˊ ㄕㄨㄤ
無人銀行,1,ㄨˊ ㄖㄣˊ ㄧㄣˊ ㄏㄤˊ
無容身之地,1,ㄨˊ ㄖㄨㄥˊ ㄕㄣ ㄓ ㄉㄧˋ
無字天書,1,ㄨˊ ㄗˋ ㄊㄧㄢ ㄕㄨ
無足掛齒,1,ㄨˊ ㄗㄨˊ ㄍㄨㄚˋ ㄔˇ
無足輕重,1,ㄨˊ ㄗㄨˊ ㄑㄧㄥ ㄓㄨㄥˋ
無罪,1,ㄨˊ ㄗㄨㄟˋ
無罪開釋,1,ㄨˊ ㄗㄨㄟˋ ㄎㄞ ㄕˋ
無從,1,ㄨˊ ㄘㄨㄥˊ
無從下手,1,ㄨˊ ㄘㄨㄥˊ ㄒㄧㄚˋ ㄕㄡˇ
無私,1,ㄨˊ ㄙ
無所不包,1,ㄨˊ ㄙㄨㄛˇ ㄅㄨˋ ㄅㄠ
無所不能,1,ㄨˊ ㄙㄨㄛˇ ㄅㄨˋ ㄋㄥˊ
無所不在,1,ㄨˊ ㄙㄨㄛˇ ㄅㄨˋ ㄗㄞˋ
無所不在,1,ㄨˊ ㄙㄨㄛˇ ㄅㄨˊ ㄗㄞˋ
無所不為,1,ㄨˊ ㄙㄨㄛˇ ㄅㄨˋ ㄨㄟˊ
無所不用其極,1,ㄨˊ ㄙㄨㄛˇ ㄅㄨˋ ㄩㄥˋ ㄑㄧˊ ㄐㄧˊ
無所不用其極,1,ㄨˊ ㄙㄨㄛˇ ㄅㄨˊ ㄩㄥˋ ㄑㄧˊ ㄐㄧˊ
無所遁形,1,ㄨˊ ㄙㄨㄛˇ ㄉㄨㄣˋ ㄒㄧㄥˊ
無所牽掛,1,ㄨˊ ㄙㄨㄛˇ ㄑㄧㄢ ㄍㄨㄚˋ
無所事事,1,ㄨˊ ㄙㄨㄛˇ ㄕˋ ㄕˋ
無所適從,1,ㄨˊ ㄙㄨㄛˇ ㄕˋ ㄘㄨㄥˊ
無所謂,1,ㄨˊ ㄙㄨㄛˇ ㄨㄟˋ
無損,1,ㄨˊ ㄙㄨㄣˇ
無惡不作,1,ㄨˊ ㄜˋ ㄅㄨˋ ㄗㄨㄛˋ
無惡不作,1,ㄨˊ ㄜˋ ㄅㄨˊ ㄗㄨㄛˋ
無礙,1,ㄨˊ ㄞˋ
無依無靠,1,ㄨˊ ㄧ ㄨˊ ㄎㄠˋ
無疑,1,ㄨˊ ㄧˊ
無以名之,1,ㄨˊ ㄧˇ ㄇㄧㄥˊ ㄓ
無以復加,1,ㄨˊ ㄧˇ ㄈㄨˋ ㄐㄧㄚ
無以為繼,1,ㄨˊ ㄧˇ ㄨㄟˊ ㄐㄧˋ
無益,1,ㄨˊ ㄧˋ
無射,1,ㄨˊ ㄧˋ
無異,1,ㄨˊ ㄧˋ
無異議,1,ㄨˊ ㄧˋ ㄧˋ
無意,1,ㄨˊ ㄧˋ
無意中,1,ㄨˊ ㄧˋ ㄓㄨㄥ
無意識,1,ㄨˊ ㄧˋ ㄕˋ
無意義,1,ㄨˊ ㄧˋ ㄧˋ
無涯,1,ㄨˊ ㄧㄚˊ
無業遊民,1,ㄨˊ ㄧㄝˋ ㄧㄡˊ ㄇㄧㄣˊ
無憂無慮,1,ㄨˊ ㄧㄡ ㄨˊ ㄌㄩˋ
無由,1,ㄨˊ ㄧㄡˊ
無煙煤,1,ㄨˊ ㄧㄢ ㄇㄟˊ
無煙火藥,1,ㄨˊ ㄧㄢ ㄏㄨㄛˇ ㄧㄠˋ
無言以對,1,ㄨˊ ㄧㄢˊ ㄧˇ ㄉㄨㄟˋ
無垠,1,ㄨˊ ㄧㄣˊ
無恙,1,ㄨˊ ㄧㄤˋ
無影無蹤,1,ㄨˊ ㄧㄥˇ ㄨˊ ㄗㄨㄥ
無誤,1,ㄨˊ ㄨˋ
無我,1,ㄨˊ ㄨㄛˇ
無為,1,ㄨˊ ㄨㄟˊ
無微不至,1,ㄨˊ ㄨㄟˊ ㄅㄨˋ ㄓˋ
無微不至,1,ㄨˊ ㄨㄟˊ ㄅㄨˊ ㄓˋ
無尾熊,1,ㄨˊ ㄨㄟˇ ㄒㄩㄥˊ
無味,1,ㄨˊ ㄨㄟˋ
無畏,1,ㄨˊ ㄨㄟˋ
無謂,1,ㄨˊ ㄨㄟˋ
無往不利,1,ㄨˊ ㄨㄤˇ ㄅㄨˋ ㄌㄧˋ
無往不利,1,ㄨˊ ㄨㄤˇ ㄅㄨˊ ㄌㄧˋ
無妄之災,1,ㄨˊ ㄨㄤˋ ㄓ ㄗㄞ
無望,1,ㄨˊ ㄨㄤˋ
無虞,1,ㄨˊ ㄩˊ
無與倫比,1,ㄨˊ ㄩˇ ㄌㄨㄣˊ ㄅㄧˇ
無欲則剛,1,ㄨˊ ㄩˋ ㄗㄜˊ ㄍㄤ
無緣,1,ㄨˊ ㄩㄢˊ
無緣無故,1,ㄨˊ ㄩㄢˊ ㄨˊ ㄍㄨˋ
無遠弗屆,1,ㄨˊ ㄩㄢˇ ㄈㄨˊ ㄐㄧㄝˋ
無庸諱言,1,ㄨˊ ㄩㄥ ㄏㄨㄟˋ ㄧㄢˊ
無庸置疑,1,ㄨˊ ㄩㄥ ㄓˋ ㄧˊ
無庸贅言,1,ㄨˊ ㄩㄥ ㄓㄨㄟˋ ㄧㄢˊ
無用武之地,1,ㄨˊ ㄩㄥˋ ㄨˇ ㄓ ㄉㄧˋ
蕪,1,ㄨˊ
蕪菁,1,ㄨˊ ㄐㄧㄥ
蕪雜,1,ㄨˊ ㄗㄚˊ
五,1,ㄨˇ
五方雜處,1,ㄨˇ ㄈㄤ ㄗㄚˊ ㄔㄨˇ
五福,1,ㄨˇ ㄈㄨˊ
五福臨門,1,ㄨˇ ㄈㄨˊ ㄌㄧㄣˊ ㄇㄣˊ
五代,1,ㄨˇ ㄉㄞˋ
五度制調值標記法,1,ㄨˇ ㄉㄨˋ ㄓˋ ㄉㄧㄠˋ ㄓˊ ㄅㄧㄠ ㄐㄧˋ ㄈㄚˇ
五體投地,1,ㄨˇ ㄊㄧˇ ㄊㄡˊ ㄉㄧˋ
五內如焚,1,ㄨˇ ㄋㄟˋ ㄖㄨˊ ㄈㄣˊ
五倫,1,ㄨˇ ㄌㄨㄣˊ
五更,1,ㄨˇ ㄍㄥ
五穀,1,ㄨˇ ㄍㄨˇ
五官,1,ㄨˇ ㄍㄨㄢ
五光十色,1,ㄨˇ ㄍㄨㄤ ㄕˊ ㄙㄜˋ
五湖四海,1,ㄨˇ ㄏㄨˊ ㄙˋ ㄏㄞˇ
五花八門,1,ㄨˇ ㄏㄨㄚ ㄅㄚ ㄇㄣˊ
五葷,1,ㄨˇ ㄏㄨㄣ
五戒,1,ㄨˇ ㄐㄧㄝˋ
五角大廈,1,ㄨˇ ㄐㄧㄠˇ ㄉㄚˋ ㄒㄧㄚˋ
五金,1,ㄨˇ ㄐㄧㄣ
五經,1,ㄨˇ ㄐㄧㄥ
五線譜,1,ㄨˇ ㄒㄧㄢˋ ㄆㄨˇ
五香,1,ㄨˇ ㄒㄧㄤ
五指,1,ㄨˇ ㄓˇ
五折,1,ㄨˇ ㄓㄜˊ
五十步笑百步,1,ㄨˇ ㄕˊ ㄅㄨˋ ㄒㄧㄠˋ ㄅㄞˇ ㄅㄨˋ
五子棋,1,ㄨˇ ㄗˇ ㄑㄧˊ
五臟,1,ㄨˇ ㄗㄤˋ
五臟六腑,1,ㄨˇ ㄗㄤˋ ㄌㄧㄡˋ ㄈㄨˇ
五彩,1,ㄨˇ ㄘㄞˇ
五彩繽紛,1,ㄨˇ ㄘㄞˇ ㄅㄧㄣ ㄈㄣ
五四運動,1,ㄨˇ ㄙˋ ㄩㄣˋ ㄉㄨㄥˋ
五色,1,ㄨˇ ㄙㄜˋ
五言詩,1,ㄨˇ ㄧㄢˊ ㄕ
五顏六色,1,ㄨˇ ㄧㄢˊ ㄌㄧㄡˋ ㄙㄜˋ
五音不全,1,ㄨˇ ㄧㄣ ㄅㄨˋ ㄑㄩㄢˊ
五味,1,ㄨˇ ㄨㄟˋ
五育,1,ㄨˇ ㄩˋ
伍,1,ㄨˇ
捂,1,ㄨˇ
牾,1,ㄨˇ
午,1,ㄨˇ
午後,1,ㄨˇ ㄏㄡˋ
午覺,1,ㄨˇ ㄐㄧㄠˋ
午前,1,ㄨˇ ㄑㄧㄢˊ
午時,1,ㄨˇ ㄕˊ
午睡,1,ㄨˇ ㄕㄨㄟˋ
午餐,1,ㄨˇ ㄘㄢ
午夜,1,ㄨˇ ㄧㄝˋ
午宴,1,ㄨˇ ㄧㄢˋ
忤,1,ㄨˇ
忤逆,1,ㄨˇ ㄋㄧˋ
迕,1,ㄨˇ
武,1,ㄨˇ
武備,1,ㄨˇ ㄅㄟˋ
武夫,1,ㄨˇ ㄈㄨ
武打,1,ㄨˇ ㄉㄚˇ
武鬥,1,ㄨˇ ㄉㄡˋ
武斷,1,ㄨˇ ㄉㄨㄢˋ
武力,1,ㄨˇ ㄌㄧˋ
武功,1,ㄨˇ ㄍㄨㄥ
武行,1,ㄨˇ ㄏㄤˊ
武器,1,ㄨˇ ㄑㄧˋ
武戲,1,ㄨˇ ㄒㄧˋ
武俠,1,ㄨˇ ㄒㄧㄚˊ
武裝,1,ㄨˇ ㄓㄨㄤ
武場,1,ㄨˇ ㄔㄤˇ
武士,1,ㄨˇ ㄕˋ
武士道,1,ㄨˇ ㄕˋ ㄉㄠˋ
武生,1,ㄨˇ ㄕㄥ
武術,1,ㄨˇ ㄕㄨˋ
武術指導,1,ㄨˇ ㄕㄨˋ ㄓˇ ㄉㄠˇ
武藝,1,ㄨˇ ㄧˋ
鵡,1,ㄨˇ
侮,1,ㄨˇ
侮慢,1,ㄨˇ ㄇㄢˋ
侮蔑,1,ㄨˇ ㄇㄧㄝˋ
侮辱,1,ㄨˇ ㄖㄨˋ
摀,1,ㄨˇ
摀住,1,ㄨˇ ㄓㄨˋ
舞,1,ㄨˇ
舞伴,1,ㄨˇ ㄅㄢˋ
舞弊,1,ㄨˇ ㄅㄧˋ
舞步,1,ㄨˇ ㄅㄨˋ
舞譜,1,ㄨˇ ㄆㄨˇ
舞蹈,1,ㄨˇ ㄉㄠˋ
舞蹈病,1,ㄨˇ ㄉㄠˋ ㄅㄧㄥˋ
舞臺,1,ㄨˇ ㄊㄞˊ
舞臺劇,1,ㄨˇ ㄊㄞˊ ㄐㄩˋ
舞廳,1,ㄨˇ ㄊㄧㄥ
舞團,1,ㄨˇ ㄊㄨㄢˊ
舞孃,1,ㄨˇ ㄋㄧㄤˊ
舞弄,1,ㄨˇ ㄋㄨㄥˋ
舞女,1,ㄨˇ ㄋㄩˇ
舞龍,1,ㄨˇ ㄌㄨㄥˊ
舞會,1,ㄨˇ ㄏㄨㄟˋ
舞技,1,ㄨˇ ㄐㄧˋ
舞曲,1,ㄨˇ ㄑㄩˇ
舞者,1,ㄨˇ ㄓㄜˇ
舞池,1,ㄨˇ ㄔˊ
舞獅,1,ㄨˇ ㄕ
舞姿,1,ㄨˇ ㄗ
舞藝,1,ㄨˇ ㄧˋ
舞文弄墨,1,ㄨˇ ㄨㄣˊ ㄋㄨㄥˋ ㄇㄛˋ
舞樂,1,ㄨˇ ㄩㄝˋ
廡,1,ㄨˇ
嫵,1,ㄨˇ
嫵媚,1,ㄨˇ ㄇㄟˋ
兀,1,ㄨˋ
兀立,1,ㄨˋ ㄌㄧˋ
兀自,1,ㄨˋ ㄗˋ
兀坐,1,ㄨˋ ㄗㄨㄛˋ
兀鷹,1,ㄨˋ ㄧㄥ
屼,1,ㄨˋ
阢,1,ㄨˋ
阢隉,1,ㄨˋ ㄋㄧㄝˋ
杌,1,ㄨˋ
勿,1,ㄨˋ
勿失良機,1,ㄨˋ ㄕ ㄌㄧㄤˊ ㄐㄧ
物,1,ㄨˋ
物品,1,ㄨˋ ㄆㄧㄣˇ
物美價廉,1,ㄨˋ ㄇㄟˇ ㄐㄧㄚˋ ㄌㄧㄢˊ
物體,1,ㄨˋ ㄊㄧˇ
物類,1,ㄨˋ ㄌㄟˋ
物理,1,ㄨˋ ㄌㄧˇ
物理治療,1,ㄨˋ ㄌㄧˇ ㄓˋ ㄌㄧㄠˊ
物力,1,ㄨˋ ㄌㄧˋ
物料,1,ㄨˋ ㄌㄧㄠˋ
物流中心,1,ㄨˋ ㄌㄧㄡˊ ㄓㄨㄥ ㄒㄧㄣ
物歸原主,1,ㄨˋ ㄍㄨㄟ ㄩㄢˊ ㄓㄨˇ
物化,1,ㄨˋ ㄏㄨㄚˋ
物換星移,1,ㄨˋ ㄏㄨㄢˋ ㄒㄧㄥ ㄧˊ
物極必反,1,ㄨˋ ㄐㄧˊ ㄅㄧˋ ㄈㄢˇ
物價,1,ㄨˋ ㄐㄧㄚˋ
物價指數,1,ㄨˋ ㄐㄧㄚˋ ㄓˇ ㄕㄨˋ
物件,1,ㄨˋ ㄐㄧㄢˋ
物盡其用,1,ㄨˋ ㄐㄧㄣˋ ㄑㄧˊ ㄩㄥˋ
物競天擇,1,ㄨˋ ㄐㄧㄥˋ ㄊㄧㄢ ㄗㄜˊ
物質,1,ㄨˋ ㄓˊ
物證,1,ㄨˋ ㄓㄥˋ
物種,1,ㄨˋ ㄓㄨㄥˇ
物產,1,ㄨˋ ㄔㄢˇ
物資,1,ㄨˋ ㄗ
物色,1,ㄨˋ ㄙㄜˋ
物以類聚,1,ㄨˋ ㄧˇ ㄌㄟˋ ㄐㄩˋ
物以稀為貴,1,ㄨˋ ㄧˇ ㄒㄧ ㄨㄟˊ ㄍㄨㄟˋ
物議,1,ㄨˋ ㄧˋ
物欲,1,ㄨˋ ㄩˋ
戊,1,ㄨˋ
悟,1,ㄨˋ
悟道,1,ㄨˋ ㄉㄠˋ
悟性,1,ㄨˋ ㄒㄧㄥˋ
悟出,1,ㄨˋ ㄔㄨ
晤,1,ㄨˋ
晤面,1,ㄨˋ ㄇㄧㄢˋ
晤談,1,ㄨˋ ㄊㄢˊ
晤見,1,ㄨˋ ㄐㄧㄢˋ
寤,1,ㄨˋ
寤寐以求,1,ㄨˋ ㄇㄟˋ ㄧˇ ㄑㄧㄡˊ
務,1,ㄨˋ
務本,1,ㄨˋ ㄅㄣˇ
務必,1,ㄨˋ ㄅㄧˋ
務農,1,ㄨˋ ㄋㄨㄥˊ
務求,1,ㄨˋ ㄑㄧㄡˊ
務須,1,ㄨˋ ㄒㄩ
務實,1,ㄨˋ ㄕˊ
霧,1,ㄨˋ
霧裡看花,1,ㄨˋ ㄌㄧˇ ㄎㄢˋ ㄏㄨㄚ
霧氣,1,ㄨˋ ㄑㄧˋ
騖,1,ㄨˋ
鶩,1,ㄨˋ
惡,1,ㄨˋ
塢,1,ㄨˋ
誤,1,ㄨˋ
誤判,1,ㄨˋ ㄆㄢˋ
誤打誤撞,1,ㄨˋ ㄉㄚˇ ㄨˋ ㄓㄨㄤˋ
誤導,1,ㄨˋ ㄉㄠˇ
誤點,1,ㄨˋ ㄉㄧㄢˇ
誤國,1,ㄨˋ ㄍㄨㄛˊ
誤會,1,ㄨˋ ㄏㄨㄟˋ
誤解,1,ㄨˋ ㄐㄧㄝˇ
誤寫,1,ㄨˋ ㄒㄧㄝˇ
誤植,1,ㄨˋ ㄓˊ
誤差,1,ㄨˋ ㄔㄚ
誤傳,1,ㄨˋ ㄔㄨㄢˊ
誤事,1,ㄨˋ ㄕˋ
誤傷,1,ㄨˋ ㄕㄤ
誤人子弟,1,ㄨˋ ㄖㄣˊ ㄗˇ ㄉㄧˋ
誤認,1,ㄨˋ ㄖㄣˋ
誤入歧途,1,ㄨˋ ㄖㄨˋ ㄑㄧˊ ㄊㄨˊ
誤用,1,ㄨˋ ㄩㄥˋ
挖,1,ㄨㄚ
挖洞,1,ㄨㄚ ㄉㄨㄥˋ
挖土機,1,ㄨㄚ ㄊㄨˇ ㄐㄧ
挖苦,1,ㄨㄚ ㄎㄨˇ
挖空心思,1,ㄨㄚ ㄎㄨㄥ ㄒㄧㄣ ㄙ
挖角,1,ㄨㄚ ㄐㄩㄝˊ
挖角,1,ㄨㄚ ㄐㄧㄠˇ
挖掘,1,ㄨㄚ ㄐㄩㄝˊ
挖牆腳,1,ㄨㄚ ㄑㄧㄤˊ ㄐㄧㄠˇ
挖除,1,ㄨㄚ ㄔㄨˊ
哇,1,ㄨㄚ
哇哇叫,1,ㄨㄚ ㄨㄚ ㄐㄧㄠˋ
蛙,1,ㄨㄚ
蛙鳴,1,ㄨㄚ ㄇㄧㄥˊ
蛙鏡,1,ㄨㄚ ㄐㄧㄥˋ
蛙式,1,ㄨㄚ ㄕˋ
蛙人操,1,ㄨㄚ ㄖㄣˊ ㄘㄠ
窪,1,ㄨㄚ
媧,1,ㄨㄚ
娃,1,ㄨㄚˊ
娃兒,1,ㄨㄚˊ ㄦ
娃娃,1,ㄨㄚˊ ㄨㄚ˙
瓦,1,ㄨㄚˇ
瓦特,1,ㄨㄚˇ ㄊㄜˋ
瓦楞紙,1,ㄨㄚˇ ㄌㄥˊ ㄓˇ
瓦礫,1,ㄨㄚˇ ㄌㄧˋ
瓦解,1,ㄨㄚˇ ㄐㄧㄝˇ
瓦斯,1,ㄨㄚˇ ㄙ
瓦斯爐,1,ㄨㄚˇ ㄙ ㄌㄨˊ
瓦斯中毒,1,ㄨㄚˇ ㄙ ㄓㄨㄥˋ ㄉㄨˊ
瓦斯車,1,ㄨㄚˇ ㄙ ㄔㄜ
瓦窯,1,ㄨㄚˇ ㄧㄠˊ
襪,1,ㄨㄚˋ
襪子,1,ㄨㄚˋ ㄗ˙
哇,1,ㄨㄚ˙
渦,1,ㄨㄛ
渦流,1,ㄨㄛ ㄌㄧㄡˊ
渦輪,1,ㄨㄛ ㄌㄨㄣˊ
萵,1,ㄨㄛ
萵苣,1,ㄨㄛ ㄐㄩˋ
窩,1,ㄨㄛ
窩囊,1,ㄨㄛ ㄋㄤˊ
窩囊,1,ㄨㄛ ㄋㄤ˙
窩心,1,ㄨㄛ ㄒㄧㄣ
窩藏,1,ㄨㄛ ㄘㄤˊ
窩窩頭,1,ㄨㄛ ㄨㄛ ㄊㄡ˙
我,1,ㄨㄛˇ
我輩,1,ㄨㄛˇ ㄅㄟˋ
我們,1,ㄨㄛˇ ㄇㄣ˙
我方,1,ㄨㄛˇ ㄈㄤ
我倆,1,ㄨㄛˇ ㄌㄧㄚˇ
我行我素,1,ㄨㄛˇ ㄒㄧㄥˊ ㄨㄛˇ ㄙㄨˋ
沃,1,ㄨㄛˋ
沃土,1,ㄨㄛˋ ㄊㄨˇ
沃野,1,ㄨㄛˋ ㄧㄝˇ
沃野千里,1,ㄨㄛˋ ㄧㄝˇ ㄑㄧㄢ ㄌㄧˇ
臥,1,ㄨㄛˋ
臥病,1,ㄨㄛˋ ㄅㄧㄥˋ
臥鋪,1,ㄨㄛˋ ㄆㄨˋ
臥房,1,ㄨㄛˋ ㄈㄤˊ
臥底,1,ㄨㄛˋ ㄉㄧˇ
臥榻,1,ㄨㄛˋ ㄊㄚˋ
臥虎藏龍,1,ㄨㄛˋ ㄏㄨˇ ㄘㄤˊ ㄌㄨㄥˊ
臥薪嘗膽,1,ㄨㄛˋ ㄒㄧㄣ ㄔㄤˊ ㄉㄢˇ
臥車,1,ㄨㄛˋ ㄔㄜ
臥床,1,ㄨㄛˋ ㄔㄨㄤˊ
臥室,1,ㄨㄛˋ ㄕˋ
臥遊,1,ㄨㄛˋ ㄧㄡˊ
渥,1,ㄨㄛˋ
握,1,ㄨㄛˋ
握拳,1,ㄨㄛˋ ㄑㄩㄢˊ
握手,1,ㄨㄛˋ ㄕㄡˇ
握手言歡,1,ㄨㄛˋ ㄕㄡˇ ㄧㄢˊ ㄏㄨㄢ
握有,1,ㄨㄛˋ ㄧㄡˇ
喔,1,ㄨㄛˋ
幄,1,ㄨㄛˋ
齷,1,ㄨㄛˋ
齷齪,1,ㄨㄛˋ ㄔㄨㄛˋ
斡,1,ㄨㄛˋ
斡旋,1,ㄨㄛˋ ㄒㄩㄢˊ
歪,1,ㄨㄞ
歪風,1,ㄨㄞ ㄈㄥ
歪打正著,1,ㄨㄞ ㄉㄚˇ ㄓㄥˋ ㄓㄠˊ
歪七扭八,1,ㄨㄞ ㄑㄧ ㄋㄧㄡˇ ㄅㄚ
歪曲,1,ㄨㄞ ㄑㄩ
歪斜,1,ㄨㄞ ㄒㄧㄝˊ
歪主意,1,ㄨㄞ ㄓㄨˇ ㄧˋ
歪才,1,ㄨㄞ ㄘㄞˊ
歪,1,ㄨㄞˇ
外,1,ㄨㄞˋ
外幣,1,ㄨㄞˋ ㄅㄧˋ
外表,1,ㄨㄞˋ ㄅㄧㄠˇ
外邊,1,ㄨㄞˋ ㄅㄧㄢ
外部,1,ㄨㄞˋ ㄅㄨˋ
外埠,1,ㄨㄞˋ ㄅㄨˋ
外婆,1,ㄨㄞˋ ㄆㄛˊ
外貿,1,ㄨㄞˋ ㄇㄠˋ
外貌,1,ㄨㄞˋ ㄇㄠˋ
外面,1,ㄨㄞˋ ㄇㄧㄢˋ
外放,1,ㄨㄞˋ ㄈㄤˋ
外丹功,1,ㄨㄞˋ ㄉㄢ ㄍㄨㄥ
外敵,1,ㄨㄞˋ ㄉㄧˊ
外地,1,ㄨㄞˋ ㄉㄧˋ
外電,1,ㄨㄞˋ ㄉㄧㄢˋ
外太空,1,ㄨㄞˋ ㄊㄞˋ ㄎㄨㄥ
外套,1,ㄨㄞˋ ㄊㄠˋ
外頭,1,ㄨㄞˋ ㄊㄡ˙
外聽道,1,ㄨㄞˋ ㄊㄧㄥ ㄉㄠˋ
外來,1,ㄨㄞˋ ㄌㄞˊ
外來語,1,ㄨㄞˋ ㄌㄞˊ ㄩˇ
外勞,1,ㄨㄞˋ ㄌㄠˊ
外力,1,ㄨㄞˋ ㄌㄧˋ
外流,1,ㄨㄞˋ ㄌㄧㄡˊ
外國,1,ㄨㄞˋ ㄍㄨㄛˊ
外觀,1,ㄨㄞˋ ㄍㄨㄢ
外公,1,ㄨㄞˋ ㄍㄨㄥ
外科,1,ㄨㄞˋ ㄎㄜ
外殼,1,ㄨㄞˋ ㄎㄜˊ
外快,1,ㄨㄞˋ ㄎㄨㄞˋ
外海,1,ㄨㄞˋ ㄏㄞˇ
外號,1,ㄨㄞˋ ㄏㄠˋ
外行,1,ㄨㄞˋ ㄏㄤˊ
外行人,1,ㄨㄞˋ ㄏㄤˊ ㄖㄣˊ
外貨,1,ㄨㄞˋ ㄏㄨㄛˋ
外匯,1,ㄨㄞˋ ㄏㄨㄟˋ
外匯存底,1,ㄨㄞˋ ㄏㄨㄟˋ ㄘㄨㄣˊ ㄉㄧˇ
外患,1,ㄨㄞˋ ㄏㄨㄢˋ
外籍,1,ㄨㄞˋ ㄐㄧˊ
外加,1,ㄨㄞˋ ㄐㄧㄚ
外界,1,ㄨㄞˋ ㄐㄧㄝˋ
外交,1,ㄨㄞˋ ㄐㄧㄠ
外交庇護,1,ㄨㄞˋ ㄐㄧㄠ ㄅㄧˋ ㄏㄨˋ
外交官,1,ㄨㄞˋ ㄐㄧㄠ ㄍㄨㄢ
外交關係,1,ㄨㄞˋ ㄐㄧㄠ ㄍㄨㄢ ㄒㄧˋ
外交豁免權,1,ㄨㄞˋ ㄐㄧㄠ ㄏㄨㄛˋ ㄇㄧㄢˇ ㄑㄩㄢˊ
外交辭令,1,ㄨㄞˋ ㄐㄧㄠ ㄘˊ ㄌㄧㄥˋ
外景,1,ㄨㄞˋ ㄐㄧㄥˇ
外戚,1,ㄨㄞˋ ㄑㄧ
外僑,1,ㄨㄞˋ ㄑㄧㄠˊ
外勤,1,ㄨㄞˋ ㄑㄧㄣˊ
外強中乾,1,ㄨㄞˋ ㄑㄧㄤˊ ㄓㄨㄥ ㄍㄢ
外泄,1,ㄨㄞˋ ㄒㄧㄝˋ
外銷,1,ㄨㄞˋ ㄒㄧㄠ
外線,1,ㄨㄞˋ ㄒㄧㄢˋ
外縣,1,ㄨㄞˋ ㄒㄧㄢˋ
外鄉,1,ㄨㄞˋ ㄒㄧㄤ
外向,1,ㄨㄞˋ ㄒㄧㄤˋ
外形,1,ㄨㄞˋ ㄒㄧㄥˊ
外型,1,ㄨㄞˋ ㄒㄧㄥˊ
外債,1,ㄨㄞˋ ㄓㄞˋ
外傳,1,ㄨㄞˋ ㄓㄨㄢˋ
外弛內張,1,ㄨㄞˋ ㄔˊ ㄋㄟˋ ㄓㄤ
外出,1,ㄨㄞˋ ㄔㄨ
外傳,1,ㄨㄞˋ ㄔㄨㄢˊ
外史,1,ㄨㄞˋ ㄕˇ
外商,1,ㄨㄞˋ ㄕㄤ
外傷,1,ㄨㄞˋ ㄕㄤ
外甥,1,ㄨㄞˋ ㄕㄥ
外甥女,1,ㄨㄞˋ ㄕㄥ ㄋㄩˇ
外省,1,ㄨㄞˋ ㄕㄥˇ
外人,1,ㄨㄞˋ ㄖㄣˊ
外資,1,ㄨㄞˋ ㄗ
外子,1,ㄨㄞˋ ㄗˇ
外在,1,ㄨㄞˋ ㄗㄞˋ
外族,1,ㄨㄞˋ ㄗㄨˊ
外祖母,1,ㄨㄞˋ ㄗㄨˇ ㄇㄨˇ
外祖父,1,ㄨㄞˋ ㄗㄨˇ ㄈㄨˋ
外側,1,ㄨㄞˋ ㄘㄜˋ
外層,1,ㄨㄞˋ ㄘㄥˊ
外宿,1,ㄨㄞˋ ㄙㄨˋ
外孫,1,ㄨㄞˋ ㄙㄨㄣ
外孫女,1,ㄨㄞˋ ㄙㄨㄣ ㄋㄩˇ
外耳,1,ㄨㄞˋ ㄦˇ
外衣,1,ㄨㄞˋ ㄧ
外野,1,ㄨㄞˋ ㄧㄝˇ
外揚,1,ㄨㄞˋ ㄧㄤˊ
外侮,1,ㄨㄞˋ ㄨˇ
外務,1,ㄨㄞˋ ㄨˋ
外圍,1,ㄨㄞˋ ㄨㄟˊ
外文,1,ㄨㄞˋ ㄨㄣˊ
外語,1,ㄨㄞˋ ㄩˇ
外遇,1,ㄨㄞˋ ㄩˋ
外援,1,ㄨㄞˋ ㄩㄢˊ
外圓內方,1,ㄨㄞˋ ㄩㄢˊ ㄋㄟˋ ㄈㄤ
委,1,ㄨㄟ
委蛇,1,ㄨㄟ ㄧˊ
萎,1,ㄨㄟ
萎靡不振,1,ㄨㄟ ㄇㄧˇ ㄅㄨˋ ㄓㄣˋ
萎靡不振,1,ㄨㄟ ㄇㄧˇ ㄅㄨˊ ㄓㄣˋ
萎縮,1,ㄨㄟ ㄙㄨㄛ
逶,1,ㄨㄟ
逶迤,1,ㄨㄟ ㄧˊ
威,1,ㄨㄟ
威逼利誘,1,ㄨㄟ ㄅㄧ ㄌㄧˋ ㄧㄡˋ
威猛,1,ㄨㄟ ㄇㄥˇ
威名,1,ㄨㄟ ㄇㄧㄥˊ
威風,1,ㄨㄟ ㄈㄥ
威風凜凜,1,ㄨㄟ ㄈㄥ ㄌㄧㄣˇ ㄌㄧㄣˇ
威力,1,ㄨㄟ ㄌㄧˋ
威靈,1,ㄨㄟ ㄌㄧㄥˊ
威嚇,1,ㄨㄟ ㄏㄜˋ
威權,1,ㄨㄟ ㄑㄩㄢˊ
威脅,1,ㄨㄟ ㄒㄧㄝˊ
威脅利誘,1,ㄨㄟ ㄒㄧㄝˊ ㄌㄧˋ ㄧㄡˋ
威信,1,ㄨㄟ ㄒㄧㄣˋ
威震,1,ㄨㄟ ㄓㄣˋ
威震八方,1,ㄨㄟ ㄓㄣˋ ㄅㄚ ㄈㄤ
威震寰宇,1,ㄨㄟ ㄓㄣˋ ㄏㄨㄢˊ ㄩˇ
威士忌,1,ㄨㄟ ㄕˋ ㄐㄧˋ
威勢,1,ㄨㄟ ㄕˋ
威儀,1,ㄨㄟ ㄧˊ
威嚴,1,ㄨㄟ ㄧㄢˊ
威武,1,ㄨㄟ ㄨˇ
威望,1,ㄨㄟ ㄨㄤˋ
崴,1,ㄨㄟ
崴嵬,1,ㄨㄟ ㄨㄟˊ
葳,1,ㄨㄟ
葳蕤,1,ㄨㄟ ㄖㄨㄟˊ
偎,1,ㄨㄟ
隈,1,ㄨㄟ
危,1,ㄨㄟˊ
危難,1,ㄨㄟˊ ㄋㄢˋ
危樓,1,ㄨㄟˊ ㄌㄡˊ
危害,1,ㄨㄟˊ ㄏㄞˋ
危機,1,ㄨㄟˊ ㄐㄧ
危機意識,1,ㄨㄟˊ ㄐㄧ ㄧˋ ㄕˋ
危及,1,ㄨㄟˊ ㄐㄧˊ
危急,1,ㄨㄟˊ ㄐㄧˊ
危局,1,ㄨㄟˊ ㄐㄩˊ
危險,1,ㄨㄟˊ ㄒㄧㄢˇ
危城,1,ㄨㄟˊ ㄔㄥˊ
危如累卵,1,ㄨㄟˊ ㄖㄨˊ ㄌㄟˇ ㄌㄨㄢˇ
危弱,1,ㄨㄟˊ ㄖㄨㄛˋ
危在旦夕,1,ㄨㄟˊ ㄗㄞˋ ㄉㄢˋ ㄒㄧˋ
危言,1,ㄨㄟˊ ㄧㄢˊ
危言聳聽,1,ㄨㄟˊ ㄧㄢˊ ㄙㄨㄥˇ ㄊㄧㄥ
桅,1,ㄨㄟˊ
桅杆,1,ㄨㄟˊ ㄍㄢ
為,1,ㄨㄟˊ
為民喉舌,1,ㄨㄟˊ ㄇㄧㄣˊ ㄏㄡˊ ㄕㄜˊ
為非作歹,1,ㄨㄟˊ ㄈㄟ ㄗㄨㄛˋ ㄉㄞˇ
為德不卒,1,ㄨㄟˊ ㄉㄜˊ ㄅㄨˋ ㄗㄨˊ
為難,1,ㄨㄟˊ ㄋㄢˊ
為害,1,ㄨㄟˊ ㄏㄞˋ
為今之計,1,ㄨㄟˊ ㄐㄧㄣ ㄓ ㄐㄧˋ
為期,1,ㄨㄟˊ ㄑㄧˊ
為止,1,ㄨㄟˊ ㄓˇ
為政,1,ㄨㄟˊ ㄓㄥˋ
為時已晚,1,ㄨㄟˊ ㄕˊ ㄧˇ ㄨㄢˇ
為首,1,ㄨㄟˊ ㄕㄡˇ
為善,1,ㄨㄟˊ ㄕㄢˋ
為生,1,ㄨㄟˊ ㄕㄥ
為人,1,ㄨㄟˊ ㄖㄣˊ
為人師表,1,ㄨㄟˊ ㄖㄣˊ ㄕ ㄅㄧㄠˇ
為所欲為,1,ㄨㄟˊ ㄙㄨㄛˇ ㄩˋ ㄨㄟˊ
為伍,1,ㄨㄟˊ ㄨˇ
韋,1,ㄨㄟˊ
幃,1,ㄨㄟˊ
圍,1,ㄨㄟˊ
圍標,1,ㄨㄟˊ ㄅㄧㄠ
圍捕,1,ㄨㄟˊ ㄅㄨˇ
圍兜,1,ㄨㄟˊ ㄉㄡ
圍堵,1,ㄨㄟˊ ㄉㄨˇ
圍籬,1,ㄨㄟˊ ㄌㄧˊ
圍爐,1,ㄨㄟˊ ㄌㄨˊ
圍攏,1,ㄨㄟˊ ㄌㄨㄥˇ
圍觀,1,ㄨㄟˊ ㄍㄨㄢ
圍攻,1,ㄨㄟˊ ㄍㄨㄥ
圍困,1,ㄨㄟˊ ㄎㄨㄣˋ
圍剿,1,ㄨㄟˊ ㄐㄧㄠˇ
圍巾,1,ㄨㄟˊ ㄐㄧㄣ
圍棋,1,ㄨㄟˊ ㄑㄧˊ
圍牆,1,ㄨㄟˊ ㄑㄧㄤˊ
圍裙,1,ㄨㄟˊ ㄑㄩㄣˊ
圍住,1,ㄨㄟˊ ㄓㄨˋ
圍繞,1,ㄨㄟˊ ㄖㄠˋ
違,1,ㄨㄟˊ
違背,1,ㄨㄟˊ ㄅㄟˋ
違法,1,ㄨㄟˊ ㄈㄚˇ
違法亂紀,1,ㄨㄟˊ ㄈㄚˇ ㄌㄨㄢˋ ㄐㄧˋ
違反,1,ㄨㄟˊ ㄈㄢˇ
違犯,1,ㄨㄟˊ ㄈㄢˋ
違逆,1,ㄨㄟˊ ㄋㄧˋ
違例,1,ㄨㄟˊ ㄌㄧˋ
違規,1,ㄨㄟˊ ㄍㄨㄟ
違抗,1,ㄨㄟˊ ㄎㄤˋ
違紀,1,ㄨㄟˊ ㄐㄧˋ
違紀參選,1,ㄨㄟˊ ㄐㄧˋ ㄘㄢ ㄒㄩㄢˇ
違建,1,ㄨㄟˊ ㄐㄧㄢˋ
違禁,1,ㄨㄟˊ ㄐㄧㄣˋ
違禁品,1,ㄨㄟˊ ㄐㄧㄣˋ ㄆㄧㄣˇ
違警,1,ㄨㄟˊ ㄐㄧㄥˇ
違憲,1,ㄨㄟˊ ㄒㄧㄢˋ
違心之論,1,ㄨㄟˊ ㄒㄧㄣ ㄓ ㄌㄨㄣˋ
違章建築,1,ㄨㄟˊ ㄓㄤ ㄐㄧㄢˋ ㄓㄨˊ
違約,1,ㄨㄟˊ ㄩㄝ
違約交割,1,ㄨㄟˊ ㄩㄝ ㄐㄧㄠ ㄍㄜ
闈,1,ㄨㄟˊ
闈場,1,ㄨㄟˊ ㄔㄤˇ
惟,1,ㄨㄟˊ
唯,1,ㄨㄟˊ
唯美,1,ㄨㄟˊ ㄇㄟˇ
唯妙唯肖,1,ㄨㄟˊ ㄇㄧㄠˋ ㄨㄟˊ ㄒㄧㄠˋ
唯命是從,1,ㄨㄟˊ ㄇㄧㄥˋ ㄕˋ ㄘㄨㄥˊ
唯獨,1,ㄨㄟˊ ㄉㄨˊ
唯利是圖,1,ㄨㄟˊ ㄌㄧˋ ㄕˋ ㄊㄨˊ
唯恐,1,ㄨㄟˊ ㄎㄨㄥˇ
唯心論,1,ㄨㄟˊ ㄒㄧㄣ ㄌㄨㄣˋ
唯一,1,ㄨㄟˊ ㄧ
唯有,1,ㄨㄟˊ ㄧㄡˇ
唯物論,1,ㄨㄟˊ ㄨˋ ㄌㄨㄣˋ
唯我獨尊,1,ㄨㄟˊ ㄨㄛˇ ㄉㄨˊ ㄗㄨㄣ
唯唯諾諾,1,ㄨㄟˊ ㄨㄟˊ ㄋㄨㄛˋ ㄋㄨㄛˋ
帷,1,ㄨㄟˊ
帷幕,1,ㄨㄟˊ ㄇㄨˋ
維,1,ㄨㄟˊ
維妙維肖,1,ㄨㄟˊ ㄇㄧㄠˋ ㄨㄟˊ ㄒㄧㄠˋ
維他命,1,ㄨㄟˊ ㄊㄚ ㄇㄧㄥˋ
維護,1,ㄨㄟˊ ㄏㄨˋ
維艱,1,ㄨㄟˊ ㄐㄧㄢ
維繫,1,ㄨㄟˊ ㄒㄧˋ
維修,1,ㄨㄟˊ ㄒㄧㄡ
維新,1,ㄨㄟˊ ㄒㄧㄣ
維新圖強,1,ㄨㄟˊ ㄒㄧㄣ ㄊㄨˊ ㄑㄧㄤˊ
維持,1,ㄨㄟˊ ㄔˊ
維生,1,ㄨㄟˊ ㄕㄥ
維生素,1,ㄨㄟˊ ㄕㄥ ㄙㄨˋ
嵬,1,ㄨㄟˊ
微,1,ㄨㄟˊ
微波,1,ㄨㄟˊ ㄅㄛ
微波爐,1,ㄨㄟˊ ㄅㄛ ㄌㄨˊ
微波食品,1,ㄨㄟˊ ㄅㄛ ㄕˊ ㄆㄧㄣˇ
微薄,1,ㄨㄟˊ ㄅㄛˊ
微不足道,1,ㄨㄟˊ ㄅㄨˋ ㄗㄨˊ ㄉㄠˋ
微妙,1,ㄨㄟˊ ㄇㄧㄠˋ
微風,1,ㄨㄟˊ ㄈㄥ
微服,1,ㄨㄟˊ ㄈㄨˊ
微電腦,1,ㄨㄟˊ ㄉㄧㄢˋ ㄋㄠˇ
微粒,1,ㄨㄟˊ ㄌㄧˋ
微量,1,ㄨㄟˊ ㄌㄧㄤˋ
微乎其微,1,ㄨㄟˊ ㄏㄨ ㄑㄧˊ ㄨㄟˊ
微積分,1,ㄨㄟˊ ㄐㄧ ㄈㄣ
微卷,1,ㄨㄟˊ ㄐㄩㄢˇ
微曦,1,ㄨㄟˊ ㄒㄧ
微血管,1,ㄨㄟˊ ㄒㄧㄝˇ ㄍㄨㄢˇ
微小,1,ㄨㄟˊ ㄒㄧㄠˇ
微笑,1,ㄨㄟˊ ㄒㄧㄠˋ
微型,1,ㄨㄟˊ ㄒㄧㄥˊ
微醺,1,ㄨㄟˊ ㄒㄩㄣ
微弱,1,ㄨㄟˊ ㄖㄨㄛˋ
微詞,1,ㄨㄟˊ ㄘˊ
微言大義,1,ㄨㄟˊ ㄧㄢˊ ㄉㄚˋ ㄧˋ
微微,1,ㄨㄟˊ ㄨㄟˊ
薇,1,ㄨㄟˊ
巍,1,ㄨㄟˊ
巍然,1,ㄨㄟˊ ㄖㄢˊ
巍峨,1,ㄨㄟˊ ㄜˊ
尾,1,ㄨㄟˇ
尾巴,1,ㄨㄟˇ ㄅㄚ
尾巴,1,ㄨㄟˇ ㄅㄚ˙
尾大不掉,1,ㄨㄟˇ ㄉㄚˋ ㄅㄨˋ ㄉㄧㄠˋ
尾大不掉,1,ㄨㄟˇ ㄉㄚˋ ㄅㄨˊ ㄉㄧㄠˋ
尾端,1,ㄨㄟˇ ㄉㄨㄢ
尾款,1,ㄨㄟˇ ㄎㄨㄢˇ
尾鰭,1,ㄨㄟˇ ㄑㄧˊ
尾椎,1,ㄨㄟˇ ㄓㄨㄟ
尾聲,1,ㄨㄟˇ ㄕㄥ
尾數,1,ㄨㄟˇ ㄕㄨˋ
尾隨,1,ㄨㄟˇ ㄙㄨㄟˊ
娓,1,ㄨㄟˇ
娓娓,1,ㄨㄟˇ ㄨㄟˇ
娓娓道來,1,ㄨㄟˇ ㄨㄟˇ ㄉㄠˋ ㄌㄞˊ
娓娓動聽,1,ㄨㄟˇ ㄨㄟˇ ㄉㄨㄥˋ ㄊㄧㄥ
艉,1,ㄨㄟˇ
委,1,ㄨㄟˇ
委辦,1,ㄨㄟˇ ㄅㄢˋ
委派,1,ㄨㄟˇ ㄆㄞˋ
委靡,1,ㄨㄟˇ ㄇㄧˇ
委靡不振,1,ㄨㄟˇ ㄇㄧˇ ㄅㄨˋ ㄓㄣˋ
委靡不振,1,ㄨㄟˇ ㄇㄧˇ ㄅㄨˊ ㄓㄣˋ
委頓,1,ㄨㄟˇ ㄉㄨㄣˋ
委託,1,ㄨㄟˇ ㄊㄨㄛ
委託行,1,ㄨㄟˇ ㄊㄨㄛ ㄏㄤˊ
委決不下,1,ㄨㄟˇ ㄐㄩㄝˊ ㄅㄨˋ ㄒㄧㄚˋ
委決不下,1,ㄨㄟˇ ㄐㄩㄝˊ ㄅㄨˊ ㄒㄧㄚˋ
委曲,1,ㄨㄟˇ ㄑㄩ
委曲求全,1,ㄨㄟˇ ㄑㄩ ㄑㄧㄡˊ ㄑㄩㄢˊ
委屈,1,ㄨㄟˇ ㄑㄩ
委實,1,ㄨㄟˇ ㄕˊ
委身,1,ㄨㄟˇ ㄕㄣ
委任,1,ㄨㄟˇ ㄖㄣˋ
委瑣,1,ㄨㄟˇ ㄙㄨㄛˇ
委婉,1,ㄨㄟˇ ㄨㄢˇ
委員,1,ㄨㄟˇ ㄩㄢˊ
委員會,1,ㄨㄟˇ ㄩㄢˊ ㄏㄨㄟˋ
痿,1,ㄨㄟˇ
諉,1,ㄨㄟˇ
諉過,1,ㄨㄟˇ ㄍㄨㄛˋ
偉,1,ㄨㄟˇ
偉大,1,ㄨㄟˇ ㄉㄚˋ
偉人,1,ㄨㄟˇ ㄖㄣˊ
偉業,1,ㄨㄟˇ ㄧㄝˋ
煒,1,ㄨㄟˇ
瑋,1,ㄨㄟˇ
葦,1,ㄨㄟˇ
緯,1,ㄨㄟˇ
緯度,1,ㄨㄟˇ ㄉㄨˋ
緯線,1,ㄨㄟˇ ㄒㄧㄢˋ
韙,1,ㄨㄟˇ
猥,1,ㄨㄟˇ
猥褻,1,ㄨㄟˇ ㄒㄧㄝˋ
猥瑣,1,ㄨㄟˇ ㄙㄨㄛˇ
鮪,1,ㄨㄟˇ
鮪魚,1,ㄨㄟˇ ㄩˊ
未,1,ㄨㄟˋ
未必,1,ㄨㄟˋ ㄅㄧˋ
未便,1,ㄨㄟˋ ㄅㄧㄢˋ
未卜先知,1,ㄨㄟˋ ㄅㄨˇ ㄒㄧㄢ ㄓ
未滿,1,ㄨㄟˋ ㄇㄢˇ
未免,1,ㄨㄟˋ ㄇㄧㄢˇ
未定,1,ㄨㄟˋ ㄉㄧㄥˋ
未來,1,ㄨㄟˋ ㄌㄞˊ
未來主義,1,ㄨㄟˋ ㄌㄞˊ ㄓㄨˇ ㄧˋ
未老先衰,1,ㄨㄟˋ ㄌㄠˇ ㄒㄧㄢ ㄕㄨㄞ
未了,1,ㄨㄟˋ ㄌㄧㄠˇ
未料,1,ㄨㄟˋ ㄌㄧㄠˋ
未可厚非,1,ㄨㄟˋ ㄎㄜˇ ㄏㄡˋ ㄈㄟ
未可限量,1,ㄨㄟˋ ㄎㄜˇ ㄒㄧㄢˋ ㄌㄧㄤˋ
未婚,1,ㄨㄟˋ ㄏㄨㄣ
未婚媽媽,1,ㄨㄟˋ ㄏㄨㄣ ㄇㄚ ㄇㄚ˙
未婚夫,1,ㄨㄟˋ ㄏㄨㄣ ㄈㄨ
未及,1,ㄨㄟˋ ㄐㄧˊ
未幾,1,ㄨㄟˋ ㄐㄧˇ
未決,1,ㄨㄟˋ ㄐㄩㄝˊ
未知,1,ㄨㄟˋ ㄓ
未知數,1,ㄨㄟˋ ㄓ ㄕㄨˋ
未嘗,1,ㄨㄟˋ ㄔㄤˊ
未成年,1,ㄨㄟˋ ㄔㄥˊ ㄋㄧㄢˊ
未曾,1,ㄨㄟˋ ㄘㄥˊ
未遂,1,ㄨㄟˋ ㄙㄨㄟˋ
未亡人,1,ㄨㄟˋ ㄨㄤˊ ㄖㄣˊ
未雨綢繆,1,ㄨㄟˋ ㄩˇ ㄔㄡˊ ㄇㄡˊ
味,1,ㄨㄟˋ
味道,1,ㄨㄟˋ ㄉㄠˋ
味同嚼蠟,1,ㄨㄟˋ ㄊㄨㄥˊ ㄐㄩㄝˊ ㄌㄚˋ
味精,1,ㄨㄟˋ ㄐㄧㄥ
味覺,1,ㄨㄟˋ ㄐㄩㄝˊ
味噌湯,1,ㄨㄟˋ ㄘㄥ ㄊㄤ
味素,1,ㄨㄟˋ ㄙㄨˋ
味兒,1,ㄨㄟˋ ㄦ
味兒,1,ㄨㄜˋ ㄦ
位,1,ㄨㄟˋ
位能,1,ㄨㄟˋ ㄋㄥˊ
位階,1,ㄨㄟˋ ㄐㄧㄝ
位居要津,1,ㄨㄟˋ ㄐㄩ ㄧㄠˋ ㄐㄧㄣ
位置,1,ㄨㄟˋ ㄓˋ
位子,1,ㄨㄟˋ ㄗ˙
位移,1,ㄨㄟˋ ㄧˊ
位於,1,ㄨㄟˋ ㄩˊ
位元,1,ㄨㄟˋ ㄩㄢˊ
位元組,1,ㄨㄟˋ ㄩㄢˊ ㄗㄨˇ
為,1,ㄨㄟˋ
為民請命,1,ㄨㄟˋ ㄇㄧㄣˊ ㄑㄧㄥˇ ㄇㄧㄥˋ
為國捐軀,1,ㄨㄟˋ ㄍㄨㄛˊ ㄐㄩㄢ ㄑㄩ
為國爭光,1,ㄨㄟˋ ㄍㄨㄛˊ ㄓㄥ ㄍㄨㄤ
為何,1,ㄨㄟˋ ㄏㄜˊ
為虎作倀,1,ㄨㄟˋ ㄏㄨˇ ㄗㄨㄛˋ ㄔㄤ
為甚麼,1,ㄨㄟˋ ㄕㄣˊ ㄇㄜ˙
為人作嫁,1,ㄨㄟˋ ㄖㄣˊ ㄗㄨㄛˋ ㄐㄧㄚˋ
偽,1,ㄨㄟˋ
偽君子,1,ㄨㄟˋ ㄐㄩㄣ ㄗˇ
偽證,1,ㄨㄟˋ ㄓㄥˋ
偽裝,1,ㄨㄟˋ ㄓㄨㄤ
偽善,1,ㄨㄟˋ ㄕㄢˋ
偽書,1,ㄨㄟˋ ㄕㄨ
偽造,1,ㄨㄟˋ ㄗㄠˋ
畏,1,ㄨㄟˋ
畏途,1,ㄨㄟˋ ㄊㄨˊ
畏難,1,ㄨㄟˋ ㄋㄢˊ
畏光,1,ㄨㄟˋ ㄍㄨㄤ
畏忌,1,ㄨㄟˋ ㄐㄧˋ
畏懼,1,ㄨㄟˋ ㄐㄩˋ
畏怯,1,ㄨㄟˋ ㄑㄩㄝˋ
畏首畏尾,1,ㄨㄟˋ ㄕㄡˇ ㄨㄟˋ ㄨㄟˇ
畏罪,1,ㄨㄟˋ ㄗㄨㄟˋ
畏罪潛逃,1,ㄨㄟˋ ㄗㄨㄟˋ ㄑㄧㄢˊ ㄊㄠˊ
畏縮,1,ㄨㄟˋ ㄙㄨㄛ
畏畏縮縮,1,ㄨㄟˋ ㄨㄟˋ ㄙㄨㄛ ㄙㄨㄛ
喂,1,ㄨㄟˋ
餵,1,ㄨㄟˋ
餵食,1,ㄨㄟˋ ㄕˊ
餵養,1,ㄨㄟˋ ㄧㄤˇ
胃,1,ㄨㄟˋ
胃病,1,ㄨㄟˋ ㄅㄧㄥˋ
胃口,1,ㄨㄟˋ ㄎㄡˇ
胃潰瘍,1,ㄨㄟˋ ㄎㄨㄟˋ ㄧㄤˊ
胃鏡,1,ㄨㄟˋ ㄐㄧㄥˋ
胃酸,1,ㄨㄟˋ ㄙㄨㄢ
胃癌,1,ㄨㄟˋ ㄞˊ
渭,1,ㄨㄟˋ
渭河,1,ㄨㄟˋ ㄏㄜˊ
蝟,1,ㄨㄟˋ
謂,1,ㄨㄟˋ
尉,1,ㄨㄟˋ
蔚,1,ㄨㄟˋ
蔚藍,1,ㄨㄟˋ ㄌㄢˊ
蔚成,1,ㄨㄟˋ ㄔㄥˊ
蔚然,1,ㄨㄟˋ ㄖㄢˊ
蔚然成風,1,ㄨㄟˋ ㄖㄢˊ ㄔㄥˊ ㄈㄥ
蔚為奇觀,1,ㄨㄟˋ ㄨㄟˊ ㄑㄧˊ ㄍㄨㄢ
慰,1,ㄨㄟˋ
慰勉,1,ㄨㄟˋ ㄇㄧㄢˇ
慰勞,1,ㄨㄟˋ ㄌㄠˋ
慰留,1,ㄨㄟˋ ㄌㄧㄡˊ
慰藉,1,ㄨㄟˋ ㄐㄧㄝˋ
慰問,1,ㄨㄟˋ ㄨㄣˋ
衛,1,ㄨㄟˋ
衛兵,1,ㄨㄟˋ ㄅㄧㄥ
衛冕,1,ㄨㄟˋ ㄇㄧㄢˇ
衛道,1,ㄨㄟˋ ㄉㄠˋ
衛道之士,1,ㄨㄟˋ ㄉㄠˋ ㄓ ㄕˋ
衛隊,1,ㄨㄟˋ ㄉㄨㄟˋ
衛星,1,ㄨㄟˋ ㄒㄧㄥ
衛星電視,1,ㄨㄟˋ ㄒㄧㄥ ㄉㄧㄢˋ ㄕˋ
衛士,1,ㄨㄟˋ ㄕˋ
衛生,1,ㄨㄟˋ ㄕㄥ
衛生局,1,ㄨㄟˋ ㄕㄥ ㄐㄩˊ
衛生下水道,1,ㄨㄟˋ ㄕㄥ ㄒㄧㄚˋ ㄕㄨㄟˇ ㄉㄠˋ
衛生紙,1,ㄨㄟˋ ㄕㄥ ㄓˇ
衛生所,1,ㄨㄟˋ ㄕㄥ ㄙㄨㄛˇ
衛生衣,1,ㄨㄟˋ ㄕㄥ ㄧ
衛浴設備,1,ㄨㄟˋ ㄩˋ ㄕㄜˋ ㄅㄟˋ
遺,1,ㄨㄟˋ
魏,1,ㄨㄟˋ
剜,1,ㄨㄢ
剜肉補瘡,1,ㄨㄢ ㄖㄡˋ ㄅㄨˇ ㄔㄨㄤ
蜿,1,ㄨㄢ
蜿蜒,1,ㄨㄢ ㄧㄢˊ
豌,1,ㄨㄢ
豌豆,1,ㄨㄢ ㄉㄡˋ
彎,1,ㄨㄢ
彎道,1,ㄨㄢ ㄉㄠˋ
彎度,1,ㄨㄢ ㄉㄨˋ
彎曲,1,ㄨㄢ ㄑㄩ
彎腰駝背,1,ㄨㄢ ㄧㄠ ㄊㄨㄛˊ ㄅㄟˋ
彎彎曲曲,1,ㄨㄢ ㄨㄢ ㄑㄩ ㄑㄩ
灣,1,ㄨㄢ
丸,1,ㄨㄢˊ
丸藥,1,ㄨㄢˊ ㄧㄠˋ
紈,1,ㄨㄢˊ
紈褲子弟,1,ㄨㄢˊ ㄎㄨˋ ㄗˇ ㄉㄧˋ
完,1,ㄨㄢˊ
完備,1,ㄨㄢˊ ㄅㄟˋ
完畢,1,ㄨㄢˊ ㄅㄧˋ
完璧歸趙,1,ㄨㄢˊ ㄅㄧˋ ㄍㄨㄟ ㄓㄠˋ
完美,1,ㄨㄢˊ ㄇㄟˇ
完滿,1,ㄨㄢˊ ㄇㄢˇ
完了,1,ㄨㄢˊ ㄌㄜ˙
完了,1,ㄨㄢˊ ㄌㄧㄠˇ
完稿,1,ㄨㄢˊ ㄍㄠˇ
完工,1,ㄨㄢˊ ㄍㄨㄥ
完好,1,ㄨㄢˊ ㄏㄠˇ
完好如初,1,ㄨㄢˊ ㄏㄠˇ ㄖㄨˊ ㄔㄨ
完婚,1,ㄨㄢˊ ㄏㄨㄣ
完結,1,ㄨㄢˊ ㄐㄧㄝˊ
完結篇,1,ㄨㄢˊ ㄐㄧㄝˊ ㄆㄧㄢ
完全,1,ㄨㄢˊ ㄑㄩㄢˊ
完全比賽,1,ㄨㄢˊ ㄑㄩㄢˊ ㄅㄧˇ ㄙㄞˋ
完全打擊,1,ㄨㄢˊ ㄑㄩㄢˊ ㄉㄚˇ ㄐㄧˊ
完整,1,ㄨㄢˊ ㄓㄥˇ
完成,1,ㄨㄢˊ ㄔㄥˊ
完善,1,ㄨㄢˊ ㄕㄢˋ
完稅,1,ㄨㄢˊ ㄕㄨㄟˋ
完人,1,ㄨㄢˊ ㄖㄣˊ
玩,1,ㄨㄢˊ
玩伴,1,ㄨㄢˊ ㄅㄢˋ
玩票,1,ㄨㄢˊ ㄆㄧㄠˋ
玩命,1,ㄨㄢˊ ㄇㄧㄥˋ
玩法,1,ㄨㄢˊ ㄈㄚˇ
玩弄,1,ㄨㄢˊ ㄋㄨㄥˋ
玩樂,1,ㄨㄢˊ ㄌㄜˋ
玩火,1,ㄨㄢˊ ㄏㄨㄛˇ
玩火自焚,1,ㄨㄢˊ ㄏㄨㄛˇ ㄗˋ ㄈㄣˊ
玩家,1,ㄨㄢˊ ㄐㄧㄚ
玩具,1,ㄨㄢˊ ㄐㄩˋ
玩笑,1,ㄨㄢˊ ㄒㄧㄠˋ
玩世不恭,1,ㄨㄢˊ ㄕˋ ㄅㄨˋ ㄍㄨㄥ
玩賞,1,ㄨㄢˊ ㄕㄤˇ
玩耍,1,ㄨㄢˊ ㄕㄨㄚˇ
玩偶,1,ㄨㄢˊ ㄡˇ
玩意兒,1,ㄨㄢˊ ㄧˋ ㄦ
玩意兒,1,ㄨㄢˊ ㄧㄜˋ ㄦ
玩物,1,ㄨㄢˊ ㄨˋ
玩物喪志,1,ㄨㄢˊ ㄨˋ ㄙㄤˋ ㄓˋ
玩味,1,ㄨㄢˊ ㄨㄟˋ
烷,1,ㄨㄢˊ
頑,1,ㄨㄢˊ
頑皮,1,ㄨㄢˊ ㄆㄧˊ
頑童,1,ㄨㄢˊ ㄊㄨㄥˊ
頑逆,1,ㄨㄢˊ ㄋㄧˋ
頑劣,1,ㄨㄢˊ ㄌㄧㄝˋ
頑固,1,ㄨㄢˊ ㄍㄨˋ
頑抗,1,ㄨㄢˊ ㄎㄤˋ
頑強,1,ㄨㄢˊ ㄑㄧㄤˊ
頑石,1,ㄨㄢˊ ㄕˊ
頑石點頭,1,ㄨㄢˊ ㄕˊ ㄉㄧㄢˇ ㄊㄡˊ
宛,1,ㄨㄢˇ
宛轉,1,ㄨㄢˇ ㄓㄨㄢˇ
宛然,1,ㄨㄢˇ ㄖㄢˊ
宛如,1,ㄨㄢˇ ㄖㄨˊ
宛若,1,ㄨㄢˇ ㄖㄨㄛˋ
婉,1,ㄨㄢˇ
婉拒,1,ㄨㄢˇ ㄐㄩˋ
婉謝,1,ㄨㄢˇ ㄒㄧㄝˋ
婉轉,1,ㄨㄢˇ ㄓㄨㄢˇ
婉辭,1,ㄨㄢˇ ㄘˊ
婉言,1,ㄨㄢˇ ㄧㄢˊ
婉約,1,ㄨㄢˇ ㄩㄝ
琬,1,ㄨㄢˇ
碗,1,ㄨㄢˇ
碗盤,1,ㄨㄢˇ ㄆㄢˊ
碗筷,1,ㄨㄢˇ ㄎㄨㄞˋ
畹,1,ㄨㄢˇ
浣,1,ㄨㄢˇ
浣熊,1,ㄨㄢˇ ㄒㄩㄥˊ
莞,1,ㄨㄢˇ
莞爾,1,ㄨㄢˇ ㄦˇ
皖,1,ㄨㄢˇ
挽,1,ㄨㄢˇ
挽留,1,ㄨㄢˇ ㄌㄧㄡˊ
挽回,1,ㄨㄢˇ ㄏㄨㄟˊ
挽救,1,ㄨㄢˇ ㄐㄧㄡˋ
挽袖,1,ㄨㄢˇ ㄒㄧㄡˋ
娩,1,ㄨㄢˇ
晚,1,ㄨㄢˇ
晚輩,1,ㄨㄢˇ ㄅㄟˋ
晚報,1,ㄨㄢˇ ㄅㄠˋ
晚飯,1,ㄨㄢˇ ㄈㄢˋ
晚年,1,ㄨㄢˇ ㄋㄧㄢˊ
晚娘,1,ㄨㄢˇ ㄋㄧㄤˊ
晚娘面孔,1,ㄨㄢˇ ㄋㄧㄤˊ ㄇㄧㄢˋ ㄎㄨㄥˇ
晚禮服,1,ㄨㄢˇ ㄌㄧˇ ㄈㄨˊ
晚歸,1,ㄨㄢˇ ㄍㄨㄟ
晚會,1,ㄨㄢˇ ㄏㄨㄟˋ
晚婚,1,ㄨㄢˇ ㄏㄨㄣ
晚間,1,ㄨㄢˇ ㄐㄧㄢ
晚近,1,ㄨㄢˇ ㄐㄧㄣˋ
晚景,1,ㄨㄢˇ ㄐㄧㄥˇ
晚期,1,ㄨㄢˇ ㄑㄧˊ
晚起,1,ㄨㄢˇ ㄑㄧˇ
晚霞,1,ㄨㄢˇ ㄒㄧㄚˊ
晚場,1,ㄨㄢˇ ㄔㄤˇ
晚上,1,ㄨㄢˇ ㄕㄤˋ
晚上,1,ㄨㄢˇ ㄕㄤ˙
晚生,1,ㄨㄢˇ ㄕㄥ
晚餐,1,ㄨㄢˇ ㄘㄢ
晚安,1,ㄨㄢˇ ㄢ
晚宴,1,ㄨㄢˇ ㄧㄢˋ
輓,1,ㄨㄢˇ
輓聯,1,ㄨㄢˇ ㄌㄧㄢˊ
輓歌,1,ㄨㄢˇ ㄍㄜ
輓額,1,ㄨㄢˇ ㄜˊ
綰,1,ㄨㄢˇ
卍,1,ㄨㄢˋ
惋,1,ㄨㄢˋ
惋惜,1,ㄨㄢˋ ㄒㄧˊ
腕,1,ㄨㄢˋ
腕道症候群,1,ㄨㄢˋ ㄉㄠˋ ㄓㄥˋ ㄏㄡˋ ㄑㄩㄣˊ
腕骨,1,ㄨㄢˋ ㄍㄨˇ
萬,1,ㄨㄢˋ
萬般,1,ㄨㄢˋ ㄅㄢ
萬不得已,1,ㄨㄢˋ ㄅㄨˋ ㄉㄜˊ ㄧˇ
萬馬奔騰,1,ㄨㄢˋ ㄇㄚˇ ㄅㄣ ㄊㄥˊ
萬分,1,ㄨㄢˋ ㄈㄣ
萬夫莫敵,1,ㄨㄢˋ ㄈㄨ ㄇㄛˋ ㄉㄧˊ
萬福,1,ㄨㄢˋ ㄈㄨˊ
萬難,1,ㄨㄢˋ ㄋㄢˊ
萬難,1,ㄨㄢˋ ㄋㄢˋ
萬能,1,ㄨㄢˋ ㄋㄥˊ
萬年曆,1,ㄨㄢˋ ㄋㄧㄢˊ ㄌㄧˋ
萬年青,1,ㄨㄢˋ ㄋㄧㄢˊ ㄑㄧㄥ
萬念俱灰,1,ㄨㄢˋ ㄋㄧㄢˋ ㄐㄩˋ ㄏㄨㄟ
萬籟俱寂,1,ㄨㄢˋ ㄌㄞˋ ㄐㄩˋ ㄐㄧˊ
萬籟無聲,1,ㄨㄢˋ ㄌㄞˋ ㄨˊ ㄕㄥ
萬里迢迢,1,ㄨㄢˋ ㄌㄧˇ ㄊㄧㄠˊ ㄊㄧㄠˊ
萬靈丹,1,ㄨㄢˋ ㄌㄧㄥˊ ㄉㄢ
萬古不滅,1,ㄨㄢˋ ㄍㄨˇ ㄅㄨˋ ㄇㄧㄝˋ
萬古不滅,1,ㄨㄢˋ ㄍㄨˇ ㄅㄨˊ ㄇㄧㄝˋ
萬古流芳,1,ㄨㄢˋ ㄍㄨˇ ㄌㄧㄡˊ ㄈㄤ
萬貫家財,1,ㄨㄢˋ ㄍㄨㄢˋ ㄐㄧㄚ ㄘㄞˊ
萬花筒,1,ㄨㄢˋ ㄏㄨㄚ ㄊㄨㄥˇ
萬家燈火,1,ㄨㄢˋ ㄐㄧㄚ ㄉㄥ ㄏㄨㄛˇ
萬劫不復,1,ㄨㄢˋ ㄐㄧㄝˊ ㄅㄨˋ ㄈㄨˋ
萬劫不復,1,ㄨㄢˋ ㄐㄧㄝˊ ㄅㄨˊ ㄈㄨˋ
萬鈞,1,ㄨㄢˋ ㄐㄩㄣ
萬全,1,ㄨㄢˋ ㄑㄩㄢˊ
萬象,1,ㄨㄢˋ ㄒㄧㄤˋ
萬象更新,1,ㄨㄢˋ ㄒㄧㄤˋ ㄍㄥ ㄒㄧㄣ
萬幸,1,ㄨㄢˋ ㄒㄧㄥˋ
萬種風情,1,ㄨㄢˋ ㄓㄨㄥˇ ㄈㄥ ㄑㄧㄥˊ
萬眾一心,1,ㄨㄢˋ ㄓㄨㄥˋ ㄧ ㄒㄧㄣ
萬眾一心,1,ㄨㄢˋ ㄓㄨㄥˋ ㄧˋ ㄒㄧㄣ
萬世師表,1,ㄨㄢˋ ㄕˋ ㄕ ㄅㄧㄠˇ
萬事,1,ㄨㄢˋ ㄕˋ
萬壽無疆,1,ㄨㄢˋ ㄕㄡˋ ㄨˊ ㄐㄧㄤ
萬人空巷,1,ㄨㄢˋ ㄖㄣˊ ㄎㄨㄥ ㄒㄧㄤˋ
萬仞,1,ㄨㄢˋ ㄖㄣˋ
萬紫千紅,1,ㄨㄢˋ ㄗˇ ㄑㄧㄢ ㄏㄨㄥˊ
萬歲,1,ㄨㄢˋ ㄙㄨㄟˋ
萬惡,1,ㄨㄢˋ ㄜˋ
萬一,1,ㄨㄢˋ ㄧ
萬有,1,ㄨㄢˋ ㄧㄡˇ
萬有引力,1,ㄨㄢˋ ㄧㄡˇ ㄧㄣˇ ㄌㄧˋ
萬無一失,1,ㄨㄢˋ ㄨˊ ㄧ ㄕ
萬無一失,1,ㄨㄢˋ ㄨˊ ㄧˋ ㄕ
萬物,1,ㄨㄢˋ ㄨˋ
萬萬不可,1,ㄨㄢˋ ㄨㄢˋ ㄅㄨˋ ㄎㄜˇ
翫,1,ㄨㄢˋ
溫,1,ㄨㄣ
溫飽,1,ㄨㄣ ㄅㄠˇ
溫帶,1,ㄨㄣ ㄉㄞˋ
溫度,1,ㄨㄣ ㄉㄨˋ
溫度計,1,ㄨㄣ ㄉㄨˋ ㄐㄧˋ
溫暖,1,ㄨㄣ ㄋㄨㄢˇ
溫良,1,ㄨㄣ ㄌㄧㄤˊ
溫故知新,1,ㄨㄣ ㄍㄨˋ ㄓ ㄒㄧㄣ
溫和,1,ㄨㄣ ㄏㄜˊ
溫厚,1,ㄨㄣ ㄏㄡˋ
溫情,1,ㄨㄣ ㄑㄧㄥˊ
溫泉,1,ㄨㄣ ㄑㄩㄢˊ
溫習,1,ㄨㄣ ㄒㄧˊ
溫馨,1,ㄨㄣ ㄒㄧㄣ
溫煦,1,ㄨㄣ ㄒㄩˇ
溫馴,1,ㄨㄣ ㄒㄩㄣˊ
溫差,1,ㄨㄣ ㄔㄚ
溫床,1,ㄨㄣ ㄔㄨㄤˊ
溫室,1,ㄨㄣ ㄕˋ
溫室效應,1,ㄨㄣ ㄕˋ ㄒㄧㄠˋ ㄧㄥˋ
溫書,1,ㄨㄣ ㄕㄨ
溫水,1,ㄨㄣ ㄕㄨㄟˇ
溫順,1,ㄨㄣ ㄕㄨㄣˋ
溫熱,1,ㄨㄣ ㄖㄜˋ
溫柔,1,ㄨㄣ ㄖㄡˊ
溫潤,1,ㄨㄣ ㄖㄨㄣˋ
溫潤如玉,1,ㄨㄣ ㄖㄨㄣˋ ㄖㄨˊ ㄩˋ
溫存,1,ㄨㄣ ㄘㄨㄣˊ
溫雅,1,ㄨㄣ ㄧㄚˇ
溫婉,1,ㄨㄣ ㄨㄢˇ
溫文儒雅,1,ㄨㄣ ㄨㄣˊ ㄖㄨˊ ㄧㄚˇ
塭,1,ㄨㄣ
瘟,1,ㄨㄣ
瘟神,1,ㄨㄣ ㄕㄣˊ
瘟疫,1,ㄨㄣ ㄧˋ
文,1,ㄨㄣˊ
文筆,1,ㄨㄣˊ ㄅㄧˇ
文不對題,1,ㄨㄣˊ ㄅㄨˋ ㄉㄨㄟˋ ㄊㄧˊ
文不對題,1,ㄨㄣˊ ㄅㄨˊ ㄉㄨㄟˋ ㄊㄧˊ
文憑,1,ㄨㄣˊ ㄆㄧㄥˊ
文盲,1,ㄨㄣˊ ㄇㄤˊ
文明,1,ㄨㄣˊ ㄇㄧㄥˊ
文明戲,1,ㄨㄣˊ ㄇㄧㄥˊ ㄒㄧˋ
文法,1,ㄨㄣˊ ㄈㄚˇ
文房四寶,1,ㄨㄣˊ ㄈㄤˊ ㄙˋ ㄅㄠˇ
文風不動,1,ㄨㄣˊ ㄈㄥ ㄅㄨˋ ㄉㄨㄥˋ
文風不動,1,ㄨㄣˊ ㄈㄥ ㄅㄨˊ ㄉㄨㄥˋ
文德,1,ㄨㄣˊ ㄉㄜˊ
文定,1,ㄨㄣˊ ㄉㄧㄥˋ
文壇,1,ㄨㄣˊ ㄊㄢˊ
文體,1,ㄨㄣˊ ㄊㄧˇ
文理,1,ㄨㄣˊ ㄌㄧˇ
文革,1,ㄨㄣˊ ㄍㄜˊ
文蛤,1,ㄨㄣˊ ㄍㄜˊ
文稿,1,ㄨㄣˊ ㄍㄠˇ
文告,1,ㄨㄣˊ ㄍㄠˋ
文官,1,ㄨㄣˊ ㄍㄨㄢ
文科,1,ㄨㄣˊ ㄎㄜ
文庫,1,ㄨㄣˊ ㄎㄨˋ
文豪,1,ㄨㄣˊ ㄏㄠˊ
文化,1,ㄨㄣˊ ㄏㄨㄚˋ
文化事業,1,ㄨㄣˊ ㄏㄨㄚˋ ㄕˋ ㄧㄝˋ
文化水準,1,ㄨㄣˊ ㄏㄨㄚˋ ㄕㄨㄟˇ ㄓㄨㄣˇ
文化人,1,ㄨㄣˊ ㄏㄨㄚˋ ㄖㄣˊ
文化村,1,ㄨㄣˊ ㄏㄨㄚˋ ㄘㄨㄣ
文火,1,ㄨㄣˊ ㄏㄨㄛˇ
文集,1,ㄨㄣˊ ㄐㄧˊ
文教,1,ㄨㄣˊ ㄐㄧㄠˋ
文件,1,ㄨㄣˊ ㄐㄧㄢˋ
文靜,1,ㄨㄣˊ ㄐㄧㄥˋ
文句,1,ㄨㄣˊ ㄐㄩˋ
文具,1,ㄨㄣˊ ㄐㄩˋ
文氣,1,ㄨㄣˊ ㄑㄧˋ
文情並茂,1,ㄨㄣˊ ㄑㄧㄥˊ ㄅㄧㄥˋ ㄇㄠˋ
文戲,1,ㄨㄣˊ ㄒㄧˋ
文獻,1,ㄨㄣˊ ㄒㄧㄢˋ
文學,1,ㄨㄣˊ ㄒㄩㄝˊ
文學家,1,ㄨㄣˊ ㄒㄩㄝˊ ㄐㄧㄚ
文宣,1,ㄨㄣˊ ㄒㄩㄢ
文質彬彬,1,ㄨㄣˊ ㄓˊ ㄅㄧㄣ ㄅㄧㄣ
文職,1,ㄨㄣˊ ㄓˊ
文治武功,1,ㄨㄣˊ ㄓˋ ㄨˇ ㄍㄨㄥ
文章,1,ㄨㄣˊ ㄓㄤ
文場,1,ㄨㄣˊ ㄔㄤˇ
文石,1,ㄨㄣˊ ㄕˊ
文書,1,ㄨㄣˊ ㄕㄨ
文人,1,ㄨㄣˊ ㄖㄣˊ
文人畫,1,ㄨㄣˊ ㄖㄣˊ ㄏㄨㄚˋ
文人雅士,1,ㄨㄣˊ ㄖㄣˊ ㄧㄚˇ ㄕˋ
文弱書生,1,ㄨㄣˊ ㄖㄨㄛˋ ㄕㄨ ㄕㄥ
文字,1,ㄨㄣˊ ㄗˋ
文藻,1,ㄨㄣˊ ㄗㄠˇ
文謅謅,1,ㄨㄣˊ ㄗㄡ ㄗㄡ
文辭,1,ㄨㄣˊ ㄘˊ
文采,1,ㄨㄣˊ ㄘㄞˇ
文粹,1,ㄨㄣˊ ㄘㄨㄟˋ
文思,1,ㄨㄣˊ ㄙ
文案,1,ㄨㄣˊ ㄢˋ
文以載道,1,ㄨㄣˊ ㄧˇ ㄗㄞˋ ㄉㄠˋ
文義,1,ㄨㄣˊ ㄧˋ
文藝,1,ㄨㄣˊ ㄧˋ
文藝復興,1,ㄨㄣˊ ㄧˋ ㄈㄨˋ ㄒㄧㄥ
文雅,1,ㄨㄣˊ ㄧㄚˇ
文言,1,ㄨㄣˊ ㄧㄢˊ
文言文,1,ㄨㄣˊ ㄧㄢˊ ㄨㄣˊ
文武兼備,1,ㄨㄣˊ ㄨˇ ㄐㄧㄢ ㄅㄟˋ
文物,1,ㄨㄣˊ ㄨˋ
玟,1,ㄨㄣˊ
蚊,1,ㄨㄣˊ
蚊香,1,ㄨㄣˊ ㄒㄧㄤ
蚊帳,1,ㄨㄣˊ ㄓㄤˋ
蚊蚋,1,ㄨㄣˊ ㄖㄨㄟˋ
蚊子,1,ㄨㄣˊ ㄗ˙
蚊蠅,1,ㄨㄣˊ ㄧㄥˊ
紋,1,ㄨㄣˊ
紋眉,1,ㄨㄣˊ ㄇㄟˊ
紋風不動,1,ㄨㄣˊ ㄈㄥ ㄅㄨˋ ㄉㄨㄥˋ
紋風不動,1,ㄨㄣˊ ㄈㄥ ㄅㄨˊ ㄉㄨㄥˋ
紋理,1,ㄨㄣˊ ㄌㄧˇ
紋路,1,ㄨㄣˊ ㄌㄨˋ
紋飾,1,ㄨㄣˊ ㄕˋ
紋身,1,ㄨㄣˊ ㄕㄣ
紋絲不動,1,ㄨㄣˊ ㄙ ㄅㄨˋ ㄉㄨㄥˋ
紋絲不動,1,ㄨㄣˊ ㄙ ㄅㄨˊ ㄉㄨㄥˋ
雯,1,ㄨㄣˊ
聞,1,ㄨㄣˊ
聞名,1,ㄨㄣˊ ㄇㄧㄥˊ
聞風,1,ㄨㄣˊ ㄈㄥ
聞風響應,1,ㄨㄣˊ ㄈㄥ ㄒㄧㄤˇ ㄧㄥˋ
聞風喪膽,1,ㄨㄣˊ ㄈㄥ ㄙㄤˋ ㄉㄢˇ
聞風而逃,1,ㄨㄣˊ ㄈㄥ ㄦˊ ㄊㄠˊ
聞道,1,ㄨㄣˊ ㄉㄠˋ
聞過則喜,1,ㄨㄣˊ ㄍㄨㄛˋ ㄗㄜˊ ㄒㄧˇ
聞雞起舞,1,ㄨㄣˊ ㄐㄧ ㄑㄧˇ ㄨˇ
聞見,1,ㄨㄣˊ ㄐㄧㄢˋ
聞訊,1,ㄨㄣˊ ㄒㄩㄣˋ
聞人,1,ㄨㄣˊ ㄖㄣˊ
聞所未聞,1,ㄨㄣˊ ㄙㄨㄛˇ ㄨㄟˋ ㄨㄣˊ
聞一知十,1,ㄨㄣˊ ㄧ ㄓ ㄕˊ
刎,1,ㄨㄣˇ
刎頸,1,ㄨㄣˇ ㄐㄧㄥˇ
刎頸之交,1,ㄨㄣˇ ㄐㄧㄥˇ ㄓ ㄐㄧㄠ
吻,1,ㄨㄣˇ
吻合,1,ㄨㄣˇ ㄏㄜˊ
穩,1,ㄨㄣˇ
穩當,1,ㄨㄣˇ ㄉㄤˋ
穩定,1,ㄨㄣˇ ㄉㄧㄥˋ
穩妥,1,ㄨㄣˇ ㄊㄨㄛˇ
穩固,1,ㄨㄣˇ ㄍㄨˋ
穩健,1,ㄨㄣˇ ㄐㄧㄢˋ
穩紮穩打,1,ㄨㄣˇ ㄓㄚˊ ㄨㄣˇ ㄉㄚˇ
穩住,1,ㄨㄣˇ ㄓㄨˋ
穩賺不賠,1,ㄨㄣˇ ㄓㄨㄢˋ ㄅㄨˋ ㄆㄟˊ
穩重,1,ㄨㄣˇ ㄓㄨㄥˋ
穩如泰山,1,ㄨㄣˇ ㄖㄨˊ ㄊㄞˋ ㄕㄢ
穩操勝券,1,ㄨㄣˇ ㄘㄠ ㄕㄥˋ ㄑㄩㄢˋ
文,1,ㄨㄣˋ
文過飾非,1,ㄨㄣˋ ㄍㄨㄛˋ ㄕˋ ㄈㄟ
文飾,1,ㄨㄣˋ ㄕˋ
汶,1,ㄨㄣˋ
抆,1,ㄨㄣˋ
紊,1,ㄨㄣˋ
紊亂,1,ㄨㄣˋ ㄌㄨㄢˋ
問,1,ㄨㄣˋ
問卜,1,ㄨㄣˋ ㄅㄨˇ
問答,1,ㄨㄣˋ ㄉㄚˊ
問鼎,1,ㄨㄣˋ ㄉㄧㄥˇ
問題,1,ㄨㄣˋ ㄊㄧˊ
問好,1,ㄨㄣˋ ㄏㄠˇ
問號,1,ㄨㄣˋ ㄏㄠˋ
問候,1,ㄨㄣˋ ㄏㄡˋ
問話,1,ㄨㄣˋ ㄏㄨㄚˋ
問津,1,ㄨㄣˋ ㄐㄧㄣ
問卷,1,ㄨㄣˋ ㄐㄩㄢˋ
問心無愧,1,ㄨㄣˋ ㄒㄧㄣ ㄨˊ ㄎㄨㄟˋ
問訊,1,ㄨㄣˋ ㄒㄩㄣˋ
問診,1,ㄨㄣˋ ㄓㄣˇ
問政,1,ㄨㄣˋ ㄓㄥˋ
問長問短,1,ㄨㄣˋ ㄔㄤˊ ㄨㄣˋ ㄉㄨㄢˇ
問世,1,ㄨㄣˋ ㄕˋ
問罪,1,ㄨㄣˋ ㄗㄨㄟˋ
問安,1,ㄨㄣˋ ㄢ
問案,1,ㄨㄣˋ ㄢˋ
絻,1,ㄨㄣˋ
汪,1,ㄨㄤ
汪洋,1,ㄨㄤ ㄧㄤˊ
汪汪,1,ㄨㄤ ㄨㄤ
尪,1,ㄨㄤ
亡,1,ㄨㄤˊ
亡命,1,ㄨㄤˊ ㄇㄧㄥˋ
亡命之徒,1,ㄨㄤˊ ㄇㄧㄥˋ ㄓ ㄊㄨˊ
亡故,1,ㄨㄤˊ ㄍㄨˋ
亡國,1,ㄨㄤˊ ㄍㄨㄛˊ
亡國奴,1,ㄨㄤˊ ㄍㄨㄛˊ ㄋㄨˊ
亡魂,1,ㄨㄤˊ ㄏㄨㄣˊ
亡魂喪膽,1,ㄨㄤˊ ㄏㄨㄣˊ ㄙㄤˋ ㄉㄢˇ
亡羊補牢,1,ㄨㄤˊ ㄧㄤˊ ㄅㄨˇ ㄌㄠˊ
王,1,ㄨㄤˊ
王八,1,ㄨㄤˊ ㄅㄚ
王牌,1,ㄨㄤˊ ㄆㄞˊ
王母,1,ㄨㄤˊ ㄇㄨˇ
王法,1,ㄨㄤˊ ㄈㄚˇ
王妃,1,ㄨㄤˊ ㄈㄟ
王道,1,ㄨㄤˊ ㄉㄠˋ
王老五,1,ㄨㄤˊ ㄌㄠˇ ㄨˇ
王國,1,ㄨㄤˊ ㄍㄨㄛˊ
王冠,1,ㄨㄤˊ ㄍㄨㄢ
王宮,1,ㄨㄤˊ ㄍㄨㄥ
王侯,1,ㄨㄤˊ ㄏㄡˊ
王后,1,ㄨㄤˊ ㄏㄡˋ
王朝,1,ㄨㄤˊ ㄔㄠˊ
王儲,1,ㄨㄤˊ ㄔㄨˊ
王師,1,ㄨㄤˊ ㄕ
王室,1,ㄨㄤˊ ㄕˋ
王子,1,ㄨㄤˊ ㄗˇ
王孫,1,ㄨㄤˊ ㄙㄨㄣ
王爺,1,ㄨㄤˊ ㄧㄝˊ
王業,1,ㄨㄤˊ ㄧㄝˋ
王位,1,ㄨㄤˊ ㄨㄟˋ
枉,1,ㄨㄤˇ
枉法,1,ㄨㄤˇ ㄈㄚˇ
枉費,1,ㄨㄤˇ ㄈㄟˋ
枉費心機,1,ㄨㄤˇ ㄈㄟˋ ㄒㄧㄣ ㄐㄧ
枉然,1,ㄨㄤˇ ㄖㄢˊ
枉死,1,ㄨㄤˇ ㄙˇ
罔,1,ㄨㄤˇ
罔顧,1,ㄨㄤˇ ㄍㄨˋ
惘,1,ㄨㄤˇ
惘然,1,ㄨㄤˇ ㄖㄢˊ
網,1,ㄨㄤˇ
網版,1,ㄨㄤˇ ㄅㄢˇ
網膜,1,ㄨㄤˇ ㄇㄛˊ
網目,1,ㄨㄤˇ ㄇㄨˋ
網點,1,ㄨㄤˇ ㄉㄧㄢˇ
網路,1,ㄨㄤˇ ㄌㄨˋ
網路卡,1,ㄨㄤˇ ㄌㄨˋ ㄎㄚˇ
網路火腿族,1,ㄨㄤˇ ㄌㄨˋ ㄏㄨㄛˇ ㄊㄨㄟˇ ㄗㄨˊ
網路新聞系統,1,ㄨㄤˇ ㄌㄨˋ ㄒㄧㄣ ㄨㄣˊ ㄒㄧˋ ㄊㄨㄥˇ
網路銀行,1,ㄨㄤˇ ㄌㄨˋ ㄧㄣˊ ㄏㄤˊ
網羅,1,ㄨㄤˇ ㄌㄨㄛˊ
網開一面,1,ㄨㄤˇ ㄎㄞ ㄧ ㄇㄧㄢˋ
網開一面,1,ㄨㄤˇ ㄎㄞ ㄧˊ ㄇㄧㄢˋ
網際網路,1,ㄨㄤˇ ㄐㄧˋ ㄨㄤˇ ㄌㄨˋ
網球,1,ㄨㄤˇ ㄑㄧㄡˊ
網球肘,1,ㄨㄤˇ ㄑㄧㄡˊ ㄓㄡˇ
網站,1,ㄨㄤˇ ㄓㄢˋ
網狀脈,1,ㄨㄤˇ ㄓㄨㄤˋ ㄇㄞˋ
網室,1,ㄨㄤˇ ㄕˋ
網子,1,ㄨㄤˇ ㄗ˙
網頁,1,ㄨㄤˇ ㄧㄝˋ
輞,1,ㄨㄤˇ
魍,1,ㄨㄤˇ
魍魎,1,ㄨㄤˇ ㄌㄧㄤˇ
往,1,ㄨㄤˇ
往返,1,ㄨㄤˇ ㄈㄢˇ
往復,1,ㄨㄤˇ ㄈㄨˋ
往年,1,ㄨㄤˇ ㄋㄧㄢˊ
往來,1,ㄨㄤˇ ㄌㄞˊ
往例,1,ㄨㄤˇ ㄌㄧˋ
往後,1,ㄨㄤˇ ㄏㄡˋ
往還,1,ㄨㄤˇ ㄏㄨㄢˊ
往昔,1,ㄨㄤˇ ㄒㄧˊ
往者,1,ㄨㄤˇ ㄓㄜˇ
往常,1,ㄨㄤˇ ㄔㄤˊ
往時,1,ㄨㄤˇ ㄕˊ
往事,1,ㄨㄤˇ ㄕˋ
往生,1,ㄨㄤˇ ㄕㄥ
往日,1,ㄨㄤˇ ㄖˋ
往往,1,ㄨㄤˇ ㄨㄤˇ
王,1,ㄨㄤˋ
旺,1,ㄨㄤˋ
旺季,1,ㄨㄤˋ ㄐㄧˋ
旺盛,1,ㄨㄤˋ ㄕㄥˋ
妄,1,ㄨㄤˋ
妄動,1,ㄨㄤˋ ㄉㄨㄥˋ
妄圖,1,ㄨㄤˋ ㄊㄨˊ
妄念,1,ㄨㄤˋ ㄋㄧㄢˋ
妄想,1,ㄨㄤˋ ㄒㄧㄤˇ
妄自菲薄,1,ㄨㄤˋ ㄗˋ ㄈㄟˇ ㄅㄛˊ
妄自尊大,1,ㄨㄤˋ ㄗˋ ㄗㄨㄣ ㄉㄚˋ
妄為,1,ㄨㄤˋ ㄨㄟˊ
忘,1,ㄨㄤˋ
忘本,1,ㄨㄤˋ ㄅㄣˇ
忘掉,1,ㄨㄤˋ ㄉㄧㄠˋ
忘年,1,ㄨㄤˋ ㄋㄧㄢˊ
忘懷,1,ㄨㄤˋ ㄏㄨㄞˊ
忘記,1,ㄨㄤˋ ㄐㄧˋ
忘情,1,ㄨㄤˋ ㄑㄧㄥˊ
忘卻,1,ㄨㄤˋ ㄑㄩㄝˋ
忘恩負義,1,ㄨㄤˋ ㄣ ㄈㄨˋ ㄧˋ
忘憂,1,ㄨㄤˋ ㄧㄡ
忘我,1,ㄨㄤˋ ㄨㄛˇ
望,1,ㄨㄤˋ
望梅止渴,1,ㄨㄤˋ ㄇㄟˊ ㄓˇ ㄎㄜˇ
望見,1,ㄨㄤˋ ㄐㄧㄢˋ
望其項背,1,ㄨㄤˋ ㄑㄧˊ ㄒㄧㄤˋ ㄅㄟˋ
望塵莫及,1,ㄨㄤˋ ㄔㄣˊ ㄇㄛˋ ㄐㄧˊ
望穿秋水,1,ㄨㄤˋ ㄔㄨㄢ ㄑㄧㄡ ㄕㄨㄟˇ
望朔,1,ㄨㄤˋ ㄕㄨㄛˋ
望日,1,ㄨㄤˋ ㄖˋ
望子成龍,1,ㄨㄤˋ ㄗˇ ㄔㄥˊ ㄌㄨㄥˊ
望族,1,ㄨㄤˋ ㄗㄨˊ
望而卻步,1,ㄨㄤˋ ㄦˊ ㄑㄩㄝˋ ㄅㄨˋ
望眼欲穿,1,ㄨㄤˋ ㄧㄢˇ ㄩˋ ㄔㄨㄢ
望文生義,1,ㄨㄤˋ ㄨㄣˊ ㄕㄥ ㄧˋ
望聞問切,1,ㄨㄤˋ ㄨㄣˊ ㄨㄣˋ ㄑㄧㄝˋ
望遠鏡,1,ㄨㄤˋ ㄩㄢˇ ㄐㄧㄥˋ
翁,1,ㄨㄥ
翁姑,1,ㄨㄥ ㄍㄨ
翁婿,1,ㄨㄥ ㄒㄩˋ
嗡,1,ㄨㄥ
嗡嗡,1,ㄨㄥ ㄨㄥ
蓊,1,ㄨㄥˇ
蓊鬱,1,ㄨㄥˇ ㄩˋ
瓮,1,ㄨㄥˋ
甕,1,ㄨㄥˋ
甕中捉鱉,1,ㄨㄥˋ ㄓㄨㄥ ㄓㄨㄛ ㄅㄧㄝ
迂,1,ㄩ
迂腐,1,ㄩ ㄈㄨˇ
迂闊,1,ㄩ ㄎㄨㄛˋ
迂迴,1,ㄩ ㄏㄨㄟˊ
迂迴曲折,1,ㄩ ㄏㄨㄟˊ ㄑㄩ ㄓㄜˊ
紆,1,ㄩ
紆尊降貴,1,ㄩ ㄗㄨㄣ ㄐㄧㄤˋ ㄍㄨㄟˋ
淤,1,ㄩ
淤泥,1,ㄩ ㄋㄧˊ
淤積,1,ㄩ ㄐㄧ
淤血,1,ㄩ ㄒㄧㄝˇ
淤塞,1,ㄩ ㄙㄜˋ
瘀,1,ㄩ
瘀血,1,ㄩ ㄒㄧㄝˇ
于,1,ㄩˊ
于歸,1,ㄩˊ ㄍㄨㄟ
于思,1,ㄩˊ ㄙㄞ
圩,1,ㄩˊ
盂,1,ㄩˊ
盂蘭盆,1,ㄩˊ ㄌㄢˊ ㄆㄣˊ
盂蘭盆會,1,ㄩˊ ㄌㄢˊ ㄆㄣˊ ㄏㄨㄟˋ
竽,1,ㄩˊ
予,1,ㄩˊ
予取予求,1,ㄩˊ ㄑㄩˇ ㄩˊ ㄑㄧㄡˊ
妤,1,ㄩˊ
余,1,ㄩˊ
狳,1,ㄩˊ
畬,1,ㄩˊ
餘,1,ㄩˊ
餘波,1,ㄩˊ ㄅㄛ
餘波盪漾,1,ㄩˊ ㄅㄛ ㄉㄤˋ ㄧㄤˋ
餘黨,1,ㄩˊ ㄉㄤˇ
餘地,1,ㄩˊ ㄉㄧˋ
餘毒,1,ㄩˊ ㄉㄨˊ
餘孽,1,ㄩˊ ㄋㄧㄝˋ
餘年,1,ㄩˊ ㄋㄧㄢˊ
餘力,1,ㄩˊ ㄌㄧˋ
餘款,1,ㄩˊ ㄎㄨㄢˇ
餘暉,1,ㄩˊ ㄏㄨㄟ
餘悸,1,ㄩˊ ㄐㄧˋ
餘悸猶存,1,ㄩˊ ㄐㄧˋ ㄧㄡˊ ㄘㄨㄣˊ
餘燼,1,ㄩˊ ㄐㄧㄣˋ
餘暇,1,ㄩˊ ㄒㄧㄚˊ
餘興,1,ㄩˊ ㄒㄧㄥˋ
餘興節目,1,ㄩˊ ㄒㄧㄥˋ ㄐㄧㄝˊ ㄇㄨˋ
餘生,1,ㄩˊ ㄕㄥ
餘數,1,ㄩˊ ㄕㄨˋ
餘額,1,ㄩˊ ㄜˊ
餘額交割,1,ㄩˊ ㄜˊ ㄐㄧㄠ ㄍㄜ
餘音,1,ㄩˊ ㄧㄣ
餘音繞梁,1,ㄩˊ ㄧㄣ ㄖㄠˋ ㄌㄧㄤˊ
餘蔭,1,ㄩˊ ㄧㄣˋ
餘味無窮,1,ㄩˊ ㄨㄟˋ ㄨˊ ㄑㄩㄥˊ
餘裕,1,ㄩˊ ㄩˋ
於,1,ㄩˊ
於法無據,1,ㄩˊ ㄈㄚˇ ㄨˊ ㄐㄩˋ
於今,1,ㄩˊ ㄐㄧㄣ
於心不忍,1,ㄩˊ ㄒㄧㄣ ㄅㄨˋ ㄖㄣˇ
於心何忍,1,ㄩˊ ㄒㄧㄣ ㄏㄜˊ ㄖㄣˇ
於事無補,1,ㄩˊ ㄕˋ ㄨˊ ㄅㄨˇ
於是,1,ㄩˊ ㄕˋ
於斯,1,ㄩˊ ㄙ
臾,1,ㄩˊ
萸,1,ㄩˊ
腴,1,ㄩˊ
與,1,ㄩˊ
諛,1,ㄩˊ
輿,1,ㄩˊ
輿圖,1,ㄩˊ ㄊㄨˊ
輿論,1,ㄩˊ ㄌㄨㄣˋ
輿論界,1,ㄩˊ ㄌㄨㄣˋ ㄐㄧㄝˋ
輿情,1,ㄩˊ ㄑㄧㄥˊ
歟,1,ㄩˊ
禺,1,ㄩˊ
喁,1,ㄩˊ
喁喁細語,1,ㄩˊ ㄩˊ ㄒㄧˋ ㄩˇ
嵎,1,ㄩˊ
隅,1,ㄩˊ
愚,1,ㄩˊ
愚笨,1,ㄩˊ ㄅㄣˋ
愚不可及,1,ㄩˊ ㄅㄨˋ ㄎㄜˇ ㄐㄧˊ
愚昧,1,ㄩˊ ㄇㄟˋ
愚夫愚婦,1,ㄩˊ ㄈㄨ ㄩˊ ㄈㄨˋ
愚鈍,1,ㄩˊ ㄉㄨㄣˋ
愚弄,1,ㄩˊ ㄋㄨㄥˋ
愚公移山,1,ㄩˊ ㄍㄨㄥ ㄧˊ ㄕㄢ
愚見,1,ㄩˊ ㄐㄧㄢˋ
愚痴,1,ㄩˊ ㄔ
愚蠢,1,ㄩˊ ㄔㄨㄣˇ
愚人,1,ㄩˊ ㄖㄣˊ
愚頑,1,ㄩˊ ㄨㄢˊ
俞,1,ㄩˊ
渝,1,ㄩˊ
愉,1,ㄩˊ
愉快,1,ㄩˊ ㄎㄨㄞˋ
愉悅,1,ㄩˊ ㄩㄝˋ
揄,1,ㄩˊ
瑜,1,ㄩˊ
瑜伽,1,ㄩˊ ㄐㄧㄚ
榆,1,ㄩˊ
逾,1,ㄩˊ
逾恆,1,ㄩˊ ㄏㄥˊ
逾期,1,ㄩˊ ㄑㄧˊ
逾時,1,ㄩˊ ㄕˊ
逾越,1,ㄩˊ ㄩㄝˋ
窬,1,ㄩˊ
踰,1,ㄩˊ
踰矩,1,ㄩˊ ㄐㄩˇ
踰越,1,ㄩˊ ㄩㄝˋ
覦,1,ㄩˊ
娛,1,ㄩˊ
娛樂,1,ㄩˊ ㄌㄜˋ
娛樂場所,1,ㄩˊ ㄌㄜˋ ㄔㄤˇ ㄙㄨㄛˇ
娛樂稅,1,ㄩˊ ㄌㄜˋ ㄕㄨㄟˋ
虞,1,ㄩˊ
雩,1,ㄩˊ
魚,1,ㄩˊ
魚白,1,ㄩˊ ㄅㄞˊ
魚鰾,1,ㄩˊ ㄅㄧㄠˋ
魚排,1,ㄩˊ ㄆㄞˊ
魚米之鄉,1,ㄩˊ ㄇㄧˇ ㄓ ㄒㄧㄤ
魚苗,1,ㄩˊ ㄇㄧㄠˊ
魚目混珠,1,ㄩˊ ㄇㄨˋ ㄏㄨㄣˋ ㄓㄨ
魚販,1,ㄩˊ ㄈㄢˋ
魚塘,1,ㄩˊ ㄊㄤˊ
魚拓,1,ㄩˊ ㄊㄚˋ
魚雷,1,ㄩˊ ㄌㄟˊ
魚類,1,ㄩˊ ㄌㄟˋ
魚簍,1,ㄩˊ ㄌㄡˇ
魚鱗,1,ㄩˊ ㄌㄧㄣˊ
魚卵,1,ㄩˊ ㄌㄨㄢˇ
魚肝油,1,ㄩˊ ㄍㄢ ㄧㄡˊ
魚缸,1,ㄩˊ ㄍㄤ
魚貫,1,ㄩˊ ㄍㄨㄢˋ
魚貫而行,1,ㄩˊ ㄍㄨㄢˋ ㄦˊ ㄒㄧㄥˊ
魚鰭,1,ㄩˊ ㄑㄧˊ
魚蝦,1,ㄩˊ ㄒㄧㄚ
魚池,1,ㄩˊ ㄔˊ
魚叉,1,ㄩˊ ㄔㄚ
魚水之歡,1,ㄩˊ ㄕㄨㄟˇ ㄓ ㄏㄨㄢ
魚肉,1,ㄩˊ ㄖㄡˋ
魚肉鄉民,1,ㄩˊ ㄖㄡˋ ㄒㄧㄤ ㄇㄧㄣˊ
魚子醬,1,ㄩˊ ㄗˇ ㄐㄧㄤˋ
魚刺,1,ㄩˊ ㄘˋ
魚鬆,1,ㄩˊ ㄙㄨㄥ
魚兒,1,ㄩˊ ㄦ
魚餌,1,ㄩˊ ㄦˇ
魚眼鏡頭,1,ㄩˊ ㄧㄢˇ ㄐㄧㄥˋ ㄊㄡˊ
魚尾紋,1,ㄩˊ ㄨㄟˇ ㄨㄣˊ
魚丸,1,ㄩˊ ㄨㄢˊ
魚塭,1,ㄩˊ ㄨㄣ
魚網,1,ㄩˊ ㄨㄤˇ
漁,1,ㄩˊ
漁民,1,ㄩˊ ㄇㄧㄣˊ
漁夫,1,ㄩˊ ㄈㄨ
漁撈,1,ㄩˊ ㄌㄠ
漁獵,1,ㄩˊ ㄌㄧㄝˋ
漁港,1,ㄩˊ ㄍㄤˇ
漁獲,1,ㄩˊ ㄏㄨㄛˋ
漁會,1,ㄩˊ ㄏㄨㄟˋ
漁家,1,ㄩˊ ㄐㄧㄚ
漁產,1,ㄩˊ ㄔㄢˇ
漁場,1,ㄩˊ ㄔㄤˇ
漁船,1,ㄩˊ ㄔㄨㄢˊ
漁人,1,ㄩˊ ㄖㄣˊ
漁人之利,1,ㄩˊ ㄖㄣˊ ㄓ ㄌㄧˋ
漁村,1,ㄩˊ ㄘㄨㄣ
漁業,1,ㄩˊ ㄧㄝˋ
漁網,1,ㄩˊ ㄨㄤˇ
漁翁,1,ㄩˊ ㄨㄥ
漁翁得利,1,ㄩˊ ㄨㄥ ㄉㄜˊ ㄌㄧˋ
予,1,ㄩˇ
予以,1,ㄩˇ ㄧˇ
宇,1,ㄩˇ
宇宙,1,ㄩˇ ㄓㄡˋ
宇宙觀,1,ㄩˇ ㄓㄡˋ ㄍㄨㄢ
羽,1,ㄩˇ
羽毛,1,ㄩˇ ㄇㄠˊ
羽毛球,1,ㄩˇ ㄇㄠˊ ㄑㄧㄡˊ
羽毛衣,1,ㄩˇ ㄇㄠˊ ㄧ
羽毛未豐,1,ㄩˇ ㄇㄠˊ ㄨㄟˋ ㄈㄥ
羽化,1,ㄩˇ ㄏㄨㄚˋ
羽化登仙,1,ㄩˇ ㄏㄨㄚˋ ㄉㄥ ㄒㄧㄢ
羽球,1,ㄩˇ ㄑㄧㄡˊ
羽狀複葉,1,ㄩˇ ㄓㄨㄤˋ ㄈㄨˋ ㄧㄝˋ
羽扇綸巾,1,ㄩˇ ㄕㄢˋ ㄍㄨㄢ ㄐㄧㄣ
羽翼,1,ㄩˇ ㄧˋ
雨,1,ㄩˇ
雨棚,1,ㄩˇ ㄆㄥˊ
雨帽,1,ㄩˇ ㄇㄠˋ
雨點,1,ㄩˇ ㄉㄧㄢˇ
雨天,1,ㄩˇ ㄊㄧㄢ
雨林,1,ㄩˇ ㄌㄧㄣˊ
雨量,1,ㄩˇ ㄌㄧㄤˋ
雨露,1,ㄩˇ ㄌㄨˋ
雨過天青,1,ㄩˇ ㄍㄨㄛˋ ㄊㄧㄢ ㄑㄧㄥ
雨後春筍,1,ㄩˇ ㄏㄡˋ ㄔㄨㄣ ㄙㄨㄣˇ
雨季,1,ㄩˇ ㄐㄧˋ
雨具,1,ㄩˇ ㄐㄩˋ
雨靴,1,ㄩˇ ㄒㄩㄝ
雨勢,1,ㄩˇ ㄕˋ
雨聲,1,ㄩˇ ㄕㄥ
雨刷,1,ㄩˇ ㄕㄨㄚ
雨水,1,ㄩˇ ㄕㄨㄟˇ
雨傘,1,ㄩˇ ㄙㄢˇ
雨衣,1,ㄩˇ ㄧ
禹,1,ㄩˇ
圄,1,ㄩˇ
語,1,ㄩˇ
語病,1,ㄩˇ ㄅㄧㄥˋ
語法,1,ㄩˇ ㄈㄚˇ
語調,1,ㄩˇ ㄉㄧㄠˋ
語體文,1,ㄩˇ ㄊㄧˇ ㄨㄣˊ
語錄,1,ㄩˇ ㄌㄨˋ
語彙,1,ㄩˇ ㄏㄨㄟˋ
語句,1,ㄩˇ ㄐㄩˋ
語氣,1,ㄩˇ ㄑㄧˋ
語重心長,1,ㄩˇ ㄓㄨㄥˋ ㄒㄧㄣ ㄔㄤˊ
語詞,1,ㄩˇ ㄘˊ
語意,1,ㄩˇ ㄧˋ
語焉不詳,1,ㄩˇ ㄧㄢ ㄅㄨˋ ㄒㄧㄤˊ
語言,1,ㄩˇ ㄧㄢˊ
語言學,1,ㄩˇ ㄧㄢˊ ㄒㄩㄝˊ
語音,1,ㄩˇ ㄧㄣ
語音信箱,1,ㄩˇ ㄧㄣ ㄒㄧㄣˋ ㄒㄧㄤ
語音學,1,ㄩˇ ㄧㄣ ㄒㄩㄝˊ
語無倫次,1,ㄩˇ ㄨˊ ㄌㄨㄣˊ ㄘˋ
語文,1,ㄩˇ ㄨㄣˊ
齬,1,ㄩˇ
庾,1,ㄩˇ
圉,1,ㄩˇ
傴,1,ㄩˇ
與,1,ㄩˇ
與民爭利,1,ㄩˇ ㄇㄧㄣˊ ㄓㄥ ㄌㄧˋ
與否,1,ㄩˇ ㄈㄡˇ
與共,1,ㄩˇ ㄍㄨㄥˋ
與虎謀皮,1,ㄩˇ ㄏㄨˇ ㄇㄡˊ ㄆㄧˊ
與其,1,ㄩˇ ㄑㄧˊ
與眾不同,1,ㄩˇ ㄓㄨㄥˋ ㄅㄨˋ ㄊㄨㄥˊ
與時俱進,1,ㄩˇ ㄕˊ ㄐㄩˋ ㄐㄧㄣˋ
與世長辭,1,ㄩˇ ㄕˋ ㄔㄤˊ ㄘˊ
與世無爭,1,ㄩˇ ㄕˋ ㄨˊ ㄓㄥ
與生俱來,1,ㄩˇ ㄕㄥ ㄐㄩˋ ㄌㄞˊ
與日俱增,1,ㄩˇ ㄖˋ ㄐㄩˋ ㄗㄥ
與人為善,1,ㄩˇ ㄖㄣˊ ㄨㄟˊ ㄕㄢˋ
嶼,1,ㄩˇ
窳,1,ㄩˇ
噢,1,ㄩˇ
噢咻,1,ㄩˇ ㄒㄩˇ
玉,1,ㄩˋ
玉不琢不成器,1,ㄩˋ ㄅㄨˋ ㄓㄨㄛˊ ㄅㄨˋ ㄔㄥˊ ㄑㄧˋ
玉珮,1,ㄩˋ ㄆㄟˋ
玉米,1,ㄩˋ ㄇㄧˇ
玉帝,1,ㄩˋ ㄉㄧˋ
玉體,1,ㄩˋ ㄊㄧˇ
玉兔,1,ㄩˋ ㄊㄨˋ
玉蘭,1,ㄩˋ ㄌㄢˊ
玉蘭花,1,ㄩˋ ㄌㄢˊ ㄏㄨㄚ
玉衡,1,ㄩˋ ㄏㄥˊ
玉皇大帝,1,ㄩˋ ㄏㄨㄤˊ ㄉㄚˋ ㄉㄧˋ
玉潔冰清,1,ㄩˋ ㄐㄧㄝˊ ㄅㄧㄥ ㄑㄧㄥ
玉璽,1,ㄩˋ ㄒㄧˇ
玉照,1,ㄩˋ ㄓㄠˋ
玉成,1,ㄩˋ ㄔㄥˊ
玉石,1,ㄩˋ ㄕˊ
玉石俱焚,1,ㄩˋ ㄕˊ ㄐㄩˋ ㄈㄣˊ
玉手,1,ㄩˋ ㄕㄡˇ
玉蜀黍,1,ㄩˋ ㄕㄨˇ ㄕㄨˇ
玉樹臨風,1,ㄩˋ ㄕㄨˋ ㄌㄧㄣˊ ㄈㄥ
玉人,1,ㄩˋ ㄖㄣˊ
玉簪,1,ㄩˋ ㄗㄢ
玉碎,1,ㄩˋ ㄙㄨㄟˋ
玉液瓊漿,1,ㄩˋ ㄧㄝˋ ㄑㄩㄥˊ ㄐㄧㄤ
玉音,1,ㄩˋ ㄧㄣ
鈺,1,ㄩˋ
聿,1,ㄩˋ
育,1,ㄩˋ
育樂,1,ㄩˋ ㄌㄜˋ
育種,1,ㄩˋ ㄓㄨㄥˇ
育才,1,ㄩˋ ㄘㄞˊ
育兒,1,ㄩˋ ㄦˊ
育幼院,1,ㄩˋ ㄧㄡˋ ㄩㄢˋ
育嬰,1,ㄩˋ ㄧㄥ
芋,1,ㄩˋ
芋頭,1,ㄩˋ ㄊㄡ˙
芋泥,1,ㄩˋ ㄋㄧˊ
谷,1,ㄩˋ
浴,1,ㄩˋ
浴盆,1,ㄩˋ ㄆㄣˊ
浴缸,1,ㄩˋ ㄍㄤ
浴火重生,1,ㄩˋ ㄏㄨㄛˇ ㄔㄨㄥˊ ㄕㄥ
浴巾,1,ㄩˋ ㄐㄧㄣ
浴血,1,ㄩˋ ㄒㄧㄝˇ
浴池,1,ㄩˋ ㄔˊ
浴場,1,ㄩˋ ㄔㄤˇ
浴室,1,ㄩˋ ㄕˋ
欲,1,ㄩˋ
欲罷不能,1,ㄩˋ ㄅㄚˋ ㄅㄨˋ ㄋㄥˊ
欲蓋彌彰,1,ㄩˋ ㄍㄞˋ ㄇㄧˊ ㄓㄤ
欲哭無淚,1,ㄩˋ ㄎㄨ ㄨˊ ㄌㄟˋ
欲擒故縱,1,ㄩˋ ㄑㄧㄣˊ ㄍㄨˋ ㄗㄨㄥˋ
欲振乏力,1,ㄩˋ ㄓㄣˋ ㄈㄚˊ ㄌㄧˋ
欲速則不達,1,ㄩˋ ㄙㄨˋ ㄗㄜˊ ㄅㄨˋ ㄉㄚˊ
欲言又止,1,ㄩˋ ㄧㄢˊ ㄧㄡˋ ㄓˇ
欲望,1,ㄩˋ ㄨㄤˋ
欲語還休,1,ㄩˋ ㄩˇ ㄏㄨㄢˊ ㄒㄧㄡ
裕,1,ㄩˋ
裕如,1,ㄩˋ ㄖㄨˊ
慾,1,ㄩˋ
慾念,1,ㄩˋ ㄋㄧㄢˋ
慾火,1,ㄩˋ ㄏㄨㄛˇ
慾壑難填,1,ㄩˋ ㄏㄨㄛˋ ㄋㄢˊ ㄊㄧㄢˊ
慾望,1,ㄩˋ ㄨㄤˋ
雨,1,ㄩˋ
郁,1,ㄩˋ
郁郁青青,1,ㄩˋ ㄩˋ ㄐㄧㄥ ㄐㄧㄥ
昱,1,ㄩˋ
煜,1,ㄩˋ
域,1,ㄩˋ
域中,1,ㄩˋ ㄓㄨㄥ
御,1,ㄩˋ
御駕親征,1,ㄩˋ ㄐㄧㄚˋ ㄑㄧㄣ ㄓㄥ
御前,1,ㄩˋ ㄑㄧㄢˊ
御旨,1,ㄩˋ ㄓˇ
御史,1,ㄩˋ ㄕˇ
御賜,1,ㄩˋ ㄙˋ
御醫,1,ㄩˋ ㄧ
御用,1,ㄩˋ ㄩㄥˋ
禦,1,ㄩˋ
禦寒,1,ㄩˋ ㄏㄢˊ
禦侮,1,ㄩˋ ㄨˇ
尉,1,ㄩˋ
尉遲,1,ㄩˋ ㄔˊ
熨,1,ㄩˋ
熨貼,1,ㄩˋ ㄊㄧㄝ
寓,1,ㄩˋ
寓兵於農,1,ㄩˋ ㄅㄧㄥ ㄩˊ ㄋㄨㄥˊ
寓教於樂,1,ㄩˋ ㄐㄧㄠˋ ㄩˊ ㄌㄜˋ
寓居,1,ㄩˋ ㄐㄩ
寓所,1,ㄩˋ ㄙㄨㄛˇ
寓意,1,ㄩˋ ㄧˋ
寓言,1,ㄩˋ ㄧㄢˊ
遇,1,ㄩˋ
遇到,1,ㄩˋ ㄉㄠˋ
遇難,1,ㄩˋ ㄋㄢˋ
遇合,1,ㄩˋ ㄏㄜˊ
遇害,1,ㄩˋ ㄏㄞˋ
遇救,1,ㄩˋ ㄐㄧㄡˋ
遇見,1,ㄩˋ ㄐㄧㄢˋ
遇缺不補,1,ㄩˋ ㄑㄩㄝ ㄅㄨˋ ㄅㄨˇ
遇險,1,ㄩˋ ㄒㄧㄢˇ
遇上,1,ㄩˋ ㄕㄤˋ
遇人不淑,1,ㄩˋ ㄖㄣˊ ㄅㄨˋ ㄕㄨˊ
遇刺,1,ㄩˋ ㄘˋ
馭,1,ㄩˋ
喻,1,ㄩˋ
愈,1,ㄩˋ
愈加,1,ㄩˋ ㄐㄧㄚ
愈演愈烈,1,ㄩˋ ㄧㄢˇ ㄩˋ ㄌㄧㄝˋ
瘉,1,ㄩˋ
諭,1,ㄩˋ
諭令,1,ㄩˋ ㄌㄧㄥˋ
諭知,1,ㄩˋ ㄓ
諭示,1,ㄩˋ ㄕˋ
癒,1,ㄩˋ
癒合,1,ㄩˋ ㄏㄜˊ
飫,1,ㄩˋ
粥,1,ㄩˋ
鬻,1,ㄩˋ
毓,1,ㄩˋ
預,1,ㄩˋ
預備,1,ㄩˋ ㄅㄟˋ
預報,1,ㄩˋ ㄅㄠˋ
預卜,1,ㄩˋ ㄅㄨˇ
預謀,1,ㄩˋ ㄇㄡˊ
預防,1,ㄩˋ ㄈㄤˊ
預防接種,1,ㄩˋ ㄈㄤˊ ㄐㄧㄝ ㄓㄨㄥˋ
預防針,1,ㄩˋ ㄈㄤˊ ㄓㄣ
預付,1,ㄩˋ ㄈㄨˋ
預定,1,ㄩˋ ㄉㄧㄥˋ
預訂,1,ㄩˋ ㄉㄧㄥˋ
預料,1,ㄩˋ ㄌㄧㄠˋ
預留,1,ㄩˋ ㄌㄧㄡˊ
預告,1,ㄩˋ ㄍㄠˋ
預購,1,ㄩˋ ㄍㄡˋ
預感,1,ㄩˋ ㄍㄢˇ
預估,1,ㄩˋ ㄍㄨ
預計,1,ㄩˋ ㄐㄧˋ
預借,1,ㄩˋ ㄐㄧㄝˋ
預繳,1,ㄩˋ ㄐㄧㄠˇ
預見,1,ㄩˋ ㄐㄧㄢˋ
預警,1,ㄩˋ ㄐㄧㄥˇ
預期,1,ㄩˋ ㄑㄧˊ
預習,1,ㄩˋ ㄒㄧˊ
預先,1,ㄩˋ ㄒㄧㄢ
預知,1,ㄩˋ ㄓ
預兆,1,ㄩˋ ㄓㄠˋ
預產期,1,ㄩˋ ㄔㄢˇ ㄑㄧˊ
預設,1,ㄩˋ ㄕㄜˋ
預售,1,ㄩˋ ㄕㄡˋ
預測,1,ㄩˋ ㄘㄜˋ
預賽,1,ㄩˋ ㄙㄞˋ
預算,1,ㄩˋ ㄙㄨㄢˋ
預言,1,ㄩˋ ㄧㄢˊ
預演,1,ㄩˋ ㄧㄢˇ
預約,1,ㄩˋ ㄩㄝ
豫,1,ㄩˋ
語,1,ㄩˋ
與,1,ㄩˋ
與會,1,ㄩˋ ㄏㄨㄟˋ
與賽,1,ㄩˋ ㄙㄞˋ
與聞,1,ㄩˋ ㄨㄣˊ
譽,1,ㄩˋ
獄,1,ㄩˋ
獄卒,1,ㄩˋ ㄗㄨˊ
嫗,1,ㄩˋ
燠,1,ㄩˋ
燠熱,1,ㄩˋ ㄖㄜˋ
燠燥,1,ㄩˋ ㄗㄠˋ
鷸,1,ㄩˋ
鷸蚌相爭,1,ㄩˋ ㄅㄤˋ ㄒㄧㄤ ㄓㄥ
鬱,1,ㄩˋ
鬱悶,1,ㄩˋ ㄇㄣˋ
鬱積,1,ㄩˋ ㄐㄧ
鬱結,1,ㄩˋ ㄐㄧㄝˊ
鬱金香,1,ㄩˋ ㄐㄧㄣ ㄒㄧㄤ
鬱卒,1,ㄩˋ ㄗㄨˊ
鬱鬱不樂,1,ㄩˋ ㄩˋ ㄅㄨˋ ㄌㄜˋ
鬱鬱不樂,1,ㄩˋ ㄩˋ ㄅㄨˊ ㄌㄜˋ
鬱鬱寡歡,1,ㄩˋ ㄩˋ ㄍㄨㄚˇ ㄏㄨㄢ
籲,1,ㄩˋ
籲請,1,ㄩˋ ㄑㄧㄥˇ
曰,1,ㄩㄝ
約,1,ㄩㄝ
約莫,1,ㄩㄝ ㄇㄛ˙
約法三章,1,ㄩㄝ ㄈㄚˇ ㄙㄢ ㄓㄤ
約分,1,ㄩㄝ ㄈㄣ
約定,1,ㄩㄝ ㄉㄧㄥˋ
約定俗成,1,ㄩㄝ ㄉㄧㄥˋ ㄙㄨˊ ㄔㄥˊ
約談,1,ㄩㄝ ㄊㄢˊ
約同,1,ㄩㄝ ㄊㄨㄥˊ
約略,1,ㄩㄝ ㄌㄩㄝˋ
約會,1,ㄩㄝ ㄏㄨㄟˋ
約計,1,ㄩㄝ ㄐㄧˋ
約見,1,ㄩㄝ ㄐㄧㄢˋ
約期,1,ㄩㄝ ㄑㄧˊ
約請,1,ㄩㄝ ㄑㄧㄥˇ
約束,1,ㄩㄝ ㄕㄨˋ
約數,1,ㄩㄝ ㄕㄨˋ
月,1,ㄩㄝˋ
月白風清,1,ㄩㄝˋ ㄅㄞˊ ㄈㄥ ㄑㄧㄥ
月報,1,ㄩㄝˋ ㄅㄠˋ
月餅,1,ㄩㄝˋ ㄅㄧㄥˇ
月票,1,ㄩㄝˋ ㄆㄧㄠˋ
月明星稀,1,ㄩㄝˋ ㄇㄧㄥˊ ㄒㄧㄥ ㄒㄧ
月分,1,ㄩㄝˋ ㄈㄣˋ
月俸,1,ㄩㄝˋ ㄈㄥˋ
月底,1,ㄩㄝˋ ㄉㄧˇ
月臺,1,ㄩㄝˋ ㄊㄞˊ
月老,1,ㄩㄝˋ ㄌㄠˇ
月曆,1,ㄩㄝˋ ㄌㄧˋ
月亮,1,ㄩㄝˋ ㄌㄧㄤˋ
月桂,1,ㄩㄝˋ ㄍㄨㄟˋ
月光,1,ㄩㄝˋ ㄍㄨㄤ
月宮,1,ㄩㄝˋ ㄍㄨㄥ
月考,1,ㄩㄝˋ ㄎㄠˇ
月刊,1,ㄩㄝˋ ㄎㄢ
月黑風高,1,ㄩㄝˋ ㄏㄟ ㄈㄥ ㄍㄠ
月經,1,ㄩㄝˋ ㄐㄧㄥ
月球,1,ㄩㄝˋ ㄑㄧㄡˊ
月琴,1,ㄩㄝˋ ㄑㄧㄣˊ
月息,1,ㄩㄝˋ ㄒㄧˊ
月下老人,1,ㄩㄝˋ ㄒㄧㄚˋ ㄌㄠˇ ㄖㄣˊ
月薪,1,ㄩㄝˋ ㄒㄧㄣ
月氏,1,ㄩㄝˋ ㄓ
月初,1,ㄩㄝˋ ㄔㄨ
月蝕,1,ㄩㄝˋ ㄕˊ
月入,1,ㄩㄝˋ ㄖㄨˋ
月子,1,ㄩㄝˋ ㄗ˙
月租,1,ㄩㄝˋ ㄗㄨ
月色,1,ㄩㄝˋ ㄙㄜˋ
月牙,1,ㄩㄝˋ ㄧㄚˊ
月夜,1,ㄩㄝˋ ㄧㄝˋ
月圓花好,1,ㄩㄝˋ ㄩㄢˊ ㄏㄨㄚ ㄏㄠˇ
月暈,1,ㄩㄝˋ ㄩㄣˋ
岳,1,ㄩㄝˋ
岳母,1,ㄩㄝˋ ㄇㄨˇ
岳父,1,ㄩㄝˋ ㄈㄨˋ
岳家,1,ㄩㄝˋ ㄐㄧㄚ
岳丈,1,ㄩㄝˋ ㄓㄤˋ
悅,1,ㄩㄝˋ
悅目,1,ㄩㄝˋ ㄇㄨˋ
悅服,1,ㄩㄝˋ ㄈㄨˊ
悅樂,1,ㄩㄝˋ ㄌㄜˋ
悅耳,1,ㄩㄝˋ ㄦˇ
悅人,1,ㄩㄝˋ ㄖㄣˊ
說,1,ㄩㄝˋ
閱,1,ㄩㄝˋ
閱兵,1,ㄩㄝˋ ㄅㄧㄥ
閱讀,1,ㄩㄝˋ ㄉㄨˊ
閱覽,1,ㄩㄝˋ ㄌㄢˇ
閱歷,1,ㄩㄝˋ ㄌㄧˋ
閱卷,1,ㄩㄝˋ ㄐㄩㄢˋ
越,1,ㄩㄝˋ
越發,1,ㄩㄝˋ ㄈㄚ
越雷池一步,1,ㄩㄝˋ ㄌㄟˊ ㄔˊ ㄧ ㄅㄨˋ
越雷池一步,1,ㄩㄝˋ ㄌㄟˊ ㄔˊ ㄧˊ ㄅㄨˋ
越過,1,ㄩㄝˋ ㄍㄨㄛˋ
越軌,1,ㄩㄝˋ ㄍㄨㄟˇ
越級,1,ㄩㄝˋ ㄐㄧˊ
越界,1,ㄩㄝˋ ㄐㄧㄝˋ
越境,1,ㄩㄝˋ ㄐㄧㄥˋ
越權,1,ㄩㄝˋ ㄑㄩㄢˊ
越線,1,ㄩㄝˋ ㄒㄧㄢˋ
越俎代庖,1,ㄩㄝˋ ㄗㄨˇ ㄉㄞˋ ㄆㄠˊ
越野,1,ㄩㄝˋ ㄧㄝˇ
越野車,1,ㄩㄝˋ ㄧㄝˇ ㄔㄜ
越洋,1,ㄩㄝˋ ㄧㄤˊ
越獄,1,ㄩㄝˋ ㄩˋ
粵,1,ㄩㄝˋ
粵劇,1,ㄩㄝˋ ㄐㄩˋ
樂,1,ㄩㄝˋ
樂譜,1,ㄩㄝˋ ㄆㄨˇ
樂迷,1,ㄩㄝˋ ㄇㄧˊ
樂隊,1,ㄩㄝˋ ㄉㄨㄟˋ
樂團,1,ㄩㄝˋ ㄊㄨㄢˊ
樂理,1,ㄩㄝˋ ㄌㄧˇ
樂工,1,ㄩㄝˋ ㄍㄨㄥ
樂器,1,ㄩㄝˋ ㄑㄧˋ
樂曲,1,ㄩㄝˋ ㄑㄩˇ
樂章,1,ㄩㄝˋ ㄓㄤ
樂師,1,ㄩㄝˋ ㄕ
樂聲,1,ㄩㄝˋ ㄕㄥ
樂音,1,ㄩㄝˋ ㄧㄣ
嶽,1,ㄩㄝˋ
龠,1,ㄩㄝˋ
籥,1,ㄩㄝˋ
躍,1,ㄩㄝˋ
躍進,1,ㄩㄝˋ ㄐㄧㄣˋ
躍居,1,ㄩㄝˋ ㄐㄩ
躍起,1,ㄩㄝˋ ㄑㄧˇ
躍升,1,ㄩㄝˋ ㄕㄥ
躍然,1,ㄩㄝˋ ㄖㄢˊ
躍然紙上,1,ㄩㄝˋ ㄖㄢˊ ㄓˇ ㄕㄤˋ
躍躍欲試,1,ㄩㄝˋ ㄩㄝˋ ㄩˋ ㄕˋ
宛,1,ㄩㄢ
鴛,1,ㄩㄢ
鴛鴦,1,ㄩㄢ ㄧㄤ
冤,1,ㄩㄢ
冤大頭,1,ㄩㄢ ㄉㄚˋ ㄊㄡˊ
冤孽,1,ㄩㄢ ㄋㄧㄝˋ
冤魂,1,ㄩㄢ ㄏㄨㄣˊ
冤家,1,ㄩㄢ ㄐㄧㄚ
冤家,1,ㄩㄢ ㄐㄧㄚ˙
冤家路窄,1,ㄩㄢ ㄐㄧㄚ ㄌㄨˋ ㄓㄞˇ
冤情,1,ㄩㄢ ㄑㄧㄥˊ
冤屈,1,ㄩㄢ ㄑㄩ
冤枉,1,ㄩㄢ ㄨㄤˇ
冤獄,1,ㄩㄢ ㄩˋ
冤冤相報,1,ㄩㄢ ㄩㄢ ㄒㄧㄤ ㄅㄠˋ
淵,1,ㄩㄢ
淵博,1,ㄩㄢ ㄅㄛˊ
淵藪,1,ㄩㄢ ㄙㄡˇ
淵源,1,ㄩㄢ ㄩㄢˊ
鳶,1,ㄩㄢ
鳶飛戾天,1,ㄩㄢ ㄈㄟ ㄌㄧˋ ㄊㄧㄢ
元,1,ㄩㄢˊ
元寶,1,ㄩㄢˊ ㄅㄠˇ
元配,1,ㄩㄢˊ ㄆㄟˋ
元旦,1,ㄩㄢˊ ㄉㄢˋ
元年,1,ㄩㄢˊ ㄋㄧㄢˊ
元老,1,ㄩㄢˊ ㄌㄠˇ
元氣,1,ㄩㄢˊ ㄑㄧˋ
元勛,1,ㄩㄢˊ ㄒㄩㄣ
元凶,1,ㄩㄢˊ ㄒㄩㄥ
元首,1,ㄩㄢˊ ㄕㄡˇ
元帥,1,ㄩㄢˊ ㄕㄨㄞˋ
元素,1,ㄩㄢˊ ㄙㄨˋ
元月,1,ㄩㄢˊ ㄩㄝˋ
沅,1,ㄩㄢˊ
沅江,1,ㄩㄢˊ ㄐㄧㄤ
黿,1,ㄩㄢˊ
垣,1,ㄩㄢˊ
爰,1,ㄩㄢˊ
援,1,ㄩㄢˊ
援例,1,ㄩㄢˊ ㄌㄧˋ
援救,1,ㄩㄢˊ ㄐㄧㄡˋ
援軍,1,ㄩㄢˊ ㄐㄩㄣ
援助,1,ㄩㄢˊ ㄓㄨˋ
援手,1,ㄩㄢˊ ㄕㄡˇ
援引,1,ㄩㄢˊ ㄧㄣˇ
援外,1,ㄩㄢˊ ㄨㄞˋ
援用,1,ㄩㄢˊ ㄩㄥˋ
媛,1,ㄩㄢˊ
袁,1,ㄩㄢˊ
園,1,ㄩㄢˊ
園圃,1,ㄩㄢˊ ㄆㄨˇ
園地,1,ㄩㄢˊ ㄉㄧˋ
園丁,1,ㄩㄢˊ ㄉㄧㄥ
園林,1,ㄩㄢˊ ㄌㄧㄣˊ
園區,1,ㄩㄢˊ ㄑㄩ
園藝,1,ㄩㄢˊ ㄧˋ
園遊會,1,ㄩㄢˊ ㄧㄡˊ ㄏㄨㄟˋ
猿,1,ㄩㄢˊ
猿猴,1,ㄩㄢˊ ㄏㄡˊ
猿人,1,ㄩㄢˊ ㄖㄣˊ
轅,1,ㄩㄢˊ
原,1,ㄩㄢˊ
原班人馬,1,ㄩㄢˊ ㄅㄢ ㄖㄣˊ ㄇㄚˇ
原版,1,ㄩㄢˊ ㄅㄢˇ
原本,1,ㄩㄢˊ ㄅㄣˇ
原璧歸趙,1,ㄩㄢˊ ㄅㄧˋ ㄍㄨㄟ ㄓㄠˋ
原配,1,ㄩㄢˊ ㄆㄟˋ
原貌,1,ㄩㄢˊ ㄇㄠˋ
原名,1,ㄩㄢˊ ㄇㄧㄥˊ
原木,1,ㄩㄢˊ ㄇㄨˋ
原封不動,1,ㄩㄢˊ ㄈㄥ ㄅㄨˋ ㄉㄨㄥˋ
原封不動,1,ㄩㄢˊ ㄈㄥ ㄅㄨˊ ㄉㄨㄥˋ
原地踏步,1,ㄩㄢˊ ㄉㄧˋ ㄊㄚˋ ㄅㄨˋ
原點,1,ㄩㄢˊ ㄉㄧㄢˇ
原定,1,ㄩㄢˊ ㄉㄧㄥˋ
原動力,1,ㄩㄢˊ ㄉㄨㄥˋ ㄌㄧˋ
原擬,1,ㄩㄢˊ ㄋㄧˇ
原來,1,ㄩㄢˊ ㄌㄞˊ
原來如此,1,ㄩㄢˊ ㄌㄞˊ ㄖㄨˊ ㄘˇ
原理,1,ㄩㄢˊ ㄌㄧˇ
原料,1,ㄩㄢˊ ㄌㄧㄠˋ
原諒,1,ㄩㄢˊ ㄌㄧㄤˋ
原稿,1,ㄩㄢˊ ㄍㄠˇ
原告,1,ㄩㄢˊ ㄍㄠˋ
原故,1,ㄩㄢˊ ㄍㄨˋ
原籍,1,ㄩㄢˊ ㄐㄧˊ
原價,1,ㄩㄢˊ ㄐㄧㄚˋ
原件,1,ㄩㄢˊ ㄐㄧㄢˋ
原先,1,ㄩㄢˊ ㄒㄧㄢ
原形,1,ㄩㄢˊ ㄒㄧㄥˊ
原形畢露,1,ㄩㄢˊ ㄒㄧㄥˊ ㄅㄧˋ ㄌㄨˋ
原形質,1,ㄩㄢˊ ㄒㄧㄥˊ ㄓˊ
原型,1,ㄩㄢˊ ㄒㄧㄥˊ
原汁,1,ㄩㄢˊ ㄓ
原質,1,ㄩㄢˊ ㄓˊ
原職,1,ㄩㄢˊ ㄓˊ
原主,1,ㄩㄢˊ ㄓㄨˇ
原著,1,ㄩㄢˊ ㄓㄨˋ
原裝,1,ㄩㄢˊ ㄓㄨㄤ
原狀,1,ㄩㄢˊ ㄓㄨㄤˋ
原處,1,ㄩㄢˊ ㄔㄨˋ
原始,1,ㄩㄢˊ ㄕˇ
原是,1,ㄩㄢˊ ㄕˋ
原任,1,ㄩㄢˊ ㄖㄣˋ
原子,1,ㄩㄢˊ ㄗˇ
原子筆,1,ㄩㄢˊ ㄗˇ ㄅㄧˇ
原子彈,1,ㄩㄢˊ ㄗˇ ㄉㄢˋ
原子能,1,ㄩㄢˊ ㄗˇ ㄋㄥˊ
原子量,1,ㄩㄢˊ ㄗˇ ㄌㄧㄤˋ
原子核,1,ㄩㄢˊ ㄗˇ ㄏㄜˊ
原子序,1,ㄩㄢˊ ㄗˇ ㄒㄩˋ
原則,1,ㄩㄢˊ ㄗㄜˊ
原罪,1,ㄩㄢˊ ㄗㄨㄟˋ
原色,1,ㄩㄢˊ ㄙㄜˋ
原案,1,ㄩㄢˊ ㄢˋ
原意,1,ㄩㄢˊ ㄧˋ
原野,1,ㄩㄢˊ ㄧㄝˇ
原由,1,ㄩㄢˊ ㄧㄡˊ
原油,1,ㄩㄢˊ ㄧㄡˊ
原有,1,ㄩㄢˊ ㄧㄡˇ
原因,1,ㄩㄢˊ ㄧㄣ
原樣,1,ㄩㄢˊ ㄧㄤˋ
原物,1,ㄩㄢˊ ㄨˋ
原委,1,ㄩㄢˊ ㄨㄟˇ
原味,1,ㄩㄢˊ ㄨㄟˋ
原文,1,ㄩㄢˊ ㄨㄣˊ
原原本本,1,ㄩㄢˊ ㄩㄢˊ ㄅㄣˇ ㄅㄣˇ
源,1,ㄩㄢˊ
源頭,1,ㄩㄢˊ ㄊㄡˊ
源流,1,ㄩㄢˊ ㄌㄧㄡˊ
源起,1,ㄩㄢˊ ㄑㄧˇ
源泉,1,ㄩㄢˊ ㄑㄩㄢˊ
源自,1,ㄩㄢˊ ㄗˋ
源於,1,ㄩㄢˊ ㄩˊ
源源本本,1,ㄩㄢˊ ㄩㄢˊ ㄅㄣˇ ㄅㄣˇ
源源不斷,1,ㄩㄢˊ ㄩㄢˊ ㄅㄨˋ ㄉㄨㄢˋ
源源不斷,1,ㄩㄢˊ ㄩㄢˊ ㄅㄨˊ ㄉㄨㄢˋ
源源不絕,1,ㄩㄢˊ ㄩㄢˊ ㄅㄨˋ ㄐㄩㄝˊ
源遠流長,1,ㄩㄢˊ ㄩㄢˇ ㄌㄧㄡˊ ㄔㄤˊ
嫄,1,ㄩㄢˊ
螈,1,ㄩㄢˊ
員,1,ㄩㄢˊ
員工,1,ㄩㄢˊ ㄍㄨㄥ
員警,1,ㄩㄢˊ ㄐㄧㄥˇ
員額,1,ㄩㄢˊ ㄜˊ
員外,1,ㄩㄢˊ ㄨㄞˋ
圓,1,ㄩㄢˊ
圓滿,1,ㄩㄢˊ ㄇㄢˇ
圓夢,1,ㄩㄢˊ ㄇㄥˋ
圓房,1,ㄩㄢˊ ㄈㄤˊ
圓頂,1,ㄩㄢˊ ㄉㄧㄥˇ
圓通,1,ㄩㄢˊ ㄊㄨㄥ
圓筒,1,ㄩㄢˊ ㄊㄨㄥˇ
圓規,1,ㄩㄢˊ ㄍㄨㄟ
圓弧,1,ㄩㄢˊ ㄏㄨˊ
圓滑,1,ㄩㄢˊ ㄏㄨㄚˊ
圓環,1,ㄩㄢˊ ㄏㄨㄢˊ
圓寂,1,ㄩㄢˊ ㄐㄧˊ
圓鍬,1,ㄩㄢˊ ㄑㄧㄠ
圓圈,1,ㄩㄢˊ ㄑㄩㄢ
圓心,1,ㄩㄢˊ ㄒㄧㄣ
圓形,1,ㄩㄢˊ ㄒㄧㄥˊ
圓周,1,ㄩㄢˊ ㄓㄡ
圓周率,1,ㄩㄢˊ ㄓㄡ ㄌㄩˋ
圓柱體,1,ㄩㄢˊ ㄓㄨˋ ㄊㄧˇ
圓桌,1,ㄩㄢˊ ㄓㄨㄛ
圓桌會議,1,ㄩㄢˊ ㄓㄨㄛ ㄏㄨㄟˋ ㄧˋ
圓錐體,1,ㄩㄢˊ ㄓㄨㄟ ㄊㄧˇ
圓熟,1,ㄩㄢˊ ㄕㄡˊ
圓潤,1,ㄩㄢˊ ㄖㄨㄣˋ
圓融,1,ㄩㄢˊ ㄖㄨㄥˊ
緣,1,ㄩㄢˊ
緣木求魚,1,ㄩㄢˊ ㄇㄨˋ ㄑㄧㄡˊ ㄩˊ
緣分,1,ㄩㄢˊ ㄈㄣˋ
緣定三生,1,ㄩㄢˊ ㄉㄧㄥˋ ㄙㄢ ㄕㄥ
緣故,1,ㄩㄢˊ ㄍㄨˋ
緣起,1,ㄩㄢˊ ㄑㄧˇ
緣由,1,ㄩㄢˊ ㄧㄡˊ
櫞,1,ㄩㄢˊ
圜,1,ㄩㄢˊ
遠,1,ㄩㄢˇ
遠播,1,ㄩㄢˇ ㄅㄛˋ
遠不如,1,ㄩㄢˇ ㄅㄨˋ ㄖㄨˊ
遠方,1,ㄩㄢˇ ㄈㄤ
遠房,1,ㄩㄢˇ ㄈㄤˊ
遠赴,1,ㄩㄢˇ ㄈㄨˋ
遠大,1,ㄩㄢˇ ㄉㄚˋ
遠道,1,ㄩㄢˇ ㄉㄠˋ
遠渡重洋,1,ㄩㄢˇ ㄉㄨˋ ㄔㄨㄥˊ ㄧㄤˊ
遠端會議,1,ㄩㄢˇ ㄉㄨㄢ ㄏㄨㄟˋ ㄧˋ
遠眺,1,ㄩㄢˇ ㄊㄧㄠˋ
遠離,1,ㄩㄢˇ ㄌㄧˊ
遠慮,1,ㄩㄢˇ ㄌㄩˋ
遠古時代,1,ㄩㄢˇ ㄍㄨˇ ㄕˊ ㄉㄞˋ
遠見,1,ㄩㄢˇ ㄐㄧㄢˋ
遠近知名,1,ㄩㄢˇ ㄐㄧㄣˋ ㄓ ㄇㄧㄥˊ
遠近馳名,1,ㄩㄢˇ ㄐㄧㄣˋ ㄔˊ ㄇㄧㄥˊ
遠景,1,ㄩㄢˇ ㄐㄧㄥˇ
遠期外匯,1,ㄩㄢˇ ㄑㄧˊ ㄨㄞˋ ㄏㄨㄟˋ
遠親,1,ㄩㄢˇ ㄑㄧㄣ
遠行,1,ㄩㄢˇ ㄒㄧㄥˊ
遠超過,1,ㄩㄢˇ ㄔㄠ ㄍㄨㄛˋ
遠程,1,ㄩㄢˇ ㄔㄥˊ
遠處,1,ㄩㄢˇ ㄔㄨˋ
遠視,1,ㄩㄢˇ ㄕˋ
遠走高飛,1,ㄩㄢˇ ㄗㄡˇ ㄍㄠ ㄈㄟ
遠足,1,ㄩㄢˇ ㄗㄨˊ
遠祖,1,ㄩㄢˇ ㄗㄨˇ
遠遊,1,ㄩㄢˇ ㄧㄡˊ
遠因,1,ㄩㄢˇ ㄧㄣ
遠洋,1,ㄩㄢˇ ㄧㄤˊ
遠望,1,ㄩㄢˇ ㄨㄤˋ
遠遠落後,1,ㄩㄢˇ ㄩㄢˇ ㄌㄨㄛˋ ㄏㄡˋ
苑,1,ㄩㄢˋ
怨,1,ㄩㄢˋ
怨憤,1,ㄩㄢˋ ㄈㄣˋ
怨懟,1,ㄩㄢˋ ㄉㄨㄟˋ
怨嘆,1,ㄩㄢˋ ㄊㄢˋ
怨天尤人,1,ㄩㄢˋ ㄊㄧㄢ ㄧㄡˊ ㄖㄣˊ
怨恨,1,ㄩㄢˋ ㄏㄣˋ
怨氣,1,ㄩㄢˋ ㄑㄧˋ
怨聲載道,1,ㄩㄢˋ ㄕㄥ ㄗㄞˋ ㄉㄠˋ
怨偶,1,ㄩㄢˋ ㄡˇ
怨尤,1,ㄩㄢˋ ㄧㄡˊ
怨言,1,ㄩㄢˋ ㄧㄢˊ
院,1,ㄩㄢˋ
院內感染,1,ㄩㄢˋ ㄋㄟˋ ㄍㄢˇ ㄖㄢˇ
院落,1,ㄩㄢˋ ㄌㄨㄛˋ
院子,1,ㄩㄢˋ ㄗ˙
瑗,1,ㄩㄢˋ
遠,1,ㄩㄢˋ
愿,1,ㄩㄢˋ
願,1,ㄩㄢˋ
願意,1,ㄩㄢˋ ㄧˋ
願望,1,ㄩㄢˋ ㄨㄤˋ
暈,1,ㄩㄣ
暈倒,1,ㄩㄣ ㄉㄠˇ
暈頭轉向,1,ㄩㄣ ㄊㄡˊ ㄓㄨㄢˋ ㄒㄧㄤˋ
暈眩,1,ㄩㄣ ㄒㄩㄢˋ
暈船,1,ㄩㄣ ㄔㄨㄢˊ
氳,1,ㄩㄣ
云,1,ㄩㄣˊ
云云,1,ㄩㄣˊ ㄩㄣˊ
芸,1,ㄩㄣˊ
芸香,1,ㄩㄣˊ ㄒㄧㄤ
芸芸眾生,1,ㄩㄣˊ ㄩㄣˊ ㄓㄨㄥˋ ㄕㄥ
耘,1,ㄩㄣˊ
紜,1,ㄩㄣˊ
雲,1,ㄩㄣˊ
雲鬢,1,ㄩㄣˊ ㄅㄧㄣˋ
雲母,1,ㄩㄣˊ ㄇㄨˇ
雲淡風輕,1,ㄩㄣˊ ㄉㄢˋ ㄈㄥ ㄑㄧㄥ
雲端,1,ㄩㄣˊ ㄉㄨㄢ
雲梯,1,ㄩㄣˊ ㄊㄧ
雲泥,1,ㄩㄣˊ ㄋㄧˊ
雲霓,1,ㄩㄣˊ ㄋㄧˊ
雲海,1,ㄩㄣˊ ㄏㄞˇ
雲漢,1,ㄩㄣˊ ㄏㄢˋ
雲集,1,ㄩㄣˊ ㄐㄧˊ
雲髻,1,ㄩㄣˊ ㄐㄧˋ
雲氣,1,ㄩㄣˊ ㄑㄧˋ
雲霞,1,ㄩㄣˊ ㄒㄧㄚˊ
雲消霧散,1,ㄩㄣˊ ㄒㄧㄠ ㄨˋ ㄙㄢˋ
雲霄,1,ㄩㄣˊ ㄒㄧㄠ
雲霄飛車,1,ㄩㄣˊ ㄒㄧㄠ ㄈㄟ ㄔㄜ
雲彩,1,ㄩㄣˊ ㄘㄞˇ
雲層,1,ㄩㄣˊ ㄘㄥˊ
雲遊,1,ㄩㄣˊ ㄧㄡˊ
雲霧,1,ㄩㄣˊ ㄨˋ
雲雨,1,ㄩㄣˊ ㄩˇ
勻,1,ㄩㄣˊ
勻稱,1,ㄩㄣˊ ㄔㄥˋ
昀,1,ㄩㄣˊ
筠,1,ㄩㄣˊ
員,1,ㄩㄣˊ
允,1,ㄩㄣˇ
允當,1,ㄩㄣˇ ㄉㄤˋ
允諾,1,ㄩㄣˇ ㄋㄨㄛˋ
允許,1,ㄩㄣˇ ㄒㄩˇ
允准,1,ㄩㄣˇ ㄓㄨㄣˇ
允文允武,1,ㄩㄣˇ ㄨㄣˊ ㄩㄣˇ ㄨˇ
狁,1,ㄩㄣˇ
隕,1,ㄩㄣˇ
隕落,1,ㄩㄣˇ ㄌㄨㄛˋ
隕石,1,ㄩㄣˇ ㄕˊ
殞,1,ㄩㄣˇ
殞命,1,ㄩㄣˇ ㄇㄧㄥˋ
孕,1,ㄩㄣˋ
孕婦,1,ㄩㄣˋ ㄈㄨˋ
孕育,1,ㄩㄣˋ ㄩˋ
惲,1,ㄩㄣˋ
暈,1,ㄩㄣˋ
運,1,ㄩㄣˋ
運筆如飛,1,ㄩㄣˋ ㄅㄧˇ ㄖㄨˊ ㄈㄟ
運費,1,ㄩㄣˋ ㄈㄟˋ
運動,1,ㄩㄣˋ ㄉㄨㄥˋ
運動會,1,ㄩㄣˋ ㄉㄨㄥˋ ㄏㄨㄟˋ
運動精神,1,ㄩㄣˋ ㄉㄨㄥˋ ㄐㄧㄥ ㄕㄣˊ
運動器材,1,ㄩㄣˋ ㄉㄨㄥˋ ㄑㄧˋ ㄘㄞˊ
運動場,1,ㄩㄣˋ ㄉㄨㄥˋ ㄔㄤˇ
運動傷害,1,ㄩㄣˋ ㄉㄨㄥˋ ㄕㄤ ㄏㄞˋ
運動員,1,ㄩㄣˋ ㄉㄨㄥˋ ㄩㄢˊ
運功,1,ㄩㄣˋ ㄍㄨㄥ
運河,1,ㄩㄣˋ ㄏㄜˊ
運氣,1,ㄩㄣˋ ㄑㄧˋ
運氣,1,ㄩㄣˋ ㄑㄧ˙
運銷,1,ㄩㄣˋ ㄒㄧㄠ
運行,1,ㄩㄣˋ ㄒㄧㄥˊ
運轉,1,ㄩㄣˋ ㄓㄨㄢˇ
運籌帷幄,1,ㄩㄣˋ ㄔㄡˊ ㄨㄟˊ ㄨㄛˋ
運輸,1,ㄩㄣˋ ㄕㄨ
運作,1,ㄩㄣˋ ㄗㄨㄛˋ
運算,1,ㄩㄣˋ ㄙㄨㄢˋ
運送,1,ㄩㄣˋ ㄙㄨㄥˋ
運用,1,ㄩㄣˋ ㄩㄥˋ
慍,1,ㄩㄣˋ
醞,1,ㄩㄣˋ
醞釀,1,ㄩㄣˋ ㄋㄧㄤˋ
韞,1,ㄩㄣˋ
蘊,1,ㄩㄣˋ
蘊含,1,ㄩㄣˋ ㄏㄢˊ
蘊藉,1,ㄩㄣˋ ㄐㄧㄝˋ
蘊藏,1,ㄩㄣˋ ㄘㄤˊ
熨,1,ㄩㄣˋ
熨斗,1,ㄩㄣˋ ㄉㄡˇ
韻,1,ㄩㄣˋ
韻母,1,ㄩㄣˋ ㄇㄨˇ
韻律,1,ㄩㄣˋ ㄌㄩˋ
韻律體操,1,ㄩㄣˋ ㄌㄩˋ ㄊㄧˇ ㄘㄠ
韻腳,1,ㄩㄣˋ ㄐㄧㄠˇ
韻事,1,ㄩㄣˋ ㄕˋ
韻味,1,ㄩㄣˋ ㄨㄟˋ
韻文,1,ㄩㄣˋ ㄨㄣˊ
邕,1,ㄩㄥ
雝,1,ㄩㄥ
癰,1,ㄩㄥ
庸,1,ㄩㄥ
庸人自擾,1,ㄩㄥ ㄖㄣˊ ㄗˋ ㄖㄠˇ
庸才,1,ㄩㄥ ㄘㄞˊ
庸俗,1,ㄩㄥ ㄙㄨˊ
庸醫,1,ㄩㄥ ㄧ
庸庸碌碌,1,ㄩㄥ ㄩㄥ ㄌㄨˋ ㄌㄨˋ
傭,1,ㄩㄥ
傭兵,1,ㄩㄥ ㄅㄧㄥ
傭工,1,ㄩㄥ ㄍㄨㄥ
傭人,1,ㄩㄥ ㄖㄣˊ
鄘,1,ㄩㄥ
慵,1,ㄩㄥ
慵懶,1,ㄩㄥ ㄌㄢˇ
墉,1,ㄩㄥ
鏞,1,ㄩㄥ
雍,1,ㄩㄥ
雍容,1,ㄩㄥ ㄖㄨㄥˊ
雍容華貴,1,ㄩㄥ ㄖㄨㄥˊ ㄏㄨㄚˊ ㄍㄨㄟˋ
壅,1,ㄩㄥ
壅塞,1,ㄩㄥ ㄙㄜˋ
臃,1,ㄩㄥ
臃腫,1,ㄩㄥ ㄓㄨㄥˇ
喁,1,ㄩㄥˊ
喁喁,1,ㄩㄥˊ ㄩㄥˊ
永,1,ㄩㄥˇ
永別,1,ㄩㄥˇ ㄅㄧㄝˊ
永眠,1,ㄩㄥˇ ㄇㄧㄢˊ
永恆,1,ㄩㄥˇ ㄏㄥˊ
永結同心,1,ㄩㄥˇ ㄐㄧㄝˊ ㄊㄨㄥˊ ㄒㄧㄣ
永久,1,ㄩㄥˇ ㄐㄧㄡˇ
永晝,1,ㄩㄥˇ ㄓㄡˋ
永垂不朽,1,ㄩㄥˇ ㄔㄨㄟˊ ㄅㄨˋ ㄒㄧㄡˇ
永世,1,ㄩㄥˇ ㄕˋ
永生,1,ㄩㄥˇ ㄕㄥ
永字八法,1,ㄩㄥˇ ㄗˋ ㄅㄚ ㄈㄚˇ
永夜,1,ㄩㄥˇ ㄧㄝˋ
永遠,1,ㄩㄥˇ ㄩㄢˇ
泳,1,ㄩㄥˇ
泳裝,1,ㄩㄥˇ ㄓㄨㄤ
泳池,1,ㄩㄥˇ ㄔˊ
泳衣,1,ㄩㄥˇ ㄧ
詠,1,ㄩㄥˇ
甬,1,ㄩㄥˇ
俑,1,ㄩㄥˇ
勇,1,ㄩㄥˇ
勇猛,1,ㄩㄥˇ ㄇㄥˇ
勇敢,1,ㄩㄥˇ ㄍㄢˇ
勇冠三軍,1,ㄩㄥˇ ㄍㄨㄢˋ ㄙㄢ ㄐㄩㄣ
勇氣,1,ㄩㄥˇ ㄑㄧˋ
勇氣百倍,1,ㄩㄥˇ ㄑㄧˋ ㄅㄞˇ ㄅㄟˋ
勇者不懼,1,ㄩㄥˇ ㄓㄜˇ ㄅㄨˋ ㄐㄩˋ
勇者不懼,1,ㄩㄥˇ ㄓㄜˇ ㄅㄨˊ ㄐㄩˋ
勇士,1,ㄩㄥˇ ㄕˋ
勇往直前,1,ㄩㄥˇ ㄨㄤˇ ㄓˊ ㄑㄧㄢˊ
涌,1,ㄩㄥˇ
恿,1,ㄩㄥˇ
湧,1,ㄩㄥˇ
湧進,1,ㄩㄥˇ ㄐㄧㄣˋ
湧現,1,ㄩㄥˇ ㄒㄧㄢˋ
湧出,1,ㄩㄥˇ ㄔㄨ
湧入,1,ㄩㄥˇ ㄖㄨˋ
蛹,1,ㄩㄥˇ
踴,1,ㄩㄥˇ
踴躍,1,ㄩㄥˇ ㄩㄝˋ
擁,1,ㄩㄥˇ
擁抱,1,ㄩㄥˇ ㄅㄠˋ
擁戴,1,ㄩㄥˇ ㄉㄞˋ
擁護,1,ㄩㄥˇ ㄏㄨˋ
擁擠,1,ㄩㄥˇ ㄐㄧˇ
擁塞,1,ㄩㄥˇ ㄙㄜˋ
擁有,1,ㄩㄥˇ ㄧㄡˇ
用,1,ㄩㄥˋ
用兵,1,ㄩㄥˋ ㄅㄧㄥ
用品,1,ㄩㄥˋ ㄆㄧㄣˇ
用法,1,ㄩㄥˋ ㄈㄚˇ
用地,1,ㄩㄥˋ ㄉㄧˋ
用途,1,ㄩㄥˋ ㄊㄨˊ
用力,1,ㄩㄥˋ ㄌㄧˋ
用料,1,ㄩㄥˋ ㄌㄧㄠˋ
用光,1,ㄩㄥˋ ㄍㄨㄤ
用功,1,ㄩㄥˋ ㄍㄨㄥ
用戶,1,ㄩㄥˋ ㄏㄨˋ
用具,1,ㄩㄥˋ ㄐㄩˋ
用情,1,ㄩㄥˋ ㄑㄧㄥˊ
用心,1,ㄩㄥˋ ㄒㄧㄣ
用心良苦,1,ㄩㄥˋ ㄒㄧㄣ ㄌㄧㄤˊ ㄎㄨˇ
用之不竭,1,ㄩㄥˋ ㄓ ㄅㄨˋ ㄐㄧㄝˊ
用處,1,ㄩㄥˋ ㄔㄨˋ
用事,1,ㄩㄥˋ ㄕˋ
用水,1,ㄩㄥˋ ㄕㄨㄟˇ
用人,1,ㄩㄥˋ ㄖㄣˊ
用詞,1,ㄩㄥˋ ㄘˊ
用餐,1,ㄩㄥˋ ㄘㄢ
用意,1,ㄩㄥˋ ㄧˋ
用完,1,ㄩㄥˋ ㄨㄢˊ
用語,1,ㄩㄥˋ ㄩˇ
佣,1,ㄩㄥˋ
佣金,1,ㄩㄥˋ ㄐㄧㄣ
妻子,1,ㄑㄧ ㄗ˙
厘,1,ㄌㄧˊ
厘米,1,ㄌㄧˊ ㄇㄧˇ
只,1,ㄓ
電子郵件,1,ㄉㄧㄢˋ ㄗˇ ㄧㄡˊ ㄐㄧㄢˋ
頭,1,ㄊㄡ˙
功夫,1,ㄍㄨㄥ ㄈㄨ
子,1,ㄗ˙
們,1,ㄇㄣ˙
嘩,1,ㄏㄨㄚˊ
仔,1,ㄗㄞˇ
排頭,1,ㄆㄞˊ ㄊㄡ˙
潦,1,ㄌㄠˋ
當,1,ㄉㄤˇ
莊家,1,ㄓㄨㄤ ㄐㄧㄚ˙
大家,1,ㄉㄚˋ ㄍㄨ
切口,1,ㄑㄧㄝˋ ㄎㄡˇ
圳,1,ㄓㄣˋ
孩兒,1,ㄏㄞˊ ㄦ
孩兒,1,ㄏㄚˊ ㄦ
酊,1,ㄉㄧㄥ
聽命,1,ㄊㄧㄥˋ ㄇㄧㄥˋ
宓,1,ㄈㄨˊ
橫行,1,ㄏㄥˋ ㄒㄧㄥˊ
崗,1,ㄍㄤ
繳,1,ㄓㄨㄛˊ
濺,1,ㄐㄧㄢ
老婆,1,ㄌㄠˇ ㄆㄛˊ
粥粥,1,ㄓㄨˋ ㄓㄨˋ
躂,1,ㄉㄚ
棄養,1,ㄑㄧˋ ㄧㄤˇ
暖暖,1,ㄋㄨㄢˇ ㄋㄨㄢˇ
蓼,1,ㄌㄧㄠˇ
踦,1,ㄧˇ
兒,1,ㄦ
意思,1,ㄧˋ ㄙ
看看,1,ㄎㄢˋ ㄎㄢ˙
俛,1,ㄈㄨˇ
濺濺,1,ㄐㄧㄢ ㄐㄧㄢ
市售,1,ㄕˋ ㄕㄡˋ
面向,1,ㄇㄧㄢˋ ㄒㄧㄤˋ
深層,1,ㄕㄣ  ㄘㄥˊ
小朋友,1,ㄒㄧㄠˇ ㄆㄥˊ ㄧㄡˇ
新聞稿,1,ㄒㄧㄣ ㄨㄣˊ ㄍㄠˇ
漿,1,ㄐㄧㄤˋ
峒,1,ㄉㄨㄥˋ
人偶,1,ㄖㄣˊ ㄡˇ
升溫,1,ㄕㄥ   ㄨㄣ
銼,1,ㄘㄨㄛˋ
疑難,1,ㄧˊ ㄋㄢˊ
虎,1,ㄏㄨ
民宿,1,ㄇㄧㄣˊ ㄙㄨˋ
貼文,1,ㄊㄧㄝ ㄨㄣˊ
驚悚,1,ㄐㄧㄥ  ㄙㄨㄥˇ
公厘,1,ㄍㄨㄥ ㄌㄧˊ
強風,1,ㄑㄧㄤˊ  ㄈㄥ
歡慶,1,ㄏㄨㄢ ㄑㄧㄥˋ
蚵仔,1,ㄜˊ ㄗˇ
備註,1,ㄅㄟˋ ㄓㄨˋ
管制區,1,ㄍㄨㄢˇ ㄓˋ ㄑㄩ
點點滴滴,1,ㄉㄧㄢˇ ㄉㄧㄢˇ ㄉㄧ ㄉㄧ
僶俛,1,ㄇㄧㄣˇ ㄇㄧㄢˇ
排子車,1,ㄆㄞˇ ㄗ˙ ㄔㄜ
僶,1,ㄇㄧㄣˇ
善行,1,ㄕㄢˋ ㄒㄧㄥˊ
便辟,1,ㄆㄧㄢˊ ㄆㄧˋ
日食,1,ㄖˋ ㄕˊ
月食,1,ㄩㄝˋ ㄕˊ
虧食,1,ㄎㄨㄟ ㄕˊ
舉薦,1,ㄐㄩˇ ㄐㄧㄢˋ
挑空,1,ㄊㄧㄠˇ ㄎㄨㄥ
日偏食,1,ㄖˋ ㄆㄧㄢ ㄕˊ
日全食,1,ㄖˋ ㄑㄩㄢˊ ㄕˊ
包覆,1,ㄅㄠ ㄈㄨˋ
融入,1,ㄖㄨㄥˊ ㄖㄨˋ
賽事,1,ㄙㄞˋ ㄕˋ
排水,1,ㄆㄞˊ ㄕㄨㄟˇ
曲目,1,ㄑㄩˇ ㄇㄨˋ
到來,1,ㄉㄠˋ ㄌㄞˊ
草根,1,ㄘㄠˇ ㄍㄣ
褲子,1,ㄎㄨˋ ㄗ˙
新裝,1,ㄒㄧㄣ ㄓㄨㄤ
場域,1,ㄔㄤˇ ㄩˋ
博弈,1,ㄅㄛˊ ㄧˋ
廚藝,1,ㄔㄨˊ ㄧˋ
加上,1,ㄐㄧㄚ ㄕㄤˋ
來自,1,ㄌㄞˊ ㄗˋ
視為,1,ㄕˋ ㄨㄟˊ
再次,1,ㄗㄞˋ ㄘˋ
哪裡,1,ㄋㄚˇ ㄌㄧˇ
驚豔,1,ㄐㄧㄥ  ㄧㄢˋ
大閘蟹,1,ㄉㄚˋ ㄓㄚˊ ㄒㄧㄝˋ
童書,1,ㄊㄨㄥˊ ㄕㄨ
煙火秀,1,ㄧㄢ ㄏㄨㄛˇ ㄒㄧㄡˋ
團費,1,ㄊㄨㄢˊ ㄈㄟˋ
登頂,1,ㄉㄥ ㄉㄧㄥˇ
醬汁,1,ㄐㄧㄤˋ ㄓ
排放量,1,ㄆㄞˊ ㄈㄤˋ ㄌㄧㄤˋ
樹種,1,ㄕㄨˋ  ㄓㄨㄥˇ
米糕,1,ㄇㄧˇ ㄍㄠ
導盲犬,1,ㄉㄠˇ ㄇㄤˊ ㄑㄩㄢˇ
鯨豚,1,ㄐㄧㄥ ㄊㄨㄣˊ
獎項,1,ㄐㄧㄤˇ ㄒㄧㄤˋ
亮點,1,ㄌㄧㄤˋ ㄉㄧㄢˇ
多元,1,ㄉㄨㄛ ㄩㄢˊ
綜藝,1,ㄗㄨㄥˋ ㄧˋ
疫情,1,ㄧˋ ㄑㄧㄥˊ
手機,1,ㄕㄡˇ ㄐㄧ
內建,1,ㄋㄟˋ ㄐㄧㄢˋ
高層,1,ㄍㄠ ㄘㄥˊ
偏鄉,1,ㄆㄧㄢ ㄒㄧㄤ
亮眼,1,ㄌㄧㄤˋ ㄧㄢˇ
願景,1,ㄩㄢˋ ㄐㄧㄥˇ
原生,1,ㄩㄢˊ ㄕㄥ
體悟,1,ㄊㄧˇ ㄨˋ
文本,1,ㄨㄣˊ ㄅㄣˇ
小黃,1,ㄒㄧㄠˇ ㄏㄨㄤˊ
療癒,1,ㄌㄧㄠˊ ㄩˋ
飲品,1,ㄧㄣˇ ㄆㄧㄣˇ
提領,1,ㄊㄧˊ ㄌㄧㄥˇ
發片,1,ㄈㄚ ㄆㄧㄢˋ
首選,1,ㄕㄡˇ ㄒㄩㄢˇ
正向,1,ㄓㄥˋ ㄒㄧㄤˋ
平板電腦,1,ㄆㄧㄥˊ ㄅㄢˇ ㄉㄧㄢˋ ㄋㄠˇ
智慧型手機,1,ㄓˋ ㄏㄨㄟˋ ㄒㄧㄥˊ  ㄕㄡˇ  ㄐㄧ
低頭族,1,ㄉㄧ  ㄊㄡˊ ㄗㄨˊ
雨露均霑,1,ㄩˇ ㄌㄨˋ ㄐㄩㄣ  ㄓㄢ
動見觀瞻,1,ㄉㄨㄥˋ ㄐㄧㄢˋ ㄍㄨㄢ  ㄓㄢ
淡定,1,ㄉㄢˋ ㄉㄧㄥˋ
磨合,1,ㄇㄛˊ ㄏㄜˊ
金紙,1,ㄐㄧㄣ ㄓˇ
金援,1,ㄐㄧㄣ ㄩㄢˊ
原創,1,ㄩㄢˊ ㄔㄨㄤˋ
偶像劇,1,ㄡˇ ㄒㄧㄤˋ ㄐㄩˋ
劇組,1,ㄐㄩˋ ㄗㄨˇ
動線,1,ㄉㄨㄥˋ ㄒㄧㄢˋ
動漫,1,ㄉㄨㄥˋ ㄇㄢˋ
高架,1,ㄍㄠ  ㄐㄧㄚˋ
監理站,1,ㄐㄧㄢ ㄌㄧˇ ㄓㄢˋ
失分,1,ㄕ ㄈㄣ
成軍,1,ㄔㄥˊ ㄐㄩㄣ
病友,1,ㄅㄧㄥˋ ㄧㄡˇ
病史,1,ㄅㄧㄥˋ ㄕˇ
看診,1,ㄎㄢˋ ㄓㄣˇ
施打,1,ㄕ ㄉㄚˇ
回溫,1,ㄏㄨㄟˊ ㄨㄣ
痛批,1,ㄊㄨㄥˋ ㄆㄧ
車手,1,ㄔㄜ ㄕㄡˇ
車潮,1,ㄔㄜ ㄔㄠˊ
新聞網,1,ㄒㄧㄣ ㄨㄣˊ ㄨㄤˇ
當紅,1,ㄉㄤ ㄏㄨㄥˊ
出版社,1,ㄔㄨ ㄅㄢˇ ㄕㄜˋ
輕食,1,ㄑㄧㄥ ㄕˊ
餐敘,1,ㄘㄢ ㄒㄩˋ
紅酒,1,ㄏㄨㄥˊ ㄐㄧㄡˇ
火龍果,1,ㄏㄨㄛˇ ㄌㄨㄥˊ ㄍㄨㄛˇ
鳳梨酥,1,ㄈㄥˋ ㄌㄧˊ ㄙㄨ
馬卡龍,1,ㄇㄚˇ ㄎㄚˇ ㄌㄨㄥˊ
健走,1,ㄐㄧㄢˋ ㄗㄡˇ
球路,1,ㄑㄧㄡˊ ㄌㄨˋ
趨緩,1,ㄑㄩ ㄏㄨㄢˇ
會勘,1,ㄏㄨㄟˋ ㄎㄢ
招商,1,ㄓㄠ ㄕㄤ
几凳,1,ㄐㄧ  ㄉㄥˋ
下嚥,1,ㄒㄧㄚˋ ㄧㄢˋ
下襬,1,ㄒㄧㄚˋ ㄅㄞˇ
千里迢迢,1,ㄑㄧㄢ ㄌㄧˇ ㄊㄧㄠˊ ㄊㄧㄠˊ
大胃王,1,ㄉㄚˋ ㄨㄟˋ  ㄨㄤˊ
弓弩,1,ㄍㄨㄥ ㄋㄨˇ
丰姿,1,ㄈㄥ ㄗ
升旗手,1,ㄕㄥ ㄑㄧˊ ㄕㄡˇ
玉飾,1,ㄩˋ ㄕˋ
瓦缶,1,ㄨㄚˇ ㄈㄡˇ
甘潤,1,ㄍㄢ ㄖㄨㄣˋ
甘醇,1,ㄍㄢ ㄔㄨㄣˊ
駁火,1,ㄅㄛˊ ㄏㄨㄛˇ
甜度,1,ㄊㄧㄢˊ ㄉㄨˋ
重度,1,ㄓㄨㄥˋ ㄉㄨˋ
抽水站,1,ㄔㄡ ㄕㄨㄟˇ ㄓㄢˋ
藉由,1,ㄐㄧㄝˋ ㄧㄡˊ
古早味,1,ㄍㄨˇ ㄗㄠˇ ㄨㄟˋ
親子,1,ㄑㄧㄣ ㄗˇ
意涵,1,ㄧˋ ㄏㄢˊ
上架,1,ㄕㄤˋ ㄐㄧㄚˋ
負向,1,ㄈㄨˋ ㄒㄧㄤˋ
外食,1,ㄨㄞˋ ㄕˊ
塑化劑,1,ㄙㄨˋ ㄏㄨㄚˋ ㄐㄧˋ
垃圾袋,1,ㄌㄜˋ ㄙㄜˋ ㄉㄞˋ
確診,1,ㄑㄩㄝˋ ㄓㄣˇ
跳針,1,ㄊㄧㄠˋ ㄓㄣ
施,1,ㄧˊ
搞混,1,ㄍㄠˇ ㄏㄨㄣˋ
苔,1,ㄊㄞ
日環食,1,ㄖˋ ㄏㄨㄢˊ ㄕˊ
水花四濺,1,ㄕㄨㄟˇ ㄏㄨㄚ ㄙˋ ㄐㄧㄢˋ
類組,1,ㄌㄟˋ ㄗㄨˇ
開跑,1,ㄎㄞ ㄆㄠˇ
標章,1,ㄅㄧㄠ ㄓㄤ
神社,1,ㄕㄣˊ ㄕㄜˋ
信眾,1,ㄒㄧㄣˋ ㄓㄨㄥˋ
看似,1,ㄎㄢˋ ㄙˋ
移師,1,ㄧˊ ㄕ
小飛俠,1,ㄒㄧㄠˇ ㄈㄟ ㄒㄧㄚˊ
不勝負荷,1,ㄅㄨˋ ㄕㄥ ㄈㄨˋ ㄏㄜˋ
內餡,1,ㄋㄟˋ ㄒㄧㄢˋ
引吭高歌,1,ㄧㄣˇ ㄏㄤˊ ㄍㄠ ㄍㄜ
手足無措,1,ㄕㄡˇ ㄗㄨˊ ㄨˊ ㄘㄨㄛˋ
乍然,1,ㄓㄚˋ ㄖㄢˊ
付諸實行,1,ㄈㄨˋ ㄓㄨ ㄕˊ ㄒㄧㄥˊ
仙女,1,ㄒㄧㄢ ㄋㄩˇ
令人叫絕,1,ㄌㄧㄥˋ ㄖㄣˊ ㄐㄧㄠˋ ㄐㄩㄝˊ
甩餅,1,ㄕㄨㄞˇ  ㄅㄧㄥˇ
兩人三腳,1,ㄌㄧㄤˇ ㄖㄣˊ ㄙㄢ ㄐㄧㄠˇ
生氣盎然,1,ㄕㄥ ㄑㄧˋ ㄤˋ ㄖㄢˊ
夜闌,1,ㄧㄝˋ ㄌㄢˊ
姐姐,1,ㄐㄧㄝˇ ㄐㄧㄝ˙
忽隱忽現,1,ㄏㄨ ㄧㄣˇ ㄏㄨ ㄒㄧㄢˋ
怔怔,1,ㄌㄥˋ ㄌㄥˋ
承載,1,ㄔㄥˊ ㄗㄞˋ
抽抽噎噎,1,ㄔㄡ ㄔㄡ ㄧㄝ ㄧㄝ
泡澡,1,ㄆㄠˋ ㄗㄠˇ
作工,1,ㄗㄨㄛˋ ㄍㄨㄥ
打哈欠,1,ㄉㄚˇ ㄏㄚ ㄑㄧㄢˋ
明滅,1,ㄇㄧㄥˊ ㄇㄧㄝˋ
奕世,1,ㄧˋ ㄕˋ
影音,1,ㄧㄥˇ ㄧㄣ
自有,1,ㄗˋ ㄧㄡˇ
包包,1,ㄅㄠ ㄅㄠ
悠遊,1,ㄧㄡ ㄧㄡˊ
有獎徵答,1,ㄧㄡˇ ㄐㄧㄤˇ ㄓㄥ ㄉㄚˊ
水珠,1,ㄕㄨㄟˇ ㄓㄨ
水渠,1,ㄕㄨㄟˇ ㄑㄩˊ
水潭,1,ㄕㄨㄟˇ ㄊㄢˊ
叮咬,1,ㄉㄧㄥ ㄧㄠˇ
打拍子,1,ㄉㄚˇ ㄆㄞ ㄗ˙
新芽,1,ㄒㄧㄣ ㄧㄚˊ
茅屋,1,ㄇㄠˊ ㄨ
跨年,1,ㄎㄨㄚˋ ㄋㄧㄢˊ
敬上,1,ㄐㄧㄥˋ ㄕㄤˋ
風鈴,1,ㄈㄥ ㄌㄧㄥˊ
為什麼,1,ㄨㄟˋ ㄕㄣˊ ㄇㄜ˙
石階,1,ㄕˊ ㄐㄧㄝ
搧火,1,ㄕㄢ ㄏㄨㄛˇ
香氣四溢,1,ㄒㄧㄤ ㄑㄧˋ ㄙˋ ㄧˋ
冰雪,1,ㄅㄧㄥ ㄒㄩㄝˇ
商機,1,ㄕㄤ ㄐㄧ
三角板,1,ㄙㄢ ㄐㄧㄠˇ ㄅㄢˇ
成為,1,ㄔㄥˊ ㄨㄟˊ
取景,1,ㄑㄩˇ ㄐㄧㄥˇ
取暖,1,ㄑㄩˇ ㄋㄨㄢˇ
徹底,1,ㄔㄜˋ ㄉㄧˇ
阿嬤,1,ㄚ ㄇㄚ˙
諸葛,1,ㄓㄨ ㄍㄜˊ
萬事通,1,ㄨㄢˋ ㄕˋ ㄊㄨㄥ
降世,1,ㄐㄧㄤˋ ㄕˋ
窠巢,1,ㄎㄜ ㄔㄠˊ
春雨,1,ㄔㄨㄣ  ㄩˇ
合租,1,ㄏㄜˊ ㄗㄨ
推來推去,1,ㄊㄨㄟ ㄌㄞˊ ㄊㄨㄟ ㄑㄩˋ
扁舟,1,ㄆㄧㄢ ㄓㄡ
每天,1,ㄇㄟˇ ㄊㄧㄢ
煤油燈,1,ㄇㄟˊ ㄧㄡˊ ㄉㄥ
稚拙,1,ㄓˋ ㄓㄨㄛˊ
田疇,1,ㄊㄧㄢˊ ㄔㄡˊ
亙古,1,ㄍㄣˋ ㄍㄨˇ
竹篾,1,ㄓㄨˊ ㄇㄧㄝˋ
哈欠,1,ㄏㄚ ㄑㄧㄢˋ
泛白,1,ㄈㄢˋ ㄅㄞˊ
泫然欲泣,1,ㄒㄩㄢˋ ㄖㄢˊ ㄩˋ ㄑㄧˋ
人跡罕至,1,ㄖㄣˊ ㄐㄧ ㄏㄢˇ ㄓˋ
牛魔王,1,ㄋㄧㄡˊ ㄇㄛˊ ㄨㄤˊ
以假亂真,1,ㄧˇ ㄐㄧㄚˇ ㄌㄨㄢˋ ㄓㄣ
凹癟,1,ㄠ ㄅㄧㄝˇ
古厝,1,ㄍㄨˇ ㄘㄨㄛˋ
白袍,1,ㄅㄞˊ ㄆㄠˊ
回眸,1,ㄏㄨㄟˊ ㄇㄡˊ
竹籟,1,ㄓㄨˊ ㄌㄞˋ
長篙,1,ㄔㄤˊ ㄍㄠ
街景,1,ㄐㄧㄝ ㄐㄧㄥˇ
解說員,1,ㄐㄧㄝˇ ㄕㄨㄛ ㄩㄢˊ
種苗,1,ㄓㄨㄥˇ ㄇㄧㄠˊ
社群,1,ㄕㄜˋ ㄑㄩㄣˊ
繪本,1,ㄏㄨㄟˋ ㄅㄣˇ
宅配,1,ㄓㄞˊ ㄆㄟˋ
水圳,1,ㄕㄨㄟˇ ㄗㄨㄣˋ
花開似錦,1,ㄏㄨㄚ ㄎㄞ ㄙˋ ㄐㄧㄣˇ
鬃毛,1,ㄗㄨㄥ ㄇㄠˊ
芭蕉扇,1,ㄅㄚ ㄐㄧㄠ ㄕㄢˋ
酒杯,1,ㄐㄧㄡˇ ㄅㄟ
酒香,1,ㄐㄧㄡˇ ㄒㄧㄤ
矯捷,1,ㄐㄧㄠˇ ㄐㄧㄝˊ
粗大,1,ㄘㄨ ㄉㄚˋ
高山,1,ㄍㄠ ㄕㄢ
高空彈跳,1,ㄍㄠ ㄎㄨㄥ ㄊㄢˊ ㄊㄧㄠˋ
櫃檯,1,ㄍㄨㄟˋ ㄊㄞˊ
這輩子,1,ㄓㄜˋ ㄅㄟˋ ㄗ˙
魚鉤,1,ㄩˊ ㄍㄡ
歸巢,1,ㄍㄨㄟ ㄔㄠˊ
歸期,1,ㄍㄨㄟ ㄑㄧˊ
轟隆,1,ㄏㄨㄥ ㄌㄨㄥˊ
薰然,1,ㄒㄩㄣ ㄖㄢˊ
汗珠,1,ㄏㄢˋ ㄓㄨ
天下人,1,ㄊㄧㄢ ㄒㄧㄚˋ ㄖㄣˊ
衣食,1,ㄧ ㄕˊ
天聽,1,ㄊㄧㄢ ㄊㄧㄥ
伸張,1,ㄕㄣ ㄓㄤ
大夥,1,ㄉㄚˋ ㄏㄨㄛˇ
心如刀割,1,ㄒㄧㄣ ㄖㄨˊ ㄉㄠ ㄍㄜ
何不,1,ㄏㄜˊ ㄅㄨˋ
小姑娘,1,ㄒㄧㄠˇ ㄍㄨ ㄋㄧㄤ˙
牙床,1,ㄧㄚˊ ㄔㄨㄤˊ
罐子,1,ㄍㄨㄢˋ ㄗ˙
石獅子,1,ㄕˊ ㄕ ㄗ˙
上達,1,ㄕㄤˋ ㄉㄚˊ
叉腰,1,ㄔㄚ ㄧㄠ
全然,1,ㄑㄩㄢˊ ㄖㄢˊ
共存,1,ㄍㄨㄥˋ ㄘㄨㄣˊ
印刷術,1,ㄧㄣˋ ㄕㄨㄚ ㄕㄨˋ
各界,1,ㄍㄜˋ ㄐㄧㄝˋ
安親班,1,ㄢ ㄑㄧㄣ ㄅㄢ
成因,1,ㄔㄥˊ ㄧㄣ
成績單,1,ㄔㄥˊ ㄐㄧ ㄉㄢ
風帆,1,ㄈㄥ ㄈㄢˊ
阡陌,1,ㄑㄧㄢ ㄇㄛˋ
吃吃喝喝,1,ㄔ ㄔ ㄏㄜ ㄏㄜ
兵馬俑,1,ㄅㄧㄥ ㄇㄚˇ ㄩㄥˇ
冷冽,1,ㄌㄥˇ ㄌㄧㄝˋ
洄游,1,ㄏㄨㄟˊ ㄧㄡˊ
坐車,1,ㄗㄨㄛˋ ㄔㄜ
妖嬈,1,ㄧㄠ ㄖㄠˊ
汽船,1,ㄑㄧˋ ㄔㄨㄢˊ
吐司,1,ㄊㄨˇ ㄙ
名譽掃地,1,ㄇㄧㄥˊ ㄩˋ ㄙㄠˇ ㄉㄧˋ
哭調,1,ㄎㄨ ㄉㄧㄠˋ
回味無窮,1,ㄏㄨㄟˊ ㄨㄟˋ ㄨˊ ㄑㄩㄥˊ
圳溝,1,ㄗㄨㄣˋ ㄍㄡ
捆綁,1,ㄎㄨㄣˇ ㄅㄤˇ
好多,1,ㄏㄠˇ ㄉㄨㄛ
成就感,1,ㄔㄥˊ ㄐㄧㄡˋ ㄍㄢˇ
吃飯,1,ㄔ ㄈㄢˋ
狂風,1,ㄎㄨㄤˊ ㄈㄥ
浮潛,1,ㄈㄨˊ ㄑㄧㄢˊ
各位,1,ㄍㄜˋ ㄨㄟˋ
私房,1,ㄙ ㄈㄤˊ
涓滴,1,ㄐㄩㄢ ㄉㄧ
各種,1,ㄍㄜˋ ㄓㄨㄥˇ
狼狽不堪,1,ㄌㄤˊ ㄅㄟˋ ㄅㄨˋ ㄎㄢ
那天,1,ㄋㄚˋ ㄊㄧㄢ
度過,1,ㄉㄨˋ ㄍㄨㄛˋ
神清氣爽,1,ㄕㄣˊ ㄑㄧㄥ ㄑㄧˋ ㄕㄨㄤˇ
絲線,1,ㄙ ㄒㄧㄢˋ
紅彤彤,1,ㄏㄨㄥˊ ㄊㄨㄥˊ ㄊㄨㄥˊ
萃取,1,ㄘㄨㄟˋ ㄑㄩˇ
英姿,1,ㄧㄥ ㄗ
萋萋,1,ㄑㄧ ㄑㄧ
軍人,1,ㄐㄩㄣ ㄖㄣˊ
跗,1,ㄈㄨ
風乾,1,ㄈㄥ ㄍㄢ
進諫,1,ㄐㄧㄣˋ ㄐㄧㄢˋ
雲朵,1,ㄩㄣˊ ㄉㄨㄛˇ
黃澄澄,1,ㄏㄨㄤˊ ㄔㄥˊ ㄔㄥˊ
早就,1,ㄗㄠˇ ㄐㄧㄡˋ
有模有樣,1,ㄧㄡˇ ㄇㄛˊ ㄧㄡˇ ㄧㄤˋ
柴扉,1,ㄔㄞˊ ㄈㄟ
桀驁,1,ㄐㄧㄝˊ ㄠˊ
筆端,1,ㄅㄧˇ ㄉㄨㄢ
絞刑,1,ㄐㄧㄠˇ ㄒㄧㄥˊ
高高低低,1,ㄍㄠ ㄍㄠ ㄉㄧ ㄉㄧ
鬼影幢幢,1,ㄍㄨㄟˇ ㄧㄥˇ ㄔㄨㄤˊ ㄔㄨㄤˊ
做飯,1,ㄗㄨㄛˋ ㄈㄢˋ
滾翻,1,ㄍㄨㄣˇ ㄈㄢ
盡忠職守,1,ㄐㄧㄣˋ ㄓㄨㄥ ㄓˊ ㄕㄡˇ
綠茵,1,ㄌㄩˋ ㄧㄣ
推倒,1,ㄊㄨㄟ ㄉㄠˇ
唱歌,1,ㄔㄤˋ ㄍㄜ
毫無,1,ㄏㄠˊ ㄨˊ
貌相,1,ㄇㄠˋ ㄒㄧㄤˋ
雌花,1,ㄘ ㄏㄨㄚ
雄花,1,ㄒㄩㄥˊ ㄏㄨㄚ
淒風,1,ㄑㄧ ㄈㄥ
彩色筆,1,ㄘㄞˇ ㄙㄜˋ ㄅㄧˇ
淚如雨下,1,ㄌㄟˋ ㄖㄨˊ ㄩˇ ㄒㄧㄚˋ
深深,1,ㄕㄣ ㄕㄣ
啁啾,1,ㄓㄡ ㄐㄧㄡ
腐草,1,ㄈㄨˇ ㄘㄠˇ
絢麗,1,ㄒㄩㄢˋ ㄌㄧˋ
寫稿,1,ㄒㄧㄝˇ ㄍㄠˇ
廊簷,1,ㄌㄤˊ ㄧㄢˊ
圓鼓鼓,1,ㄩㄢˊ ㄍㄨˇ ㄍㄨˇ
圓滾滾,1,ㄩㄢˊ ㄍㄨㄣˇ ㄍㄨㄣˇ
廣袤,1,ㄍㄨㄤˇ ㄇㄠˋ
摩天輪,1,ㄇㄛˊ ㄊㄧㄢ ㄌㄨㄣˊ
揣度,1,ㄔㄨㄞˇ ㄉㄨㄛˋ
湊錢,1,ㄘㄡˋ ㄑㄧㄢˊ
無助,1,ㄨˊ ㄓㄨˋ
停歇,1,ㄊㄧㄥˊ ㄒㄧㄝ
輕紗,1,ㄑㄧㄥ ㄕㄚ
輕輕,1,ㄑㄧㄥ ㄑㄧㄥ
盤龍,1,ㄆㄢˊ ㄌㄨㄥˊ
張開,1,ㄓㄤ ㄎㄞ
遛達,1,ㄌㄧㄡˋ ㄉㄚˊ
遛達,1,ㄌㄧㄡˋ ㄉㄚ˙
磕磕撞撞,1,ㄎㄜ ㄎㄜ ㄓㄨㄤˋ ㄓㄨㄤˋ
銅幣,1,ㄊㄨㄥˊ ㄅㄧˋ
翩翩起舞,1,ㄆㄧㄢ ㄆㄧㄢ ㄑㄧˇ ㄨˇ
盤子,1,ㄆㄢˊ ㄗ˙
課後輔導,1,ㄎㄜˋ ㄏㄡˋ ㄈㄨˇ ㄉㄠˇ
鳴叫,1,ㄇㄧㄥˊ ㄐㄧㄠˋ
踧,1,ㄘㄨˋ
踧踖,1,ㄘㄨˋ ㄐㄧˊ
僵直,1,ㄐㄧㄤ ㄓˊ
嘩啦,1,ㄏㄨㄚ ㄌㄚ
嘩啦啦,1,ㄏㄨㄚ ㄌㄚ ㄌㄚ
摺紙,1,ㄓㄜˊ ㄓˇ
豬舍,1,ㄓㄨ ㄕㄜˋ
搜尋引擎,1,ㄙㄡ ㄒㄩㄣˊ ㄧㄣˇ ㄑㄧㄥˊ
醉臥,1,ㄗㄨㄟˋ ㄨㄛˋ
躊躇不決,1,ㄔㄡˊ ㄔㄨˊ ㄅㄨˋ ㄐㄩㄝˊ
麥浪,1,ㄇㄞˋ ㄌㄤˋ
雜草,1,ㄗㄚˊ ㄘㄠˇ
剩菜,1,ㄕㄥˋ ㄘㄞˋ
繩子,1,ㄕㄥˊ ㄗ˙
譜寫,1,ㄆㄨˇ ㄒㄧㄝˇ
勝券在握,1,ㄕㄥˋ ㄑㄩㄢˋ ㄗㄞˋ ㄨㄛˋ
雞黍,1,ㄐㄧ ㄕㄨˇ
瀕危,1,ㄅㄧㄣ ㄨㄟˊ
喚起,1,ㄏㄨㄢˋ ㄑㄧˇ
寒氣,1,ㄏㄢˊ ㄑㄧˋ
麵團,1,ㄇㄧㄢˋ ㄊㄨㄢˊ
嘴角,1,ㄗㄨㄟˇ ㄐㄧㄠˇ
嘻嘻哈哈,1,ㄒㄧ ㄒㄧ ㄏㄚ ㄏㄚ
墜地,1,ㄓㄨㄟˋ ㄉㄧˋ
寫字,1,ㄒㄧㄝˇ ㄗˋ
滾圓,1,ㄍㄨㄣˇ ㄩㄢˊ
麈尾,1,ㄓㄨˇ ㄨㄟˇ
濡溼,1,ㄖㄨˊ ㄕ
憑仗,1,ㄆㄧㄥˊ ㄓㄤˋ
撿拾,1,ㄐㄧㄢˇ ㄕˊ
褪色,1,ㄊㄨㄣˋ ㄙㄜˋ
秤桿,1,ㄔㄥˋ ㄍㄢˇ
粄,1,ㄅㄢˇ
粄條,1,ㄅㄢˇ ㄊㄧㄠˊ
身影,1,ㄕㄣ ㄧㄥˇ
併攏,1,ㄅㄧㄥˋ ㄌㄨㄥˇ
化妝師,1,ㄏㄨㄚˋ ㄓㄨㄤ ㄕ
花粉,1,ㄏㄨㄚ ㄈㄣˇ
炒飯,1,ㄔㄠˇ ㄈㄢˋ
復育,1,ㄈㄨˋ ㄩˋ
金光閃閃,1,ㄐㄧㄣ ㄍㄨㄤ ㄕㄢˇ ㄕㄢˇ
地瘠人貧,1,ㄉㄧˋ ㄐㄧˊ ㄖㄣˊ ㄆㄧㄣˊ
衣食無虞,1,ㄧ ㄕˊ ㄨˊ ㄩˊ
流淌,1,ㄌㄧㄡˊ ㄊㄤˇ
流傳千古,1,ㄌㄧㄡˊ ㄔㄨㄢˊ ㄑㄧㄢ ㄍㄨˇ
省吃儉用,1,ㄕㄥˇ ㄔ ㄐㄧㄢˇ ㄩㄥˋ
侷限,1,ㄐㄩˊ ㄒㄧㄢˋ
勃然大怒,1,ㄅㄛˊ ㄖㄢˊ ㄉㄚˋ ㄋㄨˋ
咬緊牙根,1,ㄧㄠˇ ㄐㄧㄣˇ ㄧㄚˊ ㄍㄣ
羔羊跪乳,1,ㄍㄠ ㄧㄤˊ ㄍㄨㄟˋ ㄖㄨˇ
國服,1,ㄍㄨㄛˊ ㄈㄨˊ
脫韁野馬,1,ㄊㄨㄛ ㄐㄧㄤ ㄧㄝˇ ㄇㄚˇ
輕簡,1,ㄑㄧㄥ ㄐㄧㄢˇ
撥打,1,ㄅㄛ ㄉㄚˇ
食材,1,ㄕˊ ㄘㄞˊ
笙簫,1,ㄕㄥ ㄒㄧㄠ
悍烈,1,ㄏㄢˋ ㄌㄧㄝˋ
浮藻,1,ㄈㄨˊ ㄗㄠˇ
參訪,1,ㄘㄢ ㄈㄤˇ
麵皮,1,ㄇㄧㄢˋ ㄆㄧˊ
善款,1,ㄕㄢˋ ㄎㄨㄢˇ
戲偶,1,ㄒㄧˋ ㄡˇ
薑餅人,1,ㄐㄧㄤ ㄅㄧㄥˇ ㄖㄣˊ
裝死,1,ㄓㄨㄤ ㄙˇ
殘垣,1,ㄘㄢˊ ㄩㄢˊ
遶境,1,ㄖㄠˋ ㄐㄧㄥˋ
雋才,1,ㄐㄩㄣˋ ㄘㄞˊ
逞威,1,ㄔㄥˇ ㄨㄟ
劃破,1,ㄏㄨㄚˊ ㄆㄛˋ
蚵田,1,ㄜˊ ㄊㄧㄢˊ
線軸,1,ㄒㄧㄢˋ ㄓㄡˊ
深諳,1,ㄕㄣ ㄢ
習辭,1,ㄒㄧˊ ㄘˊ
脣語,1,ㄔㄨㄣˊ ㄩˇ
溼冷,1,ㄕ ㄌㄥˇ
蓬裙,1,ㄆㄥˊ ㄑㄩㄣˊ
導盲鞍,1,ㄉㄠˇ ㄇㄤˊ ㄢ
平板車,1,ㄆㄧㄥˊ ㄅㄢˇ ㄔㄜ
高等法院,1,ㄍㄠ ㄉㄥˇ ㄈㄚˇ ㄩㄢˋ
飛梭,1,ㄈㄟ ㄙㄨㄛ
水刀,1,ㄕㄨㄟˇ ㄉㄠ
離巢,1,ㄌㄧˊ ㄔㄠˊ
通風口,1,ㄊㄨㄥ ㄈㄥ ㄎㄡˇ
球數,1,ㄑㄧㄡˊ ㄕㄨˋ
春神,1,ㄔㄨㄣ ㄕㄣˊ
連環船,1,ㄌㄧㄢˊ ㄏㄨㄢˊ ㄔㄨㄢˊ
代稱,1,ㄉㄞˋ ㄔㄥ
四方形,1,ㄙˋ ㄈㄤ ㄒㄧㄥˊ
觀景臺,1,ㄍㄨㄢ ㄐㄧㄥˇ ㄊㄞˊ
盒裝,1,ㄏㄜˊ ㄓㄨㄤ
逐夢,1,ㄓㄨˊ ㄇㄥˋ
連通橋,1,ㄌㄧㄢˊ ㄊㄨㄥ ㄑㄧㄠˊ
飄送,1,ㄆㄧㄠ ㄙㄨㄥˋ
鷹眼,1,ㄧㄥ ㄧㄢˇ
野林,1,ㄧㄝˇ ㄌㄧㄣˊ
相挺,1,ㄒㄧㄤ ㄊㄧㄥˇ
探險船,1,ㄊㄢˋ ㄒㄧㄢˇ ㄔㄨㄢˊ
歷盡,1,ㄌㄧˋ ㄐㄧㄣˋ
閉目,1,ㄅㄧˋ ㄇㄨˋ
燈光秀,1,ㄉㄥ ㄍㄨㄤ ㄒㄧㄡˋ
鬆土,1,ㄙㄨㄥ ㄊㄨˇ
皮肉傷,1,ㄆㄧˊ ㄖㄡˋ ㄕㄤ
雕工,1,ㄉㄧㄠ ㄍㄨㄥ
代表權,1,ㄉㄞˋ ㄅㄧㄠˇ ㄑㄩㄢˊ
冬茶,1,ㄉㄨㄥ ㄔㄚˊ
飛人,1,ㄈㄟ ㄖㄣˊ
叫住,1,ㄐㄧㄠˋ ㄓㄨˋ
有道是,1,ㄧㄡˇ ㄉㄠˋ ㄕˋ
風刀,1,ㄈㄥ ㄉㄠ
活似,1,ㄏㄨㄛˊ ㄙˋ
甕窯,1,ㄨㄥˋ ㄧㄠˊ
鶇,1,ㄉㄨㄥ
奔逐,1,ㄅㄣ  ㄓㄨˊ
沙堡,1,ㄕㄚ ㄅㄠˇ
省電,1,ㄕㄥˇ  ㄉㄧㄢˋ
惜字亭,1,ㄒㄧˊ ㄗˋ ㄊㄧㄥˊ
船槳,1,ㄔㄨㄢˊ ㄐㄧㄤˇ
逝去,1,ㄕˋ ㄑㄩˋ
魚槍,1,ㄩˊ ㄑㄧㄤ
髹漆,1,ㄒㄧㄡ ㄑㄧ
失溫,1,ㄕ    ㄨㄣ
渡船頭,1,ㄉㄨˋ ㄔㄨㄢˊ ㄊㄡˊ
畫畫,1,ㄏㄨㄚˋ ㄏㄨㄚˋ
腕力,1,ㄨㄢˋ ㄌㄧˋ
菜尾,1,ㄘㄞˋ ㄨㄟˇ
漫無涯際,1,ㄇㄢˋ ㄨˊ ㄧㄚˊ ㄐㄧˋ
熾豔,1,ㄔˋ ㄧㄢˋ
菜販,1,ㄘㄞˋ ㄈㄢˋ
交通船,1,ㄐㄧㄠ ㄊㄨㄥ ㄔㄨㄢˊ
楓林,1,ㄈㄥ ㄌㄧㄣˊ
溪床,1,ㄒㄧ ㄔㄨㄤˊ
白醬,1,ㄅㄞˊ ㄐㄧㄤˋ
青醬,1,ㄑㄧㄥ ㄐㄧㄤˋ
綑紮,1,ㄎㄨㄣˇ ㄓㄚˊ
聖女,1,ㄕㄥˋ ㄋㄩˇ
酣眠,1,ㄏㄢ ㄇㄧㄢˊ
傾囊相助,1,ㄑㄧㄥ ㄋㄤˊ ㄒㄧㄤ ㄓㄨˋ
腰桿,1,ㄧㄠ ㄍㄢˇ
彰顯,1,ㄓㄤ ㄒㄧㄢˇ
狗尾草,1,ㄍㄡˇ ㄨㄟˇ ㄘㄠˇ
空心球,1,ㄎㄨㄥ ㄒㄧㄣ ㄑㄧㄡˊ
保健室,1,ㄅㄠˇ ㄐㄧㄢˋ ㄕˋ
初生,1,ㄔㄨ ㄕㄥ
拚搏,1,ㄆㄢˋ ㄅㄛˊ
箭術,1,ㄐㄧㄢˋ ㄕㄨˋ
塵粒,1,ㄔㄣˊ ㄌㄧˋ
穀粒,1,ㄍㄨˇ  ㄌㄧˋ
瞬時,1,ㄕㄨㄣˋ ㄕˊ
篾簟,1,ㄇㄧㄝˋ ㄉㄧㄢˋ
縮頭藏尾,1,ㄙㄨㄛ ㄊㄡˊ ㄘㄤˊ ㄨㄟˇ
鑄銅,1,ㄓㄨˋ ㄊㄨㄥˊ
靈光乍現,1,ㄌㄧㄥˊ ㄍㄨㄤ ㄓㄚˋ ㄒㄧㄢˋ
吊牌,1,ㄉㄧㄠˋ ㄆㄞˊ
光舞,1,ㄍㄨㄤ ㄨˇ
水舞,1,ㄕㄨㄟˇ ㄨˇ
過山洞,1,ㄍㄨㄛˋ ㄕㄢ ㄉㄨㄥˋ
小窗,1,ㄒㄧㄠˇ ㄔㄨㄤ
合不攏嘴,1,ㄏㄜˊ ㄅㄨˋ ㄌㄨㄥˇ ㄗㄨㄟˇ
多功能,1,ㄉㄨㄛ ㄍㄨㄥ ㄋㄥˊ
如實,1,ㄖㄨˊ ㄕˊ
太陽雨,1,ㄊㄞˋ ㄧㄤˊ ㄩˇ
收訊,1,ㄕㄡ ㄒㄩㄣˋ
扭頭,1,ㄋㄧㄡˇ ㄊㄡˊ
生命史,1,ㄕㄥ ㄇㄧㄥˋ ㄕˇ
來時路,1,ㄌㄞˊ ㄕˊ ㄌㄨˋ
一字,1,ㄧ ㄗˋ
一字,1,ㄧˊ ㄗˋ
外皮,1,ㄨㄞˋ ㄆㄧˊ
風雪,1,ㄈㄥ ㄒㄩㄝˇ
浮冰,1,ㄈㄨˊ ㄅㄧㄥ
清甜,1,ㄑㄧㄥ ㄊㄧㄢˊ
專用道,1,ㄓㄨㄢ ㄩㄥˋ ㄉㄠˋ
深鎖,1,ㄕㄣ ㄙㄨㄛˇ
育嬰室,1,ㄩˋ ㄧㄥ ㄕˋ
易燃物,1,ㄧˋ ㄖㄢˊ ㄨˋ
徒留,1,ㄊㄨˊ ㄌㄧㄡˊ
朗潤,1,ㄌㄤˇ ㄖㄨㄣˋ
格鬥士,1,ㄍㄜˊ ㄉㄡˋ ㄕˋ
退朝,1,ㄊㄨㄟˋ ㄔㄠˊ
送餐,1,ㄙㄨㄥˋ ㄘㄢ
鬼叫,1,ㄍㄨㄟˇ ㄐㄧㄠˋ
啄擊,1,ㄓㄨㄛˊ ㄐㄧˊ
拜倒,1,ㄅㄞˋ ㄉㄠˇ
拱形,1,ㄍㄨㄥˇ ㄒㄧㄥˊ
陪葬坑,1,ㄆㄟˊ ㄗㄤˋ ㄎㄥ
雪海,1,ㄒㄩㄝˇ ㄏㄞˇ
頂開,1,ㄉㄧㄥˇ ㄎㄞ
傘花,1,ㄙㄢˇ ㄏㄨㄚ
傘紙,1,ㄙㄢˇ ㄓˇ
嵌入,1,ㄑㄧㄢ ㄖㄨˋ
綿遠,1,ㄇㄧㄢˊ ㄩㄢˇ
蜜糖,1,ㄇㄧˋ ㄊㄤˊ
發黃,1,ㄈㄚ ㄏㄨㄤˊ
緊貼,1,ㄐㄧㄣˇ ㄊㄧㄝ
簡訊,1,ㄐㄧㄢˇ ㄒㄩㄣˋ
領域性,1,ㄌㄧㄥˇ ㄩˋ ㄒㄧㄥˋ
彈簧腿,1,ㄊㄢˊ ㄏㄨㄤˊ ㄊㄨㄟˇ
一字,1,ㄧ ㄗˋ
陶人,1,ㄊㄠˊ ㄖㄣˊ
提味,1,ㄊㄧˊ ㄨㄟˋ
仙草,1,ㄒㄧㄢ ㄘㄠˇ
埡,1,ㄧㄚˋ
連杯酒,1,ㄌㄧㄢˊ ㄅㄟ ㄐㄧㄡˇ
枳,1,ㄓˇ
天團,1,ㄊㄧㄢ ㄊㄨㄢˊ
醬料,1,ㄐㄧㄤˋ ㄌㄧㄠˋ
埡口,1,ㄧㄚˋ ㄎㄡˇ
未婚妻,1,ㄨㄟˋ ㄏㄨㄣ ㄑㄧ
躺臥,1,ㄊㄤˇ ㄨㄛˋ
黏牙,1,ㄋㄧㄢˊ ㄧㄚˊ
上端,1,ㄕㄤˋ ㄉㄨㄢ
下端,1,ㄒㄧㄚˋ ㄉㄨㄢ
友伴,1,ㄧㄡˇ ㄅㄢˋ
古趣,1,ㄍㄨˇ ㄑㄩˋ
吃定,1,ㄔ ㄉㄧㄥˋ
成堆,1,ㄔㄥˊ ㄉㄨㄟ
倒掛,1,ㄉㄠˋ ㄍㄨㄚˋ
借小喻大,1,ㄐㄧㄝˋ ㄒㄧㄠˇ ㄩˋ ㄉㄚˋ
借物喻人,1,ㄐㄧㄝˋ ㄨˋ ㄩˋ ㄖㄣˊ
頁面,1,ㄧㄝˋ ㄇㄧㄢˋ
魔法師,1,ㄇㄛˊ ㄈㄚˇ ㄕ
抽成,1,ㄔㄡ ㄔㄥˊ
空拍,1,ㄎㄨㄥ ㄆㄞ
盡其所能,1,ㄐㄧㄣˋ ㄑㄧˊ ㄙㄨㄛˇ ㄋㄥˊ
階段性,1,ㄐㄧㄝ ㄉㄨㄢˋ ㄒㄧㄥˋ
蘋果派,1,ㄆㄧㄥˊ ㄍㄨㄛˇ ㄆㄞˋ
黃暈,1,ㄏㄨㄤˊ ㄩㄣˋ
離場,1,ㄌㄧˊ ㄔㄤˇ
誠如,1,ㄔㄥˊ ㄖㄨˊ
遁入,1,ㄉㄨㄣˋ ㄖㄨˋ
課輔,1,ㄎㄜˋ ㄈㄨˇ
道出,1,ㄉㄠˋ ㄔㄨ
翻湧,1,ㄈㄢ ㄩㄥˇ
拍擊,1,ㄆㄞ ㄐㄧˊ
洪鐘,1,ㄏㄨㄥˊ ㄓㄨㄥ
收藏品,1,ㄕㄡ ㄘㄤˊ ㄆㄧㄣˇ
魟,1,ㄏㄨㄥ
趖,1,ㄙㄨㄛ
女朋友,1,ㄋㄩˇ ㄆㄥˊ ㄧㄡˇ
愧對,1,ㄎㄨㄟˋ ㄉㄨㄟˋ
球技,1,ㄑㄧㄡˊ ㄐㄧˋ
瓶子,1,ㄆㄧㄥˊ ㄗ˙
產卵,1,ㄔㄢˇ ㄌㄨㄢˇ
元日,1,ㄩㄢˊ ㄖˋ
公費生,1,ㄍㄨㄥ ㄈㄟˋ ㄕㄥ
不以為意,1,ㄅㄨˋ ㄧˇ ㄨㄟˊ ㄧˋ
不明不白,1,ㄅㄨˋ ㄇㄧㄥˊ ㄅㄨˋ ㄅㄞˊ
大舉,1,ㄉㄚˋ ㄐㄩˇ
畢業旅行,1,ㄅㄧˋ ㄧㄝˋ ㄌㄩˇ ㄒㄧㄥˊ
空寂,1,ㄎㄨㄥ ㄐㄧˊ
返校,1,ㄈㄢˇ ㄒㄧㄠˋ
金獎,1,ㄐㄧㄣ ㄐㄧㄤˇ
眼珠子,1,ㄧㄢˇ ㄓㄨ ㄗ˙
夾腳拖,1,ㄐㄧㄚˊ ㄐㄧㄠˇ ㄊㄨㄛ
扮作,1,ㄅㄢˋ ㄗㄨㄛˋ
改作,1,ㄍㄞˇ ㄗㄨㄛˋ
千姿百態,1,ㄑㄧㄢ ㄗ ㄅㄞˇ ㄊㄞˋ
來來去去,1,ㄌㄞˊ ㄌㄞˊ ㄑㄩˋ ㄑㄩˋ
東西向,1,ㄉㄨㄥ ㄒㄧ ㄒㄧㄤˋ
南北向,1,ㄋㄢˊ ㄅㄟˇ ㄒㄧㄤˋ
鳥類,1,ㄋㄧㄠˇ ㄌㄟˋ
變幻莫測,1,ㄅㄧㄢˋ ㄏㄨㄢˋ ㄇㄛˋ ㄘㄜˋ
話筒,1,ㄏㄨㄚˋ ㄊㄨㄥˇ
鼎立,1,ㄉㄧㄥˇ ㄌㄧˋ
香酥,1,ㄒㄧㄤ ㄙㄨ
陶塑,1,ㄊㄠˊ ㄙㄨˋ
眠床,1,ㄇㄧㄢˊ ㄔㄨㄤˊ
划槳,1,ㄏㄨㄚˊ ㄐㄧㄤˇ
牙根,1,ㄧㄚˊ ㄍㄣ
出遊,1,ㄔㄨ ㄧㄡˊ
粉嫩,1,ㄈㄣˇ ㄋㄣˋ
纖纖,1,ㄒㄧㄢ ㄒㄧㄢ
助攻,1,ㄓㄨˋ ㄍㄨㄥ
加法,1,ㄐㄧㄚ ㄈㄚˇ
加工品,1,ㄐㄧㄚ ㄍㄨㄥ ㄆㄧㄣˇ
完蛋,1,ㄨㄢˊ ㄉㄢˋ
吸引力,1,ㄒㄧ ㄧㄣˇ ㄌㄧˋ
良臣,1,ㄌㄧㄤˊ ㄔㄣˊ
卷子,1,ㄐㄩㄢˋ ㄗ˙
名人堂,1,ㄇㄧㄥˊ ㄖㄣˊ ㄊㄤˊ
開胃菜,1,ㄎㄞ ㄨㄟˋ ㄘㄞˋ
甜湯,1,ㄊㄧㄢˊ ㄊㄤ
指示圖,1,ㄓˇ ㄕˋ ㄊㄨˊ
來年,1,ㄌㄞˊ ㄋㄧㄢˊ
雲煙,1,ㄩㄣˊ ㄧㄢ
晨風,1,ㄔㄣˊ ㄈㄥ
剝離,1,ㄅㄛ ㄌㄧˊ
身邊,1,ㄕㄣ ㄅㄧㄢ
掀開,1,ㄒㄧㄢ ㄎㄞ
組裝,1,ㄗㄨˇ ㄓㄨㄤ
拐杖,1,ㄍㄨㄞˇ ㄓㄤˋ
清明節,1,ㄑㄧㄥ ㄇㄧㄥˊ ㄐㄧㄝˊ
翻天,1,ㄈㄢ ㄊㄧㄢ
盛飯,1,ㄔㄥˊ ㄈㄢˋ
剩飯,1,ㄕㄥˋ ㄈㄢˋ
蒸騰,1,ㄓㄥ ㄊㄥˊ
按語,1,ㄢˋ ㄩˇ
黑糖,1,ㄏㄟ ㄊㄤˊ
相助,1,ㄒㄧㄤ ㄓㄨˋ
相距,1,ㄒㄧㄤ ㄐㄩˋ
定定,1,ㄉㄧㄥˋ ㄉㄧㄥˋ
穿堂,1,ㄔㄨㄢ ㄊㄤˊ
盛暑,1,ㄕㄥˋ ㄕㄨˇ
鵝黃,1,ㄜˊ ㄏㄨㄤˊ
家鄉味,1,ㄐㄧㄚ ㄒㄧㄤ ㄨㄟˋ
枯黃,1,ㄎㄨ ㄏㄨㄤˊ
悠長,1,ㄧㄡ ㄔㄤˊ
夏日,1,ㄒㄧㄚˋ ㄖˋ
花朵,1,ㄏㄨㄚ ㄉㄨㄛˇ
花苗,1,ㄏㄨㄚ ㄇㄧㄠˊ
進出,1,ㄐㄧㄣˋ ㄔㄨ
進退,1,ㄐㄧㄣˋ ㄊㄨㄟˋ
鄉鎮,1,ㄒㄧㄤ ㄓㄣˋ
諸多,1,ㄓㄨ ㄉㄨㄛ
發粉,1,ㄈㄚ ㄈㄣˇ
拉鋸,1,ㄌㄚ ㄐㄩˋ
賣錢,1,ㄇㄞˋ ㄑㄧㄢˊ
奇招,1,ㄑㄧˊ ㄓㄠ
茶水,1,ㄔㄚˊ ㄕㄨㄟˇ
恆溫,1,ㄏㄥˊ ㄨㄣ
闖進,1,ㄔㄨㄤˇ ㄐㄧㄣˋ
轉角,1,ㄓㄨㄢˇ ㄐㄧㄠˇ
球棒,1,ㄑㄧㄡˊ ㄅㄤˋ
緊追,1,ㄐㄧㄣˇ ㄓㄨㄟ
咬牙,1,ㄧㄠˇ ㄧㄚˊ
潸然,1,ㄕㄢ ㄖㄢˊ
飯食,1,ㄈㄢˋ ㄕˊ
湊數,1,ㄘㄡˋ ㄕㄨˋ
悠遠,1,ㄧㄡ ㄩㄢˇ
拉車,1,ㄌㄚ ㄔㄜ
春茶,1,ㄔㄨㄣ ㄔㄚˊ
探險家,1,ㄊㄢˋ ㄒㄧㄢˇ ㄐㄧㄚ
褶子,1,ㄓㄜˊ ㄗ˙
人禍,1,ㄖㄣˊ ㄏㄨㄛˋ
口占,1,ㄎㄡˇ ㄓㄢˋ
大吃大喝,1,ㄉㄚˋ ㄔ   ㄉㄚˋ ㄏㄜ
水泡,1,ㄕㄨㄟˇ ㄆㄠˋ
休止,1,ㄒㄧㄡ ㄓˇ
命苦,1,ㄇㄧㄥˋ ㄎㄨˇ
府君,1,ㄈㄨˇ ㄐㄩㄣ
河岸,1,ㄏㄜˊ ㄢˋ
空橋,1,ㄎㄨㄥ ㄑㄧㄠˊ
門客,1,ㄇㄣˊ ㄎㄜˋ
門窗,1,ㄇㄣˊ ㄔㄨㄤ
炮竹,1,ㄆㄠˋ ㄓㄨˊ
軍糧,1,ㄐㄩㄣ ㄌㄧㄤˊ
家常菜,1,ㄐㄧㄚ ㄔㄤˊ ㄘㄞˋ
氣焰,1,ㄑㄧˋ ㄧㄢˋ
氣頭上,1,ㄑㄧˋ ㄊㄡˊ ㄕㄤˋ
烤火,1,ㄎㄠˇ ㄏㄨㄛˇ
笑吟吟,1,ㄒㄧㄠˋ ㄧㄣˊ ㄧㄣˊ
紙鈔,1,ㄓˇ ㄔㄠ
隻字,1,ㄓ ㄗˋ
隻字不提,1,ㄓ ㄗˋ ㄅㄨˋ ㄊㄧˊ
馬克杯,1,ㄇㄚˇ ㄎㄜˋ ㄅㄟ
馬賽克,1,ㄇㄚˇ ㄙㄞˋ ㄎㄜˋ
高湯,1,ㄍㄠ ㄊㄤ
高懸,1,ㄍㄠ ㄒㄩㄢˊ
彩球,1,ㄘㄞˇ ㄑㄧㄡˊ
晚風,1,ㄨㄢˇ ㄈㄥ
現存,1,ㄒㄧㄢˋ ㄘㄨㄣˊ
終了,1,ㄓㄨㄥ ㄌㄧㄠˇ
野地,1,ㄧㄝˇ ㄉㄧˋ
麥穗,1,ㄇㄞˋ ㄙㄨㄟˋ
提問,1,ㄊㄧˊ ㄨㄣˋ
換氣,1,ㄏㄨㄢˋ ㄑㄧˋ
景致,1,ㄐㄧㄥˇ ㄓˋ
朝天,1,ㄔㄠˊ ㄊㄧㄢ
渾然不覺,1,ㄏㄨㄣˊ ㄖㄢˊ ㄅㄨˋ ㄐㄩㄝˊ
發聲,1,ㄈㄚ ㄕㄥ
絲帶,1,ㄙ ㄉㄞˋ
華美,1,ㄏㄨㄚˊ ㄇㄟˇ
園子,1,ㄩㄢˊ ㄗ˙
圓睜,1,ㄩㄢˊ ㄓㄥ
暗影,1,ㄢˋ ㄧㄥˇ
暗笑,1,ㄢˋ ㄒㄧㄠˋ
節義,1,ㄐㄧㄝˊ ㄧˋ
補氣,1,ㄅㄨˇ ㄑㄧˋ
詩詞,1,ㄕ ㄘˊ
詩史,1,ㄕ ㄕˇ
隔天,1,ㄍㄜˊ ㄊㄧㄢ
凳子,1,ㄉㄥˋ ㄗ˙
對號,1,ㄉㄨㄟˋ ㄏㄠˋ
精油,1,ㄐㄧㄥ ㄧㄡˊ
精裝,1,ㄐㄧㄥ ㄓㄨㄤ
熱氣,1,ㄖㄜˋ ㄑㄧˋ
熱氣球,1,ㄖㄜˋ ㄑㄧˋ ㄑㄧㄡˊ
盤飧,1,ㄆㄢˊ ㄙㄨㄣ
橫生,1,ㄏㄥˊ ㄕㄥ
褲管,1,ㄎㄨˋ ㄍㄨㄢˇ
闔上,1,ㄏㄜˊ ㄕㄤˋ
鄉下人,1,ㄒㄧㄤ ㄒㄧㄚˋ ㄖㄣˊ
高呼,1,ㄍㄠ  ㄏㄨ
噢,1,ㄛ
咽,1,ㄧㄢˋ
臭味相投,1,ㄒㄧㄡˋ ㄨㄟˋ ㄒㄧㄤ ㄊㄡˊ
